id,order_id,product_id,quantity,price_at_purchase
1,SYN000001,v5,2,149.0
2,SYN000001,f5,1,99.0
3,SYN000001,f4,3,199.0
4,SYN000001,d5,2,249.0
5,SYN000001,d3,1,179.0
6,SYN000002,f6,3,179.0
7,SYN000002,v4,1,39.0
8,SYN000002,f2,2,49.0
9,SYN000002,f1,3,249.0
10,SYN000002,b3,3,199.0
11,SYN000003,f5,2,99.0
12,SYN000003,f6,1,179.0
13,SYN000003,v5,3,149.0
14,SYN000003,f1,2,249.0
15,SYN000003,f2,3,49.0
16,SYN000003,bv2,1,249.0
17,SYN000003,v1,2,89.0
18,SYN000004,f4,3,199.0
19,SYN000004,v3,1,79.0
20,SYN000004,v5,3,149.0
21,SYN000004,f2,3,49.0
22,SYN000005,f1,1,249.0
23,SYN000005,v1,1,89.0
24,SYN000005,d3,2,179.0
25,SYN000005,d4,1,99.0
26,SYN000005,d1,2,69.0
27,SYN000006,f3,2,149.0
28,SYN000006,v6,3,29.0
29,SYN000006,d5,2,249.0
30,SYN000006,f5,2,99.0
31,SYN000006,d3,3,179.0
32,SYN000006,f1,2,249.0
33,SYN000007,f4,1,199.0
34,SYN000007,v4,3,39.0
35,SYN000007,f5,2,99.0
36,SYN000007,f6,1,179.0
37,SYN000007,d3,1,179.0
38,SYN000008,f5,1,99.0
39,SYN000008,f6,3,179.0
40,SYN000008,f3,1,149.0
41,SYN000008,s1,1,399.0
42,SYN000009,d2,1,249.0
43,SYN000009,v4,1,39.0
44,SYN000009,f4,1,199.0
45,SYN000009,f6,1,179.0
46,SYN000009,d3,1,179.0
47,SYN000010,f6,2,179.0
48,SYN000010,s2,1,249.0
49,SYN000010,v4,2,39.0
50,SYN000010,f3,2,149.0
51,SYN000010,d1,2,69.0
52,SYN000010,f1,2,249.0
53,SYN000011,b5,3,299.0
54,SYN000011,d5,1,249.0
55,SYN000011,f3,2,149.0
56,SYN000011,bv3,2,199.0
57,SYN000012,v5,1,149.0
58,SYN000012,d5,2,249.0
59,SYN000012,v1,3,89.0
60,SYN000012,v2,3,49.0
61,SYN000012,v4,2,39.0
62,SYN000012,f1,2,249.0
63,SYN000012,d1,3,69.0
64,SYN000013,v1,3,89.0
65,SYN000013,v6,3,29.0
66,SYN000013,f4,2,199.0
67,SYN000013,v5,1,149.0
68,SYN000013,f6,1,179.0
69,SYN000013,d2,1,249.0
70,SYN000013,f3,1,149.0
71,SYN000014,v3,2,79.0
72,SYN000014,v5,3,149.0
73,SYN000014,f1,1,249.0
74,SYN000014,f6,1,179.0
75,SYN000014,d2,2,249.0
76,SYN000014,f4,3,199.0
77,SYN000014,b2,2,249.0
78,SYN000014,d5,1,249.0
79,SYN000015,d3,1,179.0
80,SYN000015,f5,2,99.0
81,SYN000015,v2,3,49.0
82,SYN000015,v3,3,79.0
83,SYN000015,f4,2,199.0
84,SYN000016,bv4,1,349.0
85,SYN000016,bv1,1,149.0
86,SYN000016,d3,3,179.0
87,SYN000016,f1,1,249.0
88,SYN000017,f6,3,179.0
89,SYN000017,s4,2,299.0
90,SYN000017,d5,1,249.0
91,SYN000017,v3,3,79.0
92,SYN000017,d1,3,69.0
93,SYN000017,f1,1,249.0
94,SYN000017,d3,2,179.0
95,SYN000018,f2,2,49.0
96,SYN000018,d4,3,99.0
97,SYN000018,d1,3,69.0
98,SYN000018,f1,2,249.0
99,SYN000018,f3,3,149.0
100,SYN000019,v2,3,49.0
101,SYN000019,f5,2,99.0
102,SYN000019,v5,3,149.0
103,SYN000019,f6,3,179.0
104,SYN000020,f6,2,179.0
105,SYN000020,f3,1,149.0
106,SYN000020,s2,2,249.0
107,SYN000020,v2,2,49.0
108,SYN000021,v1,2,89.0
109,SYN000021,f1,2,249.0
110,SYN000021,f6,3,179.0
111,SYN000021,bv4,2,349.0
112,SYN000021,v5,2,149.0
113,SYN000021,d2,2,249.0
114,SYN000022,b4,3,599.0
115,SYN000022,v4,2,39.0
116,SYN000022,d3,1,179.0
117,SYN000022,f5,3,99.0
118,SYN000023,v2,3,49.0
119,SYN000023,f5,1,99.0
120,SYN000023,v5,2,149.0
121,SYN000023,v1,2,89.0
122,SYN000023,f6,3,179.0
123,SYN000023,d2,1,249.0
124,SYN000023,v6,3,29.0
125,SYN000024,f3,2,149.0
126,SYN000024,f4,1,199.0
127,SYN000024,f6,3,179.0
128,SYN000024,d4,3,99.0
129,SYN000024,v4,3,39.0
130,SYN000025,f2,1,49.0
131,SYN000025,v5,1,149.0
132,SYN000025,b1,2,199.0
133,SYN000025,f5,3,99.0
134,SYN000025,v2,3,49.0
135,SYN000026,v1,3,89.0
136,SYN000026,s2,2,249.0
137,SYN000026,f2,3,49.0
138,SYN000026,v5,3,149.0
139,SYN000026,v4,1,39.0
140,SYN000026,v3,1,79.0
141,SYN000027,v4,1,39.0
142,SYN000027,f3,3,149.0
143,SYN000027,f5,3,99.0
144,SYN000027,f1,2,249.0
145,SYN000027,v6,2,29.0
146,SYN000027,bv4,3,349.0
147,SYN000028,d4,2,99.0
148,SYN000028,b3,3,199.0
149,SYN000028,v1,3,89.0
150,SYN000028,f4,3,199.0
151,SYN000028,v3,3,79.0
152,SYN000028,f1,1,249.0
153,SYN000029,v5,1,149.0
154,SYN000029,f5,1,99.0
155,SYN000029,f4,2,199.0
156,SYN000029,b4,2,599.0
157,SYN000029,d2,2,249.0
158,SYN000029,b2,2,249.0
159,SYN000029,f1,2,249.0
160,SYN000029,v6,2,29.0
161,SYN000030,f4,3,199.0
162,SYN000030,d3,2,179.0
163,SYN000030,v3,2,79.0
164,SYN000030,f5,2,99.0
165,SYN000030,d1,2,69.0
166,SYN000030,bv3,2,199.0
167,SYN000030,v4,3,39.0
168,SYN000031,f2,2,49.0
169,SYN000031,d5,2,249.0
170,SYN000031,v6,3,29.0
171,SYN000031,d1,2,69.0
172,SYN000031,f3,3,149.0
173,SYN000031,f4,1,199.0
174,SYN000031,v2,3,49.0
175,SYN000031,bv1,3,149.0
176,SYN000032,d3,2,179.0
177,SYN000032,f4,1,199.0
178,SYN000032,d4,2,99.0
179,SYN000032,v3,2,79.0
180,SYN000033,b4,1,599.0
181,SYN000033,d2,1,249.0
182,SYN000033,v2,3,49.0
183,SYN000033,v1,3,89.0
184,SYN000033,d1,1,69.0
185,SYN000033,f2,1,49.0
186,SYN000033,bv4,1,349.0
187,SYN000034,f3,2,149.0
188,SYN000034,f4,2,199.0
189,SYN000034,d2,3,249.0
190,SYN000034,d5,3,249.0
191,SYN000035,d4,2,99.0
192,SYN000035,v6,2,29.0
193,SYN000035,d5,2,249.0
194,SYN000035,f6,1,179.0
195,SYN000035,v1,1,89.0
196,SYN000035,v4,2,39.0
197,SYN000035,d1,3,69.0
198,SYN000035,v2,3,49.0
199,SYN000036,f1,3,249.0
200,SYN000036,d5,1,249.0
201,SYN000036,d4,2,99.0
202,SYN000036,f5,1,99.0
203,SYN000036,v4,3,39.0
204,SYN000036,v2,2,49.0
205,SYN000036,f2,3,49.0
206,SYN000036,f3,1,149.0
207,SYN000037,v4,2,39.0
208,SYN000037,d4,3,99.0
209,SYN000037,bv3,3,199.0
210,SYN000037,v1,1,89.0
211,SYN000037,d2,1,249.0
212,SYN000037,f1,1,249.0
213,SYN000037,f2,3,49.0
214,SYN000038,d2,2,249.0
215,SYN000038,v2,2,49.0
216,SYN000038,f3,2,149.0
217,SYN000038,f2,1,49.0
218,SYN000038,v1,3,89.0
219,SYN000039,v4,3,39.0
220,SYN000039,d3,1,179.0
221,SYN000039,f4,2,199.0
222,SYN000039,f5,3,99.0
223,SYN000040,v5,2,149.0
224,SYN000040,b1,3,199.0
225,SYN000040,bv4,3,349.0
226,SYN000040,f2,1,49.0
227,SYN000041,b2,1,249.0
228,SYN000041,d5,1,249.0
229,SYN000041,s3,3,99.0
230,SYN000041,f2,1,49.0
231,SYN000041,v6,2,29.0
232,SYN000042,v6,1,29.0
233,SYN000042,v1,3,89.0
234,SYN000042,f2,2,49.0
235,SYN000042,v5,1,149.0
236,SYN000042,d5,1,249.0
237,SYN000042,f6,3,179.0
238,SYN000042,v4,3,39.0
239,SYN000043,v3,3,79.0
240,SYN000043,bv1,3,149.0
241,SYN000043,f3,3,149.0
242,SYN000043,f5,2,99.0
243,SYN000043,v4,1,39.0
244,SYN000043,f6,3,179.0
245,SYN000043,v5,2,149.0
246,SYN000044,f3,3,149.0
247,SYN000044,d4,3,99.0
248,SYN000044,f6,1,179.0
249,SYN000044,v1,1,89.0
250,SYN000044,v2,3,49.0
251,SYN000044,v3,1,79.0
252,SYN000045,f6,2,179.0
253,SYN000045,b3,3,199.0
254,SYN000045,v4,2,39.0
255,SYN000045,f1,3,249.0
256,SYN000045,d1,2,69.0
257,SYN000045,f3,2,149.0
258,SYN000046,f4,2,199.0
259,SYN000046,b2,3,249.0
260,SYN000046,v2,3,49.0
261,SYN000046,d4,3,99.0
262,SYN000046,d5,2,249.0
263,SYN000046,d3,2,179.0
264,SYN000047,v1,3,89.0
265,SYN000047,f2,1,49.0
266,SYN000047,f3,3,149.0
267,SYN000047,v2,1,49.0
268,SYN000047,d5,3,249.0
269,SYN000047,d1,1,69.0
270,SYN000048,d3,2,179.0
271,SYN000048,d2,1,249.0
272,SYN000048,v6,3,29.0
273,SYN000048,v4,3,39.0
274,SYN000049,f6,2,179.0
275,SYN000049,v5,3,149.0
276,SYN000049,v1,3,89.0
277,SYN000049,v2,2,49.0
278,SYN000049,f1,3,249.0
279,SYN000049,d3,1,179.0
280,SYN000050,f6,1,179.0
281,SYN000050,v2,2,49.0
282,SYN000050,f3,3,149.0
283,SYN000050,v4,3,39.0
284,SYN000051,v6,1,29.0
285,SYN000051,f6,1,179.0
286,SYN000051,v4,3,39.0
287,SYN000051,v3,2,79.0
288,SYN000051,d4,3,99.0
289,SYN000051,f4,3,199.0
290,SYN000052,v5,2,149.0
291,SYN000052,f1,2,249.0
292,SYN000052,v6,2,29.0
293,SYN000052,v3,2,79.0
294,SYN000052,f3,1,149.0
295,SYN000053,v6,3,29.0
296,SYN000053,v1,1,89.0
297,SYN000053,f4,1,199.0
298,SYN000053,f5,2,99.0
299,SYN000053,v4,1,39.0
300,SYN000053,d5,2,249.0
301,SYN000053,d3,1,179.0
302,SYN000054,v3,3,79.0
303,SYN000054,v2,1,49.0
304,SYN000054,f5,3,99.0
305,SYN000054,v1,1,89.0
306,SYN000054,bv2,1,249.0
307,SYN000054,v4,1,39.0
308,SYN000055,d2,3,249.0
309,SYN000055,v4,1,39.0
310,SYN000055,d4,1,99.0
311,SYN000055,f4,1,199.0
312,SYN000056,v4,2,39.0
313,SYN000056,v2,2,49.0
314,SYN000056,b2,2,249.0
315,SYN000056,f4,1,199.0
316,SYN000057,v1,2,89.0
317,SYN000057,v5,3,149.0
318,SYN000057,d1,2,69.0
319,SYN000057,v3,1,79.0
320,SYN000057,f1,3,249.0
321,SYN000057,f6,3,179.0
322,SYN000057,v6,1,29.0
323,SYN000057,f3,1,149.0
324,SYN000058,f2,2,49.0
325,SYN000058,bv4,1,349.0
326,SYN000058,d5,3,249.0
327,SYN000058,v6,3,29.0
328,SYN000058,d1,3,69.0
329,SYN000058,v5,3,149.0
330,SYN000058,v4,1,39.0
331,SYN000058,v1,1,89.0
332,SYN000059,d3,1,179.0
333,SYN000059,f6,1,179.0
334,SYN000059,f4,1,199.0
335,SYN000059,f2,1,49.0
336,SYN000059,d4,3,99.0
337,SYN000060,s5,3,199.0
338,SYN000060,f4,3,199.0
339,SYN000060,d3,3,179.0
340,SYN000060,s2,3,249.0
341,SYN000060,d4,2,99.0
342,SYN000060,f1,1,249.0
343,SYN000061,s1,3,399.0
344,SYN000061,f5,1,99.0
345,SYN000061,b2,1,249.0
346,SYN000061,f4,1,199.0
347,SYN000061,f2,2,49.0
348,SYN000061,v5,2,149.0
349,SYN000061,v2,2,49.0
350,SYN000061,f1,3,249.0
351,SYN000062,bv4,3,349.0
352,SYN000062,d5,1,249.0
353,SYN000062,f2,3,49.0
354,SYN000062,f3,3,149.0
355,SYN000063,f6,3,179.0
356,SYN000063,d2,3,249.0
357,SYN000063,f1,3,249.0
358,SYN000063,d1,3,69.0
359,SYN000063,f2,3,49.0
360,SYN000064,d1,1,69.0
361,SYN000064,d4,3,99.0
362,SYN000064,d2,3,249.0
363,SYN000064,d3,2,179.0
364,SYN000064,v1,2,89.0
365,SYN000064,v5,1,149.0
366,SYN000064,f1,1,249.0
367,SYN000065,v6,2,29.0
368,SYN000065,v4,1,39.0
369,SYN000065,f5,2,99.0
370,SYN000065,v3,3,79.0
371,SYN000066,f6,2,179.0
372,SYN000066,f3,3,149.0
373,SYN000066,f5,3,99.0
374,SYN000066,v3,2,79.0
375,SYN000067,d2,1,249.0
376,SYN000067,v3,2,79.0
377,SYN000067,d1,2,69.0
378,SYN000067,bv1,1,149.0
379,SYN000067,f1,3,249.0
380,SYN000067,v4,3,39.0
381,SYN000067,f2,3,49.0
382,SYN000068,f2,2,49.0
383,SYN000068,d4,1,99.0
384,SYN000068,v5,3,149.0
385,SYN000068,d5,3,249.0
386,SYN000068,d1,2,69.0
387,SYN000068,v2,2,49.0
388,SYN000068,f6,1,179.0
389,SYN000068,f5,1,99.0
390,SYN000069,v6,2,29.0
391,SYN000069,s5,2,199.0
392,SYN000069,d1,2,69.0
393,SYN000069,v1,1,89.0
394,SYN000069,d3,1,179.0
395,SYN000069,f3,1,149.0
396,SYN000070,v2,2,49.0
397,SYN000070,d3,2,179.0
398,SYN000070,d5,1,249.0
399,SYN000070,b4,2,599.0
400,SYN000070,d4,3,99.0
401,SYN000071,d4,1,99.0
402,SYN000071,d5,2,249.0
403,SYN000071,f6,3,179.0
404,SYN000071,bv2,3,249.0
405,SYN000071,v4,1,39.0
406,SYN000071,v6,3,29.0
407,SYN000071,bv4,1,349.0
408,SYN000071,f5,3,99.0
409,SYN000072,v5,3,149.0
410,SYN000072,f2,2,49.0
411,SYN000072,f6,2,179.0
412,SYN000072,d1,1,69.0
413,SYN000072,d3,1,179.0
414,SYN000073,d1,2,69.0
415,SYN000073,v4,3,39.0
416,SYN000073,bv1,2,149.0
417,SYN000073,d5,3,249.0
418,SYN000073,v5,2,149.0
419,SYN000074,f4,1,199.0
420,SYN000074,f2,2,49.0
421,SYN000074,v5,3,149.0
422,SYN000074,v4,3,39.0
423,SYN000075,v3,3,79.0
424,SYN000075,d2,1,249.0
425,SYN000075,f6,2,179.0
426,SYN000075,v2,2,49.0
427,SYN000075,d5,2,249.0
428,SYN000075,f1,3,249.0
429,SYN000075,d4,2,99.0
430,SYN000076,b5,2,299.0
431,SYN000076,f6,1,179.0
432,SYN000076,d5,1,249.0
433,SYN000076,v1,3,89.0
434,SYN000076,f5,1,99.0
435,SYN000076,v6,1,29.0
436,SYN000076,d3,3,179.0
437,SYN000077,f5,3,99.0
438,SYN000077,f6,2,179.0
439,SYN000077,f2,3,49.0
440,SYN000077,f3,2,149.0
441,SYN000077,v6,1,29.0
442,SYN000077,d4,3,99.0
443,SYN000077,v2,1,49.0
444,SYN000078,v2,2,49.0
445,SYN000078,f5,2,99.0
446,SYN000078,d2,1,249.0
447,SYN000078,v6,3,29.0
448,SYN000078,d1,3,69.0
449,SYN000079,f1,2,249.0
450,SYN000079,f3,2,149.0
451,SYN000079,v6,2,29.0
452,SYN000079,v2,2,49.0
453,SYN000079,d3,1,179.0
454,SYN000079,f6,1,179.0
455,SYN000079,v4,1,39.0
456,SYN000080,d2,3,249.0
457,SYN000080,v2,3,49.0
458,SYN000080,v3,2,79.0
459,SYN000080,d1,2,69.0
460,SYN000080,bv1,3,149.0
461,SYN000081,f3,1,149.0
462,SYN000081,d3,1,179.0
463,SYN000081,b5,2,299.0
464,SYN000081,v5,2,149.0
465,SYN000081,d5,1,249.0
466,SYN000081,f6,2,179.0
467,SYN000081,d2,1,249.0
468,SYN000082,v6,2,29.0
469,SYN000082,f2,1,49.0
470,SYN000082,v3,3,79.0
471,SYN000082,v2,2,49.0
472,SYN000083,d2,2,249.0
473,SYN000083,f1,3,249.0
474,SYN000083,bv3,3,199.0
475,SYN000083,d3,3,179.0
476,SYN000083,f2,3,49.0
477,SYN000083,v3,1,79.0
478,SYN000083,v6,1,29.0
479,SYN000084,d5,3,249.0
480,SYN000084,v2,3,49.0
481,SYN000084,f6,1,179.0
482,SYN000084,d1,2,69.0
483,SYN000084,f5,3,99.0
484,SYN000084,f1,2,249.0
485,SYN000085,v6,3,29.0
486,SYN000085,f1,2,249.0
487,SYN000085,f2,2,49.0
488,SYN000085,f3,2,149.0
489,SYN000085,v1,1,89.0
490,SYN000085,b3,1,199.0
491,SYN000086,v6,1,29.0
492,SYN000086,v5,1,149.0
493,SYN000086,d2,1,249.0
494,SYN000086,f1,1,249.0
495,SYN000086,f4,3,199.0
496,SYN000087,f5,2,99.0
497,SYN000087,f6,3,179.0
498,SYN000087,f2,3,49.0
499,SYN000087,d5,1,249.0
500,SYN000087,v4,3,39.0
501,SYN000087,d1,2,69.0
502,SYN000087,v3,2,79.0
503,SYN000088,v1,1,89.0
504,SYN000088,d5,3,249.0
505,SYN000088,bv2,1,249.0
506,SYN000088,s2,3,249.0
507,SYN000088,d1,2,69.0
508,SYN000088,v2,3,49.0
509,SYN000088,v5,1,149.0
510,SYN000089,bv3,1,199.0
511,SYN000089,f6,3,179.0
512,SYN000089,d2,1,249.0
513,SYN000089,v6,1,29.0
514,SYN000089,f1,2,249.0
515,SYN000090,d5,3,249.0
516,SYN000090,v1,1,89.0
517,SYN000090,f4,3,199.0
518,SYN000090,f5,1,99.0
519,SYN000090,d3,1,179.0
520,SYN000090,bv3,3,199.0
521,SYN000090,v2,2,49.0
522,SYN000090,d4,2,99.0
523,SYN000091,v3,3,79.0
524,SYN000091,bv2,3,249.0
525,SYN000091,f4,1,199.0
526,SYN000091,d5,2,249.0
527,SYN000092,f2,2,49.0
528,SYN000092,d4,1,99.0
529,SYN000092,f6,3,179.0
530,SYN000092,bv3,3,199.0
531,SYN000092,f4,1,199.0
532,SYN000092,b2,2,249.0
533,SYN000092,f3,1,149.0
534,SYN000092,d5,1,249.0
535,SYN000093,d3,3,179.0
536,SYN000093,d4,3,99.0
537,SYN000093,f4,2,199.0
538,SYN000093,f3,2,149.0
539,SYN000093,f5,2,99.0
540,SYN000093,v5,2,149.0
541,SYN000094,f2,3,49.0
542,SYN000094,f4,3,199.0
543,SYN000094,d1,1,69.0
544,SYN000094,v2,2,49.0
545,SYN000094,v4,1,39.0
546,SYN000095,d1,1,69.0
547,SYN000095,f1,1,249.0
548,SYN000095,d4,2,99.0
549,SYN000095,v5,2,149.0
550,SYN000095,b4,2,599.0
551,SYN000095,d2,1,249.0
552,SYN000095,s3,1,99.0
553,SYN000095,bv2,2,249.0
554,SYN000096,d1,2,69.0
555,SYN000096,b2,1,249.0
556,SYN000096,s3,3,99.0
557,SYN000096,f4,3,199.0
558,SYN000097,f2,1,49.0
559,SYN000097,bv2,3,249.0
560,SYN000097,d5,3,249.0
561,SYN000097,d3,2,179.0
562,SYN000097,s2,1,249.0
563,SYN000097,f1,3,249.0
564,SYN000098,v4,3,39.0
565,SYN000098,f3,3,149.0
566,SYN000098,d4,2,99.0
567,SYN000098,v5,2,149.0
568,SYN000099,f4,3,199.0
569,SYN000099,v2,1,49.0
570,SYN000099,v3,2,79.0
571,SYN000099,b2,3,249.0
572,SYN000100,v1,3,89.0
573,SYN000100,d4,3,99.0
574,SYN000100,d3,1,179.0
575,SYN000100,v4,3,39.0
576,SYN000100,v5,2,149.0
577,SYN000100,d1,1,69.0
578,SYN000100,f5,2,99.0
579,SYN000100,v2,2,49.0
580,SYN000101,d2,3,249.0
581,SYN000101,d1,2,69.0
582,SYN000101,b5,1,299.0
583,SYN000101,s4,2,299.0
584,SYN000101,b2,1,249.0
585,SYN000102,f5,1,99.0
586,SYN000102,v6,1,29.0
587,SYN000102,v1,3,89.0
588,SYN000102,v4,3,39.0
589,SYN000102,s5,1,199.0
590,SYN000102,f4,3,199.0
591,SYN000103,f2,2,49.0
592,SYN000103,v6,2,29.0
593,SYN000103,f5,3,99.0
594,SYN000103,v1,1,89.0
595,SYN000103,v2,1,49.0
596,SYN000103,v5,1,149.0
597,SYN000104,d5,2,249.0
598,SYN000104,d1,2,69.0
599,SYN000104,f5,1,99.0
600,SYN000104,v6,2,29.0
601,SYN000104,f1,1,249.0
602,SYN000104,v4,1,39.0
603,SYN000104,v3,3,79.0
604,SYN000105,f2,1,49.0
605,SYN000105,v1,3,89.0
606,SYN000105,d1,3,69.0
607,SYN000105,f3,3,149.0
608,SYN000105,d3,2,179.0
609,SYN000105,d5,1,249.0
610,SYN000105,f5,3,99.0
611,SYN000105,f1,3,249.0
612,SYN000106,f4,2,199.0
613,SYN000106,v6,1,29.0
614,SYN000106,d1,3,69.0
615,SYN000106,v5,3,149.0
616,SYN000106,f3,1,149.0
617,SYN000106,v4,1,39.0
618,SYN000106,v1,1,89.0
619,SYN000106,v2,1,49.0
620,SYN000107,d5,2,249.0
621,SYN000107,v3,1,79.0
622,SYN000107,v4,1,39.0
623,SYN000107,d4,1,99.0
624,SYN000107,v5,2,149.0
625,SYN000107,f5,1,99.0
626,SYN000107,v2,1,49.0
627,SYN000108,v3,2,79.0
628,SYN000108,f1,2,249.0
629,SYN000108,f5,2,99.0
630,SYN000108,f4,2,199.0
631,SYN000108,d5,1,249.0
632,SYN000108,d1,1,69.0
633,SYN000109,f5,1,99.0
634,SYN000109,d3,2,179.0
635,SYN000109,v6,1,29.0
636,SYN000109,f6,1,179.0
637,SYN000110,v1,3,89.0
638,SYN000110,d2,2,249.0
639,SYN000110,bv4,1,349.0
640,SYN000110,v5,2,149.0
641,SYN000110,s1,2,399.0
642,SYN000110,f1,2,249.0
643,SYN000111,bv1,1,149.0
644,SYN000111,v4,1,39.0
645,SYN000111,s4,3,299.0
646,SYN000111,f1,3,249.0
647,SYN000112,f5,2,99.0
648,SYN000112,v4,3,39.0
649,SYN000112,f1,2,249.0
650,SYN000112,f6,3,179.0
651,SYN000112,v6,2,29.0
652,SYN000112,d3,2,179.0
653,SYN000112,b3,2,199.0
654,SYN000112,d1,3,69.0
655,SYN000113,d3,1,179.0
656,SYN000113,f5,1,99.0
657,SYN000113,d4,3,99.0
658,SYN000113,d5,1,249.0
659,SYN000113,v6,3,29.0
660,SYN000113,v1,3,89.0
661,SYN000114,v5,2,149.0
662,SYN000114,v6,2,29.0
663,SYN000114,d2,3,249.0
664,SYN000114,d4,3,99.0
665,SYN000114,d3,3,179.0
666,SYN000114,d1,3,69.0
667,SYN000114,f1,1,249.0
668,SYN000114,bv2,3,249.0
669,SYN000115,f4,3,199.0
670,SYN000115,f6,2,179.0
671,SYN000115,f2,1,49.0
672,SYN000115,v3,2,79.0
673,SYN000115,d1,3,69.0
674,SYN000115,v6,1,29.0
675,SYN000116,v3,2,79.0
676,SYN000116,f4,2,199.0
677,SYN000116,d2,2,249.0
678,SYN000116,f6,2,179.0
679,SYN000117,f5,2,99.0
680,SYN000117,f2,1,49.0
681,SYN000117,s3,1,99.0
682,SYN000117,d2,3,249.0
683,SYN000117,f6,2,179.0
684,SYN000117,v3,3,79.0
685,SYN000118,d1,2,69.0
686,SYN000118,s1,3,399.0
687,SYN000118,v1,3,89.0
688,SYN000118,d4,3,99.0
689,SYN000118,v3,3,79.0
690,SYN000118,f5,3,99.0
691,SYN000118,bv1,1,149.0
692,SYN000119,d1,1,69.0
693,SYN000119,f1,3,249.0
694,SYN000119,f6,1,179.0
695,SYN000119,v2,3,49.0
696,SYN000119,f2,1,49.0
697,SYN000119,v5,1,149.0
698,SYN000119,d4,2,99.0
699,SYN000120,bv2,1,249.0
700,SYN000120,f1,1,249.0
701,SYN000120,d2,3,249.0
702,SYN000120,bv4,2,349.0
703,SYN000121,v6,2,29.0
704,SYN000121,v1,2,89.0
705,SYN000121,d2,3,249.0
706,SYN000121,f5,1,99.0
707,SYN000121,d1,2,69.0
708,SYN000121,d5,3,249.0
709,SYN000121,f4,1,199.0
710,SYN000121,d3,1,179.0
711,SYN000122,bv3,3,199.0
712,SYN000122,s3,1,99.0
713,SYN000122,f2,2,49.0
714,SYN000122,v3,1,79.0
715,SYN000122,b5,3,299.0
716,SYN000122,f3,2,149.0
717,SYN000122,f5,2,99.0
718,SYN000122,v5,2,149.0
719,SYN000123,bv2,3,249.0
720,SYN000123,v6,3,29.0
721,SYN000123,s5,1,199.0
722,SYN000123,d1,2,69.0
723,SYN000124,f6,3,179.0
724,SYN000124,s5,3,199.0
725,SYN000124,d4,1,99.0
726,SYN000125,d4,2,99.0
727,SYN000125,v6,3,29.0
728,SYN000125,d2,1,249.0
729,SYN000125,s5,1,199.0
730,SYN000125,v4,1,39.0
731,SYN000126,v1,1,89.0
732,SYN000126,v5,1,149.0
733,SYN000126,d3,2,179.0
734,SYN000127,d5,1,249.0
735,SYN000127,f5,2,99.0
736,SYN000127,d2,2,249.0
737,SYN000128,v1,3,89.0
738,SYN000128,f6,1,179.0
739,SYN000128,d2,3,249.0
740,SYN000128,f2,2,49.0
741,SYN000128,v4,1,39.0
742,SYN000129,v3,2,79.0
743,SYN000129,d4,1,99.0
744,SYN000129,d3,2,179.0
745,SYN000129,v4,2,39.0
746,SYN000129,b1,2,199.0
747,SYN000130,d1,3,69.0
748,SYN000130,s1,3,399.0
749,SYN000130,s5,1,199.0
750,SYN000131,s5,1,199.0
751,SYN000131,s4,1,299.0
752,SYN000131,s2,3,249.0
753,SYN000131,b4,3,599.0
754,SYN000132,v6,1,29.0
755,SYN000132,b5,2,299.0
756,SYN000132,s3,3,99.0
757,SYN000133,v1,3,89.0
758,SYN000133,v6,3,29.0
759,SYN000133,bv2,1,249.0
760,SYN000133,d3,2,179.0
761,SYN000134,bv3,1,199.0
762,SYN000134,v6,1,29.0
763,SYN000134,v2,3,49.0
764,SYN000134,d5,3,249.0
765,SYN000135,s2,2,249.0
766,SYN000135,v5,2,149.0
767,SYN000135,v6,2,29.0
768,SYN000135,f2,3,49.0
769,SYN000136,s1,2,399.0
770,SYN000136,v3,2,79.0
771,SYN000136,d4,1,99.0
772,SYN000136,f2,3,49.0
773,SYN000137,d4,2,99.0
774,SYN000137,s3,3,99.0
775,SYN000137,d1,1,69.0
776,SYN000137,d3,3,179.0
777,SYN000138,d1,2,69.0
778,SYN000138,v1,1,89.0
779,SYN000138,d4,2,99.0
780,SYN000138,v5,3,149.0
781,SYN000139,s2,2,249.0
782,SYN000139,d3,2,179.0
783,SYN000139,v6,1,29.0
784,SYN000139,d1,1,69.0
785,SYN000139,v2,3,49.0
786,SYN000139,b4,1,599.0
787,SYN000140,v2,2,49.0
788,SYN000140,f1,1,249.0
789,SYN000140,s2,2,249.0
790,SYN000140,d3,2,179.0
791,SYN000141,d1,3,69.0
792,SYN000141,f2,3,49.0
793,SYN000141,f1,1,249.0
794,SYN000141,v5,2,149.0
795,SYN000141,d2,2,249.0
796,SYN000141,v3,2,79.0
797,SYN000142,v5,2,149.0
798,SYN000142,s5,2,199.0
799,SYN000142,d1,2,69.0
800,SYN000143,v1,2,89.0
801,SYN000143,d1,3,69.0
802,SYN000143,s2,1,249.0
803,SYN000143,s1,1,399.0
804,SYN000143,v4,3,39.0
805,SYN000143,d3,1,179.0
806,SYN000144,d4,3,99.0
807,SYN000144,v3,2,79.0
808,SYN000144,s1,2,399.0
809,SYN000144,v5,3,149.0
810,SYN000144,s2,2,249.0
811,SYN000145,s3,3,99.0
812,SYN000145,d1,2,69.0
813,SYN000145,v1,3,89.0
814,SYN000145,b1,2,199.0
815,SYN000145,v2,2,49.0
816,SYN000145,d2,1,249.0
817,SYN000146,v3,1,79.0
818,SYN000146,v2,2,49.0
819,SYN000146,s3,1,99.0
820,SYN000147,s3,2,99.0
821,SYN000147,v5,3,149.0
822,SYN000147,v6,3,29.0
823,SYN000147,f5,1,99.0
824,SYN000148,v6,3,29.0
825,SYN000148,d2,1,249.0
826,SYN000148,s4,2,299.0
827,SYN000148,b4,3,599.0
828,SYN000148,d1,1,69.0
829,SYN000149,d4,2,99.0
830,SYN000149,v1,1,89.0
831,SYN000149,bv3,1,199.0
832,SYN000149,v6,2,29.0
833,SYN000149,s4,2,299.0
834,SYN000149,d3,2,179.0
835,SYN000150,v4,1,39.0
836,SYN000150,d4,3,99.0
837,SYN000150,d5,2,249.0
838,SYN000150,v1,2,89.0
839,SYN000151,s1,2,399.0
840,SYN000151,s3,1,99.0
841,SYN000151,f3,3,149.0
842,SYN000152,d4,3,99.0
843,SYN000152,v4,1,39.0
844,SYN000152,d1,1,69.0
845,SYN000152,v5,1,149.0
846,SYN000152,v3,1,79.0
847,SYN000153,bv2,2,249.0
848,SYN000153,s4,1,299.0
849,SYN000153,s2,2,249.0
850,SYN000153,s5,1,199.0
851,SYN000153,b2,1,249.0
852,SYN000153,v1,1,89.0
853,SYN000154,d1,1,69.0
854,SYN000154,bv2,3,249.0
855,SYN000154,d5,1,249.0
856,SYN000154,v6,2,29.0
857,SYN000154,s2,1,249.0
858,SYN000155,d1,1,69.0
859,SYN000155,d4,3,99.0
860,SYN000155,d3,3,179.0
861,SYN000155,s2,2,249.0
862,SYN000155,v4,2,39.0
863,SYN000155,v6,2,29.0
864,SYN000156,d1,3,69.0
865,SYN000156,s1,3,399.0
866,SYN000156,v3,1,79.0
867,SYN000156,d4,2,99.0
868,SYN000157,d3,3,179.0
869,SYN000157,s3,3,99.0
870,SYN000157,d4,2,99.0
871,SYN000157,s1,1,399.0
872,SYN000158,f3,3,149.0
873,SYN000158,v3,2,79.0
874,SYN000158,d1,3,69.0
875,SYN000158,s4,1,299.0
876,SYN000158,f4,2,199.0
877,SYN000159,v4,2,39.0
878,SYN000159,d1,3,69.0
879,SYN000159,v1,3,89.0
880,SYN000160,d5,3,249.0
881,SYN000160,b1,2,199.0
882,SYN000160,v4,2,39.0
883,SYN000160,v1,3,89.0
884,SYN000160,d3,3,179.0
885,SYN000160,d4,3,99.0
886,SYN000161,s4,2,299.0
887,SYN000161,d1,3,69.0
888,SYN000161,v3,2,79.0
889,SYN000161,d2,2,249.0
890,SYN000161,d3,1,179.0
891,SYN000162,d5,1,249.0
892,SYN000162,s2,2,249.0
893,SYN000162,v5,2,149.0
894,SYN000163,d4,1,99.0
895,SYN000163,s2,2,249.0
896,SYN000163,d2,3,249.0
897,SYN000163,v1,2,89.0
898,SYN000163,d3,2,179.0
899,SYN000164,v2,3,49.0
900,SYN000164,d3,1,179.0
901,SYN000164,v5,1,149.0
902,SYN000164,b2,2,249.0
903,SYN000164,s3,2,99.0
904,SYN000164,s4,1,299.0
905,SYN000165,d3,1,179.0
906,SYN000165,s5,3,199.0
907,SYN000165,d4,3,99.0
908,SYN000165,s3,2,99.0
909,SYN000165,v4,1,39.0
910,SYN000166,s1,1,399.0
911,SYN000166,v1,1,89.0
912,SYN000166,v4,1,39.0
913,SYN000167,v1,1,89.0
914,SYN000167,v4,2,39.0
915,SYN000167,d4,3,99.0
916,SYN000167,s1,1,399.0
917,SYN000167,v6,1,29.0
918,SYN000168,s3,1,99.0
919,SYN000168,v3,1,79.0
920,SYN000168,b1,2,199.0
921,SYN000168,s5,2,199.0
922,SYN000169,f5,3,99.0
923,SYN000169,d4,3,99.0
924,SYN000169,v2,1,49.0
925,SYN000170,v6,1,29.0
926,SYN000170,s3,3,99.0
927,SYN000170,d4,2,99.0
928,SYN000171,s1,3,399.0
929,SYN000171,v3,2,79.0
930,SYN000171,v4,1,39.0
931,SYN000171,d2,1,249.0
932,SYN000172,d5,3,249.0
933,SYN000172,d1,1,69.0
934,SYN000172,v5,1,149.0
935,SYN000173,d2,2,249.0
936,SYN000173,v1,2,89.0
937,SYN000173,v2,1,49.0
938,SYN000173,s4,2,299.0
939,SYN000173,s3,2,99.0
940,SYN000174,v6,1,29.0
941,SYN000174,bv3,2,199.0
942,SYN000174,d1,2,69.0
943,SYN000175,v6,2,29.0
944,SYN000175,s5,3,199.0
945,SYN000175,v4,2,39.0
946,SYN000176,f5,2,99.0
947,SYN000176,s4,1,299.0
948,SYN000176,b4,3,599.0
949,SYN000176,s1,3,399.0
950,SYN000176,v6,2,29.0
951,SYN000176,v2,2,49.0
952,SYN000177,v6,1,29.0
953,SYN000177,v4,1,39.0
954,SYN000177,s2,3,249.0
955,SYN000177,d2,2,249.0
956,SYN000177,d4,2,99.0
957,SYN000177,f4,1,199.0
958,SYN000178,b5,1,299.0
959,SYN000178,v4,3,39.0
960,SYN000178,v5,2,149.0
961,SYN000179,b3,3,199.0
962,SYN000179,d5,2,249.0
963,SYN000179,v6,2,29.0
964,SYN000179,d1,3,69.0
965,SYN000179,bv1,2,149.0
966,SYN000180,d4,2,99.0
967,SYN000180,d5,2,249.0
968,SYN000180,v4,3,39.0
969,SYN000180,s4,3,299.0
970,SYN000181,d2,3,249.0
971,SYN000181,v4,1,39.0
972,SYN000181,bv4,2,349.0
973,SYN000181,d3,3,179.0
974,SYN000181,b5,1,299.0
975,SYN000181,f3,3,149.0
976,SYN000182,s3,3,99.0
977,SYN000182,d4,1,99.0
978,SYN000182,b5,3,299.0
979,SYN000182,s1,1,399.0
980,SYN000182,d2,2,249.0
981,SYN000182,d1,2,69.0
982,SYN000183,s5,3,199.0
983,SYN000183,v5,2,149.0
984,SYN000183,d3,2,179.0
985,SYN000183,d4,3,99.0
986,SYN000183,s4,3,299.0
987,SYN000183,v4,2,39.0
988,SYN000184,d2,3,249.0
989,SYN000184,f4,2,199.0
990,SYN000184,v4,3,39.0
991,SYN000184,d1,1,69.0
992,SYN000185,d4,1,99.0
993,SYN000185,s2,3,249.0
994,SYN000185,b5,3,299.0
995,SYN000185,d2,2,249.0
996,SYN000186,d2,2,249.0
997,SYN000186,d3,2,179.0
998,SYN000186,v2,1,49.0
999,SYN000186,s5,3,199.0
1000,SYN000187,v1,1,89.0
1001,SYN000187,v3,3,79.0
1002,SYN000187,d4,1,99.0
1003,SYN000187,v2,1,49.0
1004,SYN000188,d3,1,179.0
1005,SYN000188,v2,3,49.0
1006,SYN000188,bv3,2,199.0
1007,SYN000188,d4,3,99.0
1008,SYN000188,d5,1,249.0
1009,SYN000188,b3,2,199.0
1010,SYN000189,d3,1,179.0
1011,SYN000189,s3,2,99.0
1012,SYN000189,d5,2,249.0
1013,SYN000189,v2,3,49.0
1014,SYN000190,s5,1,199.0
1015,SYN000190,v4,1,39.0
1016,SYN000190,s3,3,99.0
1017,SYN000190,s2,2,249.0
1018,SYN000191,d4,1,99.0
1019,SYN000191,d1,2,69.0
1020,SYN000191,v3,3,79.0
1021,SYN000191,v5,2,149.0
1022,SYN000191,s3,1,99.0
1023,SYN000192,v5,2,149.0
1024,SYN000192,s2,3,249.0
1025,SYN000192,d4,1,99.0
1026,SYN000192,d3,3,179.0
1027,SYN000192,f2,3,49.0
1028,SYN000192,s4,3,299.0
1029,SYN000193,v6,2,29.0
1030,SYN000193,v2,3,49.0
1031,SYN000193,bv4,1,349.0
1032,SYN000193,s3,3,99.0
1033,SYN000194,d5,2,249.0
1034,SYN000194,v2,2,49.0
1035,SYN000194,v3,1,79.0
1036,SYN000195,b5,2,299.0
1037,SYN000195,d5,1,249.0
1038,SYN000195,s5,2,199.0
1039,SYN000195,d1,3,69.0
1040,SYN000195,s4,3,299.0
1041,SYN000195,d2,3,249.0
1042,SYN000196,v2,3,49.0
1043,SYN000196,d1,1,69.0
1044,SYN000196,d2,3,249.0
1045,SYN000196,s1,3,399.0
1046,SYN000196,b5,1,299.0
1047,SYN000197,v2,1,49.0
1048,SYN000197,d5,1,249.0
1049,SYN000197,s2,3,249.0
1050,SYN000197,v1,1,89.0
1051,SYN000197,d4,2,99.0
1052,SYN000197,v6,3,29.0
1053,SYN000198,s4,3,299.0
1054,SYN000198,s5,2,199.0
1055,SYN000198,f6,1,179.0
1056,SYN000198,b4,2,599.0
1057,SYN000198,v6,2,29.0
1058,SYN000199,d1,1,69.0
1059,SYN000199,b4,3,599.0
1060,SYN000199,d2,2,249.0
1061,SYN000199,s1,3,399.0
1062,SYN000200,d1,3,69.0
1063,SYN000200,s2,2,249.0
1064,SYN000200,d3,2,179.0
1065,SYN000200,v2,3,49.0
1066,SYN000200,s3,2,99.0
1067,SYN000200,d5,3,249.0
1068,SYN000201,s1,1,399.0
1069,SYN000201,s5,3,199.0
1070,SYN000201,d4,1,99.0
1071,SYN000201,v4,2,39.0
1072,SYN000201,v5,3,149.0
1073,SYN000202,v6,1,29.0
1074,SYN000202,v4,2,39.0
1075,SYN000202,d5,1,249.0
1076,SYN000202,v5,3,149.0
1077,SYN000202,d2,3,249.0
1078,SYN000203,d1,1,69.0
1079,SYN000203,d2,2,249.0
1080,SYN000203,v4,2,39.0
1081,SYN000204,v5,2,149.0
1082,SYN000204,d5,2,249.0
1083,SYN000204,v6,2,29.0
1084,SYN000204,b2,3,249.0
1085,SYN000205,d1,2,69.0
1086,SYN000205,d5,1,249.0
1087,SYN000205,v5,3,149.0
1088,SYN000205,s3,1,99.0
1089,SYN000205,f3,2,149.0
1090,SYN000205,b1,3,199.0
1091,SYN000206,s2,2,249.0
1092,SYN000206,d2,1,249.0
1093,SYN000206,v5,3,149.0
1094,SYN000206,f4,3,199.0
1095,SYN000206,d5,3,249.0
1096,SYN000206,d4,2,99.0
1097,SYN000207,bv3,3,199.0
1098,SYN000207,s1,3,399.0
1099,SYN000207,d4,3,99.0
1100,SYN000207,v1,1,89.0
1101,SYN000207,s5,3,199.0
1102,SYN000208,s4,2,299.0
1103,SYN000208,d3,2,179.0
1104,SYN000208,bv2,1,249.0
1105,SYN000209,d1,3,69.0
1106,SYN000209,v3,2,79.0
1107,SYN000209,d3,2,179.0
1108,SYN000209,d4,3,99.0
1109,SYN000210,bv2,3,249.0
1110,SYN000210,s2,3,249.0
1111,SYN000210,bv3,2,199.0
1112,SYN000210,v4,3,39.0
1113,SYN000210,v5,2,149.0
1114,SYN000210,d5,3,249.0
1115,SYN000211,s4,2,299.0
1116,SYN000211,bv3,2,199.0
1117,SYN000211,s3,1,99.0
1118,SYN000211,d4,1,99.0
1119,SYN000211,b1,1,199.0
1120,SYN000212,s2,3,249.0
1121,SYN000212,f5,1,99.0
1122,SYN000212,v1,3,89.0
1123,SYN000212,v4,2,39.0
1124,SYN000212,s3,3,99.0
1125,SYN000212,s1,3,399.0
1126,SYN000213,v4,2,39.0
1127,SYN000213,b5,1,299.0
1128,SYN000213,d3,2,179.0
1129,SYN000214,d5,2,249.0
1130,SYN000214,v1,3,89.0
1131,SYN000214,s3,1,99.0
1132,SYN000215,b4,3,599.0
1133,SYN000215,d2,3,249.0
1134,SYN000215,v1,2,89.0
1135,SYN000215,v6,2,29.0
1136,SYN000215,s5,1,199.0
1137,SYN000215,d5,2,249.0
1138,SYN000216,v1,2,89.0
1139,SYN000216,s1,2,399.0
1140,SYN000216,d4,1,99.0
1141,SYN000216,v3,2,79.0
1142,SYN000216,s4,1,299.0
1143,SYN000216,v6,3,29.0
1144,SYN000217,s3,1,99.0
1145,SYN000217,f5,1,99.0
1146,SYN000217,d4,1,99.0
1147,SYN000217,v4,3,39.0
1148,SYN000218,d5,2,249.0
1149,SYN000218,d2,3,249.0
1150,SYN000218,v2,1,49.0
1151,SYN000218,d4,2,99.0
1152,SYN000219,v6,1,29.0
1153,SYN000219,s1,3,399.0
1154,SYN000219,d5,3,249.0
1155,SYN000220,f5,1,99.0
1156,SYN000220,s2,3,249.0
1157,SYN000220,v5,1,149.0
1158,SYN000221,v2,1,49.0
1159,SYN000221,v6,3,29.0
1160,SYN000221,s2,2,249.0
1161,SYN000221,s4,2,299.0
1162,SYN000221,d5,3,249.0
1163,SYN000221,d3,1,179.0
1164,SYN000222,bv4,3,349.0
1165,SYN000222,d4,2,99.0
1166,SYN000222,s5,3,199.0
1167,SYN000222,d3,1,179.0
1168,SYN000222,v1,2,89.0
1169,SYN000222,s2,3,249.0
1170,SYN000223,s3,3,99.0
1171,SYN000223,v3,2,79.0
1172,SYN000223,d5,1,249.0
1173,SYN000223,b3,1,199.0
1174,SYN000223,s5,2,199.0
1175,SYN000223,v6,2,29.0
1176,SYN000224,s1,3,399.0
1177,SYN000224,v1,2,89.0
1178,SYN000224,d5,2,249.0
1179,SYN000224,v4,3,39.0
1180,SYN000225,v4,2,39.0
1181,SYN000225,d3,3,179.0
1182,SYN000225,d5,3,249.0
1183,SYN000225,f3,2,149.0
1184,SYN000225,bv4,2,349.0
1185,SYN000225,v1,2,89.0
1186,SYN000226,d2,1,249.0
1187,SYN000226,d3,3,179.0
1188,SYN000226,v2,1,49.0
1189,SYN000226,s5,1,199.0
1190,SYN000226,d5,2,249.0
1191,SYN000226,v3,1,79.0
1192,SYN000227,d4,2,99.0
1193,SYN000227,s3,2,99.0
1194,SYN000227,v1,2,89.0
1195,SYN000228,v4,3,39.0
1196,SYN000228,v6,3,29.0
1197,SYN000228,s1,2,399.0
1198,SYN000228,v2,1,49.0
1199,SYN000229,f5,3,99.0
1200,SYN000229,d4,1,99.0
1201,SYN000229,s3,3,99.0
1202,SYN000229,d1,3,69.0
1203,SYN000230,s1,2,399.0
1204,SYN000230,v2,2,49.0
1205,SYN000230,v5,3,149.0
1206,SYN000231,s5,1,199.0
1207,SYN000231,s1,3,399.0
1208,SYN000231,v6,2,29.0
1209,SYN000231,s4,1,299.0
1210,SYN000231,f2,1,49.0
1211,SYN000232,v4,2,39.0
1212,SYN000232,f1,1,249.0
1213,SYN000232,d4,2,99.0
1214,SYN000232,b2,1,249.0
1215,SYN000232,d5,1,249.0
1216,SYN000233,f6,1,179.0
1217,SYN000233,d1,3,69.0
1218,SYN000233,b3,1,199.0
1219,SYN000234,bv4,1,349.0
1220,SYN000234,v1,2,89.0
1221,SYN000234,d3,1,179.0
1222,SYN000234,v4,2,39.0
1223,SYN000234,b5,1,299.0
1224,SYN000235,d3,3,179.0
1225,SYN000235,f1,1,249.0
1226,SYN000235,s2,2,249.0
1227,SYN000235,f6,3,179.0
1228,SYN000235,v5,2,149.0
1229,SYN000236,v3,3,79.0
1230,SYN000236,s1,1,399.0
1231,SYN000236,v2,1,49.0
1232,SYN000236,s4,2,299.0
1233,SYN000237,d4,1,99.0
1234,SYN000237,s3,1,99.0
1235,SYN000237,v2,1,49.0
1236,SYN000237,v6,2,29.0
1237,SYN000238,b5,2,299.0
1238,SYN000238,b1,3,199.0
1239,SYN000238,v3,3,79.0
1240,SYN000238,bv4,1,349.0
1241,SYN000238,d1,2,69.0
1242,SYN000238,s1,3,399.0
1243,SYN000238,s3,2,99.0
1244,SYN000239,v5,2,149.0
1245,SYN000239,s4,2,299.0
1246,SYN000239,f3,3,149.0
1247,SYN000239,b4,2,599.0
1248,SYN000239,f1,1,249.0
1249,SYN000240,b5,1,299.0
1250,SYN000240,b4,1,599.0
1251,SYN000240,v2,3,49.0
1252,SYN000240,f3,3,149.0
1253,SYN000240,f6,2,179.0
1254,SYN000241,b5,1,299.0
1255,SYN000241,f4,1,199.0
1256,SYN000241,s3,2,99.0
1257,SYN000241,s1,1,399.0
1258,SYN000241,b3,1,199.0
1259,SYN000241,f2,3,49.0
1260,SYN000241,d5,2,249.0
1261,SYN000241,b1,2,199.0
1262,SYN000241,v5,2,149.0
1263,SYN000241,v4,1,39.0
1264,SYN000242,bv3,2,199.0
1265,SYN000242,s5,3,199.0
1266,SYN000242,s3,2,99.0
1267,SYN000242,v1,2,89.0
1268,SYN000242,b5,3,299.0
1269,SYN000242,s1,1,399.0
1270,SYN000242,b2,3,249.0
1271,SYN000243,s5,2,199.0
1272,SYN000243,b3,2,199.0
1273,SYN000243,f3,1,149.0
1274,SYN000243,s1,3,399.0
1275,SYN000243,b4,3,599.0
1276,SYN000243,b2,1,249.0
1277,SYN000243,bv1,1,149.0
1278,SYN000243,f6,2,179.0
1279,SYN000243,f1,3,249.0
1280,SYN000244,b2,3,249.0
1281,SYN000244,f6,1,179.0
1282,SYN000244,bv3,1,199.0
1283,SYN000244,b4,2,599.0
1284,SYN000244,bv2,2,249.0
1285,SYN000244,b5,3,299.0
1286,SYN000244,bv1,3,149.0
1287,SYN000244,f1,3,249.0
1288,SYN000245,s1,2,399.0
1289,SYN000245,s2,3,249.0
1290,SYN000245,v3,2,79.0
1291,SYN000245,b1,2,199.0
1292,SYN000245,b4,2,599.0
1293,SYN000246,f3,1,149.0
1294,SYN000246,s2,2,249.0
1295,SYN000246,f1,1,249.0
1296,SYN000246,bv1,3,149.0
1297,SYN000246,s4,1,299.0
1298,SYN000246,s5,3,199.0
1299,SYN000246,f4,3,199.0
1300,SYN000246,s1,2,399.0
1301,SYN000246,bv4,3,349.0
1302,SYN000246,f2,1,49.0
1303,SYN000247,bv3,2,199.0
1304,SYN000247,b4,3,599.0
1305,SYN000247,bv4,3,349.0
1306,SYN000247,s1,3,399.0
1307,SYN000247,f3,2,149.0
1308,SYN000247,s3,2,99.0
1309,SYN000247,f6,2,179.0
1310,SYN000247,s4,3,299.0
1311,SYN000248,s4,3,299.0
1312,SYN000248,b5,2,299.0
1313,SYN000248,s5,2,199.0
1314,SYN000248,v1,2,89.0
1315,SYN000248,bv1,2,149.0
1316,SYN000248,b2,2,249.0
1317,SYN000248,f3,2,149.0
1318,SYN000248,b4,3,599.0
1319,SYN000249,bv1,3,149.0
1320,SYN000249,f5,3,99.0
1321,SYN000249,f6,2,179.0
1322,SYN000249,s5,2,199.0
1323,SYN000249,s1,2,399.0
1324,SYN000249,b5,3,299.0
1325,SYN000249,d1,3,69.0
1326,SYN000249,b4,1,599.0
1327,SYN000249,f3,3,149.0
1328,SYN000250,b1,1,199.0
1329,SYN000250,s5,2,199.0
1330,SYN000250,s3,3,99.0
1331,SYN000250,v1,2,89.0
1332,SYN000250,b3,3,199.0
1333,SYN000250,f2,2,49.0
1334,SYN000250,b4,2,599.0
1335,SYN000250,b2,1,249.0
1336,SYN000250,bv1,3,149.0
1337,SYN000251,b5,3,299.0
1338,SYN000251,b1,1,199.0
1339,SYN000251,b3,2,199.0
1340,SYN000251,v4,3,39.0
1341,SYN000251,bv1,2,149.0
1342,SYN000252,bv1,1,149.0
1343,SYN000252,f1,1,249.0
1344,SYN000252,f4,3,199.0
1345,SYN000252,b2,1,249.0
1346,SYN000252,b4,3,599.0
1347,SYN000252,b1,2,199.0
1348,SYN000252,s5,1,199.0
1349,SYN000252,bv3,2,199.0
1350,SYN000253,b2,2,249.0
1351,SYN000253,d5,2,249.0
1352,SYN000253,f6,3,179.0
1353,SYN000253,s1,3,399.0
1354,SYN000253,v2,2,49.0
1355,SYN000253,s3,1,99.0
1356,SYN000253,s4,3,299.0
1357,SYN000254,s5,1,199.0
1358,SYN000254,s2,1,249.0
1359,SYN000254,b2,2,249.0
1360,SYN000254,s3,1,99.0
1361,SYN000254,f4,1,199.0
1362,SYN000254,f1,3,249.0
1363,SYN000254,bv2,3,249.0
1364,SYN000255,v2,1,49.0
1365,SYN000255,bv3,1,199.0
1366,SYN000255,bv1,1,149.0
1367,SYN000255,b5,1,299.0
1368,SYN000255,bv2,2,249.0
1369,SYN000255,f5,2,99.0
1370,SYN000255,b4,2,599.0
1371,SYN000256,s5,1,199.0
1372,SYN000256,f2,3,49.0
1373,SYN000256,s4,1,299.0
1374,SYN000256,bv1,1,149.0
1375,SYN000256,f4,2,199.0
1376,SYN000257,f6,2,179.0
1377,SYN000257,f3,3,149.0
1378,SYN000257,s5,2,199.0
1379,SYN000257,bv2,1,249.0
1380,SYN000257,b2,1,249.0
1381,SYN000257,bv1,1,149.0
1382,SYN000257,b4,1,599.0
1383,SYN000257,f2,3,49.0
1384,SYN000257,s2,1,249.0
1385,SYN000258,b5,1,299.0
1386,SYN000258,f2,2,49.0
1387,SYN000258,b3,2,199.0
1388,SYN000258,b1,3,199.0
1389,SYN000258,bv2,3,249.0
1390,SYN000258,bv1,1,149.0
1391,SYN000258,d4,1,99.0
1392,SYN000258,v6,1,29.0
1393,SYN000259,bv1,3,149.0
1394,SYN000259,s1,2,399.0
1395,SYN000259,f4,2,199.0
1396,SYN000259,bv3,3,199.0
1397,SYN000259,b1,1,199.0
1398,SYN000259,s2,2,249.0
1399,SYN000259,b2,1,249.0
1400,SYN000259,v1,3,89.0
1401,SYN000259,b3,1,199.0
1402,SYN000259,f2,1,49.0
1403,SYN000260,f1,1,249.0
1404,SYN000260,d2,1,249.0
1405,SYN000260,b3,2,199.0
1406,SYN000260,f4,1,199.0
1407,SYN000260,bv2,1,249.0
1408,SYN000260,v1,2,89.0
1409,SYN000260,bv1,3,149.0
1410,SYN000260,s1,3,399.0
1411,SYN000260,s2,3,249.0
1412,SYN000260,d5,1,249.0
1413,SYN000261,b5,1,299.0
1414,SYN000261,f2,1,49.0
1415,SYN000261,s5,1,199.0
1416,SYN000261,bv1,2,149.0
1417,SYN000261,v5,1,149.0
1418,SYN000261,f4,1,199.0
1419,SYN000261,f1,2,249.0
1420,SYN000262,b3,3,199.0
1421,SYN000262,f6,3,179.0
1422,SYN000262,s4,3,299.0
1423,SYN000262,s1,2,399.0
1424,SYN000262,bv3,3,199.0
1425,SYN000262,f2,1,49.0
1426,SYN000263,s1,3,399.0
1427,SYN000263,f2,3,49.0
1428,SYN000263,f4,2,199.0
1429,SYN000263,bv1,1,149.0
1430,SYN000263,f1,1,249.0
1431,SYN000263,bv2,2,249.0
1432,SYN000263,f3,1,149.0
1433,SYN000263,bv4,2,349.0
1434,SYN000263,s4,2,299.0
1435,SYN000263,s5,3,199.0
1436,SYN000264,b1,1,199.0
1437,SYN000264,b3,3,199.0
1438,SYN000264,b2,2,249.0
1439,SYN000264,v5,3,149.0
1440,SYN000264,b4,2,599.0
1441,SYN000264,b5,3,299.0
1442,SYN000264,f5,2,99.0
1443,SYN000264,s1,2,399.0
1444,SYN000264,s3,3,99.0
1445,SYN000264,bv1,1,149.0
1446,SYN000265,v5,1,149.0
1447,SYN000265,v6,3,29.0
1448,SYN000265,b4,1,599.0
1449,SYN000265,b3,1,199.0
1450,SYN000265,s3,3,99.0
1451,SYN000266,f6,1,179.0
1452,SYN000266,bv2,1,249.0
1453,SYN000266,bv3,1,199.0
1454,SYN000266,d4,1,99.0
1455,SYN000266,f4,3,199.0
1456,SYN000267,bv1,1,149.0
1457,SYN000267,f5,3,99.0
1458,SYN000267,f1,3,249.0
1459,SYN000267,f4,2,199.0
1460,SYN000267,b2,3,249.0
1461,SYN000267,bv4,2,349.0
1462,SYN000267,bv2,1,249.0
1463,SYN000267,s1,1,399.0
1464,SYN000267,s4,3,299.0
1465,SYN000267,b4,2,599.0
1466,SYN000268,f5,3,99.0
1467,SYN000268,b3,3,199.0
1468,SYN000268,s5,1,199.0
1469,SYN000268,b5,2,299.0
1470,SYN000268,b4,2,599.0
1471,SYN000268,f2,2,49.0
1472,SYN000268,f3,2,149.0
1473,SYN000268,d3,2,179.0
1474,SYN000268,f6,2,179.0
1475,SYN000269,b4,3,599.0
1476,SYN000269,s5,3,199.0
1477,SYN000269,s2,2,249.0
1478,SYN000269,s1,1,399.0
1479,SYN000269,b2,2,249.0
1480,SYN000269,b3,3,199.0
1481,SYN000269,s4,2,299.0
1482,SYN000269,bv1,2,149.0
1483,SYN000269,f5,1,99.0
1484,SYN000270,b2,2,249.0
1485,SYN000270,v3,1,79.0
1486,SYN000270,f3,2,149.0
1487,SYN000270,f4,2,199.0
1488,SYN000270,b4,3,599.0
1489,SYN000270,bv2,3,249.0
1490,SYN000270,bv4,2,349.0
1491,SYN000270,v1,1,89.0
1492,SYN000271,b1,3,199.0
1493,SYN000271,f3,2,149.0
1494,SYN000271,s1,3,399.0
1495,SYN000271,f6,3,179.0
1496,SYN000271,b4,3,599.0
1497,SYN000271,s4,1,299.0
1498,SYN000271,bv2,3,249.0
1499,SYN000271,f2,1,49.0
1500,SYN000271,s3,3,99.0
1501,SYN000271,bv3,3,199.0
1502,SYN000272,s4,3,299.0
1503,SYN000272,f1,2,249.0
1504,SYN000272,b4,1,599.0
1505,SYN000272,b2,3,249.0
1506,SYN000272,d3,3,179.0
1507,SYN000272,s1,3,399.0
1508,SYN000272,v4,1,39.0
1509,SYN000272,s3,1,99.0
1510,SYN000272,f2,2,49.0
1511,SYN000272,f3,2,149.0
1512,SYN000273,b2,1,249.0
1513,SYN000273,f6,2,179.0
1514,SYN000273,f5,1,99.0
1515,SYN000273,f1,2,249.0
1516,SYN000273,bv4,3,349.0
1517,SYN000273,f2,2,49.0
1518,SYN000274,b5,1,299.0
1519,SYN000274,f1,2,249.0
1520,SYN000274,bv1,3,149.0
1521,SYN000274,f2,3,49.0
1522,SYN000274,v1,1,89.0
1523,SYN000274,bv3,1,199.0
1524,SYN000274,f4,1,199.0
1525,SYN000274,b1,2,199.0
1526,SYN000275,f3,3,149.0
1527,SYN000275,b3,3,199.0
1528,SYN000275,bv2,3,249.0
1529,SYN000275,bv3,3,199.0
1530,SYN000275,b4,3,599.0
1531,SYN000275,s2,2,249.0
1532,SYN000275,v2,1,49.0
1533,SYN000276,f5,2,99.0
1534,SYN000276,v5,2,149.0
1535,SYN000276,bv1,1,149.0
1536,SYN000276,b3,3,199.0
1537,SYN000276,b5,1,299.0
1538,SYN000276,s3,2,99.0
1539,SYN000276,s1,3,399.0
1540,SYN000276,f1,1,249.0
1541,SYN000276,b1,1,199.0
1542,SYN000277,bv4,3,349.0
1543,SYN000277,d4,3,99.0
1544,SYN000277,bv3,3,199.0
1545,SYN000277,f6,1,179.0
1546,SYN000277,b2,2,249.0
1547,SYN000277,f1,1,249.0
1548,SYN000277,b1,1,199.0
1549,SYN000277,f2,2,49.0
1550,SYN000277,b3,3,199.0
1551,SYN000278,b3,2,199.0
1552,SYN000278,v1,3,89.0
1553,SYN000278,f2,2,49.0
1554,SYN000278,s5,3,199.0
1555,SYN000278,bv2,1,249.0
1556,SYN000278,s2,1,249.0
1557,SYN000278,f5,1,99.0
1558,SYN000279,b2,3,249.0
1559,SYN000279,f2,1,49.0
1560,SYN000279,bv3,3,199.0
1561,SYN000279,f6,3,179.0
1562,SYN000279,f4,1,199.0
1563,SYN000279,f5,2,99.0
1564,SYN000279,b1,3,199.0
1565,SYN000279,f3,1,149.0
1566,SYN000279,s3,1,99.0
1567,SYN000279,d5,1,249.0
1568,SYN000280,f6,3,179.0
1569,SYN000280,v1,3,89.0
1570,SYN000280,bv4,1,349.0
1571,SYN000280,bv3,1,199.0
1572,SYN000280,f2,1,49.0
1573,SYN000281,b5,1,299.0
1574,SYN000281,f2,1,49.0
1575,SYN000281,bv1,3,149.0
1576,SYN000281,s3,1,99.0
1577,SYN000281,s2,2,249.0
1578,SYN000281,f5,1,99.0
1579,SYN000282,f5,3,99.0
1580,SYN000282,s1,3,399.0
1581,SYN000282,f6,2,179.0
1582,SYN000282,f1,3,249.0
1583,SYN000282,s3,1,99.0
1584,SYN000282,b2,3,249.0
1585,SYN000282,d2,1,249.0
1586,SYN000282,s2,2,249.0
1587,SYN000283,s2,3,249.0
1588,SYN000283,s3,3,99.0
1589,SYN000283,bv3,2,199.0
1590,SYN000283,f2,1,49.0
1591,SYN000283,b1,3,199.0
1592,SYN000283,b5,1,299.0
1593,SYN000283,b2,1,249.0
1594,SYN000283,bv1,1,149.0
1595,SYN000283,f4,3,199.0
1596,SYN000284,bv3,1,199.0
1597,SYN000284,bv2,2,249.0
1598,SYN000284,f6,1,179.0
1599,SYN000284,s4,1,299.0
1600,SYN000284,s1,2,399.0
1601,SYN000284,b5,1,299.0
1602,SYN000284,v5,1,149.0
1603,SYN000285,bv1,3,149.0
1604,SYN000285,v3,1,79.0
1605,SYN000285,s1,3,399.0
1606,SYN000285,f2,1,49.0
1607,SYN000285,bv3,1,199.0
1608,SYN000285,b1,2,199.0
1609,SYN000285,b3,2,199.0
1610,SYN000286,bv1,3,149.0
1611,SYN000286,bv3,3,199.0
1612,SYN000286,s5,2,199.0
1613,SYN000286,f5,3,99.0
1614,SYN000286,f3,1,149.0
1615,SYN000286,bv2,1,249.0
1616,SYN000286,b2,2,249.0
1617,SYN000286,f4,3,199.0
1618,SYN000286,b1,1,199.0
1619,SYN000287,b3,1,199.0
1620,SYN000287,bv1,3,149.0
1621,SYN000287,bv2,2,249.0
1622,SYN000287,s1,3,399.0
1623,SYN000287,s5,2,199.0
1624,SYN000287,f4,2,199.0
1625,SYN000288,bv4,3,349.0
1626,SYN000288,f4,2,199.0
1627,SYN000288,s1,1,399.0
1628,SYN000288,bv1,3,149.0
1629,SYN000288,v1,3,89.0
1630,SYN000288,bv3,3,199.0
1631,SYN000288,b1,3,199.0
1632,SYN000288,b4,2,599.0
1633,SYN000288,f1,1,249.0
1634,SYN000289,v6,1,29.0
1635,SYN000289,s5,3,199.0
1636,SYN000289,b5,1,299.0
1637,SYN000289,f2,3,49.0
1638,SYN000289,f6,2,179.0
1639,SYN000289,bv4,3,349.0
1640,SYN000289,s4,2,299.0
1641,SYN000290,b1,2,199.0
1642,SYN000290,v1,1,89.0
1643,SYN000290,bv3,3,199.0
1644,SYN000290,b4,2,599.0
1645,SYN000290,f2,2,49.0
1646,SYN000290,s2,2,249.0
1647,SYN000291,s1,3,399.0
1648,SYN000291,s2,2,249.0
1649,SYN000291,b2,2,249.0
1650,SYN000291,b5,3,299.0
1651,SYN000291,s3,1,99.0
1652,SYN000292,s4,1,299.0
1653,SYN000292,bv2,2,249.0
1654,SYN000292,f1,1,249.0
1655,SYN000292,f5,1,99.0
1656,SYN000292,f2,1,49.0
1657,SYN000292,d5,1,249.0
1658,SYN000292,b2,2,249.0
1659,SYN000292,f6,3,179.0
1660,SYN000292,f4,2,199.0
1661,SYN000292,b1,2,199.0
1662,SYN000293,b3,3,199.0
1663,SYN000293,bv2,2,249.0
1664,SYN000293,f4,3,199.0
1665,SYN000293,b5,3,299.0
1666,SYN000293,f2,1,49.0
1667,SYN000293,d1,1,69.0
1668,SYN000293,s2,2,249.0
1669,SYN000294,s5,2,199.0
1670,SYN000294,b3,3,199.0
1671,SYN000294,f5,2,99.0
1672,SYN000294,b4,1,599.0
1673,SYN000294,f6,1,179.0
1674,SYN000294,f2,3,49.0
1675,SYN000295,bv3,1,199.0
1676,SYN000295,v6,2,29.0
1677,SYN000295,d3,3,179.0
1678,SYN000295,v4,2,39.0
1679,SYN000295,s2,2,249.0
1680,SYN000295,bv1,3,149.0
1681,SYN000295,v5,2,149.0
1682,SYN000295,bv4,2,349.0
1683,SYN000295,s4,2,299.0
1684,SYN000295,d5,2,249.0
1685,SYN000295,s1,3,399.0
1686,SYN000296,bv2,1,249.0
1687,SYN000296,v1,1,89.0
1688,SYN000296,s5,2,199.0
1689,SYN000296,v4,2,39.0
1690,SYN000296,v2,1,49.0
1691,SYN000296,s3,2,99.0
1692,SYN000296,bv1,2,149.0
1693,SYN000296,b3,2,199.0
1694,SYN000296,s2,1,249.0
1695,SYN000297,d4,1,99.0
1696,SYN000297,d2,1,249.0
1697,SYN000297,s5,2,199.0
1698,SYN000297,bv3,2,199.0
1699,SYN000297,v5,2,149.0
1700,SYN000297,v2,3,49.0
1701,SYN000297,v6,2,29.0
1702,SYN000297,d1,3,69.0
1703,SYN000297,v3,2,79.0
1704,SYN000297,v1,3,89.0
1705,SYN000297,f2,1,49.0
1706,SYN000297,s2,3,249.0
1707,SYN000297,bv4,3,349.0
1708,SYN000298,s4,1,299.0
1709,SYN000298,v2,1,49.0
1710,SYN000298,d2,1,249.0
1711,SYN000298,d1,3,69.0
1712,SYN000298,bv1,3,149.0
1713,SYN000298,d4,1,99.0
1714,SYN000298,bv3,2,199.0
1715,SYN000298,s3,2,99.0
1716,SYN000298,s1,1,399.0
1717,SYN000298,v6,1,29.0
1718,SYN000298,s2,2,249.0
1719,SYN000298,v5,3,149.0
1720,SYN000298,v4,3,39.0
1721,SYN000299,d2,1,249.0
1722,SYN000299,v2,1,49.0
1723,SYN000299,d5,2,249.0
1724,SYN000299,bv1,2,149.0
1725,SYN000299,v4,1,39.0
1726,SYN000299,s2,3,249.0
1727,SYN000299,d4,1,99.0
1728,SYN000299,b5,3,299.0
1729,SYN000299,f4,1,199.0
1730,SYN000300,s4,2,299.0
1731,SYN000300,v1,3,89.0
1732,SYN000300,d1,1,69.0
1733,SYN000300,bv3,1,199.0
1734,SYN000300,f4,1,199.0
1735,SYN000300,d2,1,249.0
1736,SYN000300,s3,2,99.0
1737,SYN000300,v3,3,79.0
1738,SYN000300,bv4,3,349.0
1739,SYN000300,bv1,1,149.0
1740,SYN000301,bv2,1,249.0
1741,SYN000301,s4,2,299.0
1742,SYN000301,s2,3,249.0
1743,SYN000301,v3,2,79.0
1744,SYN000301,d3,2,179.0
1745,SYN000301,bv3,2,199.0
1746,SYN000301,d4,2,99.0
1747,SYN000301,f5,3,99.0
1748,SYN000301,bv4,2,349.0
1749,SYN000301,v6,1,29.0
1750,SYN000301,b2,3,249.0
1751,SYN000301,b3,1,199.0
1752,SYN000301,s1,3,399.0
1753,SYN000302,f1,1,249.0
1754,SYN000302,bv1,3,149.0
1755,SYN000302,bv4,2,349.0
1756,SYN000302,b2,1,249.0
1757,SYN000302,v2,3,49.0
1758,SYN000302,d2,3,249.0
1759,SYN000302,d4,3,99.0
1760,SYN000302,v5,1,149.0
1761,SYN000302,s4,1,299.0
1762,SYN000302,f6,3,179.0
1763,SYN000302,v3,3,79.0
1764,SYN000302,d1,1,69.0
1765,SYN000302,s5,1,199.0
1766,SYN000302,v4,1,39.0
1767,SYN000302,s3,3,99.0
1768,SYN000303,v4,2,39.0
1769,SYN000303,d1,1,69.0
1770,SYN000303,bv2,3,249.0
1771,SYN000303,v3,1,79.0
1772,SYN000303,bv3,1,199.0
1773,SYN000303,d5,2,249.0
1774,SYN000303,s1,2,399.0
1775,SYN000303,d3,3,179.0
1776,SYN000304,bv4,3,349.0
1777,SYN000304,d5,2,249.0
1778,SYN000304,v3,3,79.0
1779,SYN000304,d2,1,249.0
1780,SYN000304,s5,2,199.0
1781,SYN000304,s1,1,399.0
1782,SYN000304,v1,1,89.0
1783,SYN000304,bv1,3,149.0
1784,SYN000304,v4,1,39.0
1785,SYN000304,bv2,2,249.0
1786,SYN000304,bv3,2,199.0
1787,SYN000304,s3,1,99.0
1788,SYN000305,v4,1,39.0
1789,SYN000305,d3,3,179.0
1790,SYN000305,v5,2,149.0
1791,SYN000305,s4,3,299.0
1792,SYN000305,v2,1,49.0
1793,SYN000305,b4,2,599.0
1794,SYN000305,bv2,2,249.0
1795,SYN000305,bv1,1,149.0
1796,SYN000305,bv4,2,349.0
1797,SYN000305,v6,2,29.0
1798,SYN000305,bv3,2,199.0
1799,SYN000305,s5,1,199.0
1800,SYN000305,d4,3,99.0
1801,SYN000306,bv2,2,249.0
1802,SYN000306,bv4,2,349.0
1803,SYN000306,s2,3,249.0
1804,SYN000306,v5,1,149.0
1805,SYN000306,b3,2,199.0
1806,SYN000306,d2,3,249.0
1807,SYN000306,v1,3,89.0
1808,SYN000306,v6,3,29.0
1809,SYN000306,s4,1,299.0
1810,SYN000306,d1,1,69.0
1811,SYN000306,v2,2,49.0
1812,SYN000306,bv3,2,199.0
1813,SYN000306,v4,1,39.0
1814,SYN000307,v6,1,29.0
1815,SYN000307,bv4,1,349.0
1816,SYN000307,s1,3,399.0
1817,SYN000307,d1,3,69.0
1818,SYN000307,bv3,2,199.0
1819,SYN000307,v1,1,89.0
1820,SYN000307,bv1,2,149.0
1821,SYN000307,f3,1,149.0
1822,SYN000307,s5,3,199.0
1823,SYN000307,bv2,2,249.0
1824,SYN000307,d4,2,99.0
1825,SYN000307,v2,3,49.0
1826,SYN000307,b1,2,199.0
1827,SYN000307,v3,2,79.0
1828,SYN000307,v5,3,149.0
1829,SYN000308,bv3,3,199.0
1830,SYN000308,s1,2,399.0
1831,SYN000308,d3,2,179.0
1832,SYN000308,v5,1,149.0
1833,SYN000308,v1,2,89.0
1834,SYN000308,d4,3,99.0
1835,SYN000308,s4,2,299.0
1836,SYN000308,bv1,2,149.0
1837,SYN000309,v6,1,29.0
1838,SYN000309,s5,1,199.0
1839,SYN000309,d4,3,99.0
1840,SYN000309,v1,3,89.0
1841,SYN000309,v2,1,49.0
1842,SYN000309,s3,2,99.0
1843,SYN000309,d1,2,69.0
1844,SYN000309,bv3,1,199.0
1845,SYN000309,s4,2,299.0
1846,SYN000309,d3,1,179.0
1847,SYN000309,s2,2,249.0
1848,SYN000309,v3,2,79.0
1849,SYN000309,bv4,2,349.0
1850,SYN000309,d2,3,249.0
1851,SYN000309,bv2,1,249.0
1852,SYN000310,s1,2,399.0
1853,SYN000310,v6,1,29.0
1854,SYN000310,v5,2,149.0
1855,SYN000310,d2,3,249.0
1856,SYN000310,b1,3,199.0
1857,SYN000310,v4,3,39.0
1858,SYN000310,v1,2,89.0
1859,SYN000310,bv3,3,199.0
1860,SYN000310,s3,1,99.0
1861,SYN000310,bv4,1,349.0
1862,SYN000310,f4,3,199.0
1863,SYN000310,s2,1,249.0
1864,SYN000310,s5,1,199.0
1865,SYN000310,s4,2,299.0
1866,SYN000311,s3,2,99.0
1867,SYN000311,d1,1,69.0
1868,SYN000311,d2,1,249.0
1869,SYN000311,d5,3,249.0
1870,SYN000311,v4,3,39.0
1871,SYN000311,v5,3,149.0
1872,SYN000311,s1,3,399.0
1873,SYN000311,bv4,2,349.0
1874,SYN000311,v2,1,49.0
1875,SYN000311,d3,2,179.0
1876,SYN000311,f2,2,49.0
1877,SYN000312,v6,1,29.0
1878,SYN000312,s2,2,249.0
1879,SYN000312,s5,1,199.0
1880,SYN000312,s4,2,299.0
1881,SYN000312,bv2,2,249.0
1882,SYN000312,s3,3,99.0
1883,SYN000312,v3,1,79.0
1884,SYN000312,v4,3,39.0
1885,SYN000312,v2,3,49.0
1886,SYN000312,b5,2,299.0
1887,SYN000313,bv1,3,149.0
1888,SYN000313,v1,1,89.0
1889,SYN000313,f1,2,249.0
1890,SYN000313,d2,3,249.0
1891,SYN000313,v2,3,49.0
1892,SYN000313,bv4,2,349.0
1893,SYN000313,bv3,3,199.0
1894,SYN000313,s1,1,399.0
1895,SYN000314,v1,3,89.0
1896,SYN000314,v2,2,49.0
1897,SYN000314,f2,2,49.0
1898,SYN000314,bv2,2,249.0
1899,SYN000314,f6,2,179.0
1900,SYN000314,d3,1,179.0
1901,SYN000314,b1,3,199.0
1902,SYN000314,s3,2,99.0
1903,SYN000314,d4,1,99.0
1904,SYN000314,bv3,3,199.0
1905,SYN000314,s4,2,299.0
1906,SYN000314,s5,1,199.0
1907,SYN000314,s1,1,399.0
1908,SYN000315,v3,3,79.0
1909,SYN000315,v1,3,89.0
1910,SYN000315,v2,1,49.0
1911,SYN000315,d2,1,249.0
1912,SYN000315,s2,3,249.0
1913,SYN000315,s4,1,299.0
1914,SYN000315,bv4,3,349.0
1915,SYN000315,f1,3,249.0
1916,SYN000316,v2,2,49.0
1917,SYN000316,s2,3,249.0
1918,SYN000316,s3,2,99.0
1919,SYN000316,v4,1,39.0
1920,SYN000316,v3,1,79.0
1921,SYN000316,s1,2,399.0
1922,SYN000316,s4,3,299.0
1923,SYN000316,d2,3,249.0
1924,SYN000316,b5,1,299.0
1925,SYN000316,s5,3,199.0
1926,SYN000316,d4,1,99.0
1927,SYN000316,f4,3,199.0
1928,SYN000317,s4,3,299.0
1929,SYN000317,v4,1,39.0
1930,SYN000317,d2,1,249.0
1931,SYN000317,d4,3,99.0
1932,SYN000317,f3,3,149.0
1933,SYN000317,b1,1,199.0
1934,SYN000317,s1,3,399.0
1935,SYN000317,v3,2,79.0
1936,SYN000317,d3,1,179.0
1937,SYN000318,d5,1,249.0
1938,SYN000318,f4,2,199.0
1939,SYN000318,v1,3,89.0
1940,SYN000318,bv2,1,249.0
1941,SYN000318,v6,3,29.0
1942,SYN000318,v5,3,149.0
1943,SYN000318,d4,2,99.0
1944,SYN000318,f1,1,249.0
1945,SYN000318,bv3,1,199.0
1946,SYN000318,d3,2,179.0
1947,SYN000318,d2,2,249.0
1948,SYN000319,bv2,3,249.0
1949,SYN000319,d3,3,179.0
1950,SYN000319,d2,2,249.0
1951,SYN000319,bv4,2,349.0
1952,SYN000319,s1,2,399.0
1953,SYN000319,bv1,1,149.0
1954,SYN000319,v4,1,39.0
1955,SYN000319,s5,2,199.0
1956,SYN000319,d1,3,69.0
1957,SYN000319,s3,1,99.0
1958,SYN000320,v2,3,49.0
1959,SYN000320,bv3,3,199.0
1960,SYN000320,s2,1,249.0
1961,SYN000320,d4,2,99.0
1962,SYN000320,v1,2,89.0
1963,SYN000320,v4,2,39.0
1964,SYN000320,s5,1,199.0
1965,SYN000320,v6,1,29.0
1966,SYN000320,bv1,1,149.0
1967,SYN000321,v4,3,39.0
1968,SYN000321,bv3,3,199.0
1969,SYN000321,bv2,3,249.0
1970,SYN000321,d3,3,179.0
1971,SYN000321,v6,2,29.0
1972,SYN000321,d2,2,249.0
1973,SYN000321,bv4,3,349.0
1974,SYN000321,s1,3,399.0
1975,SYN000321,s2,1,249.0
1976,SYN000321,bv1,2,149.0
1977,SYN000321,f6,1,179.0
1978,SYN000321,s3,2,99.0
1979,SYN000321,s5,3,199.0
1980,SYN000321,d1,3,69.0
1981,SYN000322,d4,3,99.0
1982,SYN000322,s2,2,249.0
1983,SYN000322,d2,3,249.0
1984,SYN000322,bv1,3,149.0
1985,SYN000322,v4,1,39.0
1986,SYN000322,v2,3,49.0
1987,SYN000322,s5,1,199.0
1988,SYN000322,bv4,3,349.0
1989,SYN000322,d3,2,179.0
1990,SYN000322,s1,2,399.0
1991,SYN000322,bv2,1,249.0
1992,SYN000323,v1,2,89.0
1993,SYN000323,s2,3,249.0
1994,SYN000323,s4,3,299.0
1995,SYN000323,f4,2,199.0
1996,SYN000323,bv4,3,349.0
1997,SYN000323,v6,1,29.0
1998,SYN000323,d5,1,249.0
1999,SYN000323,v3,2,79.0
2000,SYN000323,d3,2,179.0
2001,SYN000323,b2,3,249.0
2002,SYN000323,s3,2,99.0
2003,SYN000324,bv3,3,199.0
2004,SYN000324,d3,3,179.0
2005,SYN000324,s4,2,299.0
2006,SYN000324,v4,3,39.0
2007,SYN000324,s3,1,99.0
2008,SYN000324,bv4,1,349.0
2009,SYN000324,d2,3,249.0
2010,SYN000324,bv2,2,249.0
2011,SYN000324,d1,3,69.0
2012,SYN000324,v6,2,29.0
2013,SYN000324,d4,2,99.0
2014,SYN000324,v2,3,49.0
2015,SYN000325,v4,3,39.0
2016,SYN000325,s4,2,299.0
2017,SYN000325,d5,2,249.0
2018,SYN000325,d3,2,179.0
2019,SYN000325,v6,1,29.0
2020,SYN000325,v2,3,49.0
2021,SYN000325,s1,1,399.0
2022,SYN000325,d2,3,249.0
2023,SYN000325,v1,1,89.0
2024,SYN000325,s5,3,199.0
2025,SYN000325,bv4,1,349.0
2026,SYN000325,f6,2,179.0
2027,SYN000326,s5,3,199.0
2028,SYN000326,d3,1,179.0
2029,SYN000326,d5,3,249.0
2030,SYN000326,v2,2,49.0
2031,SYN000326,d2,2,249.0
2032,SYN000326,s4,1,299.0
2033,SYN000326,v3,3,79.0
2034,SYN000326,v6,1,29.0
2035,SYN000326,s2,3,249.0
2036,SYN000326,bv2,3,249.0
2037,SYN000327,d3,1,179.0
2038,SYN000327,f1,1,249.0
2039,SYN000327,bv3,1,199.0
2040,SYN000327,bv2,3,249.0
2041,SYN000327,b4,2,599.0
2042,SYN000327,s1,1,399.0
2043,SYN000327,s3,2,99.0
2044,SYN000327,bv4,3,349.0
2045,SYN000327,v1,1,89.0
2046,SYN000327,d5,3,249.0
2047,SYN000328,v3,1,79.0
2048,SYN000328,d5,2,249.0
2049,SYN000328,d4,2,99.0
2050,SYN000328,s4,3,299.0
2051,SYN000328,d2,2,249.0
2052,SYN000328,s1,1,399.0
2053,SYN000328,d1,2,69.0
2054,SYN000328,v2,3,49.0
2055,SYN000329,s5,2,199.0
2056,SYN000329,bv4,2,349.0
2057,SYN000329,v3,1,79.0
2058,SYN000329,bv2,3,249.0
2059,SYN000329,s4,2,299.0
2060,SYN000329,d4,3,99.0
2061,SYN000329,s2,1,249.0
2062,SYN000329,s1,2,399.0
2063,SYN000329,v6,2,29.0
2064,SYN000329,v1,1,89.0
2065,SYN000329,d3,3,179.0
2066,SYN000330,d5,3,249.0
2067,SYN000330,s5,3,199.0
2068,SYN000330,d1,3,69.0
2069,SYN000330,d2,1,249.0
2070,SYN000330,s2,3,249.0
2071,SYN000330,bv4,3,349.0
2072,SYN000330,bv1,2,149.0
2073,SYN000330,v3,2,79.0
2074,SYN000330,bv3,3,199.0
2075,SYN000330,v5,2,149.0
2076,SYN000330,d3,3,179.0
2077,SYN000330,b3,1,199.0
2078,SYN000330,v1,1,89.0
2079,SYN000330,v6,3,29.0
2080,SYN000331,d1,1,69.0
2081,SYN000331,b1,1,199.0
2082,SYN000331,s1,1,399.0
2083,SYN000331,s3,1,99.0
2084,SYN000331,d2,2,249.0
2085,SYN000331,v6,2,29.0
2086,SYN000331,s2,3,249.0
2087,SYN000331,s5,2,199.0
2088,SYN000332,s5,3,199.0
2089,SYN000332,s3,1,99.0
2090,SYN000332,s4,2,299.0
2091,SYN000332,d2,2,249.0
2092,SYN000332,f5,3,99.0
2093,SYN000332,d1,2,69.0
2094,SYN000332,v3,2,79.0
2095,SYN000332,d5,3,249.0
2096,SYN000332,v4,2,39.0
2097,SYN000332,d4,1,99.0
2098,SYN000332,d3,2,179.0
2099,SYN000332,bv2,1,249.0
2100,SYN000333,v3,3,79.0
2101,SYN000333,s2,2,249.0
2102,SYN000333,s4,1,299.0
2103,SYN000333,v5,2,149.0
2104,SYN000333,d4,2,99.0
2105,SYN000333,bv2,1,249.0
2106,SYN000333,s1,1,399.0
2107,SYN000333,s5,3,199.0
2108,SYN000333,d2,3,249.0
2109,SYN000333,d3,2,179.0
2110,SYN000333,v1,3,89.0
2111,SYN000333,bv4,1,349.0
2112,SYN000333,s3,3,99.0
2113,SYN000334,v4,3,39.0
2114,SYN000334,d5,3,249.0
2115,SYN000334,v1,2,89.0
2116,SYN000334,v3,1,79.0
2117,SYN000334,v2,3,49.0
2118,SYN000334,s5,1,199.0
2119,SYN000334,v5,2,149.0
2120,SYN000334,d3,1,179.0
2121,SYN000334,s2,1,249.0
2122,SYN000334,bv3,2,199.0
2123,SYN000334,s3,1,99.0
2124,SYN000334,bv2,3,249.0
2125,SYN000335,s1,3,399.0
2126,SYN000335,f5,2,99.0
2127,SYN000335,bv1,3,149.0
2128,SYN000335,s5,1,199.0
2129,SYN000335,s3,2,99.0
2130,SYN000335,v5,1,149.0
2131,SYN000335,s4,1,299.0
2132,SYN000335,d2,3,249.0
2133,SYN000335,b2,3,249.0
2134,SYN000335,d5,2,249.0
2135,SYN000335,bv3,2,199.0
2136,SYN000335,v2,2,49.0
2137,SYN000335,b5,1,299.0
2138,SYN000335,v1,3,89.0
2139,SYN000336,b1,2,199.0
2140,SYN000336,f2,1,49.0
2141,SYN000336,b2,2,249.0
2142,SYN000337,v5,2,149.0
2143,SYN000337,b2,2,249.0
2144,SYN000337,b1,1,199.0
2145,SYN000337,v4,1,39.0
2146,SYN000338,f2,2,49.0
2147,SYN000338,b5,3,299.0
2148,SYN000339,f4,3,199.0
2149,SYN000339,f3,1,149.0
2150,SYN000339,d5,1,249.0
2151,SYN000340,b5,3,299.0
2152,SYN000340,f6,1,179.0
2153,SYN000340,b4,1,599.0
2154,SYN000340,f4,2,199.0
2155,SYN000341,f1,3,249.0
2156,SYN000341,b2,2,249.0
2157,SYN000341,f2,1,49.0
2158,SYN000342,b5,1,299.0
2159,SYN000342,b2,2,249.0
2160,SYN000342,bv2,3,249.0
2161,SYN000342,f5,1,99.0
2162,SYN000343,f6,2,179.0
2163,SYN000343,f5,2,99.0
2164,SYN000343,b3,3,199.0
2165,SYN000344,b2,1,249.0
2166,SYN000344,b4,1,599.0
2167,SYN000345,f5,3,99.0
2168,SYN000345,f6,1,179.0
2169,SYN000345,b2,3,249.0
2170,SYN000346,f1,2,249.0
2171,SYN000346,f6,1,179.0
2172,SYN000346,f3,2,149.0
2173,SYN000346,b4,3,599.0
2174,SYN000347,f2,2,49.0
2175,SYN000347,d1,2,69.0
2176,SYN000347,b3,3,199.0
2177,SYN000348,f1,2,249.0
2178,SYN000348,b5,3,299.0
2179,SYN000348,d5,1,249.0
2180,SYN000348,b4,3,599.0
2181,SYN000349,f3,1,149.0
2182,SYN000349,s3,1,99.0
2183,SYN000350,b3,3,199.0
2184,SYN000350,b5,3,299.0
2185,SYN000350,f2,2,49.0
2186,SYN000351,f5,1,99.0
2187,SYN000351,b5,3,299.0
2188,SYN000352,b2,3,249.0
2189,SYN000352,f4,1,199.0
2190,SYN000353,b2,1,249.0
2191,SYN000353,b3,3,199.0
2192,SYN000353,b5,2,299.0
2193,SYN000353,v1,2,89.0
2194,SYN000354,f2,1,49.0
2195,SYN000354,v3,1,79.0
2196,SYN000355,v3,3,79.0
2197,SYN000355,f2,1,49.0
2198,SYN000355,f4,2,199.0
2199,SYN000355,b1,3,199.0
2200,SYN000356,b4,2,599.0
2201,SYN000356,b3,3,199.0
2202,SYN000356,s5,3,199.0
2203,SYN000356,v2,3,49.0
2204,SYN000357,b2,3,249.0
2205,SYN000357,f3,3,149.0
2206,SYN000357,b1,3,199.0
2207,SYN000358,d3,3,179.0
2208,SYN000358,b1,3,199.0
2209,SYN000358,f4,3,199.0
2210,SYN000359,f5,2,99.0
2211,SYN000359,b3,3,199.0
2212,SYN000360,b3,3,199.0
2213,SYN000360,f3,2,149.0
2214,SYN000360,f2,3,49.0
2215,SYN000360,f1,2,249.0
2216,SYN000361,b1,1,199.0
2217,SYN000361,b4,3,599.0
2218,SYN000361,s3,3,99.0
2219,SYN000361,b2,2,249.0
2220,SYN000362,f4,2,199.0
2221,SYN000362,v3,2,79.0
2222,SYN000363,f2,3,49.0
2223,SYN000363,f3,3,149.0
2224,SYN000363,s2,2,249.0
2225,SYN000364,s4,3,299.0
2226,SYN000364,v1,2,89.0
2227,SYN000364,b5,2,299.0
2228,SYN000364,bv1,1,149.0
2229,SYN000364,bv3,1,199.0
2230,SYN000364,b3,1,199.0
2231,SYN000364,b2,1,249.0
2232,SYN000365,f4,1,199.0
2233,SYN000365,b5,2,299.0
2234,SYN000365,s3,1,99.0
2235,SYN000365,s1,2,399.0
2236,SYN000365,s5,3,199.0
2237,SYN000365,d1,1,69.0
2238,SYN000365,v5,3,149.0
2239,SYN000365,d4,2,99.0
2240,SYN000365,s2,3,249.0
2241,SYN000365,v1,2,89.0
2242,SYN000365,v3,3,79.0
2243,SYN000366,d1,1,69.0
2244,SYN000366,b3,2,199.0
2245,SYN000366,s1,1,399.0
2246,SYN000366,b4,2,599.0
2247,SYN000366,bv3,1,199.0
2248,SYN000366,f1,2,249.0
2249,SYN000366,s5,3,199.0
2250,SYN000366,d5,1,249.0
2251,SYN000366,d2,3,249.0
2252,SYN000366,v3,2,79.0
2253,SYN000367,d1,2,69.0
2254,SYN000367,s4,2,299.0
2255,SYN000367,f3,1,149.0
2256,SYN000367,v4,2,39.0
2257,SYN000367,b1,1,199.0
2258,SYN000367,s5,3,199.0
2259,SYN000367,bv2,3,249.0
2260,SYN000367,f5,1,99.0
2261,SYN000368,f3,3,149.0
2262,SYN000368,d2,3,249.0
2263,SYN000368,s1,1,399.0
2264,SYN000368,f4,2,199.0
2265,SYN000368,b3,3,199.0
2266,SYN000368,v3,1,79.0
2267,SYN000368,v2,1,49.0
2268,SYN000368,f5,3,99.0
2269,SYN000368,v4,3,39.0
2270,SYN000368,b4,3,599.0
2271,SYN000368,bv2,3,249.0
2272,SYN000369,v6,1,29.0
2273,SYN000369,b2,3,249.0
2274,SYN000369,bv4,1,349.0
2275,SYN000369,f2,2,49.0
2276,SYN000369,d3,3,179.0
2277,SYN000369,f4,1,199.0
2278,SYN000369,d1,3,69.0
2279,SYN000369,f3,2,149.0
2280,SYN000369,d5,3,249.0
2281,SYN000369,b1,2,199.0
2282,SYN000370,bv4,3,349.0
2283,SYN000370,f6,2,179.0
2284,SYN000370,f3,2,149.0
2285,SYN000370,d2,1,249.0
2286,SYN000370,v4,2,39.0
2287,SYN000370,v3,3,79.0
2288,SYN000370,d5,3,249.0
2289,SYN000370,f4,3,199.0
2290,SYN000370,bv1,3,149.0
2291,SYN000370,d3,1,179.0
2292,SYN000370,b5,3,299.0
2293,SYN000371,d5,3,249.0
2294,SYN000371,bv3,1,199.0
2295,SYN000371,s5,1,199.0
2296,SYN000371,v1,2,89.0
2297,SYN000371,b1,1,199.0
2298,SYN000371,v3,2,79.0
2299,SYN000371,b2,2,249.0
2300,SYN000371,s1,2,399.0
2301,SYN000371,f4,1,199.0
2302,SYN000371,v2,1,49.0
2303,SYN000371,d1,2,69.0
2304,SYN000371,f3,3,149.0
2305,SYN000372,f5,2,99.0
2306,SYN000372,f4,2,199.0
2307,SYN000372,bv2,3,249.0
2308,SYN000372,f1,2,249.0
2309,SYN000372,s2,1,249.0
2310,SYN000372,d4,3,99.0
2311,SYN000372,d3,3,179.0
2312,SYN000372,s4,1,299.0
2313,SYN000372,d1,3,69.0
2314,SYN000372,bv4,2,349.0
2315,SYN000372,d2,1,249.0
2316,SYN000373,bv1,2,149.0
2317,SYN000373,d3,3,179.0
2318,SYN000373,s4,2,299.0
2319,SYN000373,f1,2,249.0
2320,SYN000373,s2,2,249.0
2321,SYN000373,v1,1,89.0
2322,SYN000373,v4,2,39.0
2323,SYN000373,v2,2,49.0
2324,SYN000373,f2,1,49.0
2325,SYN000373,bv2,1,249.0
2326,SYN000374,f6,3,179.0
2327,SYN000374,f3,1,149.0
2328,SYN000374,v1,3,89.0
2329,SYN000374,b3,2,199.0
2330,SYN000374,d2,3,249.0
2331,SYN000374,v6,3,29.0
2332,SYN000374,d5,2,249.0
2333,SYN000374,b2,2,249.0
2334,SYN000375,b1,3,199.0
2335,SYN000375,bv1,1,149.0
2336,SYN000375,d1,3,69.0
2337,SYN000375,f1,1,249.0
2338,SYN000375,d4,2,99.0
2339,SYN000375,b4,2,599.0
2340,SYN000375,b5,1,299.0
2341,SYN000376,d4,1,99.0
2342,SYN000376,b1,2,199.0
2343,SYN000376,b2,2,249.0
2344,SYN000376,v2,3,49.0
2345,SYN000376,d5,2,249.0
2346,SYN000376,bv4,2,349.0
2347,SYN000376,f3,1,149.0
2348,SYN000376,b3,2,199.0
2349,SYN000376,bv3,1,199.0
2350,SYN000376,v4,2,39.0
2351,SYN000376,s5,1,199.0
2352,SYN000377,s5,3,199.0
2353,SYN000377,f5,1,99.0
2354,SYN000377,v2,1,49.0
2355,SYN000377,v1,1,89.0
2356,SYN000377,s2,2,249.0
2357,SYN000377,d5,3,249.0
2358,SYN000377,f2,2,49.0
2359,SYN000377,v3,3,79.0
2360,SYN000377,b5,2,299.0
2361,SYN000377,bv4,2,349.0
2362,SYN000378,v3,3,79.0
2363,SYN000378,d4,1,99.0
2364,SYN000378,v5,1,149.0
2365,SYN000378,b1,3,199.0
2366,SYN000378,v4,1,39.0
2367,SYN000378,f1,1,249.0
2368,SYN000378,s3,3,99.0
2369,SYN000379,v5,1,149.0
2370,SYN000379,f3,2,149.0
2371,SYN000379,f6,3,179.0
2372,SYN000379,s3,3,99.0
2373,SYN000379,s5,3,199.0
2374,SYN000379,bv4,1,349.0
2375,SYN000379,f1,2,249.0
2376,SYN000379,v6,1,29.0
2377,SYN000379,v3,1,79.0
2378,SYN000379,b4,1,599.0
2379,SYN000379,v2,1,49.0
2380,SYN000380,s2,3,249.0
2381,SYN000380,d5,1,249.0
2382,SYN000380,d4,3,99.0
2383,SYN000380,d1,2,69.0
2384,SYN000380,f6,2,179.0
2385,SYN000380,f5,3,99.0
2386,SYN000380,v6,1,29.0
2387,SYN000380,v1,3,89.0
2388,SYN000381,f2,3,49.0
2389,SYN000381,b1,3,199.0
2390,SYN000381,f1,2,249.0
2391,SYN000381,v6,2,29.0
2392,SYN000381,v1,1,89.0
2393,SYN000381,v5,1,149.0
2394,SYN000381,s1,2,399.0
2395,SYN000382,b5,2,299.0
2396,SYN000382,f3,2,149.0
2397,SYN000382,v1,1,89.0
2398,SYN000382,v2,1,49.0
2399,SYN000382,s3,3,99.0
2400,SYN000382,bv2,1,249.0
2401,SYN000382,bv4,2,349.0
2402,SYN000382,s5,1,199.0
2403,SYN000382,bv1,1,149.0
2404,SYN000382,b4,3,599.0
2405,SYN000383,v5,3,149.0
2406,SYN000383,d1,1,69.0
2407,SYN000383,s5,3,199.0
2408,SYN000383,bv3,3,199.0
2409,SYN000383,bv2,2,249.0
2410,SYN000383,b4,1,599.0
2411,SYN000383,v1,2,89.0
2412,SYN000384,s2,2,249.0
2413,SYN000384,f2,3,49.0
2414,SYN000384,b5,2,299.0
2415,SYN000384,bv2,3,249.0
2416,SYN000384,b1,2,199.0
2417,SYN000384,d3,2,179.0
2418,SYN000385,s4,3,299.0
2419,SYN000385,b5,1,299.0
2420,SYN000385,s2,1,249.0
2421,SYN000385,b1,3,199.0
2422,SYN000385,b2,3,249.0
2423,SYN000385,b4,3,599.0
2424,SYN000385,v1,2,89.0
2425,SYN000385,b3,2,199.0
2426,SYN000385,bv2,1,249.0
2427,SYN000385,d3,2,179.0
2428,SYN000385,d5,2,249.0
2429,SYN000385,f5,1,99.0
2430,SYN000386,bv4,1,349.0
2431,SYN000386,bv1,3,149.0
2432,SYN000386,f2,1,49.0
2433,SYN000386,b2,2,249.0
2434,SYN000386,f1,1,249.0
2435,SYN000386,v5,3,149.0
2436,SYN000386,d3,1,179.0
2437,SYN000386,s2,1,249.0
2438,SYN000386,s5,2,199.0
2439,SYN000386,f6,1,179.0
2440,SYN000386,d2,1,249.0
2441,SYN000387,v2,1,49.0
2442,SYN000387,s5,1,199.0
2443,SYN000387,v6,3,29.0
2444,SYN000387,s3,2,99.0
2445,SYN000387,bv4,1,349.0
2446,SYN000387,s2,3,249.0
2447,SYN000387,s4,2,299.0
2448,SYN000387,bv1,2,149.0
2449,SYN000387,v1,1,89.0
2450,SYN000388,b5,3,299.0
2451,SYN000388,d5,1,249.0
2452,SYN000388,d2,2,249.0
2453,SYN000388,b2,2,249.0
2454,SYN000388,f4,3,199.0
2455,SYN000388,bv4,3,349.0
2456,SYN000388,b1,2,199.0
2457,SYN000388,v3,3,79.0
2458,SYN000388,bv1,1,149.0
2459,SYN000388,d3,1,179.0
2460,SYN000388,f6,2,179.0
2461,SYN000389,d2,1,249.0
2462,SYN000389,b3,1,199.0
2463,SYN000389,s5,1,199.0
2464,SYN000389,b5,3,299.0
2465,SYN000389,bv1,1,149.0
2466,SYN000389,f2,2,49.0
2467,SYN000390,d2,3,249.0
2468,SYN000390,b1,1,199.0
2469,SYN000390,v2,1,49.0
2470,SYN000390,s4,3,299.0
2471,SYN000390,d4,2,99.0
2472,SYN000390,v3,1,79.0
2473,SYN000390,f4,3,199.0
2474,SYN000390,s5,3,199.0
2475,SYN000391,d3,2,179.0
2476,SYN000391,bv3,2,199.0
2477,SYN000391,f4,1,199.0
2478,SYN000391,s4,2,299.0
2479,SYN000391,b3,3,199.0
2480,SYN000391,b2,2,249.0
2481,SYN000391,s5,3,199.0
2482,SYN000391,b5,2,299.0
2483,SYN000391,f5,2,99.0
2484,SYN000391,f1,2,249.0
2485,SYN000391,v1,1,89.0
2486,SYN000392,b1,2,199.0
2487,SYN000392,s4,1,299.0
2488,SYN000392,f4,1,199.0
2489,SYN000392,f3,3,149.0
2490,SYN000392,b5,1,299.0
2491,SYN000392,f6,2,179.0
2492,SYN000392,d2,1,249.0
2493,SYN000392,b4,2,599.0
2494,SYN000392,d4,3,99.0
2495,SYN000392,d3,2,179.0
2496,SYN000393,b3,2,199.0
2497,SYN000393,d5,3,249.0
2498,SYN000393,f1,2,249.0
2499,SYN000393,d3,2,179.0
2500,SYN000393,d4,2,99.0
2501,SYN000393,f4,2,199.0
2502,SYN000393,b1,3,199.0
2503,SYN000393,b4,3,599.0
2504,SYN000393,s2,3,249.0
2505,SYN000393,f2,1,49.0
2506,SYN000393,bv4,1,349.0
2507,SYN000393,bv2,2,249.0
2508,SYN000394,b1,3,199.0
2509,SYN000394,f2,1,49.0
2510,SYN000394,d3,2,179.0
2511,SYN000394,v1,2,89.0
2512,SYN000394,v6,2,29.0
2513,SYN000394,b3,3,199.0
2514,SYN000394,f4,1,199.0
2515,SYN000394,d4,2,99.0
2516,SYN000395,f4,3,199.0
2517,SYN000395,b1,2,199.0
2518,SYN000395,d3,3,179.0
2519,SYN000395,bv4,3,349.0
2520,SYN000395,d1,3,69.0
2521,SYN000395,v6,1,29.0
2522,SYN000395,b5,1,299.0
2523,SYN000395,s1,3,399.0
2524,SYN000396,s3,1,99.0
2525,SYN000396,s5,1,199.0
2526,SYN000396,v6,3,29.0
2527,SYN000396,bv1,3,149.0
2528,SYN000396,v1,1,89.0
2529,SYN000396,b5,2,299.0
2530,SYN000396,v5,1,149.0
2531,SYN000396,b2,3,249.0
2532,SYN000396,v4,3,39.0
2533,SYN000396,f4,1,199.0
2534,SYN000396,f2,1,49.0
2535,SYN000396,v2,2,49.0
2536,SYN000397,d5,3,249.0
2537,SYN000397,bv3,1,199.0
2538,SYN000397,f1,3,249.0
2539,SYN000397,v2,2,49.0
2540,SYN000397,f4,2,199.0
2541,SYN000397,s2,3,249.0
2542,SYN000397,d2,1,249.0
2543,SYN000397,s1,1,399.0
2544,SYN000398,d1,3,69.0
2545,SYN000398,v2,2,49.0
2546,SYN000398,bv4,3,349.0
2547,SYN000398,v5,1,149.0
2548,SYN000398,f6,1,179.0
2549,SYN000398,v6,3,29.0
2550,SYN000398,bv2,1,249.0
2551,SYN000398,s4,1,299.0
2552,SYN000398,bv1,3,149.0
2553,SYN000399,f3,1,149.0
2554,SYN000399,s4,3,299.0
2555,SYN000399,b4,1,599.0
2556,SYN000399,b2,1,249.0
2557,SYN000399,d2,2,249.0
2558,SYN000399,f5,2,99.0
2559,SYN000399,s5,1,199.0
2560,SYN000399,b3,1,199.0
2561,SYN000399,bv4,2,349.0
2562,SYN000400,f3,2,149.0
2563,SYN000400,bv2,1,249.0
2564,SYN000400,v6,3,29.0
2565,SYN000400,s3,1,99.0
2566,SYN000400,d1,3,69.0
2567,SYN000400,d5,1,249.0
2568,SYN000400,f4,2,199.0
2569,SYN000400,b2,3,249.0
2570,SYN000401,v6,1,29.0
2571,SYN000401,bv2,1,249.0
2572,SYN000401,s4,1,299.0
2573,SYN000401,v2,2,49.0
2574,SYN000401,d4,2,99.0
2575,SYN000401,f2,3,49.0
2576,SYN000402,d3,3,179.0
2577,SYN000402,v1,1,89.0
2578,SYN000402,f6,2,179.0
2579,SYN000402,s5,3,199.0
2580,SYN000402,b5,2,299.0
2581,SYN000402,s1,2,399.0
2582,SYN000402,v3,3,79.0
2583,SYN000403,v6,2,29.0
2584,SYN000403,b2,3,249.0
2585,SYN000403,f4,1,199.0
2586,SYN000403,v4,2,39.0
2587,SYN000403,f1,2,249.0
2588,SYN000403,b3,2,199.0
2589,SYN000404,f1,2,249.0
2590,SYN000404,bv3,1,199.0
2591,SYN000404,bv4,2,349.0
2592,SYN000404,f6,2,179.0
2593,SYN000404,f4,3,199.0
2594,SYN000404,s1,2,399.0
2595,SYN000404,v6,3,29.0
2596,SYN000404,d2,3,249.0
2597,SYN000404,s3,1,99.0
2598,SYN000404,v1,2,89.0
2599,SYN000405,v5,3,149.0
2600,SYN000405,d4,1,99.0
2601,SYN000405,f5,1,99.0
2602,SYN000405,v3,2,79.0
2603,SYN000405,bv3,3,199.0
2604,SYN000405,s2,2,249.0
2605,SYN000405,v2,2,49.0
2606,SYN000405,d3,2,179.0
2607,SYN000405,s3,3,99.0
2608,SYN000405,f3,3,149.0
2609,SYN000405,s4,3,299.0
2610,SYN000405,v1,2,89.0
2611,SYN000406,bv2,3,249.0
2612,SYN000406,b3,3,199.0
2613,SYN000406,s1,1,399.0
2614,SYN000406,f1,2,249.0
2615,SYN000406,f6,1,179.0
2616,SYN000406,s5,2,199.0
2617,SYN000406,v3,3,79.0
2618,SYN000406,v1,3,89.0
2619,SYN000406,s4,1,299.0
2620,SYN000407,bv2,2,249.0
2621,SYN000407,d2,1,249.0
2622,SYN000407,s4,3,299.0
2623,SYN000407,v4,3,39.0
2624,SYN000407,f2,3,49.0
2625,SYN000407,b5,3,299.0
2626,SYN000407,f3,3,149.0
2627,SYN000407,f4,3,199.0
2628,SYN000407,v5,1,149.0
2629,SYN000407,f5,3,99.0
2630,SYN000408,s1,2,399.0
2631,SYN000408,d4,2,99.0
2632,SYN000408,f4,2,199.0
2633,SYN000408,v4,1,39.0
2634,SYN000408,d2,2,249.0
2635,SYN000408,f1,1,249.0
2636,SYN000408,v6,3,29.0
2637,SYN000408,s4,3,299.0
2638,SYN000408,b3,3,199.0
2639,SYN000408,s2,1,249.0
2640,SYN000409,s4,2,299.0
2641,SYN000409,v6,1,29.0
2642,SYN000409,v2,3,49.0
2643,SYN000409,s5,3,199.0
2644,SYN000409,b2,2,249.0
2645,SYN000409,d5,3,249.0
2646,SYN000409,d3,3,179.0
2647,SYN000409,f5,2,99.0
2648,SYN000409,s3,3,99.0
2649,SYN000409,f6,2,179.0
2650,SYN000409,bv4,1,349.0
2651,SYN000409,d4,3,99.0
2652,SYN000410,f6,3,179.0
2653,SYN000410,f4,1,199.0
2654,SYN000410,v6,1,29.0
2655,SYN000410,bv3,1,199.0
2656,SYN000410,bv2,2,249.0
2657,SYN000410,f3,2,149.0
2658,SYN000410,v4,1,39.0
2659,SYN000410,s1,1,399.0
2660,SYN000410,b2,3,249.0
2661,SYN000410,bv4,3,349.0
2662,SYN000410,d2,1,249.0
2663,SYN000411,bv1,3,149.0
2664,SYN000411,bv3,1,199.0
2665,SYN000411,d5,2,249.0
2666,SYN000411,f3,1,149.0
2667,SYN000411,v1,1,89.0
2668,SYN000411,bv2,1,249.0
2669,SYN000411,bv4,2,349.0
2670,SYN000411,s4,3,299.0
2671,SYN000411,b2,3,249.0
2672,SYN000411,v3,1,79.0
2673,SYN000412,d1,1,69.0
2674,SYN000412,v1,1,89.0
2675,SYN000412,v5,1,149.0
2676,SYN000412,f2,2,49.0
2677,SYN000412,v6,1,29.0
2678,SYN000412,bv1,2,149.0
2679,SYN000412,s3,3,99.0
2680,SYN000412,d3,2,179.0
2681,SYN000413,d4,3,99.0
2682,SYN000413,b2,3,249.0
2683,SYN000413,f4,3,199.0
2684,SYN000413,bv4,2,349.0
2685,SYN000413,s4,1,299.0
2686,SYN000413,f6,3,179.0
2687,SYN000413,f3,2,149.0
2688,SYN000413,b1,3,199.0
2689,SYN000413,s1,2,399.0
2690,SYN000414,bv2,2,249.0
2691,SYN000414,v5,2,149.0
2692,SYN000414,s4,2,299.0
2693,SYN000414,f3,1,149.0
2694,SYN000414,v6,1,29.0
2695,SYN000414,bv3,2,199.0
2696,SYN000414,d1,1,69.0
2697,SYN000415,f6,3,179.0
2698,SYN000415,v6,1,29.0
2699,SYN000415,v3,3,79.0
2700,SYN000415,f1,3,249.0
2701,SYN000415,v2,2,49.0
2702,SYN000415,d1,1,69.0
2703,SYN000415,v1,2,89.0
2704,SYN000415,f5,3,99.0
2705,SYN000415,s1,1,399.0
2706,SYN000416,d2,3,249.0
2707,SYN000416,f4,2,199.0
2708,SYN000416,b1,1,199.0
2709,SYN000416,v5,2,149.0
2710,SYN000416,f1,2,249.0
2711,SYN000416,v4,1,39.0
2712,SYN000416,d1,3,69.0
2713,SYN000416,v2,2,49.0
2714,SYN000416,bv1,3,149.0
2715,SYN000417,f1,2,249.0
2716,SYN000417,d2,2,249.0
2717,SYN000417,d1,2,69.0
2718,SYN000417,bv3,2,199.0
2719,SYN000417,f3,3,149.0
2720,SYN000417,s2,1,249.0
2721,SYN000417,d3,2,179.0
2722,SYN000417,s1,2,399.0
2723,SYN000417,b1,1,199.0
2724,SYN000417,s4,1,299.0
2725,SYN000417,f6,2,179.0
2726,SYN000417,s3,2,99.0
2727,SYN000418,v5,3,149.0
2728,SYN000418,bv4,1,349.0
2729,SYN000418,b2,3,249.0
2730,SYN000418,b1,1,199.0
2731,SYN000418,b3,2,199.0
2732,SYN000418,f5,2,99.0
2733,SYN000418,d3,3,179.0
2734,SYN000418,d2,1,249.0
2735,SYN000418,s1,1,399.0
2736,SYN000418,f4,2,199.0
2737,SYN000418,v6,3,29.0
2738,SYN000419,s2,1,249.0
2739,SYN000419,s1,1,399.0
2740,SYN000419,b3,3,199.0
2741,SYN000419,b2,1,249.0
2742,SYN000419,v5,3,149.0
2743,SYN000419,f5,1,99.0
2744,SYN000419,v2,2,49.0
2745,SYN000419,f3,1,149.0
2746,SYN000420,b1,1,199.0
2747,SYN000420,d1,3,69.0
2748,SYN000420,f5,1,99.0
2749,SYN000420,f3,3,149.0
2750,SYN000420,s4,1,299.0
2751,SYN000420,bv3,3,199.0
2752,SYN000420,v1,2,89.0
2753,SYN000420,f6,1,179.0
2754,SYN000420,f1,2,249.0
2755,SYN000420,d3,2,179.0
2756,SYN000420,f4,1,199.0
2757,SYN000421,v4,1,39.0
2758,SYN000421,s1,3,399.0
2759,SYN000421,f1,3,249.0
2760,SYN000421,bv3,3,199.0
2761,SYN000421,s4,1,299.0
2762,SYN000421,b3,1,199.0
2763,SYN000421,v3,1,79.0
2764,SYN000421,v2,2,49.0
2765,SYN000421,b1,1,199.0
2766,SYN000421,b4,2,599.0
2767,SYN000421,d4,1,99.0
2768,SYN000422,d2,2,249.0
2769,SYN000422,f6,3,179.0
2770,SYN000422,bv1,1,149.0
2771,SYN000422,s2,2,249.0
2772,SYN000422,b4,1,599.0
2773,SYN000422,f5,2,99.0
2774,SYN000422,v4,2,39.0
2775,SYN000422,v3,3,79.0
2776,SYN000422,v6,3,29.0
2777,SYN000423,v4,1,39.0
2778,SYN000423,d2,3,249.0
2779,SYN000423,v2,1,49.0
2780,SYN000423,bv2,1,249.0
2781,SYN000423,v1,2,89.0
2782,SYN000423,bv3,3,199.0
2783,SYN000423,f1,3,249.0
2784,SYN000423,v6,1,29.0
2785,SYN000423,d4,2,99.0
2786,SYN000424,v4,2,39.0
2787,SYN000424,bv1,2,149.0
2788,SYN000424,s1,1,399.0
2789,SYN000424,v6,1,29.0
2790,SYN000424,b4,1,599.0
2791,SYN000424,b1,2,199.0
2792,SYN000424,v3,1,79.0
2793,SYN000424,f6,3,179.0
2794,SYN000425,b1,2,199.0
2795,SYN000425,f2,1,49.0
2796,SYN000425,f6,3,179.0
2797,SYN000425,v5,1,149.0
2798,SYN000425,d3,2,179.0
2799,SYN000425,d1,2,69.0
2800,SYN000425,f4,3,199.0
2801,SYN000425,s3,1,99.0
2802,SYN000425,v2,1,49.0
2803,SYN000425,d4,2,99.0
2804,SYN000426,d2,2,249.0
2805,SYN000426,bv1,1,149.0
2806,SYN000426,b1,3,199.0
2807,SYN000426,s2,3,249.0
2808,SYN000426,v6,2,29.0
2809,SYN000426,b4,2,599.0
2810,SYN000426,bv2,3,249.0
2811,SYN000426,v3,3,79.0
2812,SYN000427,bv1,2,149.0
2813,SYN000427,s3,2,99.0
2814,SYN000427,s2,3,249.0
2815,SYN000427,f5,2,99.0
2816,SYN000427,d2,1,249.0
2817,SYN000427,b4,1,599.0
2818,SYN000427,v6,3,29.0
2819,SYN000427,f6,3,179.0
2820,SYN000427,b2,2,249.0
2821,SYN000427,f3,3,149.0
2822,SYN000428,b4,1,599.0
2823,SYN000428,bv3,2,199.0
2824,SYN000428,s4,1,299.0
2825,SYN000428,v3,3,79.0
2826,SYN000428,b1,2,199.0
2827,SYN000428,d1,3,69.0
2828,SYN000428,b2,3,249.0
2829,SYN000428,bv4,3,349.0
2830,SYN000428,s2,2,249.0
2831,SYN000428,bv1,2,149.0
2832,SYN000428,s1,2,399.0
2833,SYN000429,f4,1,199.0
2834,SYN000429,b3,2,199.0
2835,SYN000429,v1,1,89.0
2836,SYN000429,s4,2,299.0
2837,SYN000429,bv1,1,149.0
2838,SYN000429,s2,1,249.0
2839,SYN000429,bv3,1,199.0
2840,SYN000429,bv4,2,349.0
2841,SYN000429,f1,2,249.0
2842,SYN000429,s1,2,399.0
2843,SYN000429,f6,1,179.0
2844,SYN000430,bv2,1,249.0
2845,SYN000430,f1,2,249.0
2846,SYN000430,d3,3,179.0
2847,SYN000430,f3,2,149.0
2848,SYN000430,v5,2,149.0
2849,SYN000430,bv1,3,149.0
2850,SYN000430,v6,2,29.0
2851,SYN000430,bv3,1,199.0
2852,SYN000430,s5,2,199.0
2853,SYN000430,v3,2,79.0
2854,SYN000430,v2,3,49.0
2855,SYN000431,v2,2,49.0
2856,SYN000431,s2,3,249.0
2857,SYN000431,b5,3,299.0
2858,SYN000431,v4,2,39.0
2859,SYN000431,v6,2,29.0
2860,SYN000431,f2,3,49.0
2861,SYN000431,s4,1,299.0
2862,SYN000432,bv1,3,149.0
2863,SYN000432,v1,3,89.0
2864,SYN000432,d5,3,249.0
2865,SYN000432,s2,1,249.0
2866,SYN000432,d4,2,99.0
2867,SYN000432,bv3,1,199.0
2868,SYN000432,b3,2,199.0
2869,SYN000432,b2,1,249.0
2870,SYN000432,s5,3,199.0
2871,SYN000433,bv1,2,149.0
2872,SYN000433,s1,2,399.0
2873,SYN000433,d5,1,249.0
2874,SYN000433,v2,1,49.0
2875,SYN000433,d2,2,249.0
2876,SYN000433,f2,2,49.0
2877,SYN000433,v3,1,79.0
2878,SYN000433,d4,2,99.0
2879,SYN000433,s4,2,299.0
2880,SYN000433,s2,2,249.0
2881,SYN000434,s3,3,99.0
2882,SYN000434,v4,1,39.0
2883,SYN000434,s5,2,199.0
2884,SYN000434,d3,1,179.0
2885,SYN000434,b4,2,599.0
2886,SYN000434,v1,2,89.0
2887,SYN000434,bv3,3,199.0
2888,SYN000434,f2,2,49.0
2889,SYN000434,f6,3,179.0
2890,SYN000434,s1,2,399.0
2891,SYN000435,b1,3,199.0
2892,SYN000435,bv1,2,149.0
2893,SYN000435,b5,1,299.0
2894,SYN000435,f4,1,199.0
2895,SYN000435,v1,2,89.0
2896,SYN000435,bv2,2,249.0
2897,SYN000435,v6,2,29.0
2898,SYN000435,s1,2,399.0
2899,SYN000435,v4,3,39.0
2900,SYN000435,bv4,2,349.0
2901,SYN000435,bv3,3,199.0
2902,SYN000436,v6,2,29.0
2903,SYN000436,d4,1,99.0
2904,SYN000436,b4,1,599.0
2905,SYN000436,f5,3,99.0
2906,SYN000436,s3,2,99.0
2907,SYN000436,bv4,1,349.0
2908,SYN000436,s5,3,199.0
2909,SYN000436,v1,3,89.0
2910,SYN000436,d5,3,249.0
2911,SYN000436,v4,1,39.0
2912,SYN000437,d2,2,249.0
2913,SYN000437,f2,2,49.0
2914,SYN000437,s5,3,199.0
2915,SYN000437,f5,2,99.0
2916,SYN000437,b1,3,199.0
2917,SYN000437,s2,1,249.0
2918,SYN000437,bv1,2,149.0
2919,SYN000437,bv2,1,249.0
2920,SYN000437,s1,1,399.0
2921,SYN000437,b4,2,599.0
2922,SYN000437,s3,2,99.0
2923,SYN000438,f6,3,179.0
2924,SYN000438,b2,2,249.0
2925,SYN000438,f4,2,199.0
2926,SYN000438,v5,2,149.0
2927,SYN000438,v2,3,49.0
2928,SYN000438,d3,3,179.0
2929,SYN000438,d2,1,249.0
2930,SYN000438,f2,3,49.0
2931,SYN000438,f5,3,99.0
2932,SYN000438,b3,2,199.0
2933,SYN000438,d1,1,69.0
2934,SYN000439,v1,1,89.0
2935,SYN000439,s5,3,199.0
2936,SYN000439,s2,3,249.0
2937,SYN000439,b1,3,199.0
2938,SYN000439,v2,3,49.0
2939,SYN000439,bv1,3,149.0
2940,SYN000439,f1,1,249.0
2941,SYN000439,v3,1,79.0
2942,SYN000439,f5,3,99.0
2943,SYN000439,f4,1,199.0
2944,SYN000440,v5,2,149.0
2945,SYN000440,v3,3,79.0
2946,SYN000440,b4,3,599.0
2947,SYN000440,b2,1,249.0
2948,SYN000440,bv4,1,349.0
2949,SYN000440,d1,3,69.0
2950,SYN000440,bv1,2,149.0
2951,SYN000440,s1,2,399.0
2952,SYN000440,v1,2,89.0
2953,SYN000440,v2,2,49.0
2954,SYN000441,d5,1,249.0
2955,SYN000441,f5,3,99.0
2956,SYN000441,b1,1,199.0
2957,SYN000441,v6,2,29.0
2958,SYN000441,d4,3,99.0
2959,SYN000441,v3,2,79.0
2960,SYN000441,b3,2,199.0
2961,SYN000441,v5,1,149.0
2962,SYN000441,bv1,3,149.0
2963,SYN000442,b5,2,299.0
2964,SYN000442,s1,2,399.0
2965,SYN000442,s2,3,249.0
2966,SYN000442,v5,2,149.0
2967,SYN000442,v4,1,39.0
2968,SYN000442,s3,3,99.0
2969,SYN000442,b2,1,249.0
2970,SYN000442,bv2,3,249.0
2971,SYN000442,f3,1,149.0
2972,SYN000442,bv1,2,149.0
2973,SYN000442,b1,1,199.0
2974,SYN000443,b1,2,199.0
2975,SYN000443,f2,3,49.0
2976,SYN000443,v2,3,49.0
2977,SYN000443,v5,3,149.0
2978,SYN000443,f4,2,199.0
2979,SYN000443,v1,1,89.0
2980,SYN000443,bv1,1,149.0
2981,SYN000443,bv2,3,249.0
2982,SYN000443,v6,3,29.0
2983,SYN000443,d1,1,69.0
2984,SYN000444,bv4,3,349.0
2985,SYN000444,v2,2,49.0
2986,SYN000444,v3,3,79.0
2987,SYN000444,b1,3,199.0
2988,SYN000444,v6,3,29.0
2989,SYN000444,s2,2,249.0
2990,SYN000444,v4,3,39.0
2991,SYN000444,bv1,2,149.0
2992,SYN000445,b4,3,599.0
2993,SYN000445,b5,2,299.0
2994,SYN000445,d3,3,179.0
2995,SYN000445,v2,3,49.0
2996,SYN000445,f4,1,199.0
2997,SYN000445,f1,1,249.0
2998,SYN000445,d1,2,69.0
2999,SYN000445,bv2,1,249.0
3000,SYN000445,v1,3,89.0
3001,SYN000445,s3,2,99.0
3002,SYN000446,f3,3,149.0
3003,SYN000446,bv3,1,199.0
3004,SYN000446,b3,3,199.0
3005,SYN000446,d5,3,249.0
3006,SYN000446,d1,1,69.0
3007,SYN000446,v5,3,149.0
3008,SYN000446,b2,1,249.0
3009,SYN000446,d2,1,249.0
3010,SYN000446,s1,3,399.0
3011,SYN000446,s5,2,199.0
3012,SYN000446,f6,1,179.0
3013,SYN000447,b1,1,199.0
3014,SYN000447,f4,3,199.0
3015,SYN000447,f1,3,249.0
3016,SYN000447,d2,3,249.0
3017,SYN000447,s2,2,249.0
3018,SYN000447,v4,3,39.0
3019,SYN000447,bv4,1,349.0
3020,SYN000447,f2,1,49.0
3021,SYN000447,bv1,1,149.0
3022,SYN000447,bv2,1,249.0
3023,SYN000448,b4,3,599.0
3024,SYN000448,d5,3,249.0
3025,SYN000448,f1,1,249.0
3026,SYN000448,s2,1,249.0
3027,SYN000448,v2,2,49.0
3028,SYN000448,bv2,1,249.0
3029,SYN000448,d1,1,69.0
3030,SYN000449,bv1,2,149.0
3031,SYN000449,d1,3,69.0
3032,SYN000449,f2,2,49.0
3033,SYN000449,bv2,1,249.0
3034,SYN000449,v5,1,149.0
3035,SYN000449,f4,2,199.0
3036,SYN000449,d2,3,249.0
3037,SYN000449,s3,2,99.0
3038,SYN000450,b5,1,299.0
3039,SYN000450,b4,3,599.0
3040,SYN000450,f4,3,199.0
3041,SYN000450,s5,2,199.0
3042,SYN000450,bv3,1,199.0
3043,SYN000450,b1,3,199.0
3044,SYN000450,f1,1,249.0
3045,SYN000450,d1,1,69.0
3046,SYN000450,d3,3,179.0
3047,SYN000451,bv4,3,349.0
3048,SYN000451,v1,1,89.0
3049,SYN000451,s3,3,99.0
3050,SYN000451,f5,1,99.0
3051,SYN000451,f6,1,179.0
3052,SYN000451,b2,2,249.0
3053,SYN000451,f2,1,49.0
3054,SYN000451,s2,1,249.0
3055,SYN000451,d3,2,179.0
3056,SYN000451,v3,1,79.0
3057,SYN000452,bv2,2,249.0
3058,SYN000452,v3,2,79.0
3059,SYN000452,bv4,1,349.0
3060,SYN000452,v6,3,29.0
3061,SYN000452,d5,3,249.0
3062,SYN000452,bv3,1,199.0
3063,SYN000452,f4,1,199.0
3064,SYN000452,f5,2,99.0
3065,SYN000452,d3,2,179.0
3066,SYN000452,f1,3,249.0
3067,SYN000452,v2,1,49.0
3068,SYN000453,s3,2,99.0
3069,SYN000453,v2,3,49.0
3070,SYN000453,bv1,3,149.0
3071,SYN000453,v5,3,149.0
3072,SYN000453,b3,2,199.0
3073,SYN000453,f6,1,179.0
3074,SYN000453,f3,1,149.0
3075,SYN000453,f5,2,99.0
3076,SYN000454,d3,2,179.0
3077,SYN000454,bv4,1,349.0
3078,SYN000454,d2,1,249.0
3079,SYN000454,v1,3,89.0
3080,SYN000454,s5,3,199.0
3081,SYN000454,f5,3,99.0
3082,SYN000455,d4,2,99.0
3083,SYN000455,s5,2,199.0
3084,SYN000455,b1,3,199.0
3085,SYN000455,f5,1,99.0
3086,SYN000455,b5,3,299.0
3087,SYN000455,v2,3,49.0
3088,SYN000455,d5,3,249.0
3089,SYN000455,bv2,2,249.0
3090,SYN000455,f1,3,249.0
3091,SYN000455,b4,3,599.0
3092,SYN000455,s1,1,399.0
3093,SYN000455,v6,2,29.0
3094,SYN000456,s5,3,199.0
3095,SYN000456,s2,2,249.0
3096,SYN000456,b5,3,299.0
3097,SYN000456,v6,1,29.0
3098,SYN000456,s1,2,399.0
3099,SYN000456,s3,2,99.0
3100,SYN000456,bv1,2,149.0
3101,SYN000456,f2,3,49.0
3102,SYN000456,v1,2,89.0
3103,SYN000456,bv4,2,349.0
3104,SYN000457,d2,1,249.0
3105,SYN000457,v3,2,79.0
3106,SYN000457,f5,3,99.0
3107,SYN000457,f4,3,199.0
3108,SYN000457,b1,2,199.0
3109,SYN000457,v6,3,29.0
3110,SYN000457,s3,3,99.0
3111,SYN000458,v3,2,79.0
3112,SYN000458,s3,1,99.0
3113,SYN000458,v6,3,29.0
3114,SYN000458,d4,1,99.0
3115,SYN000458,b2,1,249.0
3116,SYN000458,s4,2,299.0
3117,SYN000458,b1,1,199.0
3118,SYN000458,s5,3,199.0
3119,SYN000458,v4,3,39.0
3120,SYN000459,f3,1,149.0
3121,SYN000459,d5,2,249.0
3122,SYN000459,bv2,2,249.0
3123,SYN000459,f5,1,99.0
3124,SYN000459,v6,2,29.0
3125,SYN000459,d4,3,99.0
3126,SYN000459,b4,3,599.0
3127,SYN000460,d5,2,249.0
3128,SYN000460,b3,3,199.0
3129,SYN000460,f3,3,149.0
3130,SYN000460,b1,2,199.0
3131,SYN000460,d1,1,69.0
3132,SYN000460,s2,2,249.0
3133,SYN000460,bv2,3,249.0
3134,SYN000461,bv2,1,249.0
3135,SYN000461,f2,3,49.0
3136,SYN000461,s1,2,399.0
3137,SYN000461,s5,1,199.0
3138,SYN000461,f1,1,249.0
3139,SYN000461,f3,1,149.0
3140,SYN000461,b5,3,299.0
3141,SYN000461,v4,2,39.0
3142,SYN000462,v4,1,39.0
3143,SYN000462,f6,2,179.0
3144,SYN000462,v3,3,79.0
3145,SYN000462,s1,1,399.0
3146,SYN000462,v6,3,29.0
3147,SYN000462,f5,1,99.0
3148,SYN000462,bv1,1,149.0
3149,SYN000462,v5,3,149.0
3150,SYN000462,bv4,2,349.0
3151,SYN000463,b4,1,599.0
3152,SYN000463,v6,2,29.0
3153,SYN000463,d5,2,249.0
3154,SYN000463,d4,1,99.0
3155,SYN000463,v1,1,89.0
3156,SYN000463,b5,1,299.0
3157,SYN000463,v2,1,49.0
3158,SYN000463,bv3,1,199.0
3159,SYN000463,f5,2,99.0
3160,SYN000464,bv1,3,149.0
3161,SYN000464,s5,2,199.0
3162,SYN000464,v5,2,149.0
3163,SYN000464,s2,2,249.0
3164,SYN000464,f3,3,149.0
3165,SYN000464,bv4,2,349.0
3166,SYN000464,d1,2,69.0
3167,SYN000464,f1,1,249.0
3168,SYN000464,b1,1,199.0
3169,SYN000465,f2,1,49.0
3170,SYN000465,v4,1,39.0
3171,SYN000465,v5,1,149.0
3172,SYN000465,bv4,3,349.0
3173,SYN000465,d5,3,249.0
3174,SYN000465,v1,3,89.0
3175,SYN000465,d1,3,69.0
3176,SYN000466,bv3,3,199.0
3177,SYN000466,v3,2,79.0
3178,SYN000466,bv4,3,349.0
3179,SYN000466,b2,3,249.0
3180,SYN000466,v1,2,89.0
3181,SYN000466,f1,2,249.0
3182,SYN000466,v4,1,39.0
3183,SYN000466,s5,1,199.0
3184,SYN000466,bv2,1,249.0
3185,SYN000467,f4,3,199.0
3186,SYN000467,d5,1,249.0
3187,SYN000467,s1,2,399.0
3188,SYN000467,b1,1,199.0
3189,SYN000467,s4,2,299.0
3190,SYN000467,s5,2,199.0
3191,SYN000467,bv4,1,349.0
3192,SYN000468,b1,3,199.0
3193,SYN000468,s5,1,199.0
3194,SYN000468,s4,3,299.0
3195,SYN000468,s2,1,249.0
3196,SYN000468,b4,3,599.0
3197,SYN000468,bv1,2,149.0
3198,SYN000468,f4,1,199.0
3199,SYN000468,bv3,1,199.0
3200,SYN000468,d2,1,249.0
3201,SYN000468,v2,1,49.0
3202,SYN000469,s3,2,99.0
3203,SYN000469,d2,3,249.0
3204,SYN000469,f1,1,249.0
3205,SYN000469,f5,1,99.0
3206,SYN000469,d4,3,99.0
3207,SYN000469,b2,2,249.0
3208,SYN000469,f6,3,179.0
3209,SYN000469,d5,3,249.0
3210,SYN000469,s2,1,249.0
3211,SYN000469,b1,3,199.0
3212,SYN000470,f3,2,149.0
3213,SYN000470,s4,3,299.0
3214,SYN000470,b1,2,199.0
3215,SYN000470,bv4,3,349.0
3216,SYN000470,d2,3,249.0
3217,SYN000470,f2,3,49.0
3218,SYN000471,d3,1,179.0
3219,SYN000471,b4,3,599.0
3220,SYN000471,f2,2,49.0
3221,SYN000471,b2,2,249.0
3222,SYN000471,bv1,2,149.0
3223,SYN000471,v1,3,89.0
3224,SYN000472,b5,1,299.0
3225,SYN000472,bv1,3,149.0
3226,SYN000472,b3,1,199.0
3227,SYN000472,f3,1,149.0
3228,SYN000472,f1,2,249.0
3229,SYN000472,bv4,3,349.0
3230,SYN000472,b2,2,249.0
3231,SYN000472,d3,3,179.0
3232,SYN000472,bv3,1,199.0
3233,SYN000473,f3,1,149.0
3234,SYN000473,bv3,2,199.0
3235,SYN000473,b4,3,599.0
3236,SYN000473,v6,2,29.0
3237,SYN000473,b3,3,199.0
3238,SYN000473,f1,3,249.0
3239,SYN000473,bv4,2,349.0
3240,SYN000473,s3,2,99.0
3241,SYN000473,f5,2,99.0
3242,SYN000473,d5,2,249.0
3243,SYN000473,b2,2,249.0
3244,SYN000473,bv2,2,249.0
3245,SYN000474,b3,2,199.0
3246,SYN000474,b2,3,249.0
3247,SYN000474,f5,2,99.0
3248,SYN000474,bv4,2,349.0
3249,SYN000474,f1,3,249.0
3250,SYN000474,f4,3,199.0
3251,SYN000474,s4,1,299.0
3252,SYN000474,d4,3,99.0
3253,SYN000475,f2,3,49.0
3254,SYN000475,b4,1,599.0
3255,SYN000475,b5,3,299.0
3256,SYN000475,f1,1,249.0
3257,SYN000475,b3,2,199.0
3258,SYN000475,v1,3,89.0
3259,SYN000475,f5,3,99.0
3260,SYN000475,bv4,3,349.0
3261,SYN000475,s3,1,99.0
3262,SYN000475,bv2,1,249.0
3263,SYN000475,b2,3,249.0
3264,SYN000476,f2,3,49.0
3265,SYN000476,f4,1,199.0
3266,SYN000476,s3,3,99.0
3267,SYN000476,b2,2,249.0
3268,SYN000476,d2,1,249.0
3269,SYN000476,d4,1,99.0
3270,SYN000476,v2,2,49.0
3271,SYN000476,s2,1,249.0
3272,SYN000476,bv2,2,249.0
3273,SYN000477,d4,3,99.0
3274,SYN000477,v6,1,29.0
3275,SYN000477,b4,1,599.0
3276,SYN000477,b1,2,199.0
3277,SYN000477,f6,2,179.0
3278,SYN000477,v5,1,149.0
3279,SYN000477,s5,2,199.0
3280,SYN000477,s3,2,99.0
3281,SYN000477,d5,2,249.0
3282,SYN000477,f5,1,99.0
3283,SYN000477,bv1,1,149.0
3284,SYN000477,b3,1,199.0
3285,SYN000478,b3,1,199.0
3286,SYN000478,f1,1,249.0
3287,SYN000478,s1,1,399.0
3288,SYN000478,f4,2,199.0
3289,SYN000478,s2,3,249.0
3290,SYN000478,bv2,1,249.0
3291,SYN000479,b1,2,199.0
3292,SYN000479,d3,1,179.0
3293,SYN000479,s3,2,99.0
3294,SYN000479,d1,2,69.0
3295,SYN000479,bv3,1,199.0
3296,SYN000479,s4,1,299.0
3297,SYN000479,d5,3,249.0
3298,SYN000479,f3,1,149.0
3299,SYN000479,bv1,2,149.0
3300,SYN000479,v6,2,29.0
3301,SYN000480,v2,3,49.0
3302,SYN000480,d3,3,179.0
3303,SYN000480,d5,2,249.0
3304,SYN000480,d1,3,69.0
3305,SYN000480,f5,1,99.0
3306,SYN000480,f4,3,199.0
3307,SYN000481,bv3,3,199.0
3308,SYN000481,s2,3,249.0
3309,SYN000481,v3,2,79.0
3310,SYN000481,b2,1,249.0
3311,SYN000481,bv4,1,349.0
3312,SYN000481,v1,3,89.0
3313,SYN000481,s3,2,99.0
3314,SYN000481,bv2,3,249.0
3315,SYN000481,b3,2,199.0
3316,SYN000482,b1,2,199.0
3317,SYN000482,s3,2,99.0
3318,SYN000482,f1,2,249.0
3319,SYN000482,f3,2,149.0
3320,SYN000482,d1,3,69.0
3321,SYN000482,s5,2,199.0
3322,SYN000482,f6,1,179.0
3323,SYN000483,s5,1,199.0
3324,SYN000483,f3,2,149.0
3325,SYN000483,d1,1,69.0
3326,SYN000483,b4,2,599.0
3327,SYN000483,b2,3,249.0
3328,SYN000483,bv1,3,149.0
3329,SYN000484,s4,2,299.0
3330,SYN000484,s2,1,249.0
3331,SYN000484,d3,3,179.0
3332,SYN000484,f3,1,149.0
3333,SYN000484,v1,3,89.0
3334,SYN000484,v3,3,79.0
3335,SYN000484,bv2,3,249.0
3336,SYN000484,d4,3,99.0
3337,SYN000485,d1,1,69.0
3338,SYN000485,f2,1,49.0
3339,SYN000485,d5,3,249.0
3340,SYN000485,f6,3,179.0
3341,SYN000485,b4,1,599.0
3342,SYN000485,d2,1,249.0
3343,SYN000485,f4,3,199.0
3344,SYN000485,f5,1,99.0
3345,SYN000485,v5,1,149.0
3346,SYN000485,d4,2,99.0
3347,SYN000485,b2,2,249.0
3348,SYN000486,f2,1,49.0
3349,SYN000486,f5,1,99.0
3350,SYN000486,s4,1,299.0
3351,SYN000486,bv2,3,249.0
3352,SYN000486,v2,1,49.0
3353,SYN000486,f6,1,179.0
3354,SYN000487,f1,3,249.0
3355,SYN000487,bv3,3,199.0
3356,SYN000487,f3,1,149.0
3357,SYN000487,bv1,3,149.0
3358,SYN000487,d3,1,179.0
3359,SYN000487,f2,2,49.0
3360,SYN000487,b3,3,199.0
3361,SYN000487,s4,1,299.0
3362,SYN000487,s2,2,249.0
3363,SYN000487,bv2,3,249.0
3364,SYN000488,b5,1,299.0
3365,SYN000488,bv1,2,149.0
3366,SYN000488,v2,2,49.0
3367,SYN000488,s1,2,399.0
3368,SYN000488,b2,1,249.0
3369,SYN000488,s5,2,199.0
3370,SYN000488,b4,1,599.0
3371,SYN000489,f1,1,249.0
3372,SYN000489,d3,1,179.0
3373,SYN000489,v6,2,29.0
3374,SYN000489,f3,3,149.0
3375,SYN000489,f5,3,99.0
3376,SYN000489,bv3,1,199.0
3377,SYN000489,bv1,3,149.0
3378,SYN000489,b1,1,199.0
3379,SYN000489,s5,1,199.0
3380,SYN000489,bv4,1,349.0
3381,SYN000489,d5,2,249.0
3382,SYN000489,s1,1,399.0
3383,SYN000490,d3,1,179.0
3384,SYN000490,b2,1,249.0
3385,SYN000490,f6,1,179.0
3386,SYN000490,b3,3,199.0
3387,SYN000490,v4,2,39.0
3388,SYN000490,d2,3,249.0
3389,SYN000491,v6,3,29.0
3390,SYN000491,s1,2,399.0
3391,SYN000491,s5,1,199.0
3392,SYN000491,b3,3,199.0
3393,SYN000491,b1,2,199.0
3394,SYN000491,b2,2,249.0
3395,SYN000491,d5,2,249.0
3396,SYN000491,s3,3,99.0
3397,SYN000491,d2,3,249.0
3398,SYN000491,v3,1,79.0
3399,SYN000491,v5,2,149.0
3400,SYN000491,v4,1,39.0
3401,SYN000492,s2,2,249.0
3402,SYN000492,b4,2,599.0
3403,SYN000492,bv3,3,199.0
3404,SYN000492,bv2,3,249.0
3405,SYN000492,s1,3,399.0
3406,SYN000492,d5,1,249.0
3407,SYN000492,f5,3,99.0
3408,SYN000492,d3,2,179.0
3409,SYN000492,b1,2,199.0
3410,SYN000492,b2,1,249.0
3411,SYN000492,f3,2,149.0
3412,SYN000493,v6,1,29.0
3413,SYN000493,v1,1,89.0
3414,SYN000493,v2,1,49.0
3415,SYN000493,b1,2,199.0
3416,SYN000493,d5,3,249.0
3417,SYN000493,f3,2,149.0
3418,SYN000493,s2,2,249.0
3419,SYN000493,b5,2,299.0
3420,SYN000493,b2,1,249.0
3421,SYN000493,bv1,2,149.0
3422,SYN000494,f6,2,179.0
3423,SYN000494,s5,3,199.0
3424,SYN000494,b2,3,249.0
3425,SYN000494,b1,2,199.0
3426,SYN000494,v5,2,149.0
3427,SYN000494,b5,1,299.0
3428,SYN000495,d3,1,179.0
3429,SYN000495,f2,2,49.0
3430,SYN000495,b3,1,199.0
3431,SYN000495,s5,1,199.0
3432,SYN000495,bv2,1,249.0
3433,SYN000495,v3,1,79.0
3434,SYN000495,d5,1,249.0
3435,SYN000495,s4,1,299.0
3436,SYN000495,d1,2,69.0
3437,SYN000496,f6,3,179.0
3438,SYN000496,f2,1,49.0
3439,SYN000496,b3,2,199.0
3440,SYN000496,s3,2,99.0
3441,SYN000496,d2,1,249.0
3442,SYN000496,d5,1,249.0
3443,SYN000496,f4,2,199.0
3444,SYN000496,f1,3,249.0
3445,SYN000496,v6,2,29.0
3446,SYN000497,bv1,2,149.0
3447,SYN000497,f2,3,49.0
3448,SYN000497,v2,3,49.0
3449,SYN000497,bv3,3,199.0
3450,SYN000497,d5,1,249.0
3451,SYN000497,s4,1,299.0
3452,SYN000497,b2,3,249.0
3453,SYN000498,v2,2,49.0
3454,SYN000498,f1,2,249.0
3455,SYN000498,f2,3,49.0
3456,SYN000498,b4,1,599.0
3457,SYN000498,v6,2,29.0
3458,SYN000498,f6,2,179.0
3459,SYN000498,d4,3,99.0
3460,SYN000499,f3,1,149.0
3461,SYN000499,f1,2,249.0
3462,SYN000499,v6,3,29.0
3463,SYN000499,f5,3,99.0
3464,SYN000499,d2,2,249.0
3465,SYN000499,f2,3,49.0
3466,SYN000500,v1,3,89.0
3467,SYN000500,d3,1,179.0
3468,SYN000500,v3,2,79.0
3469,SYN000500,f4,3,199.0
3470,SYN000500,s1,1,399.0
3471,SYN000500,d5,1,249.0
3472,SYN000500,v2,3,49.0
3473,SYN000500,f1,1,249.0
3474,SYN000501,d1,1,69.0
3475,SYN000501,f3,3,149.0
3476,SYN000501,v2,2,49.0
3477,SYN000501,d4,3,99.0
3478,SYN000502,v1,2,89.0
3479,SYN000502,d3,1,179.0
3480,SYN000502,f1,1,249.0
3481,SYN000502,d5,2,249.0
3482,SYN000502,d4,3,99.0
3483,SYN000502,v6,2,29.0
3484,SYN000502,v5,1,149.0
3485,SYN000503,v4,3,39.0
3486,SYN000503,f4,1,199.0
3487,SYN000503,f1,2,249.0
3488,SYN000503,v3,2,79.0
3489,SYN000503,d5,2,249.0
3490,SYN000503,v2,2,49.0
3491,SYN000503,v6,3,29.0
3492,SYN000503,d1,3,69.0
3493,SYN000504,d1,1,69.0
3494,SYN000504,f3,2,149.0
3495,SYN000504,d5,3,249.0
3496,SYN000504,f1,2,249.0
3497,SYN000504,v5,3,149.0
3498,SYN000504,f2,2,49.0
3499,SYN000504,bv1,3,149.0
3500,SYN000504,d2,2,249.0
3501,SYN000505,d2,1,249.0
3502,SYN000505,d1,1,69.0
3503,SYN000505,f2,3,49.0
3504,SYN000505,f5,1,99.0
3505,SYN000505,f1,2,249.0
3506,SYN000505,v5,3,149.0
3507,SYN000506,bv2,3,249.0
3508,SYN000506,d1,1,69.0
3509,SYN000506,v3,3,79.0
3510,SYN000506,f1,3,249.0
3511,SYN000506,f5,1,99.0
3512,SYN000506,d3,2,179.0
3513,SYN000506,f4,1,199.0
3514,SYN000507,f3,3,149.0
3515,SYN000507,d5,1,249.0
3516,SYN000507,v4,3,39.0
3517,SYN000507,v6,2,29.0
3518,SYN000507,f2,2,49.0
3519,SYN000507,d2,1,249.0
3520,SYN000508,f4,3,199.0
3521,SYN000508,d3,3,179.0
3522,SYN000508,f2,2,49.0
3523,SYN000508,f1,2,249.0
3524,SYN000508,v3,3,79.0
3525,SYN000508,bv2,3,249.0
3526,SYN000508,f6,1,179.0
3527,SYN000508,b2,3,249.0
3528,SYN000509,f1,1,249.0
3529,SYN000509,f5,3,99.0
3530,SYN000509,bv2,3,249.0
3531,SYN000509,d4,1,99.0
3532,SYN000509,d2,3,249.0
3533,SYN000509,d3,1,179.0
3534,SYN000509,v2,1,49.0
3535,SYN000510,f2,2,49.0
3536,SYN000510,f4,3,199.0
3537,SYN000510,v3,3,79.0
3538,SYN000510,f5,2,99.0
3539,SYN000510,d4,1,99.0
3540,SYN000510,b2,3,249.0
3541,SYN000510,d2,3,249.0
3542,SYN000511,d2,2,249.0
3543,SYN000511,d1,3,69.0
3544,SYN000511,v6,3,29.0
3545,SYN000511,s3,3,99.0
3546,SYN000511,f1,2,249.0
3547,SYN000511,v2,2,49.0
3548,SYN000511,bv1,1,149.0
3549,SYN000511,f5,1,99.0
3550,SYN000512,d3,2,179.0
3551,SYN000512,d5,2,249.0
3552,SYN000512,f5,1,99.0
3553,SYN000512,v4,3,39.0
3554,SYN000512,s4,1,299.0
3555,SYN000512,v5,3,149.0
3556,SYN000512,b1,2,199.0
3557,SYN000513,b4,2,599.0
3558,SYN000513,d5,3,249.0
3559,SYN000513,d4,1,99.0
3560,SYN000513,f3,3,149.0
3561,SYN000513,bv2,1,249.0
3562,SYN000513,v2,2,49.0
3563,SYN000513,s1,2,399.0
3564,SYN000514,v2,2,49.0
3565,SYN000514,d1,1,69.0
3566,SYN000514,f5,3,99.0
3567,SYN000514,v4,1,39.0
3568,SYN000514,f6,1,179.0
3569,SYN000514,f3,1,149.0
3570,SYN000514,f2,3,49.0
3571,SYN000515,b3,3,199.0
3572,SYN000515,f3,2,149.0
3573,SYN000515,v6,3,29.0
3574,SYN000515,v1,3,89.0
3575,SYN000515,f6,1,179.0
3576,SYN000515,d5,2,249.0
3577,SYN000516,v4,2,39.0
3578,SYN000516,f3,2,149.0
3579,SYN000516,v1,3,89.0
3580,SYN000516,v3,1,79.0
3581,SYN000516,v2,1,49.0
3582,SYN000516,f2,1,49.0
3583,SYN000517,d3,2,179.0
3584,SYN000517,v4,2,39.0
3585,SYN000517,f6,2,179.0
3586,SYN000517,b1,1,199.0
3587,SYN000517,f4,2,199.0
3588,SYN000517,d5,1,249.0
3589,SYN000518,v1,2,89.0
3590,SYN000518,f4,3,199.0
3591,SYN000518,bv4,3,349.0
3592,SYN000518,f1,3,249.0
3593,SYN000519,v3,2,79.0
3594,SYN000519,bv4,3,349.0
3595,SYN000519,d3,2,179.0
3596,SYN000519,f1,2,249.0
3597,SYN000520,f6,1,179.0
3598,SYN000520,v2,3,49.0
3599,SYN000520,v3,3,79.0
3600,SYN000520,f1,1,249.0
3601,SYN000521,d4,3,99.0
3602,SYN000521,v6,3,29.0
3603,SYN000521,f4,1,199.0
3604,SYN000521,v5,2,149.0
3605,SYN000521,d1,3,69.0
3606,SYN000521,v2,3,49.0
3607,SYN000521,d3,2,179.0
3608,SYN000521,v4,1,39.0
3609,SYN000522,d3,2,179.0
3610,SYN000522,v6,2,29.0
3611,SYN000522,d1,1,69.0
3612,SYN000522,d5,3,249.0
3613,SYN000522,d2,2,249.0
3614,SYN000522,v3,1,79.0
3615,SYN000522,d4,3,99.0
3616,SYN000523,f1,2,249.0
3617,SYN000523,v4,1,39.0
3618,SYN000523,b2,2,249.0
3619,SYN000523,f3,1,149.0
3620,SYN000523,v6,2,29.0
3621,SYN000523,f6,1,179.0
3622,SYN000523,s3,3,99.0
3623,SYN000523,v1,3,89.0
3624,SYN000524,d5,2,249.0
3625,SYN000524,f5,2,99.0
3626,SYN000524,d4,3,99.0
3627,SYN000524,f2,3,49.0
3628,SYN000524,v3,2,79.0
3629,SYN000524,v2,2,49.0
3630,SYN000524,f6,1,179.0
3631,SYN000524,d2,2,249.0
3632,SYN000525,f6,2,179.0
3633,SYN000525,d4,3,99.0
3634,SYN000525,v6,2,29.0
3635,SYN000525,f2,2,49.0
3636,SYN000525,bv4,3,349.0
3637,SYN000525,bv2,2,249.0
3638,SYN000526,v5,2,149.0
3639,SYN000526,b1,2,199.0
3640,SYN000526,d3,1,179.0
3641,SYN000526,d4,2,99.0
3642,SYN000527,v3,2,79.0
3643,SYN000527,v2,3,49.0
3644,SYN000527,f3,3,149.0
3645,SYN000527,f4,2,199.0
3646,SYN000528,f5,2,99.0
3647,SYN000528,b1,2,199.0
3648,SYN000528,d3,3,179.0
3649,SYN000528,f1,1,249.0
3650,SYN000528,d4,3,99.0
3651,SYN000528,bv3,3,199.0
3652,SYN000529,f4,1,199.0
3653,SYN000529,d3,1,179.0
3654,SYN000529,d4,2,99.0
3655,SYN000529,v1,3,89.0
3656,SYN000529,v4,3,39.0
3657,SYN000529,f1,1,249.0
3658,SYN000529,v6,1,29.0
3659,SYN000529,f2,3,49.0
3660,SYN000530,f5,3,99.0
3661,SYN000530,d1,3,69.0
3662,SYN000530,v6,1,29.0
3663,SYN000530,s1,1,399.0
3664,SYN000530,v4,1,39.0
3665,SYN000530,f1,1,249.0
3666,SYN000531,d3,2,179.0
3667,SYN000531,d1,2,69.0
3668,SYN000531,f1,1,249.0
3669,SYN000531,b2,2,249.0
3670,SYN000531,v2,1,49.0
3671,SYN000531,v6,3,29.0
3672,SYN000531,f5,3,99.0
3673,SYN000531,bv2,2,249.0
3674,SYN000532,f3,2,149.0
3675,SYN000532,v4,1,39.0
3676,SYN000532,v3,1,79.0
3677,SYN000532,d1,1,69.0
3678,SYN000533,f2,3,49.0
3679,SYN000533,d4,3,99.0
3680,SYN000533,f3,2,149.0
3681,SYN000533,f1,1,249.0
3682,SYN000533,f5,1,99.0
3683,SYN000533,d2,2,249.0
3684,SYN000533,f4,1,199.0
3685,SYN000533,f6,2,179.0
3686,SYN000534,d3,1,179.0
3687,SYN000534,v1,1,89.0
3688,SYN000534,d1,1,69.0
3689,SYN000534,d2,1,249.0
3690,SYN000534,s3,3,99.0
3691,SYN000534,f6,1,179.0
3692,SYN000534,v3,2,79.0
3693,SYN000535,b1,2,199.0
3694,SYN000535,f3,1,149.0
3695,SYN000535,f2,1,49.0
3696,SYN000535,v1,1,89.0
3697,SYN000535,s5,2,199.0
3698,SYN000535,f1,3,249.0
3699,SYN000535,v4,2,39.0
3700,SYN000536,d3,1,179.0
3701,SYN000536,v3,2,79.0
3702,SYN000536,s1,3,399.0
3703,SYN000536,b3,3,199.0
3704,SYN000537,d2,3,249.0
3705,SYN000537,v1,2,89.0
3706,SYN000537,v2,2,49.0
3707,SYN000537,d4,3,99.0
3708,SYN000537,d3,1,179.0
3709,SYN000537,v4,3,39.0
3710,SYN000537,f3,1,149.0
3711,SYN000538,d2,1,249.0
3712,SYN000538,v3,2,79.0
3713,SYN000538,f4,3,199.0
3714,SYN000538,f6,2,179.0
3715,SYN000538,f1,1,249.0
3716,SYN000539,v1,1,89.0
3717,SYN000539,d5,3,249.0
3718,SYN000539,f3,3,149.0
3719,SYN000539,d3,3,179.0
3720,SYN000539,f1,3,249.0
3721,SYN000539,f2,1,49.0
3722,SYN000539,v4,3,39.0
3723,SYN000539,b2,1,249.0
3724,SYN000540,v5,2,149.0
3725,SYN000540,bv2,3,249.0
3726,SYN000540,d4,1,99.0
3727,SYN000540,f2,3,49.0
3728,SYN000540,f5,3,99.0
3729,SYN000540,f1,2,249.0
3730,SYN000541,d5,1,249.0
3731,SYN000541,d3,3,179.0
3732,SYN000541,v1,2,89.0
3733,SYN000541,f5,1,99.0
3734,SYN000542,s4,1,299.0
3735,SYN000542,f1,2,249.0
3736,SYN000542,v6,1,29.0
3737,SYN000542,v4,2,39.0
3738,SYN000543,d1,1,69.0
3739,SYN000543,v2,2,49.0
3740,SYN000543,v1,1,89.0
3741,SYN000543,d4,1,99.0
3742,SYN000544,v2,1,49.0
3743,SYN000544,v3,1,79.0
3744,SYN000544,f3,2,149.0
3745,SYN000544,b3,1,199.0
3746,SYN000545,f4,1,199.0
3747,SYN000545,v6,2,29.0
3748,SYN000545,d3,2,179.0
3749,SYN000545,v4,2,39.0
3750,SYN000545,d4,2,99.0
3751,SYN000545,d2,1,249.0
3752,SYN000545,v1,3,89.0
3753,SYN000546,f4,1,199.0
3754,SYN000546,v1,1,89.0
3755,SYN000546,d2,2,249.0
3756,SYN000546,d4,2,99.0
3757,SYN000546,bv4,2,349.0
3758,SYN000547,v2,2,49.0
3759,SYN000547,d1,1,69.0
3760,SYN000547,f4,3,199.0
3761,SYN000547,v3,2,79.0
3762,SYN000547,f3,3,149.0
3763,SYN000547,v4,3,39.0
3764,SYN000547,bv1,2,149.0
3765,SYN000547,f6,2,179.0
3766,SYN000548,f2,2,49.0
3767,SYN000548,s5,3,199.0
3768,SYN000548,f3,2,149.0
3769,SYN000548,v5,2,149.0
3770,SYN000548,d5,1,249.0
3771,SYN000548,d4,1,99.0
3772,SYN000549,v2,2,49.0
3773,SYN000549,s3,1,99.0
3774,SYN000549,f3,1,149.0
3775,SYN000549,d5,3,249.0
3776,SYN000549,f6,1,179.0
3777,SYN000550,d5,2,249.0
3778,SYN000550,d2,3,249.0
3779,SYN000550,v1,2,89.0
3780,SYN000550,v3,2,79.0
3781,SYN000550,f3,1,149.0
3782,SYN000550,s3,2,99.0
3783,SYN000551,f3,3,149.0
3784,SYN000551,v3,2,79.0
3785,SYN000551,d5,3,249.0
3786,SYN000551,b4,1,599.0
3787,SYN000551,f2,1,49.0
3788,SYN000551,v2,2,49.0
3789,SYN000552,d2,3,249.0
3790,SYN000552,s4,3,299.0
3791,SYN000552,v6,1,29.0
3792,SYN000552,f4,1,199.0
3793,SYN000552,f2,2,49.0
3794,SYN000552,d1,3,69.0
3795,SYN000552,f1,3,249.0
3796,SYN000552,v5,3,149.0
3797,SYN000553,d2,2,249.0
3798,SYN000553,d5,1,249.0
3799,SYN000553,f2,2,49.0
3800,SYN000553,v4,2,39.0
3801,SYN000553,f4,2,199.0
3802,SYN000553,f3,1,149.0
3803,SYN000553,v5,1,149.0
3804,SYN000553,v2,1,49.0
3805,SYN000554,v6,2,29.0
3806,SYN000554,f4,2,199.0
3807,SYN000554,s4,3,299.0
3808,SYN000554,f2,2,49.0
3809,SYN000554,v3,1,79.0
3810,SYN000554,v1,3,89.0
3811,SYN000554,d1,1,69.0
3812,SYN000554,d5,3,249.0
3813,SYN000555,v6,2,29.0
3814,SYN000555,v2,2,49.0
3815,SYN000555,v1,1,89.0
3816,SYN000555,f6,2,179.0
3817,SYN000555,f3,2,149.0
3818,SYN000556,f6,1,179.0
3819,SYN000556,bv4,3,349.0
3820,SYN000556,f3,3,149.0
3821,SYN000556,d4,3,99.0
3822,SYN000557,f2,1,49.0
3823,SYN000557,v6,2,29.0
3824,SYN000557,s5,2,199.0
3825,SYN000557,d1,2,69.0
3826,SYN000558,f6,2,179.0
3827,SYN000558,f4,3,199.0
3828,SYN000558,v5,2,149.0
3829,SYN000558,f2,1,49.0
3830,SYN000558,d2,1,249.0
3831,SYN000558,d1,3,69.0
3832,SYN000558,v4,2,39.0
3833,SYN000559,d3,2,179.0
3834,SYN000559,v5,3,149.0
3835,SYN000559,f3,1,149.0
3836,SYN000559,bv2,1,249.0
3837,SYN000559,v6,2,29.0
3838,SYN000560,v5,1,149.0
3839,SYN000560,f2,1,49.0
3840,SYN000560,f6,3,179.0
3841,SYN000560,f1,2,249.0
3842,SYN000560,f3,2,149.0
3843,SYN000560,bv2,2,249.0
3844,SYN000560,b3,1,199.0
3845,SYN000560,bv1,1,149.0
3846,SYN000561,v4,2,39.0
3847,SYN000561,d1,1,69.0
3848,SYN000561,v5,1,149.0
3849,SYN000561,v1,3,89.0
3850,SYN000561,d2,1,249.0
3851,SYN000562,f6,2,179.0
3852,SYN000562,f5,3,99.0
3853,SYN000562,v4,2,39.0
3854,SYN000562,f4,3,199.0
3855,SYN000563,f3,3,149.0
3856,SYN000563,v1,2,89.0
3857,SYN000563,f4,3,199.0
3858,SYN000563,d5,1,249.0
3859,SYN000563,d3,3,179.0
3860,SYN000563,v5,2,149.0
3861,SYN000563,f5,3,99.0
3862,SYN000564,v6,1,29.0
3863,SYN000564,f1,2,249.0
3864,SYN000564,f5,3,99.0
3865,SYN000564,v1,3,89.0
3866,SYN000564,d1,1,69.0
3867,SYN000565,d5,2,249.0
3868,SYN000565,d2,3,249.0
3869,SYN000565,v3,1,79.0
3870,SYN000565,d1,3,69.0
3871,SYN000565,v2,2,49.0
3872,SYN000566,f5,3,99.0
3873,SYN000566,d4,3,99.0
3874,SYN000566,s4,2,299.0
3875,SYN000566,f6,3,179.0
3876,SYN000566,f1,2,249.0
3877,SYN000566,d1,1,69.0
3878,SYN000566,v6,3,29.0
3879,SYN000567,d4,3,99.0
3880,SYN000567,f1,2,249.0
3881,SYN000567,s4,1,299.0
3882,SYN000567,d2,1,249.0
3883,SYN000567,v2,3,49.0
3884,SYN000567,f2,2,49.0
3885,SYN000568,f3,2,149.0
3886,SYN000568,s2,2,249.0
3887,SYN000568,f1,2,249.0
3888,SYN000568,v1,3,89.0
3889,SYN000568,v5,2,149.0
3890,SYN000568,b4,3,599.0
3891,SYN000569,f4,3,199.0
3892,SYN000569,d2,2,249.0
3893,SYN000569,v3,1,79.0
3894,SYN000569,f3,2,149.0
3895,SYN000569,v4,2,39.0
3896,SYN000569,f5,1,99.0
3897,SYN000569,d3,1,179.0
3898,SYN000569,v2,2,49.0
3899,SYN000570,b4,1,599.0
3900,SYN000570,f2,2,49.0
3901,SYN000570,f5,2,99.0
3902,SYN000570,f4,3,199.0
3903,SYN000570,f1,1,249.0
3904,SYN000570,v6,1,29.0
3905,SYN000571,d5,3,249.0
3906,SYN000571,d3,1,179.0
3907,SYN000571,v3,2,79.0
3908,SYN000571,v6,1,29.0
3909,SYN000571,d1,3,69.0
3910,SYN000572,v6,2,29.0
3911,SYN000572,d2,1,249.0
3912,SYN000572,v3,3,79.0
3913,SYN000572,v5,3,149.0
3914,SYN000572,bv2,2,249.0
3915,SYN000573,s3,1,99.0
3916,SYN000573,d2,3,249.0
3917,SYN000573,f6,1,179.0
3918,SYN000573,d1,2,69.0
3919,SYN000574,d4,3,99.0
3920,SYN000574,f4,1,199.0
3921,SYN000574,d2,1,249.0
3922,SYN000574,f6,1,179.0
3923,SYN000574,v2,2,49.0
3924,SYN000574,f5,3,99.0
3925,SYN000574,d1,3,69.0
3926,SYN000574,v3,2,79.0
3927,SYN000575,d4,2,99.0
3928,SYN000575,d5,1,249.0
3929,SYN000575,v3,1,79.0
3930,SYN000575,b1,3,199.0
3931,SYN000575,bv3,3,199.0
3932,SYN000575,s2,2,249.0
3933,SYN000575,s5,1,199.0
3934,SYN000576,f4,1,199.0
3935,SYN000576,v3,3,79.0
3936,SYN000576,v5,3,149.0
3937,SYN000576,d4,1,99.0
3938,SYN000577,s1,3,399.0
3939,SYN000577,v1,1,89.0
3940,SYN000577,v5,3,149.0
3941,SYN000577,d5,2,249.0
3942,SYN000577,d4,2,99.0
3943,SYN000577,d3,1,179.0
3944,SYN000577,v4,2,39.0
3945,SYN000577,v3,1,79.0
3946,SYN000578,f6,2,179.0
3947,SYN000578,d5,2,249.0
3948,SYN000578,f5,1,99.0
3949,SYN000578,v4,2,39.0
3950,SYN000578,v1,1,89.0
3951,SYN000578,v5,2,149.0
3952,SYN000578,v6,2,29.0
3953,SYN000578,d2,3,249.0
3954,SYN000579,v2,3,49.0
3955,SYN000579,v3,1,79.0
3956,SYN000579,b3,2,199.0
3957,SYN000579,d1,3,69.0
3958,SYN000579,d2,3,249.0
3959,SYN000579,f3,1,149.0
3960,SYN000579,v6,3,29.0
3961,SYN000579,d3,3,179.0
3962,SYN000580,f5,2,99.0
3963,SYN000580,d4,2,99.0
3964,SYN000580,v3,2,79.0
3965,SYN000580,d2,2,249.0
3966,SYN000581,f1,1,249.0
3967,SYN000581,bv3,3,199.0
3968,SYN000581,v6,3,29.0
3969,SYN000581,v4,3,39.0
3970,SYN000582,v4,1,39.0
3971,SYN000582,d3,3,179.0
3972,SYN000582,b2,2,249.0
3973,SYN000582,d2,3,249.0
3974,SYN000582,v3,1,79.0
3975,SYN000582,d4,2,99.0
3976,SYN000582,v6,1,29.0
3977,SYN000583,d1,3,69.0
3978,SYN000583,s5,2,199.0
3979,SYN000583,v2,2,49.0
3980,SYN000583,f2,3,49.0
3981,SYN000583,b4,2,599.0
3982,SYN000584,f1,1,249.0
3983,SYN000584,v6,3,29.0
3984,SYN000584,d1,2,69.0
3985,SYN000584,d3,2,179.0
3986,SYN000584,v2,1,49.0
3987,SYN000585,d4,2,99.0
3988,SYN000585,v1,1,89.0
3989,SYN000585,f3,1,149.0
3990,SYN000585,v6,2,29.0
3991,SYN000586,v6,3,29.0
3992,SYN000586,v5,3,149.0
3993,SYN000586,f2,3,49.0
3994,SYN000586,d2,1,249.0
3995,SYN000586,d5,3,249.0
3996,SYN000586,f5,1,99.0
3997,SYN000587,v3,1,79.0
3998,SYN000587,d2,3,249.0
3999,SYN000587,f5,1,99.0
4000,SYN000587,s2,1,249.0
4001,SYN000587,d1,1,69.0
4002,SYN000587,v5,3,149.0
4003,SYN000587,b1,3,199.0
4004,SYN000587,d5,2,249.0
4005,SYN000588,d2,3,249.0
4006,SYN000588,v6,1,29.0
4007,SYN000588,f6,2,179.0
4008,SYN000588,v4,1,39.0
4009,SYN000588,v3,1,79.0
4010,SYN000588,f4,3,199.0
4011,SYN000588,v5,1,149.0
4012,SYN000588,d4,1,99.0
4013,SYN000589,f6,1,179.0
4014,SYN000589,v2,2,49.0
4015,SYN000589,f2,3,49.0
4016,SYN000589,v4,1,39.0
4017,SYN000590,v4,2,39.0
4018,SYN000590,f6,1,179.0
4019,SYN000590,f1,2,249.0
4020,SYN000590,v1,1,89.0
4021,SYN000591,f4,2,199.0
4022,SYN000591,v6,1,29.0
4023,SYN000591,bv2,3,249.0
4024,SYN000591,d4,1,99.0
4025,SYN000591,v3,1,79.0
4026,SYN000592,f6,3,179.0
4027,SYN000592,d5,3,249.0
4028,SYN000592,d4,1,99.0
4029,SYN000592,v2,3,49.0
4030,SYN000592,d3,2,179.0
4031,SYN000592,f1,1,249.0
4032,SYN000592,f2,3,49.0
4033,SYN000592,d1,2,69.0
4034,SYN000593,f2,3,49.0
4035,SYN000593,f6,1,179.0
4036,SYN000593,d2,2,249.0
4037,SYN000593,v5,3,149.0
4038,SYN000593,d5,3,249.0
4039,SYN000593,b2,1,249.0
4040,SYN000593,f4,3,199.0
4041,SYN000593,f5,2,99.0
4042,SYN000594,f2,2,49.0
4043,SYN000594,d3,2,179.0
4044,SYN000594,d4,2,99.0
4045,SYN000594,f3,1,149.0
4046,SYN000595,d2,2,249.0
4047,SYN000595,v1,3,89.0
4048,SYN000595,bv1,2,149.0
4049,SYN000595,v4,2,39.0
4050,SYN000595,d3,1,179.0
4051,SYN000595,b2,3,249.0
4052,SYN000595,f4,1,199.0
4053,SYN000595,v6,1,29.0
4054,SYN000596,d1,1,69.0
4055,SYN000596,b4,3,599.0
4056,SYN000596,bv4,3,349.0
4057,SYN000596,v2,3,49.0
4058,SYN000597,v6,1,29.0
4059,SYN000597,b5,3,299.0
4060,SYN000597,f3,2,149.0
4061,SYN000597,v2,3,49.0
4062,SYN000597,d4,2,99.0
4063,SYN000597,v5,2,149.0
4064,SYN000597,v3,2,79.0
4065,SYN000598,d5,3,249.0
4066,SYN000598,d3,3,179.0
4067,SYN000598,f4,2,199.0
4068,SYN000598,f5,1,99.0
4069,SYN000598,d1,2,69.0
4070,SYN000598,v5,3,149.0
4071,SYN000598,v2,2,49.0
4072,SYN000598,d2,1,249.0
4073,SYN000599,s5,1,199.0
4074,SYN000599,f4,2,199.0
4075,SYN000599,b2,2,249.0
4076,SYN000599,d1,1,69.0
4077,SYN000600,s1,3,399.0
4078,SYN000600,v4,2,39.0
4079,SYN000600,b5,3,299.0
4080,SYN000600,d5,3,249.0
4081,SYN000601,d5,3,249.0
4082,SYN000601,d3,2,179.0
4083,SYN000601,v3,3,79.0
4084,SYN000601,v5,1,149.0
4085,SYN000601,v2,1,49.0
4086,SYN000601,d4,2,99.0
4087,SYN000601,d1,3,69.0
4088,SYN000602,f4,2,199.0
4089,SYN000602,d1,3,69.0
4090,SYN000602,v3,3,79.0
4091,SYN000602,d5,1,249.0
4092,SYN000602,f3,2,149.0
4093,SYN000602,f2,3,49.0
4094,SYN000602,b4,3,599.0
4095,SYN000603,s2,2,249.0
4096,SYN000603,d3,1,179.0
4097,SYN000603,b3,3,199.0
4098,SYN000603,v2,1,49.0
4099,SYN000603,v4,2,39.0
4100,SYN000604,f4,2,199.0
4101,SYN000604,f3,2,149.0
4102,SYN000604,s4,2,299.0
4103,SYN000604,v4,1,39.0
4104,SYN000604,v6,3,29.0
4105,SYN000604,v1,2,89.0
4106,SYN000605,v3,3,79.0
4107,SYN000605,f1,3,249.0
4108,SYN000605,v4,1,39.0
4109,SYN000605,d1,1,69.0
4110,SYN000605,f5,2,99.0
4111,SYN000605,d5,3,249.0
4112,SYN000606,v3,3,79.0
4113,SYN000606,f2,3,49.0
4114,SYN000606,d5,2,249.0
4115,SYN000606,d4,1,99.0
4116,SYN000607,v3,3,79.0
4117,SYN000607,f3,3,149.0
4118,SYN000607,f4,3,199.0
4119,SYN000607,d5,3,249.0
4120,SYN000607,d4,1,99.0
4121,SYN000607,v1,2,89.0
4122,SYN000607,d2,2,249.0
4123,SYN000607,f1,1,249.0
4124,SYN000608,f5,1,99.0
4125,SYN000608,f1,1,249.0
4126,SYN000608,v4,1,39.0
4127,SYN000608,f6,1,179.0
4128,SYN000608,f4,3,199.0
4129,SYN000608,v1,2,89.0
4130,SYN000608,v2,1,49.0
4131,SYN000608,d2,1,249.0
4132,SYN000609,f6,3,179.0
4133,SYN000609,v2,3,49.0
4134,SYN000609,d5,3,249.0
4135,SYN000609,d3,3,179.0
4136,SYN000609,v1,3,89.0
4137,SYN000609,v4,3,39.0
4138,SYN000609,v5,3,149.0
4139,SYN000610,v3,2,79.0
4140,SYN000610,d4,3,99.0
4141,SYN000610,d1,1,69.0
4142,SYN000610,b5,2,299.0
4143,SYN000610,f6,1,179.0
4144,SYN000610,v4,3,39.0
4145,SYN000610,v1,1,89.0
4146,SYN000611,f4,3,199.0
4147,SYN000611,f6,2,179.0
4148,SYN000611,f1,2,249.0
4149,SYN000611,d2,2,249.0
4150,SYN000612,v1,2,89.0
4151,SYN000612,f4,3,199.0
4152,SYN000612,v4,2,39.0
4153,SYN000612,v6,3,29.0
4154,SYN000612,f1,3,249.0
4155,SYN000612,v3,3,79.0
4156,SYN000612,d5,1,249.0
4157,SYN000613,f6,2,179.0
4158,SYN000613,v1,3,89.0
4159,SYN000613,d1,3,69.0
4160,SYN000613,f4,1,199.0
4161,SYN000613,d4,2,99.0
4162,SYN000613,v4,1,39.0
4163,SYN000614,v2,2,49.0
4164,SYN000614,s3,3,99.0
4165,SYN000614,v6,1,29.0
4166,SYN000614,f5,3,99.0
4167,SYN000614,d2,3,249.0
4168,SYN000615,v1,3,89.0
4169,SYN000615,f5,1,99.0
4170,SYN000615,s1,1,399.0
4171,SYN000615,d3,3,179.0
4172,SYN000616,v5,3,149.0
4173,SYN000616,d1,1,69.0
4174,SYN000616,s1,3,399.0
4175,SYN000616,v3,2,79.0
4176,SYN000616,d4,1,99.0
4177,SYN000616,b5,3,299.0
4178,SYN000617,d1,1,69.0
4179,SYN000617,bv3,2,199.0
4180,SYN000617,b3,1,199.0
4181,SYN000617,v6,1,29.0
4182,SYN000618,f4,3,199.0
4183,SYN000618,d5,2,249.0
4184,SYN000618,v5,2,149.0
4185,SYN000618,s5,1,199.0
4186,SYN000618,s2,1,249.0
4187,SYN000618,f1,2,249.0
4188,SYN000619,v4,1,39.0
4189,SYN000619,v2,3,49.0
4190,SYN000619,d2,1,249.0
4191,SYN000619,v6,3,29.0
4192,SYN000620,s1,1,399.0
4193,SYN000620,v5,1,149.0
4194,SYN000620,s2,1,249.0
4195,SYN000620,bv3,2,199.0
4196,SYN000621,d2,3,249.0
4197,SYN000621,d4,2,99.0
4198,SYN000621,b1,2,199.0
4199,SYN000621,f1,2,249.0
4200,SYN000621,s3,2,99.0
4201,SYN000622,v3,2,79.0
4202,SYN000622,s1,1,399.0
4203,SYN000622,f1,3,249.0
4204,SYN000622,s4,2,299.0
4205,SYN000622,d4,1,99.0
4206,SYN000623,d1,1,69.0
4207,SYN000623,v5,3,149.0
4208,SYN000623,d4,3,99.0
4209,SYN000623,v4,2,39.0
4210,SYN000624,s1,3,399.0
4211,SYN000624,v6,3,29.0
4212,SYN000624,b4,2,599.0
4213,SYN000624,d1,2,69.0
4214,SYN000624,d5,2,249.0
4215,SYN000624,b2,2,249.0
4216,SYN000625,d1,2,69.0
4217,SYN000625,d5,3,249.0
4218,SYN000625,d4,2,99.0
4219,SYN000625,s2,3,249.0
4220,SYN000625,s5,3,199.0
4221,SYN000625,v1,2,89.0
4222,SYN000626,d3,2,179.0
4223,SYN000626,v2,3,49.0
4224,SYN000626,f1,2,249.0
4225,SYN000626,d1,3,69.0
4226,SYN000626,v5,2,149.0
4227,SYN000626,s3,3,99.0
4228,SYN000627,s5,2,199.0
4229,SYN000627,v2,1,49.0
4230,SYN000627,s3,2,99.0
4231,SYN000627,v4,1,39.0
4232,SYN000628,d1,2,69.0
4233,SYN000628,d3,2,179.0
4234,SYN000628,v1,3,89.0
4235,SYN000628,d2,2,249.0
4236,SYN000628,s1,3,399.0
4237,SYN000628,v6,2,29.0
4238,SYN000629,v6,1,29.0
4239,SYN000629,v4,2,39.0
4240,SYN000629,s5,3,199.0
4241,SYN000630,v3,2,79.0
4242,SYN000630,f6,3,179.0
4243,SYN000630,v1,2,89.0
4244,SYN000630,d5,1,249.0
4245,SYN000630,bv4,2,349.0
4246,SYN000630,d2,3,249.0
4247,SYN000631,v1,2,89.0
4248,SYN000631,d5,2,249.0
4249,SYN000631,s4,1,299.0
4250,SYN000632,s1,3,399.0
4251,SYN000632,v3,2,79.0
4252,SYN000632,d4,3,99.0
4253,SYN000632,d2,1,249.0
4254,SYN000632,d3,1,179.0
4255,SYN000632,v5,2,149.0
4256,SYN000633,v4,1,39.0
4257,SYN000633,v2,2,49.0
4258,SYN000633,s3,3,99.0
4259,SYN000633,bv3,1,199.0
4260,SYN000633,v6,2,29.0
4261,SYN000633,d4,2,99.0
4262,SYN000634,d2,2,249.0
4263,SYN000634,f4,3,199.0
4264,SYN000634,s2,1,249.0
4265,SYN000634,d5,1,249.0
4266,SYN000634,s1,1,399.0
4267,SYN000635,s2,2,249.0
4268,SYN000635,v2,1,49.0
4269,SYN000635,b5,2,299.0
4270,SYN000635,d5,1,249.0
4271,SYN000635,v6,1,29.0
4272,SYN000636,v3,1,79.0
4273,SYN000636,d1,1,69.0
4274,SYN000636,s5,1,199.0
4275,SYN000636,s4,1,299.0
4276,SYN000636,b3,1,199.0
4277,SYN000637,v2,2,49.0
4278,SYN000637,d2,1,249.0
4279,SYN000637,s3,3,99.0
4280,SYN000637,d4,2,99.0
4281,SYN000638,v6,2,29.0
4282,SYN000638,d5,1,249.0
4283,SYN000638,bv4,2,349.0
4284,SYN000638,v4,1,39.0
4285,SYN000638,bv3,1,199.0
4286,SYN000638,s1,1,399.0
4287,SYN000639,v5,1,149.0
4288,SYN000639,v1,2,89.0
4289,SYN000639,d4,2,99.0
4290,SYN000639,s2,3,249.0
4291,SYN000640,s5,2,199.0
4292,SYN000640,bv2,3,249.0
4293,SYN000640,v5,1,149.0
4294,SYN000640,d4,2,99.0
4295,SYN000640,s2,2,249.0
4296,SYN000640,s4,3,299.0
4297,SYN000641,s5,3,199.0
4298,SYN000641,s1,3,399.0
4299,SYN000641,d3,3,179.0
4300,SYN000641,v5,1,149.0
4301,SYN000641,v1,2,89.0
4302,SYN000642,v4,1,39.0
4303,SYN000642,d1,1,69.0
4304,SYN000642,v1,3,89.0
4305,SYN000642,s5,3,199.0
4306,SYN000642,s1,1,399.0
4307,SYN000643,v6,3,29.0
4308,SYN000643,s3,1,99.0
4309,SYN000643,f1,3,249.0
4310,SYN000643,d1,2,69.0
4311,SYN000644,v3,1,79.0
4312,SYN000644,v1,2,89.0
4313,SYN000644,d1,1,69.0
4314,SYN000644,s2,3,249.0
4315,SYN000644,d2,2,249.0
4316,SYN000644,d3,3,179.0
4317,SYN000645,f2,1,49.0
4318,SYN000645,v3,2,79.0
4319,SYN000645,v4,3,39.0
4320,SYN000645,s3,2,99.0
4321,SYN000645,s5,3,199.0
4322,SYN000645,d5,1,249.0
4323,SYN000646,d2,3,249.0
4324,SYN000646,d4,2,99.0
4325,SYN000646,s3,3,99.0
4326,SYN000646,v1,3,89.0
4327,SYN000646,d1,1,69.0
4328,SYN000646,s1,1,399.0
4329,SYN000647,v6,1,29.0
4330,SYN000647,bv4,1,349.0
4331,SYN000647,v2,1,49.0
4332,SYN000647,f1,2,249.0
4333,SYN000647,v4,3,39.0
4334,SYN000648,v5,2,149.0
4335,SYN000648,d4,2,99.0
4336,SYN000648,f3,2,149.0
4337,SYN000648,d3,3,179.0
4338,SYN000649,v2,1,49.0
4339,SYN000649,s5,1,199.0
4340,SYN000649,d4,3,99.0
4341,SYN000649,v1,2,89.0
4342,SYN000650,v3,3,79.0
4343,SYN000650,s4,2,299.0
4344,SYN000650,v2,1,49.0
4345,SYN000650,v4,1,39.0
4346,SYN000651,s2,1,249.0
4347,SYN000651,f5,3,99.0
4348,SYN000651,d2,2,249.0
4349,SYN000651,s1,2,399.0
4350,SYN000651,bv3,1,199.0
4351,SYN000652,d1,2,69.0
4352,SYN000652,v5,1,149.0
4353,SYN000652,s2,1,249.0
4354,SYN000652,v3,1,79.0
4355,SYN000653,f3,1,149.0
4356,SYN000653,s4,3,299.0
4357,SYN000653,bv1,1,149.0
4358,SYN000653,bv2,1,249.0
4359,SYN000653,v2,2,49.0
4360,SYN000654,v4,2,39.0
4361,SYN000654,v1,2,89.0
4362,SYN000654,v6,1,29.0
4363,SYN000654,bv4,2,349.0
4364,SYN000654,bv1,1,149.0
4365,SYN000655,d5,3,249.0
4366,SYN000655,b4,1,599.0
4367,SYN000655,d4,1,99.0
4368,SYN000656,v2,2,49.0
4369,SYN000656,s1,2,399.0
4370,SYN000656,s2,3,249.0
4371,SYN000657,s3,3,99.0
4372,SYN000657,v4,1,39.0
4373,SYN000657,d4,3,99.0
4374,SYN000657,s5,2,199.0
4375,SYN000658,s1,1,399.0
4376,SYN000658,s3,3,99.0
4377,SYN000658,v4,2,39.0
4378,SYN000658,d1,3,69.0
4379,SYN000658,bv3,2,199.0
4380,SYN000658,v6,1,29.0
4381,SYN000659,s5,2,199.0
4382,SYN000659,d2,2,249.0
4383,SYN000659,v1,3,89.0
4384,SYN000659,v3,1,79.0
4385,SYN000660,s5,3,199.0
4386,SYN000660,v3,3,79.0
4387,SYN000660,d1,1,69.0
4388,SYN000661,s1,1,399.0
4389,SYN000661,s4,2,299.0
4390,SYN000661,d5,1,249.0
4391,SYN000662,d5,1,249.0
4392,SYN000662,v5,3,149.0
4393,SYN000662,v3,2,79.0
4394,SYN000662,d1,3,69.0
4395,SYN000663,f4,2,199.0
4396,SYN000663,d3,2,179.0
4397,SYN000663,d5,2,249.0
4398,SYN000663,v4,2,39.0
4399,SYN000664,d3,1,179.0
4400,SYN000664,v3,2,79.0
4401,SYN000664,s1,2,399.0
4402,SYN000664,d2,2,249.0
4403,SYN000664,f2,1,49.0
4404,SYN000665,s1,2,399.0
4405,SYN000665,d2,2,249.0
4406,SYN000665,f1,2,249.0
4407,SYN000665,s3,1,99.0
4408,SYN000666,d2,1,249.0
4409,SYN000666,s2,2,249.0
4410,SYN000666,b2,3,249.0
4411,SYN000667,f3,1,149.0
4412,SYN000667,d1,1,69.0
4413,SYN000667,v1,2,89.0
4414,SYN000668,s4,3,299.0
4415,SYN000668,v6,2,29.0
4416,SYN000668,b5,3,299.0
4417,SYN000668,v5,1,149.0
4418,SYN000668,d1,2,69.0
4419,SYN000668,s1,3,399.0
4420,SYN000669,v1,2,89.0
4421,SYN000669,d1,3,69.0
4422,SYN000669,b2,1,249.0
4423,SYN000669,d3,1,179.0
4424,SYN000669,s5,3,199.0
4425,SYN000669,v6,3,29.0
4426,SYN000670,s5,3,199.0
4427,SYN000670,v5,1,149.0
4428,SYN000670,v4,1,39.0
4429,SYN000670,d5,3,249.0
4430,SYN000670,f3,1,149.0
4431,SYN000671,d2,1,249.0
4432,SYN000671,s5,1,199.0
4433,SYN000671,v5,3,149.0
4434,SYN000671,d1,3,69.0
4435,SYN000671,s4,2,299.0
4436,SYN000671,b5,1,299.0
4437,SYN000672,s3,1,99.0
4438,SYN000672,b4,3,599.0
4439,SYN000672,s1,3,399.0
4440,SYN000672,bv2,2,249.0
4441,SYN000672,v2,1,49.0
4442,SYN000673,v3,3,79.0
4443,SYN000673,d1,1,69.0
4444,SYN000673,s5,3,199.0
4445,SYN000674,d4,3,99.0
4446,SYN000674,d2,1,249.0
4447,SYN000674,v6,2,29.0
4448,SYN000674,f1,1,249.0
4449,SYN000674,s4,2,299.0
4450,SYN000675,v6,3,29.0
4451,SYN000675,s5,2,199.0
4452,SYN000675,s1,2,399.0
4453,SYN000675,s2,3,249.0
4454,SYN000676,d5,3,249.0
4455,SYN000676,v2,2,49.0
4456,SYN000676,s2,1,249.0
4457,SYN000677,s4,2,299.0
4458,SYN000677,d5,3,249.0
4459,SYN000677,v3,1,79.0
4460,SYN000677,v5,2,149.0
4461,SYN000677,b3,2,199.0
4462,SYN000678,s2,3,249.0
4463,SYN000678,s4,3,299.0
4464,SYN000678,d2,1,249.0
4465,SYN000678,s5,1,199.0
4466,SYN000678,d4,1,99.0
4467,SYN000678,d1,1,69.0
4468,SYN000679,v1,2,89.0
4469,SYN000679,v6,2,29.0
4470,SYN000679,s2,3,249.0
4471,SYN000679,b5,3,299.0
4472,SYN000679,bv2,3,249.0
4473,SYN000680,d3,1,179.0
4474,SYN000680,bv3,1,199.0
4475,SYN000680,f5,2,99.0
4476,SYN000680,s1,3,399.0
4477,SYN000680,v5,2,149.0
4478,SYN000681,d3,3,179.0
4479,SYN000681,v5,2,149.0
4480,SYN000681,b1,3,199.0
4481,SYN000682,v1,3,89.0
4482,SYN000682,bv1,2,149.0
4483,SYN000682,v6,2,29.0
4484,SYN000683,v1,3,89.0
4485,SYN000683,s3,3,99.0
4486,SYN000683,s5,1,199.0
4487,SYN000683,d1,2,69.0
4488,SYN000684,d4,2,99.0
4489,SYN000684,v1,1,89.0
4490,SYN000684,v2,3,49.0
4491,SYN000684,s1,3,399.0
4492,SYN000684,v3,1,79.0
4493,SYN000685,s2,2,249.0
4494,SYN000685,d5,1,249.0
4495,SYN000685,f1,2,249.0
4496,SYN000685,v2,2,49.0
4497,SYN000686,s2,1,249.0
4498,SYN000686,s1,2,399.0
4499,SYN000686,b2,3,249.0
4500,SYN000686,v3,2,79.0
4501,SYN000686,v6,1,29.0
4502,SYN000687,v1,2,89.0
4503,SYN000687,d1,1,69.0
4504,SYN000687,v2,3,49.0
4505,SYN000688,d3,3,179.0
4506,SYN000688,s1,2,399.0
4507,SYN000688,v4,2,39.0
4508,SYN000688,v2,3,49.0
4509,SYN000688,d5,2,249.0
4510,SYN000689,d5,3,249.0
4511,SYN000689,s5,3,199.0
4512,SYN000689,v5,3,149.0
4513,SYN000689,d3,3,179.0
4514,SYN000689,s2,2,249.0
4515,SYN000690,v5,1,149.0
4516,SYN000690,s5,2,199.0
4517,SYN000690,s1,3,399.0
4518,SYN000690,s3,1,99.0
4519,SYN000690,d5,3,249.0
4520,SYN000690,v3,2,79.0
4521,SYN000691,d3,2,179.0
4522,SYN000691,d5,3,249.0
4523,SYN000691,d2,2,249.0
4524,SYN000691,f4,3,199.0
4525,SYN000691,d4,1,99.0
4526,SYN000692,d2,1,249.0
4527,SYN000692,v2,3,49.0
4528,SYN000692,d1,3,69.0
4529,SYN000693,bv2,1,249.0
4530,SYN000693,b3,3,199.0
4531,SYN000693,v5,3,149.0
4532,SYN000693,d3,2,179.0
4533,SYN000693,d5,2,249.0
4534,SYN000693,v3,2,79.0
4535,SYN000694,d3,2,179.0
4536,SYN000694,s5,1,199.0
4537,SYN000694,b2,1,249.0
4538,SYN000694,d5,1,249.0
4539,SYN000694,f2,1,49.0
4540,SYN000694,d4,3,99.0
4541,SYN000695,d2,3,249.0
4542,SYN000695,d1,1,69.0
4543,SYN000695,v3,3,79.0
4544,SYN000695,d4,2,99.0
4545,SYN000695,s1,2,399.0
4546,SYN000695,d5,1,249.0
4547,SYN000696,s5,1,199.0
4548,SYN000696,v4,1,39.0
4549,SYN000696,d1,1,69.0
4550,SYN000696,s3,2,99.0
4551,SYN000697,v5,1,149.0
4552,SYN000697,s3,3,99.0
4553,SYN000697,v6,3,29.0
4554,SYN000697,s1,1,399.0
4555,SYN000698,s2,1,249.0
4556,SYN000698,v1,3,89.0
4557,SYN000698,s5,3,199.0
4558,SYN000699,s2,1,249.0
4559,SYN000699,v1,2,89.0
4560,SYN000699,d4,3,99.0
4561,SYN000699,s3,1,99.0
4562,SYN000700,d5,1,249.0
4563,SYN000700,v6,2,29.0
4564,SYN000700,v2,2,49.0
4565,SYN000700,s4,3,299.0
4566,SYN000701,s3,3,99.0
4567,SYN000701,d5,2,249.0
4568,SYN000701,d4,2,99.0
4569,SYN000701,s5,3,199.0
4570,SYN000701,d2,2,249.0
4571,SYN000702,b5,3,299.0
4572,SYN000702,d4,3,99.0
4573,SYN000702,s5,2,199.0
4574,SYN000702,v2,2,49.0
4575,SYN000703,s4,1,299.0
4576,SYN000703,v4,1,39.0
4577,SYN000703,d5,1,249.0
4578,SYN000703,d3,1,179.0
4579,SYN000703,b1,1,199.0
4580,SYN000703,s1,1,399.0
4581,SYN000704,f5,2,99.0
4582,SYN000704,v2,3,49.0
4583,SYN000704,d2,2,249.0
4584,SYN000704,s3,2,99.0
4585,SYN000705,d1,1,69.0
4586,SYN000705,s5,1,199.0
4587,SYN000705,s4,1,299.0
4588,SYN000706,b1,1,199.0
4589,SYN000706,s2,3,249.0
4590,SYN000706,d3,2,179.0
4591,SYN000706,v5,3,149.0
4592,SYN000707,s3,3,99.0
4593,SYN000707,s4,2,299.0
4594,SYN000707,d4,3,99.0
4595,SYN000707,d1,2,69.0
4596,SYN000707,v5,2,149.0
4597,SYN000708,d2,2,249.0
4598,SYN000708,d1,3,69.0
4599,SYN000708,v4,1,39.0
4600,SYN000708,s5,1,199.0
4601,SYN000708,s4,3,299.0
4602,SYN000708,v1,1,89.0
4603,SYN000709,s3,2,99.0
4604,SYN000709,d3,1,179.0
4605,SYN000709,d2,3,249.0
4606,SYN000709,d4,1,99.0
4607,SYN000709,v5,3,149.0
4608,SYN000709,d1,2,69.0
4609,SYN000710,d5,3,249.0
4610,SYN000710,d2,2,249.0
4611,SYN000710,v1,3,89.0
4612,SYN000710,s4,2,299.0
4613,SYN000710,s2,2,249.0
4614,SYN000711,d4,3,99.0
4615,SYN000711,v4,3,39.0
4616,SYN000711,v1,1,89.0
4617,SYN000711,s2,2,249.0
4618,SYN000711,s3,3,99.0
4619,SYN000712,s1,3,399.0
4620,SYN000712,s2,1,249.0
4621,SYN000712,d4,1,99.0
4622,SYN000712,bv1,3,149.0
4623,SYN000713,v5,3,149.0
4624,SYN000713,d5,1,249.0
4625,SYN000713,s3,1,99.0
4626,SYN000713,v3,2,79.0
4627,SYN000713,d4,3,99.0
4628,SYN000714,d2,1,249.0
4629,SYN000714,v2,3,49.0
4630,SYN000714,v1,1,89.0
4631,SYN000714,d1,2,69.0
4632,SYN000715,v5,3,149.0
4633,SYN000715,d4,2,99.0
4634,SYN000715,d5,2,249.0
4635,SYN000715,bv4,2,349.0
4636,SYN000716,f6,3,179.0
4637,SYN000716,s4,2,299.0
4638,SYN000716,v6,2,29.0
4639,SYN000716,v3,1,79.0
4640,SYN000716,s1,2,399.0
4641,SYN000716,f1,2,249.0
4642,SYN000717,f6,3,179.0
4643,SYN000717,v3,3,79.0
4644,SYN000717,d1,1,69.0
4645,SYN000717,d2,2,249.0
4646,SYN000717,d5,2,249.0
4647,SYN000718,f1,2,249.0
4648,SYN000718,v5,1,149.0
4649,SYN000718,v3,2,79.0
4650,SYN000719,s3,3,99.0
4651,SYN000719,s5,1,199.0
4652,SYN000719,d2,3,249.0
4653,SYN000720,d3,3,179.0
4654,SYN000720,v2,1,49.0
4655,SYN000720,s1,1,399.0
4656,SYN000720,v4,2,39.0
4657,SYN000720,s2,2,249.0
4658,SYN000721,d1,3,69.0
4659,SYN000721,v6,3,29.0
4660,SYN000721,s2,2,249.0
4661,SYN000721,d2,3,249.0
4662,SYN000721,s3,3,99.0
4663,SYN000721,v1,3,89.0
4664,SYN000722,d5,2,249.0
4665,SYN000722,bv3,3,199.0
4666,SYN000722,s3,3,99.0
4667,SYN000723,d3,2,179.0
4668,SYN000723,v3,3,79.0
4669,SYN000723,d2,1,249.0
4670,SYN000723,bv2,3,249.0
4671,SYN000723,b1,2,199.0
4672,SYN000724,d1,2,69.0
4673,SYN000724,v1,1,89.0
4674,SYN000724,b5,1,299.0
4675,SYN000724,v3,1,79.0
4676,SYN000725,s3,2,99.0
4677,SYN000725,v1,2,89.0
4678,SYN000725,d4,3,99.0
4679,SYN000726,f6,1,179.0
4680,SYN000726,s4,3,299.0
4681,SYN000726,bv2,1,249.0
4682,SYN000726,v6,3,29.0
4683,SYN000726,s1,3,399.0
4684,SYN000727,s4,3,299.0
4685,SYN000727,v2,2,49.0
4686,SYN000727,v1,3,89.0
4687,SYN000727,v5,3,149.0
4688,SYN000727,s3,2,99.0
4689,SYN000728,v4,3,39.0
4690,SYN000728,s3,1,99.0
4691,SYN000728,d5,3,249.0
4692,SYN000728,f4,3,199.0
4693,SYN000729,s3,1,99.0
4694,SYN000729,s4,3,299.0
4695,SYN000729,v4,1,39.0
4696,SYN000730,f2,1,49.0
4697,SYN000730,v4,1,39.0
4698,SYN000730,v3,3,79.0
4699,SYN000730,v6,2,29.0
4700,SYN000731,v6,2,29.0
4701,SYN000731,s4,1,299.0
4702,SYN000731,v1,3,89.0
4703,SYN000732,v4,2,39.0
4704,SYN000732,f6,1,179.0
4705,SYN000732,v2,2,49.0
4706,SYN000732,f4,1,199.0
4707,SYN000732,d1,1,69.0
4708,SYN000733,v5,1,149.0
4709,SYN000733,b4,1,599.0
4710,SYN000733,v6,1,29.0
4711,SYN000734,s1,1,399.0
4712,SYN000734,d1,2,69.0
4713,SYN000734,d2,1,249.0
4714,SYN000734,d5,1,249.0
4715,SYN000734,v3,1,79.0
4716,SYN000735,f3,1,149.0
4717,SYN000735,d4,1,99.0
4718,SYN000735,s1,3,399.0
4719,SYN000735,d2,2,249.0
4720,SYN000736,d5,3,249.0
4721,SYN000736,v5,2,149.0
4722,SYN000736,d1,1,69.0
4723,SYN000736,s4,1,299.0
4724,SYN000737,v2,1,49.0
4725,SYN000737,d4,1,99.0
4726,SYN000737,v6,3,29.0
4727,SYN000737,s3,2,99.0
4728,SYN000738,s1,3,399.0
4729,SYN000738,d3,3,179.0
4730,SYN000738,d5,1,249.0
4731,SYN000738,v6,2,29.0
4732,SYN000738,v2,3,49.0
4733,SYN000738,f2,1,49.0
4734,SYN000739,s4,1,299.0
4735,SYN000739,s5,2,199.0
4736,SYN000739,v6,2,29.0
4737,SYN000740,b5,1,299.0
4738,SYN000740,d2,1,249.0
4739,SYN000740,d4,1,99.0
4740,SYN000740,d1,3,69.0
4741,SYN000740,v2,1,49.0
4742,SYN000741,s4,1,299.0
4743,SYN000741,s2,3,249.0
4744,SYN000741,v3,3,79.0
4745,SYN000741,v5,1,149.0
4746,SYN000741,d1,1,69.0
4747,SYN000741,b1,2,199.0
4748,SYN000742,d4,3,99.0
4749,SYN000742,b5,2,299.0
4750,SYN000742,v5,3,149.0
4751,SYN000743,f3,3,149.0
4752,SYN000743,v3,3,79.0
4753,SYN000743,v2,3,49.0
4754,SYN000743,v1,2,89.0
4755,SYN000743,b3,2,199.0
4756,SYN000744,s2,2,249.0
4757,SYN000744,d3,1,179.0
4758,SYN000744,d5,3,249.0
4759,SYN000744,s3,1,99.0
4760,SYN000745,d4,3,99.0
4761,SYN000745,bv2,3,249.0
4762,SYN000745,v6,2,29.0
4763,SYN000745,v3,2,79.0
4764,SYN000746,v1,1,89.0
4765,SYN000746,b1,1,199.0
4766,SYN000746,v4,2,39.0
4767,SYN000746,s2,2,249.0
4768,SYN000746,d1,1,69.0
4769,SYN000747,d4,2,99.0
4770,SYN000747,v4,2,39.0
4771,SYN000747,d3,2,179.0
4772,SYN000747,d1,1,69.0
4773,SYN000747,f1,3,249.0
4774,SYN000748,v5,1,149.0
4775,SYN000748,v6,1,29.0
4776,SYN000748,s3,1,99.0
4777,SYN000748,v2,2,49.0
4778,SYN000748,d2,3,249.0
4779,SYN000748,s1,1,399.0
4780,SYN000749,bv2,3,249.0
4781,SYN000749,b3,3,199.0
4782,SYN000749,f5,2,99.0
4783,SYN000749,b5,3,299.0
4784,SYN000749,b4,2,599.0
4785,SYN000749,f4,3,199.0
4786,SYN000749,f2,1,49.0
4787,SYN000749,f6,2,179.0
4788,SYN000750,f4,1,199.0
4789,SYN000750,f5,2,99.0
4790,SYN000750,bv1,2,149.0
4791,SYN000750,bv4,3,349.0
4792,SYN000750,s1,3,399.0
4793,SYN000750,v1,1,89.0
4794,SYN000751,d2,1,249.0
4795,SYN000751,f5,2,99.0
4796,SYN000751,s5,1,199.0
4797,SYN000751,b1,1,199.0
4798,SYN000751,v6,3,29.0
4799,SYN000751,s3,3,99.0
4800,SYN000751,f3,1,149.0
4801,SYN000752,f4,1,199.0
4802,SYN000752,s2,3,249.0
4803,SYN000752,bv2,3,249.0
4804,SYN000752,s3,2,99.0
4805,SYN000752,b2,3,249.0
4806,SYN000752,b3,3,199.0
4807,SYN000752,f3,2,149.0
4808,SYN000753,s1,1,399.0
4809,SYN000753,b2,1,249.0
4810,SYN000753,bv4,2,349.0
4811,SYN000753,s2,2,249.0
4812,SYN000753,bv2,1,249.0
4813,SYN000753,f3,1,149.0
4814,SYN000753,f1,3,249.0
4815,SYN000754,f3,2,149.0
4816,SYN000754,b5,2,299.0
4817,SYN000754,b1,3,199.0
4818,SYN000754,s2,1,249.0
4819,SYN000754,bv4,2,349.0
4820,SYN000755,f1,1,249.0
4821,SYN000755,b2,1,249.0
4822,SYN000755,b3,2,199.0
4823,SYN000755,f6,2,179.0
4824,SYN000755,b1,1,199.0
4825,SYN000755,f3,1,149.0
4826,SYN000755,v5,3,149.0
4827,SYN000755,s5,3,199.0
4828,SYN000755,bv4,3,349.0
4829,SYN000756,d3,3,179.0
4830,SYN000756,f6,3,179.0
4831,SYN000756,s4,2,299.0
4832,SYN000756,v3,3,79.0
4833,SYN000756,bv2,3,249.0
4834,SYN000756,bv3,2,199.0
4835,SYN000757,bv4,1,349.0
4836,SYN000757,b4,1,599.0
4837,SYN000757,f6,1,179.0
4838,SYN000757,d2,3,249.0
4839,SYN000757,s5,2,199.0
4840,SYN000757,f4,3,199.0
4841,SYN000757,bv1,2,149.0
4842,SYN000757,s4,3,299.0
4843,SYN000757,f3,2,149.0
4844,SYN000758,bv1,2,149.0
4845,SYN000758,bv4,2,349.0
4846,SYN000758,s4,3,299.0
4847,SYN000758,b3,1,199.0
4848,SYN000758,s1,3,399.0
4849,SYN000758,b4,1,599.0
4850,SYN000759,bv2,1,249.0
4851,SYN000759,f1,1,249.0
4852,SYN000759,s4,2,299.0
4853,SYN000759,b2,1,249.0
4854,SYN000759,b4,3,599.0
4855,SYN000760,b2,3,249.0
4856,SYN000760,s3,1,99.0
4857,SYN000760,s2,2,249.0
4858,SYN000760,bv3,2,199.0
4859,SYN000760,b4,1,599.0
4860,SYN000760,s4,1,299.0
4861,SYN000760,f2,1,49.0
4862,SYN000760,f6,1,179.0
4863,SYN000761,s3,3,99.0
4864,SYN000761,s5,3,199.0
4865,SYN000761,bv1,1,149.0
4866,SYN000761,s4,3,299.0
4867,SYN000761,s1,3,399.0
4868,SYN000761,b3,2,199.0
4869,SYN000761,b4,1,599.0
4870,SYN000761,f2,2,49.0
4871,SYN000762,s5,2,199.0
4872,SYN000762,b1,1,199.0
4873,SYN000762,b2,1,249.0
4874,SYN000762,bv1,3,149.0
4875,SYN000762,bv2,3,249.0
4876,SYN000763,bv3,2,199.0
4877,SYN000763,s1,2,399.0
4878,SYN000763,b2,3,249.0
4879,SYN000763,f6,2,179.0
4880,SYN000763,b3,2,199.0
4881,SYN000763,bv2,1,249.0
4882,SYN000763,s2,3,249.0
4883,SYN000764,bv3,2,199.0
4884,SYN000764,b1,3,199.0
4885,SYN000764,v6,3,29.0
4886,SYN000764,b4,2,599.0
4887,SYN000764,v4,3,39.0
4888,SYN000764,s5,3,199.0
4889,SYN000764,s4,1,299.0
4890,SYN000765,s2,3,249.0
4891,SYN000765,b4,1,599.0
4892,SYN000765,f6,1,179.0
4893,SYN000765,bv2,2,249.0
4894,SYN000765,s5,1,199.0
4895,SYN000765,b5,1,299.0
4896,SYN000765,f1,2,249.0
4897,SYN000765,v1,1,89.0
4898,SYN000765,bv4,3,349.0
4899,SYN000766,f6,1,179.0
4900,SYN000766,bv4,2,349.0
4901,SYN000766,f1,1,249.0
4902,SYN000766,f3,2,149.0
4903,SYN000766,bv1,3,149.0
4904,SYN000766,d2,3,249.0
4905,SYN000766,b2,2,249.0
4906,SYN000767,s3,3,99.0
4907,SYN000767,b1,3,199.0
4908,SYN000767,bv3,1,199.0
4909,SYN000767,f3,1,149.0
4910,SYN000767,bv1,1,149.0
4911,SYN000768,b2,3,249.0
4912,SYN000768,f6,1,179.0
4913,SYN000768,d1,1,69.0
4914,SYN000768,b4,3,599.0
4915,SYN000768,bv1,3,149.0
4916,SYN000768,s5,2,199.0
4917,SYN000768,s2,1,249.0
4918,SYN000769,f6,3,179.0
4919,SYN000769,f5,1,99.0
4920,SYN000769,f1,3,249.0
4921,SYN000769,d4,3,99.0
4922,SYN000769,s3,1,99.0
4923,SYN000769,b5,3,299.0
4924,SYN000769,b3,2,199.0
4925,SYN000769,s2,1,249.0
4926,SYN000770,f4,2,199.0
4927,SYN000770,b5,3,299.0
4928,SYN000770,s1,1,399.0
4929,SYN000770,b3,1,199.0
4930,SYN000770,f1,2,249.0
4931,SYN000770,bv2,2,249.0
4932,SYN000770,b1,1,199.0
4933,SYN000770,bv3,1,199.0
4934,SYN000771,d1,3,69.0
4935,SYN000771,s1,1,399.0
4936,SYN000771,b2,1,249.0
4937,SYN000771,bv3,2,199.0
4938,SYN000771,b5,3,299.0
4939,SYN000771,f1,2,249.0
4940,SYN000771,b3,1,199.0
4941,SYN000771,f4,2,199.0
4942,SYN000771,bv2,2,249.0
4943,SYN000771,s2,1,249.0
4944,SYN000772,bv3,2,199.0
4945,SYN000772,f4,1,199.0
4946,SYN000772,f5,1,99.0
4947,SYN000772,s4,2,299.0
4948,SYN000772,d5,1,249.0
4949,SYN000773,v3,3,79.0
4950,SYN000773,b1,2,199.0
4951,SYN000773,f4,1,199.0
4952,SYN000773,s2,2,249.0
4953,SYN000773,f6,3,179.0
4954,SYN000773,f1,2,249.0
4955,SYN000773,bv2,3,249.0
4956,SYN000773,s1,2,399.0
4957,SYN000773,b3,2,199.0
4958,SYN000774,s4,1,299.0
4959,SYN000774,s3,1,99.0
4960,SYN000774,bv2,2,249.0
4961,SYN000774,f2,1,49.0
4962,SYN000774,f3,1,149.0
4963,SYN000774,bv1,3,149.0
4964,SYN000774,b1,1,199.0
4965,SYN000775,bv4,2,349.0
4966,SYN000775,bv3,1,199.0
4967,SYN000775,s2,1,249.0
4968,SYN000775,b1,1,199.0
4969,SYN000775,v6,3,29.0
4970,SYN000775,s4,3,299.0
4971,SYN000775,bv1,2,149.0
4972,SYN000776,f4,3,199.0
4973,SYN000776,s1,2,399.0
4974,SYN000776,f5,1,99.0
4975,SYN000776,bv1,1,149.0
4976,SYN000776,b5,1,299.0
4977,SYN000776,bv3,1,199.0
4978,SYN000776,s3,3,99.0
4979,SYN000776,b3,1,199.0
4980,SYN000777,b1,2,199.0
4981,SYN000777,s1,1,399.0
4982,SYN000777,v4,2,39.0
4983,SYN000777,f4,3,199.0
4984,SYN000777,bv1,1,149.0
4985,SYN000777,v1,1,89.0
4986,SYN000777,f2,3,49.0
4987,SYN000777,s2,2,249.0
4988,SYN000777,d1,1,69.0
4989,SYN000777,s5,3,199.0
4990,SYN000778,bv4,2,349.0
4991,SYN000778,bv1,2,149.0
4992,SYN000778,f4,2,199.0
4993,SYN000778,f6,2,179.0
4994,SYN000778,v3,1,79.0
4995,SYN000778,bv2,1,249.0
4996,SYN000778,bv3,3,199.0
4997,SYN000778,d1,2,69.0
4998,SYN000778,s1,1,399.0
4999,SYN000779,b1,2,199.0
5000,SYN000779,f4,1,199.0
5001,SYN000779,b2,1,249.0
5002,SYN000779,bv2,1,249.0
5003,SYN000779,v6,1,29.0
5004,SYN000779,d4,1,99.0
5005,SYN000779,b4,1,599.0
5006,SYN000779,v2,1,49.0
5007,SYN000780,f4,3,199.0
5008,SYN000780,b2,3,249.0
5009,SYN000780,bv1,3,149.0
5010,SYN000780,b4,1,599.0
5011,SYN000780,f6,2,179.0
5012,SYN000780,b1,3,199.0
5013,SYN000780,s2,3,249.0
5014,SYN000780,f2,2,49.0
5015,SYN000781,d4,1,99.0
5016,SYN000781,s2,2,249.0
5017,SYN000781,f3,3,149.0
5018,SYN000781,b2,1,249.0
5019,SYN000781,s4,3,299.0
5020,SYN000781,f5,2,99.0
5021,SYN000781,f1,2,249.0
5022,SYN000781,bv1,1,149.0
5023,SYN000782,f1,1,249.0
5024,SYN000782,bv2,2,249.0
5025,SYN000782,f2,3,49.0
5026,SYN000782,s3,3,99.0
5027,SYN000782,d2,1,249.0
5028,SYN000782,b1,1,199.0
5029,SYN000782,f3,2,149.0
5030,SYN000782,f4,1,199.0
5031,SYN000783,s4,2,299.0
5032,SYN000783,bv2,3,249.0
5033,SYN000783,b4,3,599.0
5034,SYN000783,b2,2,249.0
5035,SYN000783,b3,2,199.0
5036,SYN000784,b4,2,599.0
5037,SYN000784,d2,2,249.0
5038,SYN000784,f4,1,199.0
5039,SYN000784,d5,2,249.0
5040,SYN000784,b1,1,199.0
5041,SYN000785,s4,3,299.0
5042,SYN000785,f1,1,249.0
5043,SYN000785,f5,1,99.0
5044,SYN000785,bv2,1,249.0
5045,SYN000785,b4,3,599.0
5046,SYN000785,f6,2,179.0
5047,SYN000785,f2,2,49.0
5048,SYN000785,d3,1,179.0
5049,SYN000785,s3,2,99.0
5050,SYN000785,b2,1,249.0
5051,SYN000786,s1,1,399.0
5052,SYN000786,f4,3,199.0
5053,SYN000786,bv4,1,349.0
5054,SYN000786,b3,1,199.0
5055,SYN000786,f1,2,249.0
5056,SYN000786,b2,1,249.0
5057,SYN000786,v1,3,89.0
5058,SYN000786,f2,1,49.0
5059,SYN000787,b3,1,199.0
5060,SYN000787,f1,2,249.0
5061,SYN000787,s1,3,399.0
5062,SYN000787,v1,2,89.0
5063,SYN000787,f6,1,179.0
5064,SYN000787,b5,2,299.0
5065,SYN000787,b2,3,249.0
5066,SYN000787,bv4,1,349.0
5067,SYN000787,bv3,2,199.0
5068,SYN000787,d3,1,179.0
5069,SYN000788,d2,2,249.0
5070,SYN000788,bv4,3,349.0
5071,SYN000788,s2,3,249.0
5072,SYN000788,f6,1,179.0
5073,SYN000788,s4,2,299.0
5074,SYN000788,bv1,3,149.0
5075,SYN000789,bv2,2,249.0
5076,SYN000789,s2,3,249.0
5077,SYN000789,bv3,1,199.0
5078,SYN000789,f4,2,199.0
5079,SYN000789,f1,2,249.0
5080,SYN000789,b2,3,249.0
5081,SYN000789,f3,1,149.0
5082,SYN000789,f6,1,179.0
5083,SYN000789,bv1,3,149.0
5084,SYN000789,s1,1,399.0
5085,SYN000790,s3,1,99.0
5086,SYN000790,d5,2,249.0
5087,SYN000790,s2,3,249.0
5088,SYN000790,v6,2,29.0
5089,SYN000790,f1,3,249.0
5090,SYN000790,s5,1,199.0
5091,SYN000790,d4,1,99.0
5092,SYN000790,s1,3,399.0
5093,SYN000790,f2,3,49.0
5094,SYN000791,b4,1,599.0
5095,SYN000791,s3,3,99.0
5096,SYN000791,b5,1,299.0
5097,SYN000791,b2,1,249.0
5098,SYN000791,f4,2,199.0
5099,SYN000791,v1,1,89.0
5100,SYN000791,b3,3,199.0
5101,SYN000791,f2,1,49.0
5102,SYN000791,f5,1,99.0
5103,SYN000791,f1,1,249.0
5104,SYN000792,bv2,3,249.0
5105,SYN000792,s2,3,249.0
5106,SYN000792,bv3,2,199.0
5107,SYN000792,f4,1,199.0
5108,SYN000792,s5,3,199.0
5109,SYN000792,d1,2,69.0
5110,SYN000792,s1,1,399.0
5111,SYN000792,f6,2,179.0
5112,SYN000793,v6,2,29.0
5113,SYN000793,f5,3,99.0
5114,SYN000793,bv2,3,249.0
5115,SYN000793,s3,3,99.0
5116,SYN000793,f2,3,49.0
5117,SYN000793,f1,2,249.0
5118,SYN000793,b3,2,199.0
5119,SYN000794,d5,2,249.0
5120,SYN000794,s4,2,299.0
5121,SYN000794,f6,2,179.0
5122,SYN000794,bv1,1,149.0
5123,SYN000794,f2,2,49.0
5124,SYN000794,v6,1,29.0
5125,SYN000794,f3,2,149.0
5126,SYN000794,s3,3,99.0
5127,SYN000794,s1,2,399.0
5128,SYN000795,b5,3,299.0
5129,SYN000795,s5,1,199.0
5130,SYN000795,f5,2,99.0
5131,SYN000795,v3,3,79.0
5132,SYN000795,d5,2,249.0
5133,SYN000795,f1,2,249.0
5134,SYN000795,s1,3,399.0
5135,SYN000795,b2,1,249.0
5136,SYN000795,bv3,1,199.0
5137,SYN000795,d2,2,249.0
5138,SYN000796,s1,3,399.0
5139,SYN000796,s5,2,199.0
5140,SYN000796,bv4,3,349.0
5141,SYN000796,f4,2,199.0
5142,SYN000796,d2,3,249.0
5143,SYN000796,bv3,1,199.0
5144,SYN000796,s4,1,299.0
5145,SYN000796,s2,2,249.0
5146,SYN000796,f1,1,249.0
5147,SYN000796,f3,1,149.0
5148,SYN000797,s5,2,199.0
5149,SYN000797,f4,1,199.0
5150,SYN000797,f6,1,179.0
5151,SYN000797,b4,1,599.0
5152,SYN000797,f3,1,149.0
5153,SYN000797,v1,3,89.0
5154,SYN000797,s2,3,249.0
5155,SYN000797,bv3,3,199.0
5156,SYN000797,f1,2,249.0
5157,SYN000797,s1,1,399.0
5158,SYN000798,s3,1,99.0
5159,SYN000798,b1,2,199.0
5160,SYN000798,b4,1,599.0
5161,SYN000798,v6,2,29.0
5162,SYN000798,b5,2,299.0
5163,SYN000798,s1,1,399.0
5164,SYN000799,f3,2,149.0
5165,SYN000799,bv1,2,149.0
5166,SYN000799,bv2,1,249.0
5167,SYN000799,bv3,3,199.0
5168,SYN000799,f1,1,249.0
5169,SYN000800,b1,3,199.0
5170,SYN000800,bv4,3,349.0
5171,SYN000800,b4,2,599.0
5172,SYN000800,s5,3,199.0
5173,SYN000800,f1,2,249.0
5174,SYN000800,s2,2,249.0
5175,SYN000800,v1,3,89.0
5176,SYN000800,bv2,1,249.0
5177,SYN000800,s3,2,99.0
5178,SYN000800,f4,2,199.0
5179,SYN000801,bv2,1,249.0
5180,SYN000801,b2,1,249.0
5181,SYN000801,f6,1,179.0
5182,SYN000801,s2,2,249.0
5183,SYN000801,s1,2,399.0
5184,SYN000802,b3,1,199.0
5185,SYN000802,s2,1,249.0
5186,SYN000802,s3,2,99.0
5187,SYN000802,f6,3,179.0
5188,SYN000802,b2,1,249.0
5189,SYN000802,f4,3,199.0
5190,SYN000802,f5,1,99.0
5191,SYN000802,s5,1,199.0
5192,SYN000802,b1,1,199.0
5193,SYN000803,s1,3,399.0
5194,SYN000803,d5,2,249.0
5195,SYN000803,s5,2,199.0
5196,SYN000803,v2,3,49.0
5197,SYN000803,bv1,2,149.0
5198,SYN000803,bv2,1,249.0
5199,SYN000803,b1,3,199.0
5200,SYN000803,f6,1,179.0
5201,SYN000803,bv4,1,349.0
5202,SYN000803,b4,2,599.0
5203,SYN000804,f6,2,179.0
5204,SYN000804,s3,3,99.0
5205,SYN000804,d4,3,99.0
5206,SYN000804,bv4,2,349.0
5207,SYN000804,f2,3,49.0
5208,SYN000805,d4,2,99.0
5209,SYN000805,s1,2,399.0
5210,SYN000805,f2,2,49.0
5211,SYN000805,bv4,3,349.0
5212,SYN000805,bv2,1,249.0
5213,SYN000805,b4,1,599.0
5214,SYN000806,s3,3,99.0
5215,SYN000806,s2,3,249.0
5216,SYN000806,f3,1,149.0
5217,SYN000806,f2,1,49.0
5218,SYN000806,v4,3,39.0
5219,SYN000806,bv4,3,349.0
5220,SYN000806,s1,3,399.0
5221,SYN000807,f4,2,199.0
5222,SYN000807,bv2,2,249.0
5223,SYN000807,b1,3,199.0
5224,SYN000807,f1,1,249.0
5225,SYN000807,bv4,3,349.0
5226,SYN000807,f2,3,49.0
5227,SYN000807,s1,1,399.0
5228,SYN000807,f3,1,149.0
5229,SYN000807,v1,3,89.0
5230,SYN000808,b4,3,599.0
5231,SYN000808,bv3,2,199.0
5232,SYN000808,b1,2,199.0
5233,SYN000808,v6,2,29.0
5234,SYN000808,s4,3,299.0
5235,SYN000808,v3,3,79.0
5236,SYN000808,f6,3,179.0
5237,SYN000808,f3,3,149.0
5238,SYN000809,f6,3,179.0
5239,SYN000809,f5,2,99.0
5240,SYN000809,bv4,3,349.0
5241,SYN000809,bv3,2,199.0
5242,SYN000809,v1,1,89.0
5243,SYN000809,b2,3,249.0
5244,SYN000810,f1,2,249.0
5245,SYN000810,b4,3,599.0
5246,SYN000810,f2,1,49.0
5247,SYN000810,s4,1,299.0
5248,SYN000810,b5,2,299.0
5249,SYN000810,f3,2,149.0
5250,SYN000810,b3,1,199.0
5251,SYN000810,f4,1,199.0
5252,SYN000811,b3,3,199.0
5253,SYN000811,b2,1,249.0
5254,SYN000811,bv3,3,199.0
5255,SYN000811,f5,1,99.0
5256,SYN000811,s5,1,199.0
5257,SYN000811,f1,2,249.0
5258,SYN000812,b5,1,299.0
5259,SYN000812,bv3,1,199.0
5260,SYN000812,d5,1,249.0
5261,SYN000812,s4,3,299.0
5262,SYN000812,f5,2,99.0
5263,SYN000812,d1,2,69.0
5264,SYN000813,f1,2,249.0
5265,SYN000813,bv2,2,249.0
5266,SYN000813,f5,2,99.0
5267,SYN000813,v4,1,39.0
5268,SYN000813,d3,3,179.0
5269,SYN000813,s5,1,199.0
5270,SYN000813,d5,1,249.0
5271,SYN000813,s3,3,99.0
5272,SYN000814,bv4,2,349.0
5273,SYN000814,s1,3,399.0
5274,SYN000814,b1,1,199.0
5275,SYN000814,d5,2,249.0
5276,SYN000814,b3,1,199.0
5277,SYN000814,f4,3,199.0
5278,SYN000815,f6,2,179.0
5279,SYN000815,bv2,1,249.0
5280,SYN000815,bv1,3,149.0
5281,SYN000815,b3,1,199.0
5282,SYN000815,s5,1,199.0
5283,SYN000816,b1,3,199.0
5284,SYN000816,b3,2,199.0
5285,SYN000816,s1,1,399.0
5286,SYN000816,b4,1,599.0
5287,SYN000816,f4,3,199.0
5288,SYN000816,f3,3,149.0
5289,SYN000816,f2,3,49.0
5290,SYN000816,v4,3,39.0
5291,SYN000817,bv3,1,199.0
5292,SYN000817,s2,1,249.0
5293,SYN000817,b4,1,599.0
5294,SYN000817,f6,2,179.0
5295,SYN000817,f2,1,49.0
5296,SYN000817,v4,2,39.0
5297,SYN000817,f3,3,149.0
5298,SYN000817,d2,3,249.0
5299,SYN000818,f5,2,99.0
5300,SYN000818,bv3,3,199.0
5301,SYN000818,b2,1,249.0
5302,SYN000818,s1,2,399.0
5303,SYN000818,bv2,2,249.0
5304,SYN000818,b5,2,299.0
5305,SYN000818,f6,2,179.0
5306,SYN000818,s2,1,249.0
5307,SYN000818,s4,2,299.0
5308,SYN000818,d3,1,179.0
5309,SYN000819,bv1,1,149.0
5310,SYN000819,f1,3,249.0
5311,SYN000819,v2,2,49.0
5312,SYN000819,bv4,1,349.0
5313,SYN000819,b3,1,199.0
5314,SYN000819,f2,2,49.0
5315,SYN000819,s2,2,249.0
5316,SYN000819,b2,3,249.0
5317,SYN000820,v2,2,49.0
5318,SYN000820,s2,1,249.0
5319,SYN000820,b5,1,299.0
5320,SYN000820,b4,2,599.0
5321,SYN000820,b2,2,249.0
5322,SYN000820,bv4,2,349.0
5323,SYN000820,bv3,2,199.0
5324,SYN000820,f1,3,249.0
5325,SYN000821,b4,1,599.0
5326,SYN000821,bv4,1,349.0
5327,SYN000821,b3,2,199.0
5328,SYN000821,v4,3,39.0
5329,SYN000821,s4,1,299.0
5330,SYN000821,b1,1,199.0
5331,SYN000821,bv3,3,199.0
5332,SYN000821,f5,2,99.0
5333,SYN000821,f2,2,49.0
5334,SYN000822,b1,3,199.0
5335,SYN000822,s4,2,299.0
5336,SYN000822,s3,3,99.0
5337,SYN000822,b4,3,599.0
5338,SYN000822,f4,1,199.0
5339,SYN000822,d3,1,179.0
5340,SYN000822,b2,1,249.0
5341,SYN000822,bv2,3,249.0
5342,SYN000822,f2,1,49.0
5343,SYN000823,b5,3,299.0
5344,SYN000823,s1,1,399.0
5345,SYN000823,b1,2,199.0
5346,SYN000823,b3,1,199.0
5347,SYN000823,s3,2,99.0
5348,SYN000824,s5,3,199.0
5349,SYN000824,f5,3,99.0
5350,SYN000824,f4,1,199.0
5351,SYN000824,f3,2,149.0
5352,SYN000824,f1,2,249.0
5353,SYN000824,s4,2,299.0
5354,SYN000824,b5,1,299.0
5355,SYN000824,s2,2,249.0
5356,SYN000825,b4,1,599.0
5357,SYN000825,s5,3,199.0
5358,SYN000825,s4,2,299.0
5359,SYN000825,s1,1,399.0
5360,SYN000825,v3,1,79.0
5361,SYN000825,f5,2,99.0
5362,SYN000825,d2,1,249.0
5363,SYN000825,f1,1,249.0
5364,SYN000826,f2,2,49.0
5365,SYN000826,s3,1,99.0
5366,SYN000826,b2,2,249.0
5367,SYN000826,b4,1,599.0
5368,SYN000826,f5,2,99.0
5369,SYN000827,s4,3,299.0
5370,SYN000827,s1,3,399.0
5371,SYN000827,f2,1,49.0
5372,SYN000827,s5,2,199.0
5373,SYN000827,f4,3,199.0
5374,SYN000827,bv3,2,199.0
5375,SYN000827,bv1,3,149.0
5376,SYN000828,v2,1,49.0
5377,SYN000828,bv2,1,249.0
5378,SYN000828,s3,3,99.0
5379,SYN000828,v3,2,79.0
5380,SYN000828,d4,3,99.0
5381,SYN000828,s5,2,199.0
5382,SYN000828,s2,2,249.0
5383,SYN000828,v4,2,39.0
5384,SYN000828,v5,2,149.0
5385,SYN000828,d2,2,249.0
5386,SYN000828,b2,2,249.0
5387,SYN000828,v6,3,29.0
5388,SYN000828,s1,1,399.0
5389,SYN000828,d1,1,69.0
5390,SYN000828,d3,2,179.0
5391,SYN000829,s1,3,399.0
5392,SYN000829,v1,1,89.0
5393,SYN000829,d1,3,69.0
5394,SYN000829,d4,1,99.0
5395,SYN000829,v4,1,39.0
5396,SYN000829,d2,1,249.0
5397,SYN000829,bv1,1,149.0
5398,SYN000829,b3,2,199.0
5399,SYN000829,s4,3,299.0
5400,SYN000829,d5,3,249.0
5401,SYN000829,bv3,2,199.0
5402,SYN000830,f2,1,49.0
5403,SYN000830,bv4,1,349.0
5404,SYN000830,bv2,1,249.0
5405,SYN000830,d3,1,179.0
5406,SYN000830,s2,1,249.0
5407,SYN000830,s5,1,199.0
5408,SYN000830,v5,2,149.0
5409,SYN000830,s3,1,99.0
5410,SYN000830,d4,3,99.0
5411,SYN000830,d5,1,249.0
5412,SYN000830,f4,1,199.0
5413,SYN000830,v3,2,79.0
5414,SYN000830,d1,1,69.0
5415,SYN000830,s4,3,299.0
5416,SYN000831,s3,1,99.0
5417,SYN000831,d4,3,99.0
5418,SYN000831,f1,3,249.0
5419,SYN000831,s2,2,249.0
5420,SYN000831,bv1,2,149.0
5421,SYN000831,v1,1,89.0
5422,SYN000831,v5,2,149.0
5423,SYN000831,s5,1,199.0
5424,SYN000831,bv2,3,249.0
5425,SYN000831,f6,3,179.0
5426,SYN000832,s5,1,199.0
5427,SYN000832,v2,2,49.0
5428,SYN000832,bv3,1,199.0
5429,SYN000832,s3,3,99.0
5430,SYN000832,v1,1,89.0
5431,SYN000832,b2,1,249.0
5432,SYN000832,b5,1,299.0
5433,SYN000832,bv4,2,349.0
5434,SYN000832,s1,3,399.0
5435,SYN000833,bv1,1,149.0
5436,SYN000833,d5,2,249.0
5437,SYN000833,f3,1,149.0
5438,SYN000833,s4,3,299.0
5439,SYN000833,s5,1,199.0
5440,SYN000833,s3,1,99.0
5441,SYN000833,s1,3,399.0
5442,SYN000833,bv2,1,249.0
5443,SYN000833,bv4,3,349.0
5444,SYN000833,v6,1,29.0
5445,SYN000833,v4,3,39.0
5446,SYN000833,v2,2,49.0
5447,SYN000833,b5,2,299.0
5448,SYN000833,f2,1,49.0
5449,SYN000833,v1,1,89.0
5450,SYN000834,bv2,1,249.0
5451,SYN000834,v1,3,89.0
5452,SYN000834,f5,2,99.0
5453,SYN000834,v5,2,149.0
5454,SYN000834,d3,1,179.0
5455,SYN000834,v3,3,79.0
5456,SYN000834,b1,1,199.0
5457,SYN000834,d5,1,249.0
5458,SYN000835,d4,3,99.0
5459,SYN000835,s2,1,249.0
5460,SYN000835,bv2,3,249.0
5461,SYN000835,v2,1,49.0
5462,SYN000835,d2,2,249.0
5463,SYN000835,s3,3,99.0
5464,SYN000835,s1,2,399.0
5465,SYN000835,d1,1,69.0
5466,SYN000835,v6,2,29.0
5467,SYN000835,f6,3,179.0
5468,SYN000835,v4,3,39.0
5469,SYN000835,b4,1,599.0
5470,SYN000835,b3,2,199.0
5471,SYN000835,s5,2,199.0
5472,SYN000835,v5,2,149.0
5473,SYN000836,d5,3,249.0
5474,SYN000836,d2,1,249.0
5475,SYN000836,s2,3,249.0
5476,SYN000836,bv1,3,149.0
5477,SYN000836,v5,3,149.0
5478,SYN000836,s4,2,299.0
5479,SYN000836,b1,1,199.0
5480,SYN000836,bv3,3,199.0
5481,SYN000836,f4,1,199.0
5482,SYN000837,b4,3,599.0
5483,SYN000837,v2,2,49.0
5484,SYN000837,f6,3,179.0
5485,SYN000837,bv3,3,199.0
5486,SYN000837,d5,2,249.0
5487,SYN000837,v6,3,29.0
5488,SYN000837,s4,1,299.0
5489,SYN000837,bv1,3,149.0
5490,SYN000837,s2,3,249.0
5491,SYN000837,s5,3,199.0
5492,SYN000837,s1,3,399.0
5493,SYN000837,v4,1,39.0
5494,SYN000838,d1,3,69.0
5495,SYN000838,s4,1,299.0
5496,SYN000838,d4,3,99.0
5497,SYN000838,v2,3,49.0
5498,SYN000838,d3,1,179.0
5499,SYN000838,v1,1,89.0
5500,SYN000838,s1,3,399.0
5501,SYN000838,bv1,2,149.0
5502,SYN000838,v5,2,149.0
5503,SYN000838,d5,3,249.0
5504,SYN000838,f4,1,199.0
5505,SYN000838,v6,2,29.0
5506,SYN000838,s5,1,199.0
5507,SYN000838,f2,2,49.0
5508,SYN000838,bv2,2,249.0
5509,SYN000839,s1,3,399.0
5510,SYN000839,v6,1,29.0
5511,SYN000839,v5,2,149.0
5512,SYN000839,d3,3,179.0
5513,SYN000839,v1,2,89.0
5514,SYN000839,f6,1,179.0
5515,SYN000839,s4,3,299.0
5516,SYN000839,bv4,3,349.0
5517,SYN000839,v4,3,39.0
5518,SYN000840,b5,2,299.0
5519,SYN000840,d2,1,249.0
5520,SYN000840,v2,3,49.0
5521,SYN000840,s3,1,99.0
5522,SYN000840,f4,2,199.0
5523,SYN000840,b1,2,199.0
5524,SYN000840,s5,2,199.0
5525,SYN000840,v3,1,79.0
5526,SYN000840,bv1,1,149.0
5527,SYN000840,f5,2,99.0
5528,SYN000840,v4,2,39.0
5529,SYN000840,bv3,1,199.0
5530,SYN000840,d4,1,99.0
5531,SYN000840,f6,3,179.0
5532,SYN000840,v1,2,89.0
5533,SYN000841,d5,3,249.0
5534,SYN000841,d4,2,99.0
5535,SYN000841,v1,2,89.0
5536,SYN000841,v3,2,79.0
5537,SYN000841,v2,3,49.0
5538,SYN000841,s2,3,249.0
5539,SYN000841,bv4,2,349.0
5540,SYN000841,s3,3,99.0
5541,SYN000841,bv3,3,199.0
5542,SYN000841,s4,3,299.0
5543,SYN000841,v4,1,39.0
5544,SYN000841,s5,1,199.0
5545,SYN000842,v3,1,79.0
5546,SYN000842,bv1,3,149.0
5547,SYN000842,d1,2,69.0
5548,SYN000842,s5,2,199.0
5549,SYN000842,d4,3,99.0
5550,SYN000842,v2,2,49.0
5551,SYN000842,s1,3,399.0
5552,SYN000842,f3,1,149.0
5553,SYN000842,s2,1,249.0
5554,SYN000842,bv4,2,349.0
5555,SYN000842,v4,2,39.0
5556,SYN000842,v1,3,89.0
5557,SYN000842,s4,2,299.0
5558,SYN000842,d5,2,249.0
5559,SYN000843,s1,1,399.0
5560,SYN000843,s5,3,199.0
5561,SYN000843,bv3,3,199.0
5562,SYN000843,v1,1,89.0
5563,SYN000843,s2,3,249.0
5564,SYN000843,s4,2,299.0
5565,SYN000843,v4,2,39.0
5566,SYN000843,b4,3,599.0
5567,SYN000843,v6,2,29.0
5568,SYN000843,d1,3,69.0
5569,SYN000843,f5,3,99.0
5570,SYN000844,s1,1,399.0
5571,SYN000844,s4,2,299.0
5572,SYN000844,s2,2,249.0
5573,SYN000844,v6,1,29.0
5574,SYN000844,d3,2,179.0
5575,SYN000844,f4,2,199.0
5576,SYN000844,v5,3,149.0
5577,SYN000844,s5,2,199.0
5578,SYN000844,v2,1,49.0
5579,SYN000844,bv4,2,349.0
5580,SYN000844,v3,1,79.0
5581,SYN000844,d4,3,99.0
5582,SYN000844,bv1,2,149.0
5583,SYN000845,v4,2,39.0
5584,SYN000845,b2,1,249.0
5585,SYN000845,s4,3,299.0
5586,SYN000845,bv2,1,249.0
5587,SYN000845,s5,3,199.0
5588,SYN000845,v2,2,49.0
5589,SYN000845,f6,3,179.0
5590,SYN000845,v3,3,79.0
5591,SYN000845,d3,1,179.0
5592,SYN000845,bv1,3,149.0
5593,SYN000845,d5,1,249.0
5594,SYN000845,s1,3,399.0
5595,SYN000845,d2,2,249.0
5596,SYN000845,s2,3,249.0
5597,SYN000846,s2,1,249.0
5598,SYN000846,v3,1,79.0
5599,SYN000846,bv4,2,349.0
5600,SYN000846,b2,3,249.0
5601,SYN000846,b1,1,199.0
5602,SYN000846,v4,1,39.0
5603,SYN000846,s3,1,99.0
5604,SYN000846,v6,1,29.0
5605,SYN000846,s1,2,399.0
5606,SYN000846,d1,2,69.0
5607,SYN000847,v5,1,149.0
5608,SYN000847,v2,1,49.0
5609,SYN000847,bv1,2,149.0
5610,SYN000847,v4,2,39.0
5611,SYN000847,v3,1,79.0
5612,SYN000847,bv2,1,249.0
5613,SYN000847,b1,3,199.0
5614,SYN000847,v6,2,29.0
5615,SYN000847,bv4,2,349.0
5616,SYN000848,s3,2,99.0
5617,SYN000848,v4,1,39.0
5618,SYN000848,s5,1,199.0
5619,SYN000848,d2,2,249.0
5620,SYN000848,v5,3,149.0
5621,SYN000848,d3,3,179.0
5622,SYN000848,b4,3,599.0
5623,SYN000848,v2,3,49.0
5624,SYN000848,v1,2,89.0
5625,SYN000848,bv2,2,249.0
5626,SYN000848,v6,3,29.0
5627,SYN000849,f5,1,99.0
5628,SYN000849,b1,1,199.0
5629,SYN000849,d2,1,249.0
5630,SYN000849,v3,1,79.0
5631,SYN000849,f6,2,179.0
5632,SYN000849,b4,1,599.0
5633,SYN000849,s2,1,249.0
5634,SYN000849,d5,2,249.0
5635,SYN000849,s1,3,399.0
5636,SYN000849,d4,3,99.0
5637,SYN000849,s5,3,199.0
5638,SYN000850,s2,2,249.0
5639,SYN000850,bv2,1,249.0
5640,SYN000850,bv3,1,199.0
5641,SYN000850,v1,2,89.0
5642,SYN000850,v5,2,149.0
5643,SYN000850,v6,3,29.0
5644,SYN000850,v3,3,79.0
5645,SYN000850,v2,1,49.0
5646,SYN000851,v4,1,39.0
5647,SYN000851,b3,1,199.0
5648,SYN000851,d4,3,99.0
5649,SYN000851,v3,2,79.0
5650,SYN000851,s4,3,299.0
5651,SYN000851,d3,2,179.0
5652,SYN000851,v1,1,89.0
5653,SYN000851,bv1,2,149.0
5654,SYN000851,v5,3,149.0
5655,SYN000851,b5,2,299.0
5656,SYN000852,v6,1,29.0
5657,SYN000852,bv1,3,149.0
5658,SYN000852,s1,3,399.0
5659,SYN000852,s4,1,299.0
5660,SYN000852,v4,2,39.0
5661,SYN000852,s3,1,99.0
5662,SYN000852,bv2,2,249.0
5663,SYN000852,v1,1,89.0
5664,SYN000852,s2,3,249.0
5665,SYN000852,f4,1,199.0
5666,SYN000852,d5,1,249.0
5667,SYN000852,v3,2,79.0
5668,SYN000852,bv4,1,349.0
5669,SYN000852,d2,1,249.0
5670,SYN000852,d4,3,99.0
5671,SYN000853,f2,1,49.0
5672,SYN000853,v2,1,49.0
5673,SYN000853,f4,2,199.0
5674,SYN000853,v5,3,149.0
5675,SYN000853,v4,3,39.0
5676,SYN000853,d5,3,249.0
5677,SYN000853,bv3,3,199.0
5678,SYN000853,b5,1,299.0
5679,SYN000853,s5,3,199.0
5680,SYN000853,v3,3,79.0
5681,SYN000853,b2,1,249.0
5682,SYN000853,v6,2,29.0
5683,SYN000853,bv1,3,149.0
5684,SYN000853,bv4,2,349.0
5685,SYN000854,bv3,2,199.0
5686,SYN000854,s2,3,249.0
5687,SYN000854,d3,1,179.0
5688,SYN000854,s3,1,99.0
5689,SYN000854,d5,1,249.0
5690,SYN000854,v3,3,79.0
5691,SYN000854,s4,3,299.0
5692,SYN000854,v2,1,49.0
5693,SYN000855,s3,3,99.0
5694,SYN000855,bv2,3,249.0
5695,SYN000855,d1,2,69.0
5696,SYN000855,s2,1,249.0
5697,SYN000855,s1,2,399.0
5698,SYN000855,bv4,2,349.0
5699,SYN000855,s4,3,299.0
5700,SYN000855,v4,2,39.0
5701,SYN000855,bv3,1,199.0
5702,SYN000855,d3,2,179.0
5703,SYN000855,v2,2,49.0
5704,SYN000855,b2,1,249.0
5705,SYN000856,s2,3,249.0
5706,SYN000856,s3,3,99.0
5707,SYN000856,v6,1,29.0
5708,SYN000856,v2,2,49.0
5709,SYN000856,bv1,2,149.0
5710,SYN000856,s4,2,299.0
5711,SYN000856,d4,2,99.0
5712,SYN000856,bv2,2,249.0
5713,SYN000856,b1,3,199.0
5714,SYN000856,v5,3,149.0
5715,SYN000856,d2,3,249.0
5716,SYN000856,bv3,2,199.0
5717,SYN000857,v5,2,149.0
5718,SYN000857,s3,3,99.0
5719,SYN000857,v6,3,29.0
5720,SYN000857,bv3,2,199.0
5721,SYN000857,d1,3,69.0
5722,SYN000857,v1,1,89.0
5723,SYN000857,d3,3,179.0
5724,SYN000857,bv4,3,349.0
5725,SYN000857,s4,1,299.0
5726,SYN000858,v4,1,39.0
5727,SYN000858,s5,1,199.0
5728,SYN000858,b1,1,199.0
5729,SYN000858,d1,1,69.0
5730,SYN000858,d5,2,249.0
5731,SYN000858,bv3,3,199.0
5732,SYN000858,v1,2,89.0
5733,SYN000858,bv1,3,149.0
5734,SYN000858,b3,1,199.0
5735,SYN000858,d2,1,249.0
5736,SYN000858,bv2,3,249.0
5737,SYN000858,d3,2,179.0
5738,SYN000858,v3,3,79.0
5739,SYN000859,v2,1,49.0
5740,SYN000859,d4,2,99.0
5741,SYN000859,s4,2,299.0
5742,SYN000859,d5,1,249.0
5743,SYN000859,v5,3,149.0
5744,SYN000859,bv3,1,199.0
5745,SYN000859,v1,3,89.0
5746,SYN000859,bv4,3,349.0
5747,SYN000859,s3,1,99.0
5748,SYN000859,v4,1,39.0
5749,SYN000859,bv1,1,149.0
5750,SYN000859,s2,3,249.0
5751,SYN000859,s5,1,199.0
5752,SYN000860,bv3,1,199.0
5753,SYN000860,s3,2,99.0
5754,SYN000860,v6,2,29.0
5755,SYN000860,b2,3,249.0
5756,SYN000860,d1,1,69.0
5757,SYN000860,f6,3,179.0
5758,SYN000860,s4,2,299.0
5759,SYN000860,s5,1,199.0
5760,SYN000860,bv1,3,149.0
5761,SYN000860,bv4,1,349.0
5762,SYN000860,d2,1,249.0
5763,SYN000860,s2,2,249.0
5764,SYN000860,v5,1,149.0
5765,SYN000861,d1,2,69.0
5766,SYN000861,s2,3,249.0
5767,SYN000861,s3,3,99.0
5768,SYN000861,v4,2,39.0
5769,SYN000861,d3,3,179.0
5770,SYN000861,v1,1,89.0
5771,SYN000861,d5,2,249.0
5772,SYN000861,s1,1,399.0
5773,SYN000861,bv3,3,199.0
5774,SYN000861,bv4,1,349.0
5775,SYN000861,v3,2,79.0
5776,SYN000861,bv1,1,149.0
5777,SYN000861,f2,2,49.0
5778,SYN000861,b5,3,299.0
5779,SYN000862,s3,3,99.0
5780,SYN000862,bv2,3,249.0
5781,SYN000862,s4,2,299.0
5782,SYN000862,v6,2,29.0
5783,SYN000862,v5,1,149.0
5784,SYN000862,s1,3,399.0
5785,SYN000862,bv3,3,199.0
5786,SYN000862,d2,2,249.0
5787,SYN000862,f5,2,99.0
5788,SYN000862,bv1,2,149.0
5789,SYN000862,d5,3,249.0
5790,SYN000862,f3,2,149.0
5791,SYN000862,v1,3,89.0
5792,SYN000862,s5,3,199.0
5793,SYN000862,v2,1,49.0
5794,SYN000863,v6,2,29.0
5795,SYN000863,s5,1,199.0
5796,SYN000863,d3,1,179.0
5797,SYN000863,v4,1,39.0
5798,SYN000863,bv4,3,349.0
5799,SYN000863,bv1,1,149.0
5800,SYN000863,v2,2,49.0
5801,SYN000863,s3,1,99.0
5802,SYN000863,d1,2,69.0
5803,SYN000863,d2,3,249.0
5804,SYN000863,bv2,2,249.0
5805,SYN000863,s1,3,399.0
5806,SYN000864,d3,1,179.0
5807,SYN000864,d5,2,249.0
5808,SYN000864,s3,2,99.0
5809,SYN000864,bv4,3,349.0
5810,SYN000864,v5,3,149.0
5811,SYN000864,v3,3,79.0
5812,SYN000864,v1,2,89.0
5813,SYN000864,bv2,1,249.0
5814,SYN000864,bv1,1,149.0
5815,SYN000864,f1,3,249.0
5816,SYN000865,s4,2,299.0
5817,SYN000865,v6,1,29.0
5818,SYN000865,d4,3,99.0
5819,SYN000865,v3,2,79.0
5820,SYN000865,v2,3,49.0
5821,SYN000865,s3,3,99.0
5822,SYN000865,bv3,3,199.0
5823,SYN000865,d3,3,179.0
5824,SYN000865,b1,3,199.0
5825,SYN000866,bv1,1,149.0
5826,SYN000866,v4,2,39.0
5827,SYN000866,s5,3,199.0
5828,SYN000866,s3,1,99.0
5829,SYN000866,bv3,2,199.0
5830,SYN000866,v6,1,29.0
5831,SYN000866,d5,2,249.0
5832,SYN000866,d2,1,249.0
5833,SYN000866,b4,3,599.0
5834,SYN000867,v3,1,79.0
5835,SYN000867,d4,3,99.0
5836,SYN000867,s3,3,99.0
5837,SYN000867,v6,3,29.0
5838,SYN000867,d1,2,69.0
5839,SYN000867,bv3,2,199.0
5840,SYN000867,d2,2,249.0
5841,SYN000867,f4,2,199.0
5842,SYN000867,s1,1,399.0
5843,SYN000867,d5,1,249.0
5844,SYN000867,v5,3,149.0
5845,SYN000867,s2,2,249.0
5846,SYN000867,b1,1,199.0
5847,SYN000867,bv4,1,349.0
5848,SYN000867,v2,3,49.0
5849,SYN000868,v5,1,149.0
5850,SYN000868,v4,2,39.0
5851,SYN000868,s5,1,199.0
5852,SYN000868,f1,1,249.0
5853,SYN000868,bv4,2,349.0
5854,SYN000868,d2,3,249.0
5855,SYN000868,v3,3,79.0
5856,SYN000868,s2,1,249.0
5857,SYN000868,d4,1,99.0
5858,SYN000868,b4,1,599.0
5859,SYN000868,d3,2,179.0
5860,SYN000869,v5,2,149.0
5861,SYN000869,bv4,3,349.0
5862,SYN000869,bv1,3,149.0
5863,SYN000869,v4,2,39.0
5864,SYN000869,d5,2,249.0
5865,SYN000869,f6,1,179.0
5866,SYN000869,d1,2,69.0
5867,SYN000869,b4,3,599.0
5868,SYN000869,v6,3,29.0
5869,SYN000869,v3,3,79.0
5870,SYN000869,s2,1,249.0
5871,SYN000869,f5,3,99.0
5872,SYN000869,f3,3,149.0
5873,SYN000869,bv3,3,199.0
5874,SYN000870,b2,3,249.0
5875,SYN000870,s5,3,199.0
5876,SYN000870,d1,1,69.0
5877,SYN000870,d5,3,249.0
5878,SYN000870,v5,1,149.0
5879,SYN000870,v1,2,89.0
5880,SYN000870,v4,2,39.0
5881,SYN000870,s4,3,299.0
5882,SYN000870,d4,1,99.0
5883,SYN000870,bv3,3,199.0
5884,SYN000870,v6,3,29.0
5885,SYN000870,v3,3,79.0
5886,SYN000870,v2,3,49.0
5887,SYN000871,v4,3,39.0
5888,SYN000871,d1,2,69.0
5889,SYN000871,v1,1,89.0
5890,SYN000871,bv4,2,349.0
5891,SYN000871,d4,1,99.0
5892,SYN000871,v6,2,29.0
5893,SYN000871,d3,3,179.0
5894,SYN000871,d5,2,249.0
5895,SYN000871,v5,3,149.0
5896,SYN000871,s4,1,299.0
5897,SYN000871,s1,2,399.0
5898,SYN000872,d5,2,249.0
5899,SYN000872,bv3,3,199.0
5900,SYN000872,d2,1,249.0
5901,SYN000872,bv4,3,349.0
5902,SYN000872,s3,3,99.0
5903,SYN000872,v3,3,79.0
5904,SYN000872,s1,1,399.0
5905,SYN000872,s4,1,299.0
5906,SYN000873,bv1,2,149.0
5907,SYN000873,d3,1,179.0
5908,SYN000873,d4,1,99.0
5909,SYN000873,v5,3,149.0
5910,SYN000873,s4,2,299.0
5911,SYN000873,d2,3,249.0
5912,SYN000873,s1,1,399.0
5913,SYN000873,f2,1,49.0
5914,SYN000874,d5,2,249.0
5915,SYN000874,v5,3,149.0
5916,SYN000874,bv1,2,149.0
5917,SYN000874,f2,1,49.0
5918,SYN000874,bv2,1,249.0
5919,SYN000874,s5,2,199.0
5920,SYN000874,f3,3,149.0
5921,SYN000874,d1,1,69.0
5922,SYN000875,bv1,2,149.0
5923,SYN000875,d3,3,179.0
5924,SYN000875,s5,2,199.0
5925,SYN000875,v2,2,49.0
5926,SYN000875,v4,1,39.0
5927,SYN000875,d4,1,99.0
5928,SYN000875,f5,1,99.0
5929,SYN000875,v6,2,29.0
5930,SYN000875,d1,1,69.0
5931,SYN000875,f1,2,249.0
5932,SYN000875,s3,1,99.0
5933,SYN000876,bv1,3,149.0
5934,SYN000876,s3,2,99.0
5935,SYN000876,v5,3,149.0
5936,SYN000876,v1,1,89.0
5937,SYN000876,bv3,1,199.0
5938,SYN000876,s1,1,399.0
5939,SYN000876,s2,2,249.0
5940,SYN000876,f3,1,149.0
5941,SYN000876,b3,3,199.0
5942,SYN000876,s5,3,199.0
5943,SYN000876,b1,1,199.0
5944,SYN000876,bv2,2,249.0
5945,SYN000876,f5,1,99.0
5946,SYN000876,d1,2,69.0
5947,SYN000876,v6,3,29.0
5948,SYN000877,bv3,2,199.0
5949,SYN000877,d2,3,249.0
5950,SYN000877,f5,3,99.0
5951,SYN000877,v1,3,89.0
5952,SYN000877,v2,3,49.0
5953,SYN000877,s5,2,199.0
5954,SYN000877,d1,3,69.0
5955,SYN000877,v3,2,79.0
5956,SYN000877,s1,3,399.0
5957,SYN000877,s4,2,299.0
5958,SYN000877,b5,2,299.0
5959,SYN000877,d4,3,99.0
5960,SYN000877,f1,1,249.0
5961,SYN000877,f6,2,179.0
5962,SYN000877,v5,3,149.0
5963,SYN000878,d3,2,179.0
5964,SYN000878,v1,2,89.0
5965,SYN000878,f6,1,179.0
5966,SYN000878,d5,1,249.0
5967,SYN000878,s1,1,399.0
5968,SYN000878,v6,3,29.0
5969,SYN000878,v3,1,79.0
5970,SYN000878,bv3,2,199.0
5971,SYN000879,s1,1,399.0
5972,SYN000879,bv4,3,349.0
5973,SYN000879,f5,1,99.0
5974,SYN000879,s2,1,249.0
5975,SYN000879,v5,2,149.0
5976,SYN000879,v6,3,29.0
5977,SYN000879,bv1,2,149.0
5978,SYN000879,d3,1,179.0
5979,SYN000879,s5,1,199.0
5980,SYN000880,b2,2,249.0
5981,SYN000880,bv1,2,149.0
5982,SYN000880,v6,1,29.0
5983,SYN000880,b1,3,199.0
5984,SYN000880,d3,3,179.0
5985,SYN000880,d2,1,249.0
5986,SYN000880,bv3,1,199.0
5987,SYN000880,v4,1,39.0
5988,SYN000880,v3,3,79.0
5989,SYN000880,s1,2,399.0
5990,SYN000880,d5,1,249.0
5991,SYN000881,v2,2,49.0
5992,SYN000881,s3,3,99.0
5993,SYN000881,d5,2,249.0
5994,SYN000881,f1,2,249.0
5995,SYN000881,d3,1,179.0
5996,SYN000881,s5,2,199.0
5997,SYN000881,d1,1,69.0
5998,SYN000881,bv3,3,199.0
5999,SYN000881,bv1,3,149.0
6000,SYN000881,d4,2,99.0
6001,SYN000881,bv2,1,249.0
6002,SYN000881,v6,1,29.0
6003,SYN000881,s4,2,299.0
6004,SYN000881,v5,1,149.0
6005,SYN000881,v3,1,79.0
6006,SYN000882,v4,3,39.0
6007,SYN000882,f5,1,99.0
6008,SYN000882,bv1,1,149.0
6009,SYN000882,s2,3,249.0
6010,SYN000882,s3,2,99.0
6011,SYN000882,bv2,3,249.0
6012,SYN000882,v3,1,79.0
6013,SYN000882,s5,3,199.0
6014,SYN000882,v1,2,89.0
6015,SYN000882,bv3,1,199.0
6016,SYN000882,f3,1,149.0
6017,SYN000883,d5,1,249.0
6018,SYN000883,v3,1,79.0
6019,SYN000883,s4,3,299.0
6020,SYN000883,v6,3,29.0
6021,SYN000883,v2,1,49.0
6022,SYN000883,d3,3,179.0
6023,SYN000883,bv2,3,249.0
6024,SYN000883,s3,2,99.0
6025,SYN000883,v1,3,89.0
6026,SYN000883,f6,3,179.0
6027,SYN000883,s2,1,249.0
6028,SYN000883,f1,2,249.0
6029,SYN000883,s1,1,399.0
6030,SYN000883,v5,3,149.0
6031,SYN000884,bv4,1,349.0
6032,SYN000884,s1,3,399.0
6033,SYN000884,d3,1,179.0
6034,SYN000884,v1,2,89.0
6035,SYN000884,b3,2,199.0
6036,SYN000884,s4,1,299.0
6037,SYN000884,d5,2,249.0
6038,SYN000884,bv1,3,149.0
6039,SYN000884,v6,2,29.0
6040,SYN000884,d1,3,69.0
6041,SYN000884,f1,2,249.0
6042,SYN000884,b4,1,599.0
6043,SYN000884,s5,1,199.0
6044,SYN000884,v5,3,149.0
6045,SYN000885,f3,1,149.0
6046,SYN000885,b4,2,599.0
6047,SYN000885,f4,1,199.0
6048,SYN000886,f3,2,149.0
6049,SYN000886,f4,1,199.0
6050,SYN000886,b4,3,599.0
6051,SYN000887,b4,3,599.0
6052,SYN000887,f3,1,149.0
6053,SYN000888,f6,3,179.0
6054,SYN000888,f2,1,49.0
6055,SYN000888,f3,2,149.0
6056,SYN000888,s2,3,249.0
6057,SYN000889,f5,2,99.0
6058,SYN000889,b2,2,249.0
6059,SYN000889,b1,2,199.0
6060,SYN000889,v4,3,39.0
6061,SYN000890,b2,3,249.0
6062,SYN000890,f1,2,249.0
6063,SYN000890,b3,1,199.0
6064,SYN000891,v1,2,89.0
6065,SYN000891,f5,1,99.0
6066,SYN000891,f6,1,179.0
6067,SYN000892,f5,1,99.0
6068,SYN000892,b4,1,599.0
6069,SYN000892,f6,3,179.0
6070,SYN000892,f4,1,199.0
6071,SYN000893,v5,3,149.0
6072,SYN000893,f6,3,179.0
6073,SYN000893,b4,2,599.0
6074,SYN000893,d5,1,249.0
6075,SYN000894,v5,2,149.0
6076,SYN000894,b5,2,299.0
6077,SYN000894,v1,3,89.0
6078,SYN000895,b2,1,249.0
6079,SYN000895,v5,2,149.0
6080,SYN000895,f3,2,149.0
6081,SYN000896,f2,3,49.0
6082,SYN000896,b2,1,249.0
6083,SYN000897,v6,1,29.0
6084,SYN000897,b5,3,299.0
6085,SYN000897,f4,2,199.0
6086,SYN000898,b2,1,249.0
6087,SYN000898,f5,3,99.0
6088,SYN000898,b1,2,199.0
6089,SYN000898,d4,3,99.0
6090,SYN000899,b1,2,199.0
6091,SYN000899,f6,2,179.0
6092,SYN000899,b3,2,199.0
6093,SYN000900,f4,3,199.0
6094,SYN000900,b1,3,199.0
6095,SYN000901,s1,3,399.0
6096,SYN000901,f6,1,179.0
6097,SYN000901,b4,1,599.0
6098,SYN000902,f4,3,199.0
6099,SYN000902,d2,2,249.0
6100,SYN000902,bv3,2,199.0
6101,SYN000903,b5,3,299.0
6102,SYN000903,v3,3,79.0
6103,SYN000904,f6,1,179.0
6104,SYN000904,d5,3,249.0
6105,SYN000904,b2,3,249.0
6106,SYN000905,b4,2,599.0
6107,SYN000905,f6,3,179.0
6108,SYN000905,f3,1,149.0
6109,SYN000906,b2,3,249.0
6110,SYN000906,f6,3,179.0
6111,SYN000906,b5,1,299.0
6112,SYN000906,s1,3,399.0
6113,SYN000906,bv4,3,349.0
6114,SYN000906,d4,1,99.0
6115,SYN000906,d2,1,249.0
6116,SYN000907,d1,2,69.0
6117,SYN000907,bv1,3,149.0
6118,SYN000907,bv4,3,349.0
6119,SYN000907,d5,2,249.0
6120,SYN000907,v6,2,29.0
6121,SYN000907,v1,1,89.0
6122,SYN000907,v5,3,149.0
6123,SYN000908,b3,3,199.0
6124,SYN000908,d5,1,249.0
6125,SYN000908,v3,2,79.0
6126,SYN000908,f6,1,179.0
6127,SYN000908,f1,1,249.0
6128,SYN000908,s5,1,199.0
6129,SYN000908,f3,3,149.0
6130,SYN000908,b5,1,299.0
6131,SYN000908,s3,2,99.0
6132,SYN000908,v6,2,29.0
6133,SYN000908,v4,2,39.0
6134,SYN000908,s2,2,249.0
6135,SYN000909,v2,3,49.0
6136,SYN000909,bv3,3,199.0
6137,SYN000909,d5,3,249.0
6138,SYN000909,f1,2,249.0
6139,SYN000909,v6,1,29.0
6140,SYN000909,v4,1,39.0
6141,SYN000909,v1,2,89.0
6142,SYN000910,d3,3,179.0
6143,SYN000910,f5,2,99.0
6144,SYN000910,v1,2,89.0
6145,SYN000910,v6,2,29.0
6146,SYN000910,s4,2,299.0
6147,SYN000910,v2,2,49.0
6148,SYN000910,d4,1,99.0
6149,SYN000910,f4,1,199.0
6150,SYN000910,f3,3,149.0
6151,SYN000911,d5,2,249.0
6152,SYN000911,v5,3,149.0
6153,SYN000911,b2,3,249.0
6154,SYN000911,s1,1,399.0
6155,SYN000911,f6,1,179.0
6156,SYN000911,bv1,1,149.0
6157,SYN000911,v6,3,29.0
6158,SYN000911,bv4,1,349.0
6159,SYN000911,v4,1,39.0
6160,SYN000911,v2,1,49.0
6161,SYN000911,d2,2,249.0
6162,SYN000911,bv3,3,199.0
6163,SYN000912,v2,2,49.0
6164,SYN000912,v1,1,89.0
6165,SYN000912,f5,3,99.0
6166,SYN000912,v5,1,149.0
6167,SYN000912,f1,3,249.0
6168,SYN000912,s1,1,399.0
6169,SYN000912,d5,1,249.0
6170,SYN000912,s3,3,99.0
6171,SYN000912,d2,1,249.0
6172,SYN000912,f2,1,49.0
6173,SYN000912,bv4,1,349.0
6174,SYN000912,s5,1,199.0
6175,SYN000913,v6,1,29.0
6176,SYN000913,d1,3,69.0
6177,SYN000913,b1,1,199.0
6178,SYN000913,v1,3,89.0
6179,SYN000913,v2,3,49.0
6180,SYN000913,s2,2,249.0
6181,SYN000914,bv3,2,199.0
6182,SYN000914,f1,1,249.0
6183,SYN000914,v1,3,89.0
6184,SYN000914,d4,2,99.0
6185,SYN000914,d5,1,249.0
6186,SYN000914,s4,3,299.0
6187,SYN000914,bv2,1,249.0
6188,SYN000914,v6,3,29.0
6189,SYN000914,f6,1,179.0
6190,SYN000914,d1,3,69.0
6191,SYN000914,s5,3,199.0
6192,SYN000915,bv3,2,199.0
6193,SYN000915,d5,1,249.0
6194,SYN000915,v4,2,39.0
6195,SYN000915,d3,3,179.0
6196,SYN000915,v1,1,89.0
6197,SYN000915,d2,1,249.0
6198,SYN000915,v5,1,149.0
6199,SYN000915,s3,3,99.0
6200,SYN000915,b2,1,249.0
6201,SYN000915,f6,1,179.0
6202,SYN000915,f4,1,199.0
6203,SYN000915,b3,2,199.0
6204,SYN000916,d1,2,69.0
6205,SYN000916,b3,1,199.0
6206,SYN000916,s3,1,99.0
6207,SYN000916,v4,2,39.0
6208,SYN000916,b2,1,249.0
6209,SYN000916,s5,2,199.0
6210,SYN000917,f3,1,149.0
6211,SYN000917,s4,1,299.0
6212,SYN000917,b3,3,199.0
6213,SYN000917,s2,1,249.0
6214,SYN000917,bv1,2,149.0
6215,SYN000917,s1,2,399.0
6216,SYN000917,s3,1,99.0
6217,SYN000917,f5,1,99.0
6218,SYN000917,v6,1,29.0
6219,SYN000917,b5,1,299.0
6220,SYN000918,b2,2,249.0
6221,SYN000918,bv1,1,149.0
6222,SYN000918,b1,2,199.0
6223,SYN000918,f1,2,249.0
6224,SYN000918,f6,1,179.0
6225,SYN000918,v6,1,29.0
6226,SYN000919,s3,2,99.0
6227,SYN000919,d3,3,179.0
6228,SYN000919,d5,2,249.0
6229,SYN000919,v4,1,39.0
6230,SYN000919,d2,2,249.0
6231,SYN000919,f2,3,49.0
6232,SYN000920,bv3,3,199.0
6233,SYN000920,bv1,3,149.0
6234,SYN000920,f4,1,199.0
6235,SYN000920,b1,3,199.0
6236,SYN000920,d2,3,249.0
6237,SYN000920,f1,1,249.0
6238,SYN000920,s5,3,199.0
6239,SYN000920,f5,3,99.0
6240,SYN000920,f3,1,149.0
6241,SYN000920,b5,1,299.0
6242,SYN000920,s1,3,399.0
6243,SYN000921,v1,3,89.0
6244,SYN000921,v4,3,39.0
6245,SYN000921,f5,1,99.0
6246,SYN000921,s2,2,249.0
6247,SYN000921,bv1,2,149.0
6248,SYN000921,bv3,2,199.0
6249,SYN000921,v5,2,149.0
6250,SYN000921,f2,3,49.0
6251,SYN000921,d1,3,69.0
6252,SYN000921,d3,2,179.0
6253,SYN000922,s3,1,99.0
6254,SYN000922,bv4,2,349.0
6255,SYN000922,f4,1,199.0
6256,SYN000922,d3,3,179.0
6257,SYN000922,v5,1,149.0
6258,SYN000922,bv2,3,249.0
6259,SYN000922,f5,3,99.0
6260,SYN000922,v4,2,39.0
6261,SYN000923,v2,1,49.0
6262,SYN000923,b3,1,199.0
6263,SYN000923,b1,3,199.0
6264,SYN000923,b4,2,599.0
6265,SYN000923,s2,2,249.0
6266,SYN000923,f5,2,99.0
6267,SYN000924,bv3,3,199.0
6268,SYN000924,s2,3,249.0
6269,SYN000924,d3,1,179.0
6270,SYN000924,b1,3,199.0
6271,SYN000924,f5,3,99.0
6272,SYN000924,d5,2,249.0
6273,SYN000924,v1,1,89.0
6274,SYN000924,bv1,2,149.0
6275,SYN000925,f3,3,149.0
6276,SYN000925,bv2,3,249.0
6277,SYN000925,s3,1,99.0
6278,SYN000925,v2,3,49.0
6279,SYN000925,v3,3,79.0
6280,SYN000925,b2,3,249.0
6281,SYN000925,b5,1,299.0
6282,SYN000925,b4,1,599.0
6283,SYN000925,v4,1,39.0
6284,SYN000925,bv4,3,349.0
6285,SYN000926,v2,3,49.0
6286,SYN000926,b1,3,199.0
6287,SYN000926,v5,3,149.0
6288,SYN000926,d3,3,179.0
6289,SYN000926,bv2,3,249.0
6290,SYN000926,f4,1,199.0
6291,SYN000927,v5,1,149.0
6292,SYN000927,s1,2,399.0
6293,SYN000927,d4,2,99.0
6294,SYN000927,f4,3,199.0
6295,SYN000927,d3,1,179.0
6296,SYN000927,s5,1,199.0
6297,SYN000927,bv2,1,249.0
6298,SYN000927,v1,3,89.0
6299,SYN000927,b4,3,599.0
6300,SYN000928,f4,2,199.0
6301,SYN000928,s2,1,249.0
6302,SYN000928,f6,2,179.0
6303,SYN000928,v4,2,39.0
6304,SYN000928,bv3,3,199.0
6305,SYN000928,f5,3,99.0
6306,SYN000928,d4,3,99.0
6307,SYN000928,b2,3,249.0
6308,SYN000928,d5,3,249.0
6309,SYN000929,s2,2,249.0
6310,SYN000929,d5,1,249.0
6311,SYN000929,s1,2,399.0
6312,SYN000929,bv3,1,199.0
6313,SYN000929,v6,1,29.0
6314,SYN000929,d4,3,99.0
6315,SYN000929,b4,1,599.0
6316,SYN000929,b5,2,299.0
6317,SYN000929,s4,1,299.0
6318,SYN000929,f6,2,179.0
6319,SYN000930,b1,1,199.0
6320,SYN000930,f3,2,149.0
6321,SYN000930,d4,3,99.0
6322,SYN000930,f2,2,49.0
6323,SYN000930,f4,1,199.0
6324,SYN000930,v2,1,49.0
6325,SYN000930,s5,2,199.0
6326,SYN000930,v4,2,39.0
6327,SYN000930,s3,3,99.0
6328,SYN000930,bv4,3,349.0
6329,SYN000930,v1,1,89.0
6330,SYN000930,bv2,1,249.0
6331,SYN000931,d1,2,69.0
6332,SYN000931,f2,2,49.0
6333,SYN000931,v4,1,39.0
6334,SYN000931,d4,2,99.0
6335,SYN000931,v5,3,149.0
6336,SYN000931,f5,1,99.0
6337,SYN000931,bv1,3,149.0
6338,SYN000931,f3,1,149.0
6339,SYN000931,v3,2,79.0
6340,SYN000931,bv2,3,249.0
6341,SYN000931,v2,2,49.0
6342,SYN000932,bv3,1,199.0
6343,SYN000932,s5,2,199.0
6344,SYN000932,bv2,2,249.0
6345,SYN000932,s4,3,299.0
6346,SYN000932,d1,3,69.0
6347,SYN000932,f4,1,199.0
6348,SYN000932,v4,1,39.0
6349,SYN000932,f6,3,179.0
6350,SYN000932,b5,1,299.0
6351,SYN000933,b5,3,299.0
6352,SYN000933,s5,3,199.0
6353,SYN000933,d5,3,249.0
6354,SYN000933,s3,2,99.0
6355,SYN000933,s2,1,249.0
6356,SYN000933,bv2,2,249.0
6357,SYN000933,bv3,2,199.0
6358,SYN000934,b3,1,199.0
6359,SYN000934,b1,1,199.0
6360,SYN000934,v1,3,89.0
6361,SYN000934,v2,3,49.0
6362,SYN000934,f3,1,149.0
6363,SYN000934,s5,1,199.0
6364,SYN000934,f4,2,199.0
6365,SYN000934,s4,3,299.0
6366,SYN000934,f6,2,179.0
6367,SYN000934,bv3,1,199.0
6368,SYN000934,b2,1,249.0
6369,SYN000934,bv2,1,249.0
6370,SYN000935,bv2,3,249.0
6371,SYN000935,d2,1,249.0
6372,SYN000935,s4,3,299.0
6373,SYN000935,d5,3,249.0
6374,SYN000935,f1,2,249.0
6375,SYN000935,bv3,1,199.0
6376,SYN000935,f5,3,99.0
6377,SYN000935,b1,1,199.0
6378,SYN000936,v6,3,29.0
6379,SYN000936,d3,2,179.0
6380,SYN000936,s3,2,99.0
6381,SYN000936,s5,1,199.0
6382,SYN000936,b3,1,199.0
6383,SYN000936,d1,3,69.0
6384,SYN000936,d2,3,249.0
6385,SYN000936,v4,1,39.0
6386,SYN000936,f6,1,179.0
6387,SYN000936,d5,3,249.0
6388,SYN000936,b4,2,599.0
6389,SYN000936,b5,1,299.0
6390,SYN000937,v2,2,49.0
6391,SYN000937,v4,3,39.0
6392,SYN000937,b1,2,199.0
6393,SYN000937,b3,1,199.0
6394,SYN000937,f2,2,49.0
6395,SYN000937,s3,3,99.0
6396,SYN000937,bv2,3,249.0
6397,SYN000937,d3,2,179.0
6398,SYN000937,b4,3,599.0
6399,SYN000937,d1,2,69.0
6400,SYN000938,v6,3,29.0
6401,SYN000938,v4,3,39.0
6402,SYN000938,f6,2,179.0
6403,SYN000938,d5,1,249.0
6404,SYN000938,b5,3,299.0
6405,SYN000938,s5,2,199.0
6406,SYN000939,d1,3,69.0
6407,SYN000939,v4,1,39.0
6408,SYN000939,d3,3,179.0
6409,SYN000939,s1,2,399.0
6410,SYN000939,b3,3,199.0
6411,SYN000939,s5,1,199.0
6412,SYN000939,b1,3,199.0
6413,SYN000940,v2,2,49.0
6414,SYN000940,v3,3,79.0
6415,SYN000940,bv3,1,199.0
6416,SYN000940,bv1,2,149.0
6417,SYN000940,s2,1,249.0
6418,SYN000940,s1,2,399.0
6419,SYN000940,f1,1,249.0
6420,SYN000940,b3,2,199.0
6421,SYN000940,f6,1,179.0
6422,SYN000940,s4,1,299.0
6423,SYN000941,bv4,3,349.0
6424,SYN000941,bv1,1,149.0
6425,SYN000941,s4,1,299.0
6426,SYN000941,v3,3,79.0
6427,SYN000941,b1,2,199.0
6428,SYN000941,d3,2,179.0
6429,SYN000941,s5,3,199.0
6430,SYN000941,s3,2,99.0
6431,SYN000941,f6,2,179.0
6432,SYN000941,f2,2,49.0
6433,SYN000941,d2,2,249.0
6434,SYN000942,bv3,2,199.0
6435,SYN000942,v1,3,89.0
6436,SYN000942,f6,3,179.0
6437,SYN000942,s2,3,249.0
6438,SYN000942,f5,2,99.0
6439,SYN000942,f3,2,149.0
6440,SYN000942,v6,1,29.0
6441,SYN000942,s3,3,99.0
6442,SYN000942,d2,1,249.0
6443,SYN000942,bv1,2,149.0
6444,SYN000943,bv2,2,249.0
6445,SYN000943,f1,1,249.0
6446,SYN000943,b5,1,299.0
6447,SYN000943,d1,3,69.0
6448,SYN000943,f6,3,179.0
6449,SYN000943,d3,3,179.0
6450,SYN000943,bv1,1,149.0
6451,SYN000943,bv4,1,349.0
6452,SYN000943,s1,2,399.0
6453,SYN000943,d2,2,249.0
6454,SYN000944,v3,3,79.0
6455,SYN000944,s2,2,249.0
6456,SYN000944,d5,1,249.0
6457,SYN000944,bv1,3,149.0
6458,SYN000944,f6,2,179.0
6459,SYN000944,b2,1,249.0
6460,SYN000944,s5,3,199.0
6461,SYN000945,d3,3,179.0
6462,SYN000945,v3,3,79.0
6463,SYN000945,d5,2,249.0
6464,SYN000945,b4,2,599.0
6465,SYN000945,v5,1,149.0
6466,SYN000945,f4,3,199.0
6467,SYN000945,d4,2,99.0
6468,SYN000945,s2,3,249.0
6469,SYN000946,v6,2,29.0
6470,SYN000946,s5,2,199.0
6471,SYN000946,b1,2,199.0
6472,SYN000946,f3,1,149.0
6473,SYN000946,f1,2,249.0
6474,SYN000946,b5,1,299.0
6475,SYN000946,s3,1,99.0
6476,SYN000947,s1,3,399.0
6477,SYN000947,v3,3,79.0
6478,SYN000947,d3,1,179.0
6479,SYN000947,s3,3,99.0
6480,SYN000947,f3,3,149.0
6481,SYN000947,v1,2,89.0
6482,SYN000948,bv3,1,199.0
6483,SYN000948,f2,1,49.0
6484,SYN000948,v1,1,89.0
6485,SYN000948,bv2,2,249.0
6486,SYN000948,s5,3,199.0
6487,SYN000948,v4,1,39.0
6488,SYN000948,f1,3,249.0
6489,SYN000948,d4,1,99.0
6490,SYN000948,b1,2,199.0
6491,SYN000948,s4,3,299.0
6492,SYN000949,f3,1,149.0
6493,SYN000949,s5,2,199.0
6494,SYN000949,b2,2,249.0
6495,SYN000949,d1,2,69.0
6496,SYN000949,v4,2,39.0
6497,SYN000949,bv2,3,249.0
6498,SYN000950,f4,1,199.0
6499,SYN000950,b2,1,249.0
6500,SYN000950,d2,1,249.0
6501,SYN000950,v2,2,49.0
6502,SYN000950,v5,3,149.0
6503,SYN000950,d3,3,179.0
6504,SYN000950,s2,1,249.0
6505,SYN000950,bv3,2,199.0
6506,SYN000951,b3,3,199.0
6507,SYN000951,bv1,2,149.0
6508,SYN000951,bv3,1,199.0
6509,SYN000951,d4,1,99.0
6510,SYN000951,s3,3,99.0
6511,SYN000951,v4,1,39.0
6512,SYN000951,f6,1,179.0
6513,SYN000951,f4,2,199.0
6514,SYN000951,s4,3,299.0
6515,SYN000951,d3,2,179.0
6516,SYN000952,v2,1,49.0
6517,SYN000952,v4,2,39.0
6518,SYN000952,d1,1,69.0
6519,SYN000952,s1,2,399.0
6520,SYN000952,f5,2,99.0
6521,SYN000952,s3,2,99.0
6522,SYN000952,s2,2,249.0
6523,SYN000952,f1,2,249.0
6524,SYN000952,d3,2,179.0
6525,SYN000952,f4,3,199.0
6526,SYN000953,f1,2,249.0
6527,SYN000953,b2,1,249.0
6528,SYN000953,v5,3,149.0
6529,SYN000953,d3,1,179.0
6530,SYN000953,s4,1,299.0
6531,SYN000953,f3,1,149.0
6532,SYN000953,v4,1,39.0
6533,SYN000953,bv3,3,199.0
6534,SYN000953,b5,3,299.0
6535,SYN000953,f2,2,49.0
6536,SYN000953,b1,3,199.0
6537,SYN000954,b1,3,199.0
6538,SYN000954,s4,2,299.0
6539,SYN000954,v1,3,89.0
6540,SYN000954,b2,3,249.0
6541,SYN000954,f1,1,249.0
6542,SYN000954,v6,2,29.0
6543,SYN000954,s2,1,249.0
6544,SYN000954,b4,3,599.0
6545,SYN000954,f3,1,149.0
6546,SYN000954,b3,1,199.0
6547,SYN000954,f4,2,199.0
6548,SYN000955,s4,1,299.0
6549,SYN000955,f2,3,49.0
6550,SYN000955,f3,3,149.0
6551,SYN000955,bv3,1,199.0
6552,SYN000955,bv1,2,149.0
6553,SYN000955,d5,2,249.0
6554,SYN000955,v4,1,39.0
6555,SYN000955,v3,1,79.0
6556,SYN000955,s2,2,249.0
6557,SYN000955,f5,3,99.0
6558,SYN000955,f1,3,249.0
6559,SYN000956,s3,2,99.0
6560,SYN000956,b2,2,249.0
6561,SYN000956,f6,3,179.0
6562,SYN000956,v6,2,29.0
6563,SYN000956,b5,1,299.0
6564,SYN000956,f1,3,249.0
6565,SYN000956,bv1,1,149.0
6566,SYN000956,v5,2,149.0
6567,SYN000957,s5,2,199.0
6568,SYN000957,s3,3,99.0
6569,SYN000957,s4,2,299.0
6570,SYN000957,d1,1,69.0
6571,SYN000957,b5,1,299.0
6572,SYN000957,d2,3,249.0
6573,SYN000958,bv4,2,349.0
6574,SYN000958,s1,3,399.0
6575,SYN000958,b4,2,599.0
6576,SYN000958,v5,2,149.0
6577,SYN000958,f2,3,49.0
6578,SYN000958,s2,3,249.0
6579,SYN000958,d3,3,179.0
6580,SYN000958,v6,1,29.0
6581,SYN000959,f2,3,49.0
6582,SYN000959,f1,3,249.0
6583,SYN000959,b3,3,199.0
6584,SYN000959,b5,1,299.0
6585,SYN000959,b2,2,249.0
6586,SYN000959,f3,3,149.0
6587,SYN000959,s3,1,99.0
6588,SYN000959,s4,1,299.0
6589,SYN000959,bv3,3,199.0
6590,SYN000960,v5,3,149.0
6591,SYN000960,b1,1,199.0
6592,SYN000960,f1,3,249.0
6593,SYN000960,b2,1,249.0
6594,SYN000960,s1,1,399.0
6595,SYN000960,f3,3,149.0
6596,SYN000960,f6,3,179.0
6597,SYN000960,d2,1,249.0
6598,SYN000960,f4,3,199.0
6599,SYN000960,v1,2,89.0
6600,SYN000961,v5,2,149.0
6601,SYN000961,v3,1,79.0
6602,SYN000961,b3,3,199.0
6603,SYN000961,b1,3,199.0
6604,SYN000961,s3,2,99.0
6605,SYN000961,d4,2,99.0
6606,SYN000961,bv3,3,199.0
6607,SYN000962,v3,3,79.0
6608,SYN000962,v6,2,29.0
6609,SYN000962,b3,2,199.0
6610,SYN000962,f2,1,49.0
6611,SYN000962,bv1,2,149.0
6612,SYN000962,d2,3,249.0
6613,SYN000962,v4,1,39.0
6614,SYN000963,v5,3,149.0
6615,SYN000963,d2,1,249.0
6616,SYN000963,v2,1,49.0
6617,SYN000963,s1,3,399.0
6618,SYN000963,v4,3,39.0
6619,SYN000963,d4,2,99.0
6620,SYN000963,bv1,1,149.0
6621,SYN000963,b1,1,199.0
6622,SYN000963,d3,3,179.0
6623,SYN000963,b5,2,299.0
6624,SYN000964,f3,2,149.0
6625,SYN000964,d1,3,69.0
6626,SYN000964,f2,3,49.0
6627,SYN000964,bv2,2,249.0
6628,SYN000964,s3,1,99.0
6629,SYN000964,v6,1,29.0
6630,SYN000964,b5,1,299.0
6631,SYN000965,v6,1,29.0
6632,SYN000965,bv2,1,249.0
6633,SYN000965,s3,1,99.0
6634,SYN000965,v4,2,39.0
6635,SYN000965,s5,3,199.0
6636,SYN000965,f2,3,49.0
6637,SYN000966,s4,2,299.0
6638,SYN000966,s2,2,249.0
6639,SYN000966,s1,2,399.0
6640,SYN000966,f5,1,99.0
6641,SYN000966,b4,2,599.0
6642,SYN000966,b3,2,199.0
6643,SYN000967,bv2,2,249.0
6644,SYN000967,s2,1,249.0
6645,SYN000967,f1,2,249.0
6646,SYN000967,b5,2,299.0
6647,SYN000967,v5,3,149.0
6648,SYN000967,s5,1,199.0
6649,SYN000967,b4,3,599.0
6650,SYN000967,v3,2,79.0
6651,SYN000967,bv4,3,349.0
6652,SYN000967,d5,1,249.0
6653,SYN000967,d3,3,179.0
6654,SYN000968,f4,3,199.0
6655,SYN000968,v2,2,49.0
6656,SYN000968,bv4,1,349.0
6657,SYN000968,b1,3,199.0
6658,SYN000968,s4,1,299.0
6659,SYN000968,b4,1,599.0
6660,SYN000968,bv3,3,199.0
6661,SYN000968,s5,1,199.0
6662,SYN000969,v2,1,49.0
6663,SYN000969,s2,1,249.0
6664,SYN000969,f1,3,249.0
6665,SYN000969,f5,2,99.0
6666,SYN000969,bv3,2,199.0
6667,SYN000969,f2,1,49.0
6668,SYN000969,bv1,2,149.0
6669,SYN000969,b4,1,599.0
6670,SYN000969,v6,3,29.0
6671,SYN000969,v1,2,89.0
6672,SYN000969,s3,2,99.0
6673,SYN000969,d3,3,179.0
6674,SYN000970,f3,3,149.0
6675,SYN000970,s5,3,199.0
6676,SYN000970,d1,3,69.0
6677,SYN000970,d3,1,179.0
6678,SYN000970,f2,2,49.0
6679,SYN000970,v3,1,79.0
6680,SYN000970,bv1,2,149.0
6681,SYN000970,s3,2,99.0
6682,SYN000970,d5,1,249.0
6683,SYN000970,b3,2,199.0
6684,SYN000970,v6,1,29.0
6685,SYN000970,v2,1,49.0
6686,SYN000971,v6,3,29.0
6687,SYN000971,f2,2,49.0
6688,SYN000971,f1,3,249.0
6689,SYN000971,bv2,2,249.0
6690,SYN000971,d2,3,249.0
6691,SYN000971,b5,3,299.0
6692,SYN000971,s3,3,99.0
6693,SYN000971,bv3,1,199.0
6694,SYN000971,v5,3,149.0
6695,SYN000971,d5,1,249.0
6696,SYN000971,bv1,3,149.0
6697,SYN000971,b3,2,199.0
6698,SYN000972,b2,2,249.0
6699,SYN000972,bv1,2,149.0
6700,SYN000972,bv2,3,249.0
6701,SYN000972,d3,1,179.0
6702,SYN000972,s2,1,249.0
6703,SYN000972,v2,1,49.0
6704,SYN000972,f6,3,179.0
6705,SYN000972,bv3,3,199.0
6706,SYN000972,s4,3,299.0
6707,SYN000973,d5,2,249.0
6708,SYN000973,b3,1,199.0
6709,SYN000973,b2,2,249.0
6710,SYN000973,f3,1,149.0
6711,SYN000973,v3,3,79.0
6712,SYN000973,b1,1,199.0
6713,SYN000973,d4,2,99.0
6714,SYN000974,d3,3,179.0
6715,SYN000974,v6,3,29.0
6716,SYN000974,bv3,2,199.0
6717,SYN000974,b5,3,299.0
6718,SYN000974,s3,2,99.0
6719,SYN000974,s5,2,199.0
6720,SYN000974,b1,1,199.0
6721,SYN000975,v2,1,49.0
6722,SYN000975,bv1,3,149.0
6723,SYN000975,f2,3,49.0
6724,SYN000975,s3,1,99.0
6725,SYN000975,f5,1,99.0
6726,SYN000975,b4,1,599.0
6727,SYN000975,f6,3,179.0
6728,SYN000975,d4,2,99.0
6729,SYN000975,bv4,3,349.0
6730,SYN000975,v1,2,89.0
6731,SYN000975,d1,3,69.0
6732,SYN000975,s1,3,399.0
6733,SYN000976,f4,1,199.0
6734,SYN000976,d4,1,99.0
6735,SYN000976,f3,2,149.0
6736,SYN000976,s1,1,399.0
6737,SYN000976,f6,2,179.0
6738,SYN000976,b4,1,599.0
6739,SYN000976,s4,2,299.0
6740,SYN000977,bv1,3,149.0
6741,SYN000977,b1,2,199.0
6742,SYN000977,f5,1,99.0
6743,SYN000977,b2,1,249.0
6744,SYN000977,bv4,2,349.0
6745,SYN000977,s5,2,199.0
6746,SYN000978,d2,1,249.0
6747,SYN000978,v2,2,49.0
6748,SYN000978,bv2,3,249.0
6749,SYN000978,b1,1,199.0
6750,SYN000978,v3,3,79.0
6751,SYN000978,s3,2,99.0
6752,SYN000978,s2,1,249.0
6753,SYN000978,d4,2,99.0
6754,SYN000978,s5,3,199.0
6755,SYN000978,bv4,1,349.0
6756,SYN000979,bv1,1,149.0
6757,SYN000979,bv2,3,249.0
6758,SYN000979,b2,1,249.0
6759,SYN000979,b3,2,199.0
6760,SYN000979,d2,3,249.0
6761,SYN000979,v1,1,89.0
6762,SYN000979,s3,1,99.0
6763,SYN000979,v5,3,149.0
6764,SYN000979,b4,1,599.0
6765,SYN000979,bv4,2,349.0
6766,SYN000979,f6,2,179.0
6767,SYN000979,f2,1,49.0
6768,SYN000980,d4,3,99.0
6769,SYN000980,d3,1,179.0
6770,SYN000980,b1,2,199.0
6771,SYN000980,f2,1,49.0
6772,SYN000980,f5,1,99.0
6773,SYN000980,v4,1,39.0
6774,SYN000980,bv4,2,349.0
6775,SYN000980,s2,1,249.0
6776,SYN000980,f6,3,179.0
6777,SYN000980,v1,1,89.0
6778,SYN000980,s5,1,199.0
6779,SYN000981,d4,1,99.0
6780,SYN000981,b2,1,249.0
6781,SYN000981,d2,1,249.0
6782,SYN000981,f6,3,179.0
6783,SYN000981,s3,1,99.0
6784,SYN000981,f4,3,199.0
6785,SYN000981,bv1,2,149.0
6786,SYN000981,bv4,2,349.0
6787,SYN000981,v4,2,39.0
6788,SYN000981,s2,3,249.0
6789,SYN000981,b4,1,599.0
6790,SYN000982,d5,2,249.0
6791,SYN000982,v3,3,79.0
6792,SYN000982,b2,3,249.0
6793,SYN000982,f5,2,99.0
6794,SYN000982,v1,3,89.0
6795,SYN000982,bv1,1,149.0
6796,SYN000982,bv3,1,199.0
6797,SYN000983,d1,2,69.0
6798,SYN000983,d5,2,249.0
6799,SYN000983,v5,1,149.0
6800,SYN000983,b5,1,299.0
6801,SYN000983,b1,1,199.0
6802,SYN000983,b2,2,249.0
6803,SYN000983,bv4,3,349.0
6804,SYN000983,f2,2,49.0
6805,SYN000983,f6,1,179.0
6806,SYN000983,f5,1,99.0
6807,SYN000983,f3,2,149.0
6808,SYN000984,d4,2,99.0
6809,SYN000984,b3,1,199.0
6810,SYN000984,d1,2,69.0
6811,SYN000984,bv3,2,199.0
6812,SYN000984,f1,1,249.0
6813,SYN000984,f6,2,179.0
6814,SYN000984,v2,2,49.0
6815,SYN000985,f1,2,249.0
6816,SYN000985,b2,1,249.0
6817,SYN000985,d1,1,69.0
6818,SYN000985,b1,3,199.0
6819,SYN000985,f5,2,99.0
6820,SYN000985,d4,3,99.0
6821,SYN000985,f6,2,179.0
6822,SYN000985,v2,3,49.0
6823,SYN000985,s5,2,199.0
6824,SYN000985,v6,2,29.0
6825,SYN000985,v4,1,39.0
6826,SYN000985,bv3,3,199.0
6827,SYN000986,s4,1,299.0
6828,SYN000986,v3,2,79.0
6829,SYN000986,b2,1,249.0
6830,SYN000986,s3,2,99.0
6831,SYN000986,v5,3,149.0
6832,SYN000986,d3,3,179.0
6833,SYN000987,s1,2,399.0
6834,SYN000987,d4,1,99.0
6835,SYN000987,f1,1,249.0
6836,SYN000987,d1,1,69.0
6837,SYN000987,b4,3,599.0
6838,SYN000987,bv3,3,199.0
6839,SYN000988,b4,2,599.0
6840,SYN000988,v4,2,39.0
6841,SYN000988,f5,3,99.0
6842,SYN000988,v1,1,89.0
6843,SYN000988,f2,2,49.0
6844,SYN000988,d3,1,179.0
6845,SYN000989,b4,2,599.0
6846,SYN000989,f4,3,199.0
6847,SYN000989,bv3,3,199.0
6848,SYN000989,bv4,1,349.0
6849,SYN000989,f6,1,179.0
6850,SYN000989,f3,2,149.0
6851,SYN000989,d2,3,249.0
6852,SYN000990,v2,2,49.0
6853,SYN000990,bv3,3,199.0
6854,SYN000990,s1,3,399.0
6855,SYN000990,bv4,3,349.0
6856,SYN000990,f5,3,99.0
6857,SYN000990,d1,1,69.0
6858,SYN000990,f6,3,179.0
6859,SYN000990,v3,2,79.0
6860,SYN000990,d5,3,249.0
6861,SYN000990,b1,2,199.0
6862,SYN000990,bv1,3,149.0
6863,SYN000990,f3,2,149.0
6864,SYN000991,s3,1,99.0
6865,SYN000991,b5,3,299.0
6866,SYN000991,f2,2,49.0
6867,SYN000991,bv4,3,349.0
6868,SYN000991,s2,2,249.0
6869,SYN000991,b3,2,199.0
6870,SYN000991,bv1,2,149.0
6871,SYN000991,f4,2,199.0
6872,SYN000991,v3,3,79.0
6873,SYN000991,v1,2,89.0
6874,SYN000991,b1,1,199.0
6875,SYN000991,b4,2,599.0
6876,SYN000992,s3,2,99.0
6877,SYN000992,b4,3,599.0
6878,SYN000992,v5,1,149.0
6879,SYN000992,f2,2,49.0
6880,SYN000992,b2,3,249.0
6881,SYN000992,v2,2,49.0
6882,SYN000992,s2,2,249.0
6883,SYN000992,d1,2,69.0
6884,SYN000992,b3,2,199.0
6885,SYN000992,f3,1,149.0
6886,SYN000993,v3,3,79.0
6887,SYN000993,f4,2,199.0
6888,SYN000993,d4,1,99.0
6889,SYN000993,s1,2,399.0
6890,SYN000993,s5,2,199.0
6891,SYN000993,d3,3,179.0
6892,SYN000994,f6,2,179.0
6893,SYN000994,f1,2,249.0
6894,SYN000994,v2,1,49.0
6895,SYN000994,v3,2,79.0
6896,SYN000994,b3,3,199.0
6897,SYN000994,d1,1,69.0
6898,SYN000994,v6,3,29.0
6899,SYN000994,s1,1,399.0
6900,SYN000994,b2,1,249.0
6901,SYN000994,s3,2,99.0
6902,SYN000994,b4,3,599.0
6903,SYN000994,d2,3,249.0
6904,SYN000995,b3,1,199.0
6905,SYN000995,f4,2,199.0
6906,SYN000995,v3,3,79.0
6907,SYN000995,s5,3,199.0
6908,SYN000995,bv3,1,199.0
6909,SYN000995,s1,1,399.0
6910,SYN000995,v1,1,89.0
6911,SYN000995,d2,1,249.0
6912,SYN000996,bv3,1,199.0
6913,SYN000996,b3,3,199.0
6914,SYN000996,d1,2,69.0
6915,SYN000996,v2,2,49.0
6916,SYN000996,b4,3,599.0
6917,SYN000996,f6,2,179.0
6918,SYN000996,s5,2,199.0
6919,SYN000996,b5,1,299.0
6920,SYN000996,f2,3,49.0
6921,SYN000996,d4,2,99.0
6922,SYN000996,b1,3,199.0
6923,SYN000996,s2,1,249.0
6924,SYN000997,d2,1,249.0
6925,SYN000997,bv2,3,249.0
6926,SYN000997,d5,2,249.0
6927,SYN000997,f2,3,49.0
6928,SYN000997,s3,1,99.0
6929,SYN000997,bv3,1,199.0
6930,SYN000998,b3,3,199.0
6931,SYN000998,v2,1,49.0
6932,SYN000998,d5,1,249.0
6933,SYN000998,d1,2,69.0
6934,SYN000998,f2,3,49.0
6935,SYN000998,b4,3,599.0
6936,SYN000998,v6,2,29.0
6937,SYN000998,s2,1,249.0
6938,SYN000999,v5,1,149.0
6939,SYN000999,bv3,2,199.0
6940,SYN000999,f3,3,149.0
6941,SYN000999,b4,2,599.0
6942,SYN000999,s2,3,249.0
6943,SYN000999,f5,2,99.0
6944,SYN001000,bv3,1,199.0
6945,SYN001000,d1,2,69.0
6946,SYN001000,s5,2,199.0
6947,SYN001000,v2,2,49.0
6948,SYN001000,b1,3,199.0
6949,SYN001000,d4,2,99.0
6950,SYN001000,f2,3,49.0
6951,SYN001000,f6,1,179.0
6952,SYN001001,f2,1,49.0
6953,SYN001001,bv3,2,199.0
6954,SYN001001,bv1,2,149.0
6955,SYN001001,f1,3,249.0
6956,SYN001001,s2,3,249.0
6957,SYN001001,v3,3,79.0
6958,SYN001001,s3,3,99.0
6959,SYN001001,v5,3,149.0
6960,SYN001002,f1,1,249.0
6961,SYN001002,d5,1,249.0
6962,SYN001002,bv4,2,349.0
6963,SYN001002,s4,1,299.0
6964,SYN001002,f2,1,49.0
6965,SYN001002,bv1,3,149.0
6966,SYN001002,b3,2,199.0
6967,SYN001003,v5,2,149.0
6968,SYN001003,d3,1,179.0
6969,SYN001003,s3,3,99.0
6970,SYN001003,v1,3,89.0
6971,SYN001003,s5,1,199.0
6972,SYN001003,bv4,3,349.0
6973,SYN001003,f4,1,199.0
6974,SYN001003,s4,2,299.0
6975,SYN001003,bv3,2,199.0
6976,SYN001003,s2,1,249.0
6977,SYN001003,b2,1,249.0
6978,SYN001004,d5,2,249.0
6979,SYN001004,f2,3,49.0
6980,SYN001004,v3,3,79.0
6981,SYN001004,s2,3,249.0
6982,SYN001004,v2,3,49.0
6983,SYN001004,d1,3,69.0
6984,SYN001004,b3,2,199.0
6985,SYN001005,d5,3,249.0
6986,SYN001005,s5,3,199.0
6987,SYN001005,v5,3,149.0
6988,SYN001005,f5,3,99.0
6989,SYN001005,f4,2,199.0
6990,SYN001005,d3,3,179.0
6991,SYN001005,b1,2,199.0
6992,SYN001005,b4,1,599.0
6993,SYN001006,f3,2,149.0
6994,SYN001006,v5,2,149.0
6995,SYN001006,f5,1,99.0
6996,SYN001006,v6,1,29.0
6997,SYN001006,d1,3,69.0
6998,SYN001006,v4,3,39.0
6999,SYN001006,bv3,2,199.0
7000,SYN001006,s5,2,199.0
7001,SYN001007,s3,2,99.0
7002,SYN001007,bv4,2,349.0
7003,SYN001007,s5,3,199.0
7004,SYN001007,d3,3,179.0
7005,SYN001007,f3,2,149.0
7006,SYN001007,d5,3,249.0
7007,SYN001007,b3,2,199.0
7008,SYN001007,f4,2,199.0
7009,SYN001007,s2,3,249.0
7010,SYN001007,v5,1,149.0
7011,SYN001007,f2,2,49.0
7012,SYN001008,f4,2,199.0
7013,SYN001008,s1,2,399.0
7014,SYN001008,d4,2,99.0
7015,SYN001008,v4,2,39.0
7016,SYN001008,v6,2,29.0
7017,SYN001008,bv1,3,149.0
7018,SYN001008,b2,2,249.0
7019,SYN001008,b5,3,299.0
7020,SYN001008,b1,2,199.0
7021,SYN001008,s5,2,199.0
7022,SYN001008,v5,1,149.0
7023,SYN001008,b4,3,599.0
7024,SYN001009,v1,1,89.0
7025,SYN001009,s3,3,99.0
7026,SYN001009,d3,1,179.0
7027,SYN001009,b5,2,299.0
7028,SYN001009,f4,2,199.0
7029,SYN001009,bv2,3,249.0
7030,SYN001009,v2,2,49.0
7031,SYN001009,b1,2,199.0
7032,SYN001009,v3,3,79.0
7033,SYN001010,f2,1,49.0
7034,SYN001010,d1,1,69.0
7035,SYN001010,b3,3,199.0
7036,SYN001010,bv2,1,249.0
7037,SYN001010,v5,3,149.0
7038,SYN001010,f3,1,149.0
7039,SYN001011,d4,1,99.0
7040,SYN001011,v1,3,89.0
7041,SYN001011,s2,3,249.0
7042,SYN001011,b5,2,299.0
7043,SYN001011,bv4,1,349.0
7044,SYN001011,b4,3,599.0
7045,SYN001012,b3,2,199.0
7046,SYN001012,s2,3,249.0
7047,SYN001012,bv2,3,249.0
7048,SYN001012,b5,3,299.0
7049,SYN001012,bv1,2,149.0
7050,SYN001012,v2,1,49.0
7051,SYN001013,f3,1,149.0
7052,SYN001013,f2,1,49.0
7053,SYN001013,b1,2,199.0
7054,SYN001013,s1,3,399.0
7055,SYN001013,d5,2,249.0
7056,SYN001013,f4,1,199.0
7057,SYN001014,v4,3,39.0
7058,SYN001014,d4,3,99.0
7059,SYN001014,b4,2,599.0
7060,SYN001014,s2,2,249.0
7061,SYN001014,bv2,3,249.0
7062,SYN001014,f3,3,149.0
7063,SYN001014,v6,3,29.0
7064,SYN001014,f5,2,99.0
7065,SYN001014,s1,1,399.0
7066,SYN001014,bv3,1,199.0
7067,SYN001015,d1,3,69.0
7068,SYN001015,bv2,2,249.0
7069,SYN001015,v2,1,49.0
7070,SYN001015,f6,3,179.0
7071,SYN001015,bv3,3,199.0
7072,SYN001015,s1,1,399.0
7073,SYN001015,d2,3,249.0
7074,SYN001015,s3,2,99.0
7075,SYN001016,b1,1,199.0
7076,SYN001016,b2,1,249.0
7077,SYN001016,d5,2,249.0
7078,SYN001016,f4,1,199.0
7079,SYN001016,v2,3,49.0
7080,SYN001016,b5,3,299.0
7081,SYN001016,f2,2,49.0
7082,SYN001016,v3,3,79.0
7083,SYN001016,v1,1,89.0
7084,SYN001017,s5,1,199.0
7085,SYN001017,v5,2,149.0
7086,SYN001017,v4,2,39.0
7087,SYN001017,d2,1,249.0
7088,SYN001017,b5,1,299.0
7089,SYN001017,d3,2,179.0
7090,SYN001017,bv3,1,199.0
7091,SYN001017,b1,1,199.0
7092,SYN001018,f5,3,99.0
7093,SYN001018,bv3,3,199.0
7094,SYN001018,f2,2,49.0
7095,SYN001018,v6,2,29.0
7096,SYN001018,v2,3,49.0
7097,SYN001018,f4,1,199.0
7098,SYN001018,d4,1,99.0
7099,SYN001018,s1,1,399.0
7100,SYN001019,b2,1,249.0
7101,SYN001019,b4,3,599.0
7102,SYN001019,f3,1,149.0
7103,SYN001019,v2,2,49.0
7104,SYN001019,bv4,3,349.0
7105,SYN001019,s1,3,399.0
7106,SYN001019,d2,3,249.0
7107,SYN001019,f4,3,199.0
7108,SYN001020,v6,3,29.0
7109,SYN001020,v4,1,39.0
7110,SYN001020,v3,3,79.0
7111,SYN001020,s5,3,199.0
7112,SYN001020,s1,2,399.0
7113,SYN001020,d3,3,179.0
7114,SYN001020,d2,1,249.0
7115,SYN001020,v5,3,149.0
7116,SYN001021,f4,1,199.0
7117,SYN001021,b4,1,599.0
7118,SYN001021,f6,1,179.0
7119,SYN001021,f2,1,49.0
7120,SYN001021,bv2,1,249.0
7121,SYN001021,b1,2,199.0
7122,SYN001021,v1,2,89.0
7123,SYN001021,s1,2,399.0
7124,SYN001021,s2,3,249.0
7125,SYN001021,s5,2,199.0
7126,SYN001021,f5,3,99.0
7127,SYN001022,bv2,3,249.0
7128,SYN001022,bv1,3,149.0
7129,SYN001022,d3,1,179.0
7130,SYN001022,d2,2,249.0
7131,SYN001022,s5,2,199.0
7132,SYN001022,v4,1,39.0
7133,SYN001022,bv4,1,349.0
7134,SYN001023,f4,2,199.0
7135,SYN001023,b5,2,299.0
7136,SYN001023,s1,3,399.0
7137,SYN001023,bv2,1,249.0
7138,SYN001023,b4,3,599.0
7139,SYN001023,v2,1,49.0
7140,SYN001023,b3,1,199.0
7141,SYN001024,bv3,3,199.0
7142,SYN001024,v6,2,29.0
7143,SYN001024,d3,2,179.0
7144,SYN001024,v4,3,39.0
7145,SYN001024,b5,1,299.0
7146,SYN001024,v5,1,149.0
7147,SYN001024,v3,2,79.0
7148,SYN001024,d1,3,69.0
7149,SYN001024,b1,3,199.0
7150,SYN001024,bv2,1,249.0
7151,SYN001024,b2,1,249.0
7152,SYN001025,f5,1,99.0
7153,SYN001025,v4,1,39.0
7154,SYN001025,bv4,3,349.0
7155,SYN001025,bv2,1,249.0
7156,SYN001025,b4,3,599.0
7157,SYN001025,d3,1,179.0
7158,SYN001025,bv3,3,199.0
7159,SYN001025,d5,1,249.0
7160,SYN001026,s3,2,99.0
7161,SYN001026,f6,3,179.0
7162,SYN001026,bv1,3,149.0
7163,SYN001026,v5,2,149.0
7164,SYN001026,b5,3,299.0
7165,SYN001026,d5,3,249.0
7166,SYN001026,f4,1,199.0
7167,SYN001026,d3,3,179.0
7168,SYN001027,bv1,1,149.0
7169,SYN001027,b1,1,199.0
7170,SYN001027,v4,2,39.0
7171,SYN001027,d5,1,249.0
7172,SYN001027,v5,2,149.0
7173,SYN001027,v1,1,89.0
7174,SYN001027,s3,1,99.0
7175,SYN001027,b3,1,199.0
7176,SYN001027,bv4,2,349.0
7177,SYN001027,b2,2,249.0
7178,SYN001028,d5,3,249.0
7179,SYN001028,f4,1,199.0
7180,SYN001028,f6,3,179.0
7181,SYN001028,b2,3,249.0
7182,SYN001028,s5,3,199.0
7183,SYN001028,d2,2,249.0
7184,SYN001028,f2,1,49.0
7185,SYN001028,b1,2,199.0
7186,SYN001029,bv2,3,249.0
7187,SYN001029,d5,1,249.0
7188,SYN001029,d4,3,99.0
7189,SYN001029,b4,3,599.0
7190,SYN001029,f3,3,149.0
7191,SYN001029,v1,1,89.0
7192,SYN001030,bv2,3,249.0
7193,SYN001030,d2,1,249.0
7194,SYN001030,s2,2,249.0
7195,SYN001030,b3,3,199.0
7196,SYN001030,b4,3,599.0
7197,SYN001030,d3,2,179.0
7198,SYN001031,f6,3,179.0
7199,SYN001031,s3,3,99.0
7200,SYN001031,b3,3,199.0
7201,SYN001031,d2,3,249.0
7202,SYN001031,d3,3,179.0
7203,SYN001031,b4,1,599.0
7204,SYN001031,v4,3,39.0
7205,SYN001031,v5,2,149.0
7206,SYN001031,f2,3,49.0
7207,SYN001031,b1,3,199.0
7208,SYN001031,f4,2,199.0
7209,SYN001032,v4,3,39.0
7210,SYN001032,v2,3,49.0
7211,SYN001032,f6,1,179.0
7212,SYN001032,v1,2,89.0
7213,SYN001032,d5,2,249.0
7214,SYN001032,s2,3,249.0
7215,SYN001033,v5,2,149.0
7216,SYN001033,d4,2,99.0
7217,SYN001033,v2,1,49.0
7218,SYN001033,s4,1,299.0
7219,SYN001033,bv1,3,149.0
7220,SYN001033,bv4,1,349.0
7221,SYN001033,f3,1,149.0
7222,SYN001033,s2,3,249.0
7223,SYN001033,v3,3,79.0
7224,SYN001033,f2,1,49.0
7225,SYN001034,bv3,1,199.0
7226,SYN001034,d4,3,99.0
7227,SYN001034,f6,3,179.0
7228,SYN001034,v5,1,149.0
7229,SYN001034,s3,2,99.0
7230,SYN001034,bv1,3,149.0
7231,SYN001034,d3,2,179.0
7232,SYN001035,v1,2,89.0
7233,SYN001035,bv2,1,249.0
7234,SYN001035,s2,3,249.0
7235,SYN001035,b4,2,599.0
7236,SYN001035,b3,1,199.0
7237,SYN001035,d2,1,249.0
7238,SYN001035,b1,1,199.0
7239,SYN001035,bv3,3,199.0
7240,SYN001035,f1,1,249.0
7241,SYN001035,bv4,2,349.0
7242,SYN001035,f5,1,99.0
7243,SYN001035,v3,3,79.0
7244,SYN001036,s1,1,399.0
7245,SYN001036,bv4,2,349.0
7246,SYN001036,b4,1,599.0
7247,SYN001036,v4,1,39.0
7248,SYN001036,f5,2,99.0
7249,SYN001036,b1,3,199.0
7250,SYN001036,d2,3,249.0
7251,SYN001037,v3,2,79.0
7252,SYN001037,v6,2,29.0
7253,SYN001037,v2,2,49.0
7254,SYN001037,v1,2,89.0
7255,SYN001037,bv1,2,149.0
7256,SYN001037,b5,3,299.0
7257,SYN001037,f2,3,49.0
7258,SYN001037,d5,3,249.0
7259,SYN001037,s1,3,399.0
7260,SYN001037,v4,3,39.0
7261,SYN001037,f5,3,99.0
7262,SYN001038,s5,3,199.0
7263,SYN001038,v3,3,79.0
7264,SYN001038,f1,2,249.0
7265,SYN001038,d4,3,99.0
7266,SYN001038,f6,2,179.0
7267,SYN001038,f2,1,49.0
7268,SYN001038,d5,1,249.0
7269,SYN001038,v5,3,149.0
7270,SYN001038,bv1,3,149.0
7271,SYN001038,b4,2,599.0
7272,SYN001039,v1,2,89.0
7273,SYN001039,s1,3,399.0
7274,SYN001039,b4,3,599.0
7275,SYN001039,s3,1,99.0
7276,SYN001039,f4,2,199.0
7277,SYN001039,d1,1,69.0
7278,SYN001039,s5,2,199.0
7279,SYN001039,f3,3,149.0
7280,SYN001039,d4,2,99.0
7281,SYN001039,v6,2,29.0
7282,SYN001039,f1,2,249.0
7283,SYN001040,f6,3,179.0
7284,SYN001040,s3,3,99.0
7285,SYN001040,v5,3,149.0
7286,SYN001040,v6,1,29.0
7287,SYN001040,f5,3,99.0
7288,SYN001040,d3,2,179.0
7289,SYN001040,f4,2,199.0
7290,SYN001041,d3,3,179.0
7291,SYN001041,b4,1,599.0
7292,SYN001041,v5,3,149.0
7293,SYN001041,bv2,1,249.0
7294,SYN001041,v1,3,89.0
7295,SYN001041,b5,2,299.0
7296,SYN001041,bv3,2,199.0
7297,SYN001042,f5,1,99.0
7298,SYN001042,s1,1,399.0
7299,SYN001042,d2,3,249.0
7300,SYN001042,b1,1,199.0
7301,SYN001042,bv2,2,249.0
7302,SYN001042,bv3,3,199.0
7303,SYN001042,bv1,3,149.0
7304,SYN001042,b3,3,199.0
7305,SYN001042,v3,2,79.0
7306,SYN001042,v6,2,29.0
7307,SYN001042,f1,2,249.0
7308,SYN001043,b2,1,249.0
7309,SYN001043,f5,2,99.0
7310,SYN001043,f3,3,149.0
7311,SYN001043,d3,2,179.0
7312,SYN001043,d5,2,249.0
7313,SYN001043,b5,2,299.0
7314,SYN001043,bv3,3,199.0
7315,SYN001044,s3,3,99.0
7316,SYN001044,s5,3,199.0
7317,SYN001044,d2,3,249.0
7318,SYN001044,f5,3,99.0
7319,SYN001044,bv3,2,199.0
7320,SYN001044,f3,2,149.0
7321,SYN001045,f2,2,49.0
7322,SYN001045,s5,2,199.0
7323,SYN001045,f1,1,249.0
7324,SYN001045,v1,1,89.0
7325,SYN001045,s1,2,399.0
7326,SYN001045,v6,1,29.0
7327,SYN001045,v4,1,39.0
7328,SYN001045,b3,2,199.0
7329,SYN001045,bv4,3,349.0
7330,SYN001045,d1,1,69.0
7331,SYN001045,d3,2,179.0
7332,SYN001045,v3,1,79.0
7333,SYN001046,f4,1,199.0
7334,SYN001046,d3,1,179.0
7335,SYN001046,v1,3,89.0
7336,SYN001046,d5,2,249.0
7337,SYN001046,bv1,3,149.0
7338,SYN001046,d2,2,249.0
7339,SYN001046,v2,1,49.0
7340,SYN001046,bv3,2,199.0
7341,SYN001047,f2,1,49.0
7342,SYN001047,b5,2,299.0
7343,SYN001047,v6,1,29.0
7344,SYN001047,v4,2,39.0
7345,SYN001047,b3,3,199.0
7346,SYN001047,d4,2,99.0
7347,SYN001047,f1,1,249.0
7348,SYN001047,f3,2,149.0
7349,SYN001047,v3,2,79.0
7350,SYN001048,v3,1,79.0
7351,SYN001048,b3,1,199.0
7352,SYN001048,d1,3,69.0
7353,SYN001048,bv1,3,149.0
7354,SYN001048,d4,1,99.0
7355,SYN001048,d3,1,179.0
7356,SYN001049,f1,1,249.0
7357,SYN001049,f5,2,99.0
7358,SYN001049,d4,3,99.0
7359,SYN001049,bv4,3,349.0
7360,SYN001049,v3,2,79.0
7361,SYN001049,s1,2,399.0
7362,SYN001049,d1,1,69.0
7363,SYN001049,d5,1,249.0
7364,SYN001049,s3,3,99.0
7365,SYN001049,d2,2,249.0
7366,SYN001049,s4,1,299.0
7367,SYN001050,s2,1,249.0
7368,SYN001050,s1,2,399.0
7369,SYN001050,v3,3,79.0
7370,SYN001050,v1,3,89.0
7371,SYN001050,f2,1,49.0
7372,SYN001050,d2,1,249.0
7373,SYN001050,f1,1,249.0
7374,SYN001050,f4,2,199.0
7375,SYN001050,d5,1,249.0
7376,SYN001050,b4,2,599.0
7377,SYN001051,s4,1,299.0
7378,SYN001051,d2,2,249.0
7379,SYN001051,f2,3,49.0
7380,SYN001051,b1,3,199.0
7381,SYN001051,s3,3,99.0
7382,SYN001051,f4,2,199.0
7383,SYN001051,d3,2,179.0
7384,SYN001052,b2,3,249.0
7385,SYN001052,v6,3,29.0
7386,SYN001052,bv3,2,199.0
7387,SYN001052,v5,2,149.0
7388,SYN001052,v4,2,39.0
7389,SYN001052,s4,1,299.0
7390,SYN001052,d3,2,179.0
7391,SYN001053,f4,2,199.0
7392,SYN001053,bv1,3,149.0
7393,SYN001053,v6,2,29.0
7394,SYN001053,bv3,2,199.0
7395,SYN001053,b5,2,299.0
7396,SYN001053,s2,1,249.0
7397,SYN001053,bv2,3,249.0
7398,SYN001054,b5,1,299.0
7399,SYN001054,v6,1,29.0
7400,SYN001054,v2,2,49.0
7401,SYN001054,f5,3,99.0
7402,SYN001054,bv4,1,349.0
7403,SYN001054,d3,2,179.0
7404,SYN001055,d3,1,179.0
7405,SYN001055,b3,2,199.0
7406,SYN001055,d4,2,99.0
7407,SYN001055,v4,3,39.0
7408,SYN001055,f2,3,49.0
7409,SYN001055,f5,1,99.0
7410,SYN001055,v3,2,79.0
7411,SYN001055,b5,3,299.0
7412,SYN001055,d1,2,69.0
7413,SYN001055,f6,1,179.0
7414,SYN001055,bv2,3,249.0
7415,SYN001055,bv1,1,149.0
7416,SYN001056,d5,3,249.0
7417,SYN001056,d2,2,249.0
7418,SYN001056,d3,3,179.0
7419,SYN001056,s4,3,299.0
7420,SYN001056,b4,2,599.0
7421,SYN001056,v2,1,49.0
7422,SYN001056,f6,2,179.0
7423,SYN001056,b3,3,199.0
7424,SYN001056,b2,3,249.0
7425,SYN001056,s2,2,249.0
7426,SYN001057,bv3,1,199.0
7427,SYN001057,f1,3,249.0
7428,SYN001057,b5,1,299.0
7429,SYN001057,bv2,1,249.0
7430,SYN001057,d5,1,249.0
7431,SYN001057,f6,2,179.0
7432,SYN001057,b2,1,249.0
7433,SYN001057,f3,1,149.0
7434,SYN001057,bv1,2,149.0
7435,SYN001057,f4,1,199.0
7436,SYN001057,f5,2,99.0
7437,SYN001058,s4,2,299.0
7438,SYN001058,d4,1,99.0
7439,SYN001058,v4,3,39.0
7440,SYN001058,s5,2,199.0
7441,SYN001058,f2,3,49.0
7442,SYN001058,s2,3,249.0
7443,SYN001058,s1,2,399.0
7444,SYN001058,d1,2,69.0
7445,SYN001058,v6,2,29.0
7446,SYN001058,bv3,2,199.0
7447,SYN001058,s3,3,99.0
7448,SYN001059,b4,2,599.0
7449,SYN001059,d4,1,99.0
7450,SYN001059,v4,1,39.0
7451,SYN001059,s1,1,399.0
7452,SYN001059,s5,1,199.0
7453,SYN001059,f3,1,149.0
7454,SYN001059,bv1,1,149.0
7455,SYN001059,bv2,2,249.0
7456,SYN001059,f4,1,199.0
7457,SYN001059,s2,2,249.0
7458,SYN001059,v1,1,89.0
7459,SYN001059,v2,2,49.0
7460,SYN001060,f4,1,199.0
7461,SYN001060,d1,2,69.0
7462,SYN001060,s5,1,199.0
7463,SYN001060,d2,3,249.0
7464,SYN001060,v1,2,89.0
7465,SYN001060,s4,2,299.0
7466,SYN001060,d5,2,249.0
7467,SYN001060,v2,2,49.0
7468,SYN001060,f3,3,149.0
7469,SYN001060,b3,1,199.0
7470,SYN001061,s3,1,99.0
7471,SYN001061,b4,3,599.0
7472,SYN001061,b5,2,299.0
7473,SYN001061,d5,1,249.0
7474,SYN001061,v2,2,49.0
7475,SYN001061,f5,2,99.0
7476,SYN001061,b1,1,199.0
7477,SYN001061,f6,3,179.0
7478,SYN001062,f2,1,49.0
7479,SYN001062,v1,3,89.0
7480,SYN001062,s5,1,199.0
7481,SYN001062,bv3,3,199.0
7482,SYN001062,b1,3,199.0
7483,SYN001062,bv4,3,349.0
7484,SYN001062,f4,2,199.0
7485,SYN001063,d1,2,69.0
7486,SYN001063,v5,3,149.0
7487,SYN001063,v4,3,39.0
7488,SYN001063,d3,1,179.0
7489,SYN001063,s4,2,299.0
7490,SYN001063,b2,2,249.0
7491,SYN001063,b1,3,199.0
7492,SYN001064,d4,1,99.0
7493,SYN001064,b4,2,599.0
7494,SYN001064,bv4,2,349.0
7495,SYN001064,f6,2,179.0
7496,SYN001064,b2,1,249.0
7497,SYN001064,v3,1,79.0
7498,SYN001065,bv3,3,199.0
7499,SYN001065,d4,2,99.0
7500,SYN001065,b4,2,599.0
7501,SYN001065,v1,2,89.0
7502,SYN001065,b1,2,199.0
7503,SYN001065,f4,1,199.0
7504,SYN001065,v6,3,29.0
7505,SYN001065,v2,3,49.0
7506,SYN001065,s1,3,399.0
7507,SYN001065,bv2,2,249.0
7508,SYN001065,v4,2,39.0
7509,SYN001065,b5,1,299.0
7510,SYN001066,b5,2,299.0
7511,SYN001066,bv2,2,249.0
7512,SYN001066,f3,3,149.0
7513,SYN001066,s1,1,399.0
7514,SYN001066,f1,3,249.0
7515,SYN001066,v4,2,39.0
7516,SYN001066,s2,2,249.0
7517,SYN001066,v6,2,29.0
7518,SYN001066,d1,2,69.0
7519,SYN001066,v5,2,149.0
7520,SYN001067,v1,2,89.0
7521,SYN001067,d2,3,249.0
7522,SYN001067,f6,1,179.0
7523,SYN001067,f2,1,49.0
7524,SYN001067,f5,1,99.0
7525,SYN001068,v1,3,89.0
7526,SYN001068,d1,1,69.0
7527,SYN001068,d3,3,179.0
7528,SYN001068,d5,2,249.0
7529,SYN001068,f1,2,249.0
7530,SYN001068,f2,3,49.0
7531,SYN001068,v3,2,79.0
7532,SYN001069,v2,1,49.0
7533,SYN001069,f6,3,179.0
7534,SYN001069,d1,1,69.0
7535,SYN001069,d3,1,179.0
7536,SYN001069,f4,2,199.0
7537,SYN001069,d4,1,99.0
7538,SYN001069,f5,2,99.0
7539,SYN001069,f3,3,149.0
7540,SYN001070,f5,2,99.0
7541,SYN001070,f2,3,49.0
7542,SYN001070,d1,1,69.0
7543,SYN001070,d3,3,179.0
7544,SYN001070,v2,1,49.0
7545,SYN001070,v3,1,79.0
7546,SYN001071,v4,1,39.0
7547,SYN001071,bv3,2,199.0
7548,SYN001071,f6,2,179.0
7549,SYN001071,d5,2,249.0
7550,SYN001071,d2,3,249.0
7551,SYN001071,v2,2,49.0
7552,SYN001072,f1,3,249.0
7553,SYN001072,v3,2,79.0
7554,SYN001072,v1,3,89.0
7555,SYN001072,b5,3,299.0
7556,SYN001072,v4,1,39.0
7557,SYN001073,d3,2,179.0
7558,SYN001073,f5,2,99.0
7559,SYN001073,d4,3,99.0
7560,SYN001073,f6,3,179.0
7561,SYN001073,d5,1,249.0
7562,SYN001073,bv4,3,349.0
7563,SYN001073,v2,3,49.0
7564,SYN001074,d2,1,249.0
7565,SYN001074,s3,2,99.0
7566,SYN001074,v6,2,29.0
7567,SYN001074,b4,1,599.0
7568,SYN001074,f5,2,99.0
7569,SYN001074,v5,2,149.0
7570,SYN001074,f4,2,199.0
7571,SYN001075,v2,3,49.0
7572,SYN001075,f4,1,199.0
7573,SYN001075,d1,2,69.0
7574,SYN001075,v5,1,149.0
7575,SYN001075,v3,2,79.0
7576,SYN001075,d4,3,99.0
7577,SYN001075,v6,2,29.0
7578,SYN001075,f1,1,249.0
7579,SYN001076,d4,1,99.0
7580,SYN001076,f3,1,149.0
7581,SYN001076,v1,2,89.0
7582,SYN001076,f2,1,49.0
7583,SYN001076,f6,3,179.0
7584,SYN001076,f4,2,199.0
7585,SYN001077,f1,1,249.0
7586,SYN001077,s5,2,199.0
7587,SYN001077,d4,3,99.0
7588,SYN001077,d5,1,249.0
7589,SYN001077,d2,1,249.0
7590,SYN001078,d2,1,249.0
7591,SYN001078,d1,2,69.0
7592,SYN001078,f1,3,249.0
7593,SYN001078,v4,1,39.0
7594,SYN001078,f2,1,49.0
7595,SYN001078,s2,1,249.0
7596,SYN001079,d3,2,179.0
7597,SYN001079,d1,3,69.0
7598,SYN001079,d5,2,249.0
7599,SYN001079,bv3,1,199.0
7600,SYN001079,v4,1,39.0
7601,SYN001079,f5,1,99.0
7602,SYN001080,s2,3,249.0
7603,SYN001080,d5,3,249.0
7604,SYN001080,f6,1,179.0
7605,SYN001080,b3,1,199.0
7606,SYN001081,f2,3,49.0
7607,SYN001081,v6,1,29.0
7608,SYN001081,v2,3,49.0
7609,SYN001081,d3,1,179.0
7610,SYN001081,d5,2,249.0
7611,SYN001081,f4,3,199.0
7612,SYN001081,v4,3,39.0
7613,SYN001081,v5,2,149.0
7614,SYN001082,v5,1,149.0
7615,SYN001082,v3,2,79.0
7616,SYN001082,f1,3,249.0
7617,SYN001082,bv1,1,149.0
7618,SYN001082,v2,1,49.0
7619,SYN001082,d3,3,179.0
7620,SYN001082,v4,3,39.0
7621,SYN001082,f4,2,199.0
7622,SYN001083,v4,2,39.0
7623,SYN001083,f4,3,199.0
7624,SYN001083,s2,2,249.0
7625,SYN001083,s1,2,399.0
7626,SYN001083,f5,1,99.0
7627,SYN001083,v5,3,149.0
7628,SYN001084,s3,1,99.0
7629,SYN001084,f2,2,49.0
7630,SYN001084,v3,2,79.0
7631,SYN001084,f1,1,249.0
7632,SYN001084,d4,1,99.0
7633,SYN001085,f3,1,149.0
7634,SYN001085,s5,3,199.0
7635,SYN001085,f6,1,179.0
7636,SYN001085,d3,1,179.0
7637,SYN001085,f2,2,49.0
7638,SYN001085,d1,3,69.0
7639,SYN001085,b3,1,199.0
7640,SYN001086,v4,1,39.0
7641,SYN001086,d4,2,99.0
7642,SYN001086,d1,2,69.0
7643,SYN001086,b2,3,249.0
7644,SYN001086,bv2,1,249.0
7645,SYN001086,f2,1,49.0
7646,SYN001086,v3,1,79.0
7647,SYN001086,s2,3,249.0
7648,SYN001087,d5,1,249.0
7649,SYN001087,v1,3,89.0
7650,SYN001087,s3,2,99.0
7651,SYN001087,bv3,3,199.0
7652,SYN001087,f1,3,249.0
7653,SYN001088,v3,2,79.0
7654,SYN001088,f5,2,99.0
7655,SYN001088,v6,2,29.0
7656,SYN001088,f6,1,179.0
7657,SYN001088,d4,1,99.0
7658,SYN001089,f5,1,99.0
7659,SYN001089,v4,2,39.0
7660,SYN001089,s1,1,399.0
7661,SYN001089,f1,1,249.0
7662,SYN001089,d4,1,99.0
7663,SYN001089,v3,1,79.0
7664,SYN001090,f6,1,179.0
7665,SYN001090,f3,2,149.0
7666,SYN001090,d1,1,69.0
7667,SYN001090,f5,3,99.0
7668,SYN001090,v2,1,49.0
7669,SYN001090,s5,1,199.0
7670,SYN001090,v6,3,29.0
7671,SYN001090,d3,2,179.0
7672,SYN001091,f5,1,99.0
7673,SYN001091,f6,3,179.0
7674,SYN001091,f2,3,49.0
7675,SYN001091,f1,1,249.0
7676,SYN001091,v5,3,149.0
7677,SYN001091,d5,1,249.0
7678,SYN001092,d1,2,69.0
7679,SYN001092,f2,3,49.0
7680,SYN001092,v5,2,149.0
7681,SYN001092,b2,2,249.0
7682,SYN001093,f2,1,49.0
7683,SYN001093,v4,2,39.0
7684,SYN001093,d5,2,249.0
7685,SYN001093,d4,2,99.0
7686,SYN001093,v3,3,79.0
7687,SYN001093,d2,1,249.0
7688,SYN001093,b5,3,299.0
7689,SYN001094,f1,2,249.0
7690,SYN001094,f4,3,199.0
7691,SYN001094,d3,3,179.0
7692,SYN001094,f5,2,99.0
7693,SYN001094,bv4,3,349.0
7694,SYN001094,f6,2,179.0
7695,SYN001095,v5,1,149.0
7696,SYN001095,v6,1,29.0
7697,SYN001095,f4,1,199.0
7698,SYN001095,v1,1,89.0
7699,SYN001095,f3,2,149.0
7700,SYN001095,bv2,3,249.0
7701,SYN001095,f6,2,179.0
7702,SYN001096,v6,1,29.0
7703,SYN001096,v3,2,79.0
7704,SYN001096,d4,1,99.0
7705,SYN001096,f3,2,149.0
7706,SYN001096,d5,1,249.0
7707,SYN001096,b5,1,299.0
7708,SYN001096,v2,3,49.0
7709,SYN001096,f2,1,49.0
7710,SYN001097,s5,2,199.0
7711,SYN001097,d4,1,99.0
7712,SYN001097,v6,3,29.0
7713,SYN001097,v5,1,149.0
7714,SYN001097,f1,2,249.0
7715,SYN001097,f6,1,179.0
7716,SYN001098,s4,1,299.0
7717,SYN001098,f4,3,199.0
7718,SYN001098,d4,2,99.0
7719,SYN001098,v1,2,89.0
7720,SYN001098,b2,3,249.0
7721,SYN001099,f4,1,199.0
7722,SYN001099,b3,3,199.0
7723,SYN001099,f3,2,149.0
7724,SYN001099,v6,1,29.0
7725,SYN001099,f2,3,49.0
7726,SYN001099,d2,3,249.0
7727,SYN001100,v4,2,39.0
7728,SYN001100,v2,1,49.0
7729,SYN001100,v6,2,29.0
7730,SYN001100,f2,2,49.0
7731,SYN001100,v1,3,89.0
7732,SYN001100,f6,1,179.0
7733,SYN001101,f6,2,179.0
7734,SYN001101,b1,3,199.0
7735,SYN001101,f5,1,99.0
7736,SYN001101,d4,3,99.0
7737,SYN001101,f4,1,199.0
7738,SYN001101,v5,3,149.0
7739,SYN001102,f5,3,99.0
7740,SYN001102,f4,1,199.0
7741,SYN001102,d5,3,249.0
7742,SYN001102,d4,2,99.0
7743,SYN001102,f6,2,179.0
7744,SYN001102,v4,1,39.0
7745,SYN001102,v2,1,49.0
7746,SYN001103,d5,3,249.0
7747,SYN001103,b3,3,199.0
7748,SYN001103,d4,2,99.0
7749,SYN001103,v5,1,149.0
7750,SYN001103,v6,3,29.0
7751,SYN001103,d2,2,249.0
7752,SYN001103,v3,1,79.0
7753,SYN001104,d4,1,99.0
7754,SYN001104,bv1,3,149.0
7755,SYN001104,v1,3,89.0
7756,SYN001104,v4,1,39.0
7757,SYN001104,f4,1,199.0
7758,SYN001105,d1,2,69.0
7759,SYN001105,d4,3,99.0
7760,SYN001105,v6,3,29.0
7761,SYN001105,b5,2,299.0
7762,SYN001106,d5,3,249.0
7763,SYN001106,v1,3,89.0
7764,SYN001106,d1,2,69.0
7765,SYN001106,d3,3,179.0
7766,SYN001106,bv1,3,149.0
7767,SYN001106,v2,2,49.0
7768,SYN001106,d4,3,99.0
7769,SYN001106,f3,1,149.0
7770,SYN001107,f6,1,179.0
7771,SYN001107,bv1,1,149.0
7772,SYN001107,d3,2,179.0
7773,SYN001107,f3,1,149.0
7774,SYN001107,v6,3,29.0
7775,SYN001108,d1,1,69.0
7776,SYN001108,f4,2,199.0
7777,SYN001108,d2,3,249.0
7778,SYN001108,v3,2,79.0
7779,SYN001108,v5,2,149.0
7780,SYN001108,f5,1,99.0
7781,SYN001108,d5,2,249.0
7782,SYN001109,v4,3,39.0
7783,SYN001109,f1,2,249.0
7784,SYN001109,v1,1,89.0
7785,SYN001109,b1,2,199.0
7786,SYN001110,v4,3,39.0
7787,SYN001110,d4,2,99.0
7788,SYN001110,d1,1,69.0
7789,SYN001110,v6,2,29.0
7790,SYN001110,f3,3,149.0
7791,SYN001110,v1,2,89.0
7792,SYN001110,f1,1,249.0
7793,SYN001110,v3,1,79.0
7794,SYN001111,f6,1,179.0
7795,SYN001111,d4,1,99.0
7796,SYN001111,f3,3,149.0
7797,SYN001111,d3,1,179.0
7798,SYN001111,f5,3,99.0
7799,SYN001111,f1,2,249.0
7800,SYN001111,d2,1,249.0
7801,SYN001111,s1,3,399.0
7802,SYN001112,v4,1,39.0
7803,SYN001112,d3,1,179.0
7804,SYN001112,v6,1,29.0
7805,SYN001112,d2,2,249.0
7806,SYN001112,f1,1,249.0
7807,SYN001112,s4,1,299.0
7808,SYN001113,v3,2,79.0
7809,SYN001113,v2,2,49.0
7810,SYN001113,v5,3,149.0
7811,SYN001113,d3,1,179.0
7812,SYN001113,v4,1,39.0
7813,SYN001113,f1,1,249.0
7814,SYN001114,f4,3,199.0
7815,SYN001114,d2,1,249.0
7816,SYN001114,d1,1,69.0
7817,SYN001114,v3,2,79.0
7818,SYN001114,d3,1,179.0
7819,SYN001114,f6,2,179.0
7820,SYN001115,f4,2,199.0
7821,SYN001115,v4,2,39.0
7822,SYN001115,f6,3,179.0
7823,SYN001115,v6,2,29.0
7824,SYN001115,f1,3,249.0
7825,SYN001115,d5,2,249.0
7826,SYN001116,s3,3,99.0
7827,SYN001116,v4,1,39.0
7828,SYN001116,f5,3,99.0
7829,SYN001116,d1,2,69.0
7830,SYN001116,s5,3,199.0
7831,SYN001116,v6,2,29.0
7832,SYN001117,d5,1,249.0
7833,SYN001117,f5,3,99.0
7834,SYN001117,v2,3,49.0
7835,SYN001117,f4,3,199.0
7836,SYN001117,v1,1,89.0
7837,SYN001117,v6,1,29.0
7838,SYN001118,d3,3,179.0
7839,SYN001118,f3,1,149.0
7840,SYN001118,d2,1,249.0
7841,SYN001118,d4,3,99.0
7842,SYN001118,d5,1,249.0
7843,SYN001118,b2,2,249.0
7844,SYN001118,v1,2,89.0
7845,SYN001118,d1,2,69.0
7846,SYN001119,d1,1,69.0
7847,SYN001119,s1,2,399.0
7848,SYN001119,v1,3,89.0
7849,SYN001119,f1,1,249.0
7850,SYN001119,v5,2,149.0
7851,SYN001119,f5,1,99.0
7852,SYN001120,b1,1,199.0
7853,SYN001120,f5,2,99.0
7854,SYN001120,d3,3,179.0
7855,SYN001120,v5,3,149.0
7856,SYN001120,d4,2,99.0
7857,SYN001120,bv1,3,149.0
7858,SYN001120,v2,1,49.0
7859,SYN001120,f3,1,149.0
7860,SYN001121,d1,3,69.0
7861,SYN001121,v6,3,29.0
7862,SYN001121,v3,1,79.0
7863,SYN001121,v1,2,89.0
7864,SYN001121,bv1,3,149.0
7865,SYN001121,s2,3,249.0
7866,SYN001121,d2,3,249.0
7867,SYN001121,f6,2,179.0
7868,SYN001122,v6,3,29.0
7869,SYN001122,v4,1,39.0
7870,SYN001122,v3,2,79.0
7871,SYN001122,f2,2,49.0
7872,SYN001123,d3,3,179.0
7873,SYN001123,d2,2,249.0
7874,SYN001123,f2,1,49.0
7875,SYN001123,f4,1,199.0
7876,SYN001123,f5,1,99.0
7877,SYN001123,d5,2,249.0
7878,SYN001123,v1,1,89.0
7879,SYN001123,bv3,3,199.0
7880,SYN001124,d5,2,249.0
7881,SYN001124,v4,2,39.0
7882,SYN001124,v3,1,79.0
7883,SYN001124,v6,3,29.0
7884,SYN001124,f1,3,249.0
7885,SYN001125,d3,3,179.0
7886,SYN001125,f1,3,249.0
7887,SYN001125,d1,2,69.0
7888,SYN001125,v2,2,49.0
7889,SYN001125,v6,3,29.0
7890,SYN001125,d2,2,249.0
7891,SYN001126,v5,2,149.0
7892,SYN001126,d5,1,249.0
7893,SYN001126,f3,2,149.0
7894,SYN001126,f4,1,199.0
7895,SYN001126,f5,2,99.0
7896,SYN001126,d4,1,99.0
7897,SYN001127,f2,1,49.0
7898,SYN001127,d4,3,99.0
7899,SYN001127,d5,3,249.0
7900,SYN001127,d2,2,249.0
7901,SYN001127,v5,2,149.0
7902,SYN001127,f1,3,249.0
7903,SYN001127,d1,1,69.0
7904,SYN001128,d1,3,69.0
7905,SYN001128,v1,1,89.0
7906,SYN001128,d4,2,99.0
7907,SYN001128,f1,1,249.0
7908,SYN001128,s5,1,199.0
7909,SYN001128,f4,3,199.0
7910,SYN001129,f1,1,249.0
7911,SYN001129,v6,1,29.0
7912,SYN001129,d1,1,69.0
7913,SYN001129,d4,1,99.0
7914,SYN001129,v5,3,149.0
7915,SYN001129,b4,3,599.0
7916,SYN001130,b1,3,199.0
7917,SYN001130,f6,1,179.0
7918,SYN001130,f3,3,149.0
7919,SYN001130,s3,1,99.0
7920,SYN001130,s4,2,299.0
7921,SYN001130,d5,2,249.0
7922,SYN001130,d1,3,69.0
7923,SYN001130,v6,2,29.0
7924,SYN001131,bv2,3,249.0
7925,SYN001131,b5,1,299.0
7926,SYN001131,f2,1,49.0
7927,SYN001131,f5,3,99.0
7928,SYN001131,v1,3,89.0
7929,SYN001131,d3,2,179.0
7930,SYN001132,v2,2,49.0
7931,SYN001132,v1,3,89.0
7932,SYN001132,bv4,3,349.0
7933,SYN001132,f2,3,49.0
7934,SYN001132,d5,1,249.0
7935,SYN001133,f6,1,179.0
7936,SYN001133,f3,1,149.0
7937,SYN001133,v6,1,29.0
7938,SYN001133,v5,3,149.0
7939,SYN001133,b2,2,249.0
7940,SYN001133,d2,3,249.0
7941,SYN001134,bv2,3,249.0
7942,SYN001134,v1,1,89.0
7943,SYN001134,d4,3,99.0
7944,SYN001134,d3,1,179.0
7945,SYN001134,s4,3,299.0
7946,SYN001134,v3,1,79.0
7947,SYN001134,f3,2,149.0
7948,SYN001134,v5,2,149.0
7949,SYN001135,b2,1,249.0
7950,SYN001135,d2,2,249.0
7951,SYN001135,v6,3,29.0
7952,SYN001135,f2,3,49.0
7953,SYN001135,bv1,3,149.0
7954,SYN001135,f5,3,99.0
7955,SYN001136,s1,1,399.0
7956,SYN001136,f3,3,149.0
7957,SYN001136,f1,2,249.0
7958,SYN001136,v6,3,29.0
7959,SYN001136,d4,2,99.0
7960,SYN001136,b2,1,249.0
7961,SYN001136,f6,3,179.0
7962,SYN001137,f1,1,249.0
7963,SYN001137,f6,3,179.0
7964,SYN001137,v2,2,49.0
7965,SYN001137,f5,2,99.0
7966,SYN001137,b3,1,199.0
7967,SYN001137,d2,1,249.0
7968,SYN001137,f4,3,199.0
7969,SYN001137,f3,2,149.0
7970,SYN001138,d3,3,179.0
7971,SYN001138,f5,3,99.0
7972,SYN001138,d1,3,69.0
7973,SYN001138,v3,2,79.0
7974,SYN001138,f2,2,49.0
7975,SYN001138,b1,3,199.0
7976,SYN001138,v4,1,39.0
7977,SYN001139,d1,2,69.0
7978,SYN001139,d5,3,249.0
7979,SYN001139,v3,1,79.0
7980,SYN001139,f3,1,149.0
7981,SYN001139,d3,1,179.0
7982,SYN001139,b3,1,199.0
7983,SYN001139,f1,1,249.0
7984,SYN001140,d4,1,99.0
7985,SYN001140,f1,1,249.0
7986,SYN001140,v2,1,49.0
7987,SYN001140,d1,2,69.0
7988,SYN001140,d3,3,179.0
7989,SYN001140,bv2,2,249.0
7990,SYN001141,f1,1,249.0
7991,SYN001141,d2,2,249.0
7992,SYN001141,f6,2,179.0
7993,SYN001141,s5,1,199.0
7994,SYN001141,d4,1,99.0
7995,SYN001141,v5,3,149.0
7996,SYN001142,d1,2,69.0
7997,SYN001142,f4,3,199.0
7998,SYN001142,f6,2,179.0
7999,SYN001142,v3,1,79.0
8000,SYN001142,v4,1,39.0
8001,SYN001142,v2,1,49.0
8002,SYN001142,bv1,1,149.0
8003,SYN001143,f3,3,149.0
8004,SYN001143,d5,2,249.0
8005,SYN001143,b4,2,599.0
8006,SYN001143,f4,3,199.0
8007,SYN001143,d4,2,99.0
8008,SYN001143,s5,1,199.0
8009,SYN001143,v2,3,49.0
8010,SYN001143,f2,1,49.0
8011,SYN001144,b5,1,299.0
8012,SYN001144,v6,3,29.0
8013,SYN001144,f5,1,99.0
8014,SYN001144,d4,2,99.0
8015,SYN001144,s1,3,399.0
8016,SYN001144,f2,2,49.0
8017,SYN001144,f1,2,249.0
8018,SYN001145,s2,2,249.0
8019,SYN001145,v3,1,79.0
8020,SYN001145,d2,1,249.0
8021,SYN001145,v6,3,29.0
8022,SYN001145,v1,3,89.0
8023,SYN001145,f4,2,199.0
8024,SYN001146,f1,2,249.0
8025,SYN001146,f5,2,99.0
8026,SYN001146,s1,1,399.0
8027,SYN001146,f4,2,199.0
8028,SYN001146,d5,3,249.0
8029,SYN001146,d2,3,249.0
8030,SYN001147,v4,3,39.0
8031,SYN001147,f3,3,149.0
8032,SYN001147,v6,2,29.0
8033,SYN001147,f4,1,199.0
8034,SYN001148,bv4,1,349.0
8035,SYN001148,s5,3,199.0
8036,SYN001148,f1,1,249.0
8037,SYN001148,v3,3,79.0
8038,SYN001148,s1,1,399.0
8039,SYN001148,f2,1,49.0
8040,SYN001149,d5,3,249.0
8041,SYN001149,v3,3,79.0
8042,SYN001149,v6,2,29.0
8043,SYN001149,d1,3,69.0
8044,SYN001149,f3,2,149.0
8045,SYN001149,v2,1,49.0
8046,SYN001149,f5,1,99.0
8047,SYN001149,f6,2,179.0
8048,SYN001150,v5,3,149.0
8049,SYN001150,v3,3,79.0
8050,SYN001150,f3,3,149.0
8051,SYN001150,f4,3,199.0
8052,SYN001150,d5,2,249.0
8053,SYN001150,d2,2,249.0
8054,SYN001150,d3,3,179.0
8055,SYN001151,s1,2,399.0
8056,SYN001151,d2,3,249.0
8057,SYN001151,v2,2,49.0
8058,SYN001151,f5,3,99.0
8059,SYN001151,f1,3,249.0
8060,SYN001152,d5,3,249.0
8061,SYN001152,d1,2,69.0
8062,SYN001152,f5,3,99.0
8063,SYN001152,v3,2,79.0
8064,SYN001152,v4,3,39.0
8065,SYN001152,f4,3,199.0
8066,SYN001153,f2,1,49.0
8067,SYN001153,v2,2,49.0
8068,SYN001153,v3,1,79.0
8069,SYN001153,d4,1,99.0
8070,SYN001153,d3,2,179.0
8071,SYN001153,d2,1,249.0
8072,SYN001153,s4,2,299.0
8073,SYN001154,d2,1,249.0
8074,SYN001154,v1,3,89.0
8075,SYN001154,v3,2,79.0
8076,SYN001154,d5,2,249.0
8077,SYN001154,b4,2,599.0
8078,SYN001154,d1,3,69.0
8079,SYN001155,f6,3,179.0
8080,SYN001155,d3,1,179.0
8081,SYN001155,f1,3,249.0
8082,SYN001155,v2,2,49.0
8083,SYN001155,v1,3,89.0
8084,SYN001155,d2,2,249.0
8085,SYN001156,v1,1,89.0
8086,SYN001156,f3,3,149.0
8087,SYN001156,bv2,1,249.0
8088,SYN001156,d1,3,69.0
8089,SYN001156,bv4,1,349.0
8090,SYN001156,f5,1,99.0
8091,SYN001156,f1,2,249.0
8092,SYN001157,v2,1,49.0
8093,SYN001157,d1,2,69.0
8094,SYN001157,f1,2,249.0
8095,SYN001157,d4,3,99.0
8096,SYN001157,bv2,3,249.0
8097,SYN001157,f2,2,49.0
8098,SYN001157,f6,2,179.0
8099,SYN001157,d5,3,249.0
8100,SYN001158,f4,1,199.0
8101,SYN001158,f3,1,149.0
8102,SYN001158,f2,2,49.0
8103,SYN001158,b4,2,599.0
8104,SYN001158,bv1,2,149.0
8105,SYN001158,v4,2,39.0
8106,SYN001158,d2,3,249.0
8107,SYN001159,f1,2,249.0
8108,SYN001159,v5,2,149.0
8109,SYN001159,d5,1,249.0
8110,SYN001159,s5,3,199.0
8111,SYN001159,f5,2,99.0
8112,SYN001159,bv1,1,149.0
8113,SYN001159,v3,1,79.0
8114,SYN001160,d4,3,99.0
8115,SYN001160,bv3,1,199.0
8116,SYN001160,f1,2,249.0
8117,SYN001160,f3,3,149.0
8118,SYN001160,v6,1,29.0
8119,SYN001160,d1,1,69.0
8120,SYN001160,v5,2,149.0
8121,SYN001160,v4,3,39.0
8122,SYN001161,s1,3,399.0
8123,SYN001161,f4,3,199.0
8124,SYN001161,v6,3,29.0
8125,SYN001161,d5,3,249.0
8126,SYN001161,f5,1,99.0
8127,SYN001161,d1,2,69.0
8128,SYN001161,v1,1,89.0
8129,SYN001161,d2,2,249.0
8130,SYN001162,d5,1,249.0
8131,SYN001162,v2,3,49.0
8132,SYN001162,bv4,3,349.0
8133,SYN001162,b3,1,199.0
8134,SYN001162,v3,1,79.0
8135,SYN001163,d5,3,249.0
8136,SYN001163,d2,1,249.0
8137,SYN001163,v1,2,89.0
8138,SYN001163,d4,2,99.0
8139,SYN001163,d3,3,179.0
8140,SYN001163,bv1,1,149.0
8141,SYN001163,v3,1,79.0
8142,SYN001164,f1,3,249.0
8143,SYN001164,v6,2,29.0
8144,SYN001164,bv3,2,199.0
8145,SYN001164,b3,3,199.0
8146,SYN001164,v2,2,49.0
8147,SYN001164,d4,3,99.0
8148,SYN001164,v4,2,39.0
8149,SYN001165,f1,1,249.0
8150,SYN001165,f2,2,49.0
8151,SYN001165,v6,2,29.0
8152,SYN001165,v4,1,39.0
8153,SYN001165,v1,2,89.0
8154,SYN001165,d1,1,69.0
8155,SYN001165,d3,3,179.0
8156,SYN001165,v2,2,49.0
8157,SYN001166,f2,2,49.0
8158,SYN001166,f1,2,249.0
8159,SYN001166,f4,1,199.0
8160,SYN001166,d3,1,179.0
8161,SYN001166,s4,1,299.0
8162,SYN001166,v3,1,79.0
8163,SYN001167,d2,3,249.0
8164,SYN001167,f2,1,49.0
8165,SYN001167,f6,1,179.0
8166,SYN001167,v1,3,89.0
8167,SYN001167,f1,3,249.0
8168,SYN001167,v5,2,149.0
8169,SYN001168,v3,3,79.0
8170,SYN001168,d1,1,69.0
8171,SYN001168,v1,3,89.0
8172,SYN001168,f2,3,49.0
8173,SYN001168,d5,2,249.0
8174,SYN001168,v6,1,29.0
8175,SYN001168,f6,3,179.0
8176,SYN001168,v2,2,49.0
8177,SYN001169,d2,3,249.0
8178,SYN001169,d4,1,99.0
8179,SYN001169,f3,2,149.0
8180,SYN001169,v4,1,39.0
8181,SYN001170,f5,2,99.0
8182,SYN001170,v6,2,29.0
8183,SYN001170,f6,2,179.0
8184,SYN001170,f2,2,49.0
8185,SYN001171,b3,1,199.0
8186,SYN001171,f1,3,249.0
8187,SYN001171,d4,3,99.0
8188,SYN001171,f4,2,199.0
8189,SYN001171,d3,2,179.0
8190,SYN001172,b5,1,299.0
8191,SYN001172,v1,2,89.0
8192,SYN001172,d4,2,99.0
8193,SYN001172,v4,3,39.0
8194,SYN001173,d4,1,99.0
8195,SYN001173,bv3,2,199.0
8196,SYN001173,f6,1,179.0
8197,SYN001173,b4,2,599.0
8198,SYN001173,f2,3,49.0
8199,SYN001173,f3,2,149.0
8200,SYN001174,f5,2,99.0
8201,SYN001174,v6,3,29.0
8202,SYN001174,f3,2,149.0
8203,SYN001174,v2,3,49.0
8204,SYN001174,s2,1,249.0
8205,SYN001175,d1,2,69.0
8206,SYN001175,d2,1,249.0
8207,SYN001175,f1,1,249.0
8208,SYN001175,f3,3,149.0
8209,SYN001175,v6,1,29.0
8210,SYN001175,v4,1,39.0
8211,SYN001175,b5,2,299.0
8212,SYN001175,d3,3,179.0
8213,SYN001176,v4,2,39.0
8214,SYN001176,d1,2,69.0
8215,SYN001176,s3,2,99.0
8216,SYN001176,s5,3,199.0
8217,SYN001176,d5,1,249.0
8218,SYN001176,v3,1,79.0
8219,SYN001176,v6,2,29.0
8220,SYN001176,bv1,3,149.0
8221,SYN001177,v5,3,149.0
8222,SYN001177,f3,1,149.0
8223,SYN001177,s3,3,99.0
8224,SYN001177,f1,3,249.0
8225,SYN001177,v3,3,79.0
8226,SYN001177,f4,3,199.0
8227,SYN001177,d3,1,179.0
8228,SYN001177,d5,3,249.0
8229,SYN001178,d1,3,69.0
8230,SYN001178,b5,3,299.0
8231,SYN001178,f1,3,249.0
8232,SYN001178,b3,1,199.0
8233,SYN001179,d2,3,249.0
8234,SYN001179,f3,1,149.0
8235,SYN001179,v1,3,89.0
8236,SYN001179,d3,1,179.0
8237,SYN001179,v2,2,49.0
8238,SYN001180,f6,2,179.0
8239,SYN001180,f2,3,49.0
8240,SYN001180,d1,2,69.0
8241,SYN001180,d4,1,99.0
8242,SYN001180,b1,2,199.0
8243,SYN001180,f5,1,99.0
8244,SYN001180,v6,3,29.0
8245,SYN001180,v1,1,89.0
8246,SYN001181,v4,3,39.0
8247,SYN001181,f2,1,49.0
8248,SYN001181,v5,2,149.0
8249,SYN001181,f6,1,179.0
8250,SYN001181,v6,1,29.0
8251,SYN001181,s4,2,299.0
8252,SYN001181,bv2,1,249.0
8253,SYN001182,bv4,3,349.0
8254,SYN001182,f3,2,149.0
8255,SYN001182,d2,2,249.0
8256,SYN001182,d4,2,99.0
8257,SYN001182,f4,3,199.0
8258,SYN001183,f4,3,199.0
8259,SYN001183,f2,3,49.0
8260,SYN001183,v1,1,89.0
8261,SYN001183,f5,2,99.0
8262,SYN001183,s2,1,249.0
8263,SYN001183,v4,1,39.0
8264,SYN001183,v2,1,49.0
8265,SYN001184,s2,1,249.0
8266,SYN001184,v3,3,79.0
8267,SYN001184,d4,2,99.0
8268,SYN001184,s3,3,99.0
8269,SYN001184,s1,3,399.0
8270,SYN001185,d3,2,179.0
8271,SYN001185,s1,2,399.0
8272,SYN001185,f1,1,249.0
8273,SYN001185,s3,2,99.0
8274,SYN001185,bv1,2,149.0
8275,SYN001185,f5,3,99.0
8276,SYN001186,v1,3,89.0
8277,SYN001186,d2,3,249.0
8278,SYN001186,v5,2,149.0
8279,SYN001186,d4,2,99.0
8280,SYN001187,s5,1,199.0
8281,SYN001187,s4,1,299.0
8282,SYN001187,d4,1,99.0
8283,SYN001187,d2,2,249.0
8284,SYN001187,v3,1,79.0
8285,SYN001187,f6,1,179.0
8286,SYN001188,s3,3,99.0
8287,SYN001188,bv4,1,349.0
8288,SYN001188,b5,3,299.0
8289,SYN001189,v6,2,29.0
8290,SYN001189,s5,3,199.0
8291,SYN001189,v1,2,89.0
8292,SYN001189,s1,2,399.0
8293,SYN001189,v4,3,39.0
8294,SYN001189,v2,3,49.0
8295,SYN001190,v1,3,89.0
8296,SYN001190,v2,2,49.0
8297,SYN001190,s2,1,249.0
8298,SYN001191,f4,1,199.0
8299,SYN001191,v4,2,39.0
8300,SYN001191,d1,2,69.0
8301,SYN001192,s3,3,99.0
8302,SYN001192,d3,1,179.0
8303,SYN001192,b1,1,199.0
8304,SYN001193,s5,3,199.0
8305,SYN001193,v6,2,29.0
8306,SYN001193,bv4,1,349.0
8307,SYN001194,s4,1,299.0
8308,SYN001194,v4,3,39.0
8309,SYN001194,s2,1,249.0
8310,SYN001195,v2,1,49.0
8311,SYN001195,s4,1,299.0
8312,SYN001195,s5,1,199.0
8313,SYN001195,v1,3,89.0
8314,SYN001196,d1,2,69.0
8315,SYN001196,d5,2,249.0
8316,SYN001196,v1,1,89.0
8317,SYN001196,v4,2,39.0
8318,SYN001197,v4,1,39.0
8319,SYN001197,v1,3,89.0
8320,SYN001197,v3,3,79.0
8321,SYN001197,bv2,1,249.0
8322,SYN001197,s1,2,399.0
8323,SYN001197,d3,1,179.0
8324,SYN001198,s5,1,199.0
8325,SYN001198,s4,2,299.0
8326,SYN001198,d3,2,179.0
8327,SYN001198,f2,1,49.0
8328,SYN001198,v5,3,149.0
8329,SYN001199,s4,2,299.0
8330,SYN001199,d5,3,249.0
8331,SYN001199,d1,2,69.0
8332,SYN001199,v6,3,29.0
8333,SYN001199,s1,1,399.0
8334,SYN001200,s1,1,399.0
8335,SYN001200,s4,2,299.0
8336,SYN001200,d3,3,179.0
8337,SYN001200,f1,1,249.0
8338,SYN001201,d2,1,249.0
8339,SYN001201,v4,3,39.0
8340,SYN001201,s5,1,199.0
8341,SYN001201,s4,1,299.0
8342,SYN001201,d5,3,249.0
8343,SYN001202,s5,2,199.0
8344,SYN001202,f6,2,179.0
8345,SYN001202,d3,2,179.0
8346,SYN001202,b2,1,249.0
8347,SYN001202,b3,1,199.0
8348,SYN001203,b5,2,299.0
8349,SYN001203,d1,3,69.0
8350,SYN001203,v3,3,79.0
8351,SYN001203,d3,1,179.0
8352,SYN001204,d3,3,179.0
8353,SYN001204,b3,3,199.0
8354,SYN001204,s1,1,399.0
8355,SYN001204,v2,2,49.0
8356,SYN001204,v1,1,89.0
8357,SYN001205,s2,2,249.0
8358,SYN001205,s4,2,299.0
8359,SYN001205,s5,1,199.0
8360,SYN001205,d5,3,249.0
8361,SYN001206,bv3,1,199.0
8362,SYN001206,d2,1,249.0
8363,SYN001206,f6,3,179.0
8364,SYN001206,s5,2,199.0
8365,SYN001206,s2,2,249.0
8366,SYN001206,d3,2,179.0
8367,SYN001207,f2,2,49.0
8368,SYN001207,s5,2,199.0
8369,SYN001207,d4,2,99.0
8370,SYN001207,d5,1,249.0
8371,SYN001207,b3,1,199.0
8372,SYN001208,s1,1,399.0
8373,SYN001208,d3,3,179.0
8374,SYN001208,v2,3,49.0
8375,SYN001208,v5,3,149.0
8376,SYN001208,s4,2,299.0
8377,SYN001209,v2,1,49.0
8378,SYN001209,v6,3,29.0
8379,SYN001209,v1,3,89.0
8380,SYN001209,v5,1,149.0
8381,SYN001209,f2,2,49.0
8382,SYN001210,v5,2,149.0
8383,SYN001210,s3,1,99.0
8384,SYN001210,b3,3,199.0
8385,SYN001210,v6,3,29.0
8386,SYN001210,f2,2,49.0
8387,SYN001210,d5,2,249.0
8388,SYN001211,v3,1,79.0
8389,SYN001211,v5,1,149.0
8390,SYN001211,v6,1,29.0
8391,SYN001211,d5,3,249.0
8392,SYN001212,v1,1,89.0
8393,SYN001212,v6,1,29.0
8394,SYN001212,v3,1,79.0
8395,SYN001212,v4,3,39.0
8396,SYN001213,b4,2,599.0
8397,SYN001213,f6,2,179.0
8398,SYN001213,d2,3,249.0
8399,SYN001213,d4,2,99.0
8400,SYN001214,v5,2,149.0
8401,SYN001214,v3,1,79.0
8402,SYN001214,s3,2,99.0
8403,SYN001214,v6,3,29.0
8404,SYN001214,s1,2,399.0
8405,SYN001215,s2,1,249.0
8406,SYN001215,f4,2,199.0
8407,SYN001215,s1,3,399.0
8408,SYN001216,s4,1,299.0
8409,SYN001216,f3,2,149.0
8410,SYN001216,v5,1,149.0
8411,SYN001216,v6,1,29.0
8412,SYN001216,v4,3,39.0
8413,SYN001217,s1,1,399.0
8414,SYN001217,b5,3,299.0
8415,SYN001217,f4,1,199.0
8416,SYN001218,s2,1,249.0
8417,SYN001218,f5,1,99.0
8418,SYN001218,d3,2,179.0
8419,SYN001219,v5,2,149.0
8420,SYN001219,d5,1,249.0
8421,SYN001219,s3,1,99.0
8422,SYN001219,s1,2,399.0
8423,SYN001219,f4,1,199.0
8424,SYN001220,s1,1,399.0
8425,SYN001220,s5,2,199.0
8426,SYN001220,d1,1,69.0
8427,SYN001220,v2,1,49.0
8428,SYN001221,bv3,1,199.0
8429,SYN001221,v3,3,79.0
8430,SYN001221,bv4,2,349.0
8431,SYN001221,v4,1,39.0
8432,SYN001221,s2,1,249.0
8433,SYN001222,s2,1,249.0
8434,SYN001222,d3,2,179.0
8435,SYN001222,d1,1,69.0
8436,SYN001223,v1,2,89.0
8437,SYN001223,d4,3,99.0
8438,SYN001223,d3,3,179.0
8439,SYN001224,s3,2,99.0
8440,SYN001224,s1,2,399.0
8441,SYN001224,d4,3,99.0
8442,SYN001225,bv4,3,349.0
8443,SYN001225,d5,1,249.0
8444,SYN001225,s3,2,99.0
8445,SYN001225,s4,2,299.0
8446,SYN001225,b5,1,299.0
8447,SYN001225,d3,1,179.0
8448,SYN001226,d4,1,99.0
8449,SYN001226,v3,2,79.0
8450,SYN001226,s5,3,199.0
8451,SYN001227,v1,1,89.0
8452,SYN001227,v6,3,29.0
8453,SYN001227,s1,2,399.0
8454,SYN001228,s5,2,199.0
8455,SYN001228,v4,2,39.0
8456,SYN001228,d1,1,69.0
8457,SYN001228,v1,2,89.0
8458,SYN001228,f1,1,249.0
8459,SYN001229,v4,1,39.0
8460,SYN001229,d2,2,249.0
8461,SYN001229,bv1,2,149.0
8462,SYN001229,s2,2,249.0
8463,SYN001229,b2,1,249.0
8464,SYN001230,d3,3,179.0
8465,SYN001230,s1,3,399.0
8466,SYN001230,d1,2,69.0
8467,SYN001230,v5,1,149.0
8468,SYN001231,s3,1,99.0
8469,SYN001231,bv2,3,249.0
8470,SYN001231,s2,3,249.0
8471,SYN001231,d4,2,99.0
8472,SYN001231,v3,1,79.0
8473,SYN001231,s5,3,199.0
8474,SYN001232,s3,3,99.0
8475,SYN001232,f3,1,149.0
8476,SYN001232,f6,3,179.0
8477,SYN001232,s4,2,299.0
8478,SYN001233,v6,1,29.0
8479,SYN001233,f1,2,249.0
8480,SYN001233,bv2,3,249.0
8481,SYN001233,v1,1,89.0
8482,SYN001233,s5,1,199.0
8483,SYN001233,s4,2,299.0
8484,SYN001234,bv1,3,149.0
8485,SYN001234,b4,3,599.0
8486,SYN001234,d5,1,249.0
8487,SYN001234,v1,1,89.0
8488,SYN001235,s1,1,399.0
8489,SYN001235,d1,3,69.0
8490,SYN001235,v1,2,89.0
8491,SYN001236,v1,3,89.0
8492,SYN001236,s5,3,199.0
8493,SYN001236,v5,3,149.0
8494,SYN001237,s4,3,299.0
8495,SYN001237,d4,3,99.0
8496,SYN001237,v6,2,29.0
8497,SYN001238,v3,1,79.0
8498,SYN001238,s1,3,399.0
8499,SYN001238,s2,1,249.0
8500,SYN001238,d1,3,69.0
8501,SYN001239,v2,2,49.0
8502,SYN001239,d3,2,179.0
8503,SYN001239,s5,2,199.0
8504,SYN001239,d5,1,249.0
8505,SYN001240,s1,1,399.0
8506,SYN001240,d1,1,69.0
8507,SYN001240,v5,1,149.0
8508,SYN001240,s2,3,249.0
8509,SYN001240,bv4,1,349.0
8510,SYN001240,b3,3,199.0
8511,SYN001241,d2,2,249.0
8512,SYN001241,bv4,1,349.0
8513,SYN001241,f5,1,99.0
8514,SYN001241,d1,3,69.0
8515,SYN001241,b1,3,199.0
8516,SYN001242,b2,2,249.0
8517,SYN001242,s4,1,299.0
8518,SYN001242,d5,1,249.0
8519,SYN001242,s3,2,99.0
8520,SYN001243,v2,1,49.0
8521,SYN001243,s4,2,299.0
8522,SYN001243,d3,1,179.0
8523,SYN001243,v1,1,89.0
8524,SYN001244,d5,3,249.0
8525,SYN001244,v1,3,89.0
8526,SYN001244,s1,3,399.0
8527,SYN001245,d3,2,179.0
8528,SYN001245,d1,2,69.0
8529,SYN001245,s4,3,299.0
8530,SYN001245,b3,3,199.0
8531,SYN001245,v5,1,149.0
8532,SYN001246,s2,1,249.0
8533,SYN001246,d5,3,249.0
8534,SYN001246,bv3,3,199.0
8535,SYN001247,s1,3,399.0
8536,SYN001247,d5,3,249.0
8537,SYN001247,b5,3,299.0
8538,SYN001248,v1,3,89.0
8539,SYN001248,b5,1,299.0
8540,SYN001248,v3,3,79.0
8541,SYN001248,v5,3,149.0
8542,SYN001248,s2,3,249.0
8543,SYN001249,f4,1,199.0
8544,SYN001249,v5,1,149.0
8545,SYN001249,s1,1,399.0
8546,SYN001249,b3,3,199.0
8547,SYN001249,v3,3,79.0
8548,SYN001250,s5,3,199.0
8549,SYN001250,v1,2,89.0
8550,SYN001250,v4,2,39.0
8551,SYN001251,s1,2,399.0
8552,SYN001251,bv4,1,349.0
8553,SYN001251,b2,1,249.0
8554,SYN001252,d4,3,99.0
8555,SYN001252,v1,2,89.0
8556,SYN001252,s4,2,299.0
8557,SYN001252,v4,1,39.0
8558,SYN001253,d5,2,249.0
8559,SYN001253,d1,1,69.0
8560,SYN001253,v6,1,29.0
8561,SYN001253,s1,1,399.0
8562,SYN001253,s2,2,249.0
8563,SYN001254,v6,3,29.0
8564,SYN001254,v2,1,49.0
8565,SYN001254,v4,3,39.0
8566,SYN001254,bv2,3,249.0
8567,SYN001254,v3,2,79.0
8568,SYN001254,s2,1,249.0
8569,SYN001255,v4,2,39.0
8570,SYN001255,s3,2,99.0
8571,SYN001255,d1,2,69.0
8572,SYN001255,v2,1,49.0
8573,SYN001255,d4,3,99.0
8574,SYN001255,d2,2,249.0
8575,SYN001256,d5,1,249.0
8576,SYN001256,v5,2,149.0
8577,SYN001256,d1,2,69.0
8578,SYN001256,s4,2,299.0
8579,SYN001257,d3,2,179.0
8580,SYN001257,s5,2,199.0
8581,SYN001257,v4,2,39.0
8582,SYN001257,v6,1,29.0
8583,SYN001257,f6,3,179.0
8584,SYN001257,v1,3,89.0
8585,SYN001258,v3,1,79.0
8586,SYN001258,v2,3,49.0
8587,SYN001258,v6,1,29.0
8588,SYN001259,d1,3,69.0
8589,SYN001259,s3,2,99.0
8590,SYN001259,d4,3,99.0
8591,SYN001259,v2,3,49.0
8592,SYN001260,v1,2,89.0
8593,SYN001260,v3,3,79.0
8594,SYN001260,v4,3,39.0
8595,SYN001260,bv2,3,249.0
8596,SYN001261,b2,3,249.0
8597,SYN001261,v1,2,89.0
8598,SYN001261,v6,3,29.0
8599,SYN001262,v5,1,149.0
8600,SYN001262,b3,3,199.0
8601,SYN001262,s5,2,199.0
8602,SYN001262,v6,1,29.0
8603,SYN001263,d5,3,249.0
8604,SYN001263,d2,1,249.0
8605,SYN001263,d3,2,179.0
8606,SYN001263,s1,1,399.0
8607,SYN001263,b2,3,249.0
8608,SYN001264,v5,2,149.0
8609,SYN001264,v3,3,79.0
8610,SYN001264,v6,2,29.0
8611,SYN001265,d3,3,179.0
8612,SYN001265,v5,1,149.0
8613,SYN001265,v6,2,29.0
8614,SYN001265,s3,2,99.0
8615,SYN001265,v1,2,89.0
8616,SYN001266,v6,1,29.0
8617,SYN001266,s5,1,199.0
8618,SYN001266,d3,1,179.0
8619,SYN001267,s3,1,99.0
8620,SYN001267,s5,3,199.0
8621,SYN001267,v1,1,89.0
8622,SYN001267,d3,1,179.0
8623,SYN001268,s5,3,199.0
8624,SYN001268,v4,2,39.0
8625,SYN001268,s4,3,299.0
8626,SYN001269,s1,1,399.0
8627,SYN001269,v2,2,49.0
8628,SYN001269,v4,2,39.0
8629,SYN001269,d2,1,249.0
8630,SYN001269,v3,1,79.0
8631,SYN001269,v5,3,149.0
8632,SYN001270,s3,1,99.0
8633,SYN001270,d3,2,179.0
8634,SYN001270,v3,2,79.0
8635,SYN001270,s4,2,299.0
8636,SYN001271,s4,3,299.0
8637,SYN001271,b1,3,199.0
8638,SYN001271,f5,2,99.0
8639,SYN001271,v4,2,39.0
8640,SYN001271,d3,2,179.0
8641,SYN001272,d1,1,69.0
8642,SYN001272,s5,1,199.0
8643,SYN001272,b2,1,249.0
8644,SYN001272,v5,2,149.0
8645,SYN001272,d5,1,249.0
8646,SYN001273,s5,2,199.0
8647,SYN001273,v2,1,49.0
8648,SYN001273,v6,2,29.0
8649,SYN001273,b2,3,249.0
8650,SYN001273,f3,1,149.0
8651,SYN001274,d4,2,99.0
8652,SYN001274,d1,1,69.0
8653,SYN001274,d2,3,249.0
8654,SYN001274,s4,3,299.0
8655,SYN001274,s3,1,99.0
8656,SYN001274,b5,1,299.0
8657,SYN001275,s4,1,299.0
8658,SYN001275,v5,1,149.0
8659,SYN001275,b5,3,299.0
8660,SYN001275,f3,3,149.0
8661,SYN001275,s5,3,199.0
8662,SYN001275,v2,2,49.0
8663,SYN001276,d1,3,69.0
8664,SYN001276,v2,3,49.0
8665,SYN001276,v6,1,29.0
8666,SYN001276,s3,1,99.0
8667,SYN001277,s5,3,199.0
8668,SYN001277,v4,2,39.0
8669,SYN001277,d1,2,69.0
8670,SYN001277,v1,3,89.0
8671,SYN001277,bv4,1,349.0
8672,SYN001277,bv3,1,199.0
8673,SYN001278,v1,2,89.0
8674,SYN001278,d4,1,99.0
8675,SYN001278,d3,2,179.0
8676,SYN001278,d2,2,249.0
8677,SYN001278,s4,2,299.0
8678,SYN001278,v2,3,49.0
8679,SYN001279,d5,2,249.0
8680,SYN001279,b1,3,199.0
8681,SYN001279,s3,1,99.0
8682,SYN001279,d1,1,69.0
8683,SYN001280,bv1,3,149.0
8684,SYN001280,v3,1,79.0
8685,SYN001280,d2,3,249.0
8686,SYN001280,s5,3,199.0
8687,SYN001280,d3,1,179.0
8688,SYN001281,b5,3,299.0
8689,SYN001281,b1,3,199.0
8690,SYN001281,s4,1,299.0
8691,SYN001282,d1,3,69.0
8692,SYN001282,s4,1,299.0
8693,SYN001282,d4,3,99.0
8694,SYN001282,v5,1,149.0
8695,SYN001282,v1,3,89.0
8696,SYN001283,d2,2,249.0
8697,SYN001283,b3,3,199.0
8698,SYN001283,f4,3,199.0
8699,SYN001284,v3,1,79.0
8700,SYN001284,v6,2,29.0
8701,SYN001284,s1,3,399.0
8702,SYN001285,b5,3,299.0
8703,SYN001285,v2,1,49.0
8704,SYN001285,d1,1,69.0
8705,SYN001285,bv4,1,349.0
8706,SYN001285,d5,3,249.0
8707,SYN001285,v4,2,39.0
8708,SYN001286,f1,3,249.0
8709,SYN001286,s1,3,399.0
8710,SYN001286,s4,2,299.0
8711,SYN001286,v4,3,39.0
8712,SYN001287,d2,3,249.0
8713,SYN001287,s4,2,299.0
8714,SYN001287,d5,2,249.0
8715,SYN001287,v2,1,49.0
8716,SYN001288,s3,2,99.0
8717,SYN001288,v4,3,39.0
8718,SYN001288,v5,2,149.0
8719,SYN001288,d3,1,179.0
8720,SYN001288,s1,3,399.0
8721,SYN001289,d5,1,249.0
8722,SYN001289,s3,1,99.0
8723,SYN001289,v1,1,89.0
8724,SYN001289,bv1,1,149.0
8725,SYN001289,v4,2,39.0
8726,SYN001289,d1,3,69.0
8727,SYN001290,d1,2,69.0
8728,SYN001290,d5,3,249.0
8729,SYN001290,s2,3,249.0
8730,SYN001290,v2,1,49.0
8731,SYN001291,v3,1,79.0
8732,SYN001291,s1,1,399.0
8733,SYN001291,bv4,2,349.0
8734,SYN001292,d5,1,249.0
8735,SYN001292,v6,3,29.0
8736,SYN001292,s3,1,99.0
8737,SYN001292,v4,2,39.0
8738,SYN001293,s2,2,249.0
8739,SYN001293,v4,3,39.0
8740,SYN001293,s4,1,299.0
8741,SYN001293,bv1,1,149.0
8742,SYN001293,v5,2,149.0
8743,SYN001294,d2,2,249.0
8744,SYN001294,v2,2,49.0
8745,SYN001294,s3,1,99.0
8746,SYN001294,v1,1,89.0
8747,SYN001294,v3,3,79.0
8748,SYN001295,v1,3,89.0
8749,SYN001295,v2,1,49.0
8750,SYN001295,b2,2,249.0
8751,SYN001295,f6,2,179.0
8752,SYN001295,v5,2,149.0
8753,SYN001296,s5,2,199.0
8754,SYN001296,s2,3,249.0
8755,SYN001296,f2,3,49.0
8756,SYN001296,s3,2,99.0
8757,SYN001297,d3,2,179.0
8758,SYN001297,v5,2,149.0
8759,SYN001297,d2,1,249.0
8760,SYN001298,v2,2,49.0
8761,SYN001298,s5,3,199.0
8762,SYN001298,bv2,1,249.0
8763,SYN001299,d4,3,99.0
8764,SYN001299,s1,1,399.0
8765,SYN001299,v2,1,49.0
8766,SYN001299,v4,2,39.0
8767,SYN001299,bv4,1,349.0
8768,SYN001300,d4,2,99.0
8769,SYN001300,s4,3,299.0
8770,SYN001300,d5,2,249.0
8771,SYN001300,v1,2,89.0
8772,SYN001301,v2,2,49.0
8773,SYN001301,s1,1,399.0
8774,SYN001301,v3,2,79.0
8775,SYN001301,d4,3,99.0
8776,SYN001301,d3,2,179.0
8777,SYN001301,d1,2,69.0
8778,SYN001302,v6,1,29.0
8779,SYN001302,f5,2,99.0
8780,SYN001302,v1,3,89.0
8781,SYN001302,s4,3,299.0
8782,SYN001303,s2,3,249.0
8783,SYN001303,d4,2,99.0
8784,SYN001303,v3,1,79.0
8785,SYN001303,v2,2,49.0
8786,SYN001303,v1,1,89.0
8787,SYN001303,d5,2,249.0
8788,SYN001304,b1,3,199.0
8789,SYN001304,d4,1,99.0
8790,SYN001304,d2,3,249.0
8791,SYN001304,v4,2,39.0
8792,SYN001304,v6,1,29.0
8793,SYN001304,d3,1,179.0
8794,SYN001305,s3,2,99.0
8795,SYN001305,v3,2,79.0
8796,SYN001305,s4,3,299.0
8797,SYN001306,bv4,1,349.0
8798,SYN001306,s2,1,249.0
8799,SYN001306,d5,3,249.0
8800,SYN001306,d1,3,69.0
8801,SYN001307,v5,3,149.0
8802,SYN001307,s4,2,299.0
8803,SYN001307,v1,1,89.0
8804,SYN001307,d5,3,249.0
8805,SYN001308,s3,3,99.0
8806,SYN001308,v1,2,89.0
8807,SYN001308,s2,3,249.0
8808,SYN001308,f4,1,199.0
8809,SYN001308,v4,3,39.0
8810,SYN001308,s5,1,199.0
8811,SYN001309,s2,2,249.0
8812,SYN001309,d5,3,249.0
8813,SYN001309,v3,3,79.0
8814,SYN001309,v1,1,89.0
8815,SYN001309,d3,3,179.0
8816,SYN001310,v3,3,79.0
8817,SYN001310,s5,1,199.0
8818,SYN001310,v1,1,89.0
8819,SYN001310,s2,2,249.0
8820,SYN001310,b5,1,299.0
8821,SYN001311,v4,1,39.0
8822,SYN001311,bv4,1,349.0
8823,SYN001311,s5,1,199.0
8824,SYN001312,v6,1,29.0
8825,SYN001312,d1,3,69.0
8826,SYN001312,s1,2,399.0
8827,SYN001313,v5,2,149.0
8828,SYN001313,d4,3,99.0
8829,SYN001313,s3,1,99.0
8830,SYN001314,d4,1,99.0
8831,SYN001314,v1,1,89.0
8832,SYN001314,v3,3,79.0
8833,SYN001314,d1,3,69.0
8834,SYN001315,d1,1,69.0
8835,SYN001315,d3,1,179.0
8836,SYN001315,s5,3,199.0
8837,SYN001315,v5,2,149.0
8838,SYN001315,v3,2,79.0
8839,SYN001315,v6,2,29.0
8840,SYN001316,s4,1,299.0
8841,SYN001316,d2,2,249.0
8842,SYN001316,v1,2,89.0
8843,SYN001316,f1,1,249.0
8844,SYN001316,d4,3,99.0
8845,SYN001317,d2,1,249.0
8846,SYN001317,f4,1,199.0
8847,SYN001317,bv2,3,249.0
8848,SYN001318,d3,3,179.0
8849,SYN001318,d5,3,249.0
8850,SYN001318,v5,2,149.0
8851,SYN001318,f1,1,249.0
8852,SYN001318,v2,2,49.0
8853,SYN001318,d1,2,69.0
8854,SYN001319,v6,1,29.0
8855,SYN001319,s3,1,99.0
8856,SYN001319,d4,1,99.0
8857,SYN001319,s1,2,399.0
8858,SYN001319,v4,2,39.0
8859,SYN001319,s5,3,199.0
8860,SYN001320,v6,3,29.0
8861,SYN001320,s2,2,249.0
8862,SYN001320,d4,1,99.0
8863,SYN001320,d2,2,249.0
8864,SYN001320,s4,2,299.0
8865,SYN001320,s1,1,399.0
8866,SYN001321,b3,3,199.0
8867,SYN001321,s4,3,299.0
8868,SYN001321,s2,3,249.0
8869,SYN001322,s3,1,99.0
8870,SYN001322,v4,1,39.0
8871,SYN001322,d1,3,69.0
8872,SYN001322,v3,1,79.0
8873,SYN001323,d1,3,69.0
8874,SYN001323,s3,1,99.0
8875,SYN001323,d4,3,99.0
8876,SYN001323,s4,3,299.0
8877,SYN001324,v4,1,39.0
8878,SYN001324,d4,3,99.0
8879,SYN001324,d3,2,179.0
8880,SYN001325,b2,2,249.0
8881,SYN001325,s4,2,299.0
8882,SYN001325,v3,2,79.0
8883,SYN001325,s1,2,399.0
8884,SYN001325,s5,2,199.0
8885,SYN001326,d5,1,249.0
8886,SYN001326,s1,1,399.0
8887,SYN001326,d4,2,99.0
8888,SYN001326,d1,3,69.0
8889,SYN001327,d4,2,99.0
8890,SYN001327,s2,2,249.0
8891,SYN001327,d3,1,179.0
8892,SYN001327,d1,2,69.0
8893,SYN001328,v6,2,29.0
8894,SYN001328,d3,2,179.0
8895,SYN001328,d4,3,99.0
8896,SYN001328,f1,1,249.0
8897,SYN001328,v2,2,49.0
8898,SYN001329,bv4,1,349.0
8899,SYN001329,s3,3,99.0
8900,SYN001329,b4,2,599.0
8901,SYN001329,bv3,1,199.0
8902,SYN001329,s5,3,199.0
8903,SYN001330,f4,3,199.0
8904,SYN001330,s2,3,249.0
8905,SYN001330,s5,3,199.0
8906,SYN001330,f5,3,99.0
8907,SYN001330,f6,1,179.0
8908,SYN001331,s5,1,199.0
8909,SYN001331,b4,3,599.0
8910,SYN001331,b5,3,299.0
8911,SYN001331,bv4,1,349.0
8912,SYN001331,f4,3,199.0
8913,SYN001331,s2,3,249.0
8914,SYN001331,s4,2,299.0
8915,SYN001332,bv3,2,199.0
8916,SYN001332,bv4,1,349.0
8917,SYN001332,bv2,1,249.0
8918,SYN001332,bv1,1,149.0
8919,SYN001332,s1,2,399.0
8920,SYN001332,f6,2,179.0
8921,SYN001332,s2,2,249.0
8922,SYN001332,f4,2,199.0
8923,SYN001332,b1,1,199.0
8924,SYN001333,bv4,1,349.0
8925,SYN001333,bv1,1,149.0
8926,SYN001333,v4,1,39.0
8927,SYN001333,bv2,3,249.0
8928,SYN001333,s1,1,399.0
8929,SYN001333,s4,3,299.0
8930,SYN001333,f5,1,99.0
8931,SYN001334,d2,1,249.0
8932,SYN001334,bv1,3,149.0
8933,SYN001334,bv3,2,199.0
8934,SYN001334,s3,3,99.0
8935,SYN001334,bv2,2,249.0
8936,SYN001335,f6,2,179.0
8937,SYN001335,b4,1,599.0
8938,SYN001335,f4,1,199.0
8939,SYN001335,v5,2,149.0
8940,SYN001335,b3,3,199.0
8941,SYN001335,s5,1,199.0
8942,SYN001335,bv2,1,249.0
8943,SYN001335,s1,1,399.0
8944,SYN001335,bv3,1,199.0
8945,SYN001335,d3,2,179.0
8946,SYN001336,b4,2,599.0
8947,SYN001336,bv2,2,249.0
8948,SYN001336,s1,1,399.0
8949,SYN001336,bv1,1,149.0
8950,SYN001336,f2,1,49.0
8951,SYN001336,d4,3,99.0
8952,SYN001336,f3,2,149.0
8953,SYN001336,v2,3,49.0
8954,SYN001336,b3,3,199.0
8955,SYN001337,b1,3,199.0
8956,SYN001337,d1,1,69.0
8957,SYN001337,b4,2,599.0
8958,SYN001337,s1,3,399.0
8959,SYN001337,s3,3,99.0
8960,SYN001338,bv1,1,149.0
8961,SYN001338,s3,1,99.0
8962,SYN001338,f6,1,179.0
8963,SYN001338,v6,1,29.0
8964,SYN001338,s1,1,399.0
8965,SYN001338,s4,1,299.0
8966,SYN001339,bv3,1,199.0
8967,SYN001339,f6,2,179.0
8968,SYN001339,bv1,3,149.0
8969,SYN001339,f4,3,199.0
8970,SYN001339,b4,3,599.0
8971,SYN001339,bv2,1,249.0
8972,SYN001339,f5,3,99.0
8973,SYN001339,f1,2,249.0
8974,SYN001340,bv2,2,249.0
8975,SYN001340,bv4,1,349.0
8976,SYN001340,b5,1,299.0
8977,SYN001340,b1,1,199.0
8978,SYN001340,s4,3,299.0
8979,SYN001340,s5,2,199.0
8980,SYN001340,s1,2,399.0
8981,SYN001340,v2,3,49.0
8982,SYN001341,b5,3,299.0
8983,SYN001341,f5,3,99.0
8984,SYN001341,bv4,2,349.0
8985,SYN001341,f2,2,49.0
8986,SYN001341,bv3,1,199.0
8987,SYN001341,b3,2,199.0
8988,SYN001341,f3,2,149.0
8989,SYN001341,b2,3,249.0
8990,SYN001342,bv1,1,149.0
8991,SYN001342,b2,1,249.0
8992,SYN001342,b3,2,199.0
8993,SYN001342,s1,1,399.0
8994,SYN001342,s5,2,199.0
8995,SYN001342,f4,1,199.0
8996,SYN001342,v4,1,39.0
8997,SYN001343,b5,2,299.0
8998,SYN001343,bv2,1,249.0
8999,SYN001343,f6,3,179.0
9000,SYN001343,f2,3,49.0
9001,SYN001343,f4,3,199.0
9002,SYN001343,f5,2,99.0
9003,SYN001343,bv3,1,199.0
9004,SYN001344,f3,2,149.0
9005,SYN001344,f5,1,99.0
9006,SYN001344,s1,2,399.0
9007,SYN001344,f1,2,249.0
9008,SYN001344,b1,2,199.0
9009,SYN001344,b5,2,299.0
9010,SYN001345,s3,1,99.0
9011,SYN001345,f6,3,179.0
9012,SYN001345,f5,3,99.0
9013,SYN001345,d4,3,99.0
9014,SYN001345,f4,2,199.0
9015,SYN001345,f3,1,149.0
9016,SYN001345,s2,3,249.0
9017,SYN001345,b3,2,199.0
9018,SYN001345,b5,3,299.0
9019,SYN001346,s1,1,399.0
9020,SYN001346,f4,1,199.0
9021,SYN001346,f6,1,179.0
9022,SYN001346,b5,1,299.0
9023,SYN001346,s3,3,99.0
9024,SYN001346,b1,1,199.0
9025,SYN001346,v4,3,39.0
9026,SYN001346,b4,2,599.0
9027,SYN001347,bv4,1,349.0
9028,SYN001347,b5,2,299.0
9029,SYN001347,v1,2,89.0
9030,SYN001347,bv1,1,149.0
9031,SYN001347,f2,1,49.0
9032,SYN001348,b3,2,199.0
9033,SYN001348,f6,1,179.0
9034,SYN001348,v3,2,79.0
9035,SYN001348,f3,3,149.0
9036,SYN001348,bv2,2,249.0
9037,SYN001348,f4,1,199.0
9038,SYN001349,bv1,1,149.0
9039,SYN001349,d3,1,179.0
9040,SYN001349,f6,1,179.0
9041,SYN001349,s2,2,249.0
9042,SYN001349,bv3,1,199.0
9043,SYN001349,s4,3,299.0
9044,SYN001350,f4,3,199.0
9045,SYN001350,f5,2,99.0
9046,SYN001350,f3,3,149.0
9047,SYN001350,f1,1,249.0
9048,SYN001350,s3,1,99.0
9049,SYN001350,v5,2,149.0
9050,SYN001351,b1,2,199.0
9051,SYN001351,v1,1,89.0
9052,SYN001351,bv4,2,349.0
9053,SYN001351,f2,1,49.0
9054,SYN001351,b5,2,299.0
9055,SYN001351,f5,2,99.0
9056,SYN001351,bv1,2,149.0
9057,SYN001351,bv2,3,249.0
9058,SYN001352,b3,3,199.0
9059,SYN001352,bv2,3,249.0
9060,SYN001352,s2,2,249.0
9061,SYN001352,s3,2,99.0
9062,SYN001352,b1,1,199.0
9063,SYN001352,s5,3,199.0
9064,SYN001353,b1,3,199.0
9065,SYN001353,f2,3,49.0
9066,SYN001353,s1,3,399.0
9067,SYN001353,bv1,2,149.0
9068,SYN001353,b3,2,199.0
9069,SYN001354,bv4,2,349.0
9070,SYN001354,bv2,3,249.0
9071,SYN001354,s5,3,199.0
9072,SYN001354,b4,1,599.0
9073,SYN001354,d5,2,249.0
9074,SYN001355,s5,2,199.0
9075,SYN001355,b1,3,199.0
9076,SYN001355,f2,3,49.0
9077,SYN001355,bv3,1,199.0
9078,SYN001355,f3,2,149.0
9079,SYN001355,b4,2,599.0
9080,SYN001355,f4,2,199.0
9081,SYN001355,f1,1,249.0
9082,SYN001356,f5,1,99.0
9083,SYN001356,bv1,3,149.0
9084,SYN001356,bv3,3,199.0
9085,SYN001356,f2,3,49.0
9086,SYN001356,b1,3,199.0
9087,SYN001356,bv4,2,349.0
9088,SYN001356,s5,2,199.0
9089,SYN001356,d3,3,179.0
9090,SYN001357,f1,3,249.0
9091,SYN001357,s3,2,99.0
9092,SYN001357,f5,3,99.0
9093,SYN001357,b2,2,249.0
9094,SYN001357,f2,3,49.0
9095,SYN001358,b1,1,199.0
9096,SYN001358,f3,1,149.0
9097,SYN001358,bv3,3,199.0
9098,SYN001358,b2,3,249.0
9099,SYN001358,bv2,3,249.0
9100,SYN001358,b4,3,599.0
9101,SYN001359,d4,3,99.0
9102,SYN001359,v6,3,29.0
9103,SYN001359,s4,1,299.0
9104,SYN001359,f3,2,149.0
9105,SYN001359,b4,3,599.0
9106,SYN001359,b3,2,199.0
9107,SYN001360,f1,3,249.0
9108,SYN001360,bv4,3,349.0
9109,SYN001360,bv2,1,249.0
9110,SYN001360,b2,1,249.0
9111,SYN001360,v5,2,149.0
9112,SYN001360,s1,3,399.0
9113,SYN001360,f4,3,199.0
9114,SYN001360,b5,3,299.0
9115,SYN001360,bv3,1,199.0
9116,SYN001361,b4,3,599.0
9117,SYN001361,s2,3,249.0
9118,SYN001361,f1,3,249.0
9119,SYN001361,f5,2,99.0
9120,SYN001361,s5,3,199.0
9121,SYN001361,b3,1,199.0
9122,SYN001361,f3,3,149.0
9123,SYN001361,bv2,1,249.0
9124,SYN001362,b1,1,199.0
9125,SYN001362,bv3,2,199.0
9126,SYN001362,f3,3,149.0
9127,SYN001362,bv1,2,149.0
9128,SYN001362,f5,2,99.0
9129,SYN001362,s5,1,199.0
9130,SYN001362,b4,2,599.0
9131,SYN001363,s4,2,299.0
9132,SYN001363,f4,1,199.0
9133,SYN001363,b4,1,599.0
9134,SYN001363,b3,1,199.0
9135,SYN001363,b1,2,199.0
9136,SYN001363,bv4,1,349.0
9137,SYN001363,f5,3,99.0
9138,SYN001364,f6,1,179.0
9139,SYN001364,bv1,2,149.0
9140,SYN001364,f4,1,199.0
9141,SYN001364,b2,2,249.0
9142,SYN001364,s1,3,399.0
9143,SYN001364,bv3,2,199.0
9144,SYN001364,bv2,3,249.0
9145,SYN001364,b5,3,299.0
9146,SYN001365,bv3,3,199.0
9147,SYN001365,b2,2,249.0
9148,SYN001365,s5,1,199.0
9149,SYN001365,bv4,2,349.0
9150,SYN001365,s1,3,399.0
9151,SYN001365,s2,2,249.0
9152,SYN001365,f3,3,149.0
9153,SYN001365,s3,2,99.0
9154,SYN001365,d3,2,179.0
9155,SYN001365,f5,2,99.0
9156,SYN001366,f5,3,99.0
9157,SYN001366,b1,2,199.0
9158,SYN001366,bv2,2,249.0
9159,SYN001366,s1,3,399.0
9160,SYN001366,d4,2,99.0
9161,SYN001366,f4,3,199.0
9162,SYN001366,f6,3,179.0
9163,SYN001366,b2,2,249.0
9164,SYN001366,s4,3,299.0
9165,SYN001366,s5,2,199.0
9166,SYN001367,d3,1,179.0
9167,SYN001367,b5,2,299.0
9168,SYN001367,f5,3,99.0
9169,SYN001367,bv1,1,149.0
9170,SYN001367,b1,3,199.0
9171,SYN001367,b2,1,249.0
9172,SYN001367,f4,2,199.0
9173,SYN001367,f2,1,49.0
9174,SYN001368,v2,1,49.0
9175,SYN001368,bv4,3,349.0
9176,SYN001368,f6,1,179.0
9177,SYN001368,bv3,1,199.0
9178,SYN001368,d2,3,249.0
9179,SYN001368,s5,1,199.0
9180,SYN001369,bv3,3,199.0
9181,SYN001369,bv2,1,249.0
9182,SYN001369,f3,3,149.0
9183,SYN001369,s4,1,299.0
9184,SYN001369,v2,3,49.0
9185,SYN001369,s3,1,99.0
9186,SYN001369,bv1,3,149.0
9187,SYN001369,d5,1,249.0
9188,SYN001370,bv1,3,149.0
9189,SYN001370,f2,1,49.0
9190,SYN001370,s1,2,399.0
9191,SYN001370,v5,1,149.0
9192,SYN001370,bv4,3,349.0
9193,SYN001370,bv3,2,199.0
9194,SYN001370,f5,2,99.0
9195,SYN001371,bv4,1,349.0
9196,SYN001371,f5,3,99.0
9197,SYN001371,f6,2,179.0
9198,SYN001371,f1,1,249.0
9199,SYN001371,f3,2,149.0
9200,SYN001371,f2,2,49.0
9201,SYN001372,b4,1,599.0
9202,SYN001372,v2,2,49.0
9203,SYN001372,bv4,2,349.0
9204,SYN001372,s5,3,199.0
9205,SYN001372,bv3,2,199.0
9206,SYN001372,f5,2,99.0
9207,SYN001372,f3,3,149.0
9208,SYN001373,d4,1,99.0
9209,SYN001373,b2,3,249.0
9210,SYN001373,b5,3,299.0
9211,SYN001373,f3,3,149.0
9212,SYN001373,f2,3,49.0
9213,SYN001373,f1,3,249.0
9214,SYN001373,s3,3,99.0
9215,SYN001373,bv4,2,349.0
9216,SYN001374,b4,3,599.0
9217,SYN001374,f2,2,49.0
9218,SYN001374,bv1,2,149.0
9219,SYN001374,bv3,1,199.0
9220,SYN001374,f6,3,179.0
9221,SYN001374,b1,2,199.0
9222,SYN001374,b3,3,199.0
9223,SYN001375,f2,1,49.0
9224,SYN001375,f6,2,179.0
9225,SYN001375,f1,2,249.0
9226,SYN001375,v1,3,89.0
9227,SYN001375,b5,2,299.0
9228,SYN001375,b3,3,199.0
9229,SYN001375,f4,2,199.0
9230,SYN001375,s1,2,399.0
9231,SYN001375,bv4,1,349.0
9232,SYN001375,bv1,3,149.0
9233,SYN001376,f4,1,199.0
9234,SYN001376,bv1,1,149.0
9235,SYN001376,d4,1,99.0
9236,SYN001376,f2,1,49.0
9237,SYN001376,d5,1,249.0
9238,SYN001376,b5,1,299.0
9239,SYN001376,bv2,2,249.0
9240,SYN001376,b2,2,249.0
9241,SYN001376,b1,1,199.0
9242,SYN001377,f1,3,249.0
9243,SYN001377,b1,3,199.0
9244,SYN001377,s2,3,249.0
9245,SYN001377,s5,3,199.0
9246,SYN001377,bv3,3,199.0
9247,SYN001377,f2,1,49.0
9248,SYN001377,f4,2,199.0
9249,SYN001377,s1,2,399.0
9250,SYN001377,bv2,3,249.0
9251,SYN001377,bv4,1,349.0
9252,SYN001378,f5,2,99.0
9253,SYN001378,s4,1,299.0
9254,SYN001378,bv3,3,199.0
9255,SYN001378,s1,2,399.0
9256,SYN001378,bv4,1,349.0
9257,SYN001378,b3,1,199.0
9258,SYN001378,s3,1,99.0
9259,SYN001378,s2,2,249.0
9260,SYN001379,s3,2,99.0
9261,SYN001379,bv1,3,149.0
9262,SYN001379,b3,2,199.0
9263,SYN001379,f3,1,149.0
9264,SYN001379,bv3,2,199.0
9265,SYN001379,d2,1,249.0
9266,SYN001379,s1,2,399.0
9267,SYN001379,f1,1,249.0
9268,SYN001380,s5,1,199.0
9269,SYN001380,f2,2,49.0
9270,SYN001380,f6,2,179.0
9271,SYN001380,bv1,3,149.0
9272,SYN001380,f1,2,249.0
9273,SYN001380,f3,2,149.0
9274,SYN001380,bv2,3,249.0
9275,SYN001380,s3,1,99.0
9276,SYN001380,s1,2,399.0
9277,SYN001381,bv4,1,349.0
9278,SYN001381,b1,1,199.0
9279,SYN001381,s2,3,249.0
9280,SYN001381,bv2,1,249.0
9281,SYN001381,b5,1,299.0
9282,SYN001381,b4,2,599.0
9283,SYN001382,v2,1,49.0
9284,SYN001382,s3,3,99.0
9285,SYN001382,bv3,1,199.0
9286,SYN001382,f6,1,179.0
9287,SYN001382,b3,3,199.0
9288,SYN001382,s1,3,399.0
9289,SYN001382,f5,3,99.0
9290,SYN001383,bv1,1,149.0
9291,SYN001383,s3,2,99.0
9292,SYN001383,s5,1,199.0
9293,SYN001383,bv2,2,249.0
9294,SYN001383,b3,1,199.0
9295,SYN001383,b4,3,599.0
9296,SYN001384,bv4,3,349.0
9297,SYN001384,b4,1,599.0
9298,SYN001384,s4,3,299.0
9299,SYN001384,f5,1,99.0
9300,SYN001384,f1,3,249.0
9301,SYN001384,b2,1,249.0
9302,SYN001384,s3,2,99.0
9303,SYN001384,f2,2,49.0
9304,SYN001384,bv3,3,199.0
9305,SYN001385,b3,3,199.0
9306,SYN001385,f1,2,249.0
9307,SYN001385,b1,1,199.0
9308,SYN001385,b5,2,299.0
9309,SYN001385,s2,1,249.0
9310,SYN001385,f6,2,179.0
9311,SYN001386,b2,1,249.0
9312,SYN001386,b5,2,299.0
9313,SYN001386,bv4,2,349.0
9314,SYN001386,f1,2,249.0
9315,SYN001386,s5,1,199.0
9316,SYN001386,bv1,2,149.0
9317,SYN001386,bv3,3,199.0
9318,SYN001386,s2,1,249.0
9319,SYN001386,bv2,2,249.0
9320,SYN001386,f5,3,99.0
9321,SYN001387,f1,1,249.0
9322,SYN001387,s4,2,299.0
9323,SYN001387,b5,3,299.0
9324,SYN001387,f6,1,179.0
9325,SYN001387,v3,2,79.0
9326,SYN001387,s2,2,249.0
9327,SYN001388,b5,2,299.0
9328,SYN001388,bv1,2,149.0
9329,SYN001388,bv4,1,349.0
9330,SYN001388,b2,3,249.0
9331,SYN001388,f5,2,99.0
9332,SYN001388,f2,2,49.0
9333,SYN001389,f1,1,249.0
9334,SYN001389,b3,1,199.0
9335,SYN001389,v2,2,49.0
9336,SYN001389,bv3,3,199.0
9337,SYN001389,b1,1,199.0
9338,SYN001390,s1,1,399.0
9339,SYN001390,f2,2,49.0
9340,SYN001390,bv2,2,249.0
9341,SYN001390,s5,2,199.0
9342,SYN001390,b1,1,199.0
9343,SYN001390,b5,1,299.0
9344,SYN001390,b3,1,199.0
9345,SYN001391,f5,1,99.0
9346,SYN001391,s5,3,199.0
9347,SYN001391,d5,2,249.0
9348,SYN001391,s4,3,299.0
9349,SYN001391,bv1,3,149.0
9350,SYN001391,bv2,2,249.0
9351,SYN001391,b2,3,249.0
9352,SYN001392,s3,2,99.0
9353,SYN001392,v4,2,39.0
9354,SYN001392,s5,3,199.0
9355,SYN001392,s1,3,399.0
9356,SYN001392,d2,1,249.0
9357,SYN001392,f3,3,149.0
9358,SYN001392,f2,3,49.0
9359,SYN001392,bv2,2,249.0
9360,SYN001392,bv1,3,149.0
9361,SYN001392,s2,3,249.0
9362,SYN001393,d3,3,179.0
9363,SYN001393,f4,2,199.0
9364,SYN001393,s1,3,399.0
9365,SYN001393,s3,1,99.0
9366,SYN001393,b1,1,199.0
9367,SYN001393,bv3,3,199.0
9368,SYN001394,bv2,2,249.0
9369,SYN001394,b5,1,299.0
9370,SYN001394,b4,1,599.0
9371,SYN001394,f2,1,49.0
9372,SYN001394,s4,2,299.0
9373,SYN001394,s5,1,199.0
9374,SYN001394,v4,3,39.0
9375,SYN001394,f4,2,199.0
9376,SYN001394,s3,3,99.0
9377,SYN001394,f6,2,179.0
9378,SYN001395,bv2,3,249.0
9379,SYN001395,bv3,2,199.0
9380,SYN001395,d4,3,99.0
9381,SYN001395,v4,3,39.0
9382,SYN001395,s5,2,199.0
9383,SYN001395,d2,1,249.0
9384,SYN001395,b3,2,199.0
9385,SYN001395,f4,1,199.0
9386,SYN001395,d3,1,179.0
9387,SYN001396,v6,3,29.0
9388,SYN001396,s2,1,249.0
9389,SYN001396,v2,1,49.0
9390,SYN001396,d1,2,69.0
9391,SYN001396,d3,2,179.0
9392,SYN001396,d4,2,99.0
9393,SYN001396,s5,3,199.0
9394,SYN001396,bv1,3,149.0
9395,SYN001396,d5,2,249.0
9396,SYN001396,v4,3,39.0
9397,SYN001397,s4,3,299.0
9398,SYN001397,v6,2,29.0
9399,SYN001397,bv4,1,349.0
9400,SYN001397,d3,2,179.0
9401,SYN001397,bv2,3,249.0
9402,SYN001397,v2,1,49.0
9403,SYN001397,v5,1,149.0
9404,SYN001397,s1,3,399.0
9405,SYN001398,s5,1,199.0
9406,SYN001398,bv3,2,199.0
9407,SYN001398,v2,1,49.0
9408,SYN001398,v6,2,29.0
9409,SYN001398,d1,3,69.0
9410,SYN001398,d4,2,99.0
9411,SYN001398,b4,1,599.0
9412,SYN001398,v3,3,79.0
9413,SYN001398,b5,1,299.0
9414,SYN001398,bv4,1,349.0
9415,SYN001398,s1,2,399.0
9416,SYN001399,f1,2,249.0
9417,SYN001399,d1,3,69.0
9418,SYN001399,bv3,1,199.0
9419,SYN001399,v1,2,89.0
9420,SYN001399,d2,1,249.0
9421,SYN001399,f6,3,179.0
9422,SYN001399,s2,3,249.0
9423,SYN001399,b2,1,249.0
9424,SYN001400,s5,1,199.0
9425,SYN001400,bv1,2,149.0
9426,SYN001400,d5,3,249.0
9427,SYN001400,d1,3,69.0
9428,SYN001400,d4,1,99.0
9429,SYN001400,f5,2,99.0
9430,SYN001400,d2,2,249.0
9431,SYN001400,v2,2,49.0
9432,SYN001400,v4,1,39.0
9433,SYN001400,v1,1,89.0
9434,SYN001400,f6,1,179.0
9435,SYN001400,b2,2,249.0
9436,SYN001401,v3,3,79.0
9437,SYN001401,v6,3,29.0
9438,SYN001401,s1,2,399.0
9439,SYN001401,bv1,3,149.0
9440,SYN001401,s4,2,299.0
9441,SYN001401,d3,1,179.0
9442,SYN001401,b3,3,199.0
9443,SYN001401,s2,3,249.0
9444,SYN001401,s5,3,199.0
9445,SYN001401,d1,2,69.0
9446,SYN001401,d4,3,99.0
9447,SYN001402,s2,2,249.0
9448,SYN001402,v3,2,79.0
9449,SYN001402,f6,2,179.0
9450,SYN001402,v6,3,29.0
9451,SYN001402,d3,2,179.0
9452,SYN001402,s4,3,299.0
9453,SYN001402,d4,1,99.0
9454,SYN001402,d5,3,249.0
9455,SYN001402,s3,3,99.0
9456,SYN001402,v5,3,149.0
9457,SYN001402,d2,1,249.0
9458,SYN001402,v4,2,39.0
9459,SYN001402,b5,2,299.0
9460,SYN001403,d3,2,179.0
9461,SYN001403,f3,2,149.0
9462,SYN001403,d1,2,69.0
9463,SYN001403,d5,3,249.0
9464,SYN001403,v6,3,29.0
9465,SYN001403,v2,1,49.0
9466,SYN001403,v5,3,149.0
9467,SYN001403,bv2,2,249.0
9468,SYN001403,d4,1,99.0
9469,SYN001403,d2,1,249.0
9470,SYN001403,b2,1,249.0
9471,SYN001403,v4,3,39.0
9472,SYN001403,s2,1,249.0
9473,SYN001403,bv1,1,149.0
9474,SYN001403,f2,1,49.0
9475,SYN001404,d5,3,249.0
9476,SYN001404,b4,2,599.0
9477,SYN001404,d4,2,99.0
9478,SYN001404,s2,2,249.0
9479,SYN001404,bv4,3,349.0
9480,SYN001404,f5,2,99.0
9481,SYN001404,v4,3,39.0
9482,SYN001404,v2,3,49.0
9483,SYN001404,v3,2,79.0
9484,SYN001404,bv2,3,249.0
9485,SYN001404,s1,1,399.0
9486,SYN001404,s4,1,299.0
9487,SYN001404,d3,1,179.0
9488,SYN001404,d2,2,249.0
9489,SYN001404,s5,3,199.0
9490,SYN001405,bv3,1,199.0
9491,SYN001405,f6,2,179.0
9492,SYN001405,d1,3,69.0
9493,SYN001405,s4,3,299.0
9494,SYN001405,bv4,2,349.0
9495,SYN001405,d4,2,99.0
9496,SYN001405,f5,3,99.0
9497,SYN001405,v6,1,29.0
9498,SYN001405,v2,1,49.0
9499,SYN001405,s3,1,99.0
9500,SYN001405,v1,2,89.0
9501,SYN001405,d2,1,249.0
9502,SYN001405,b3,2,199.0
9503,SYN001406,s5,2,199.0
9504,SYN001406,bv3,2,199.0
9505,SYN001406,v1,2,89.0
9506,SYN001406,bv1,2,149.0
9507,SYN001406,s2,1,249.0
9508,SYN001406,v6,1,29.0
9509,SYN001406,s3,3,99.0
9510,SYN001406,f2,1,49.0
9511,SYN001406,d5,2,249.0
9512,SYN001406,v5,2,149.0
9513,SYN001407,v6,3,29.0
9514,SYN001407,s1,2,399.0
9515,SYN001407,bv1,3,149.0
9516,SYN001407,s5,1,199.0
9517,SYN001407,v5,1,149.0
9518,SYN001407,v2,2,49.0
9519,SYN001407,d3,2,179.0
9520,SYN001407,s3,1,99.0
9521,SYN001407,f1,3,249.0
9522,SYN001407,v1,1,89.0
9523,SYN001407,v3,2,79.0
9524,SYN001407,s2,3,249.0
9525,SYN001407,s4,1,299.0
9526,SYN001407,b4,3,599.0
9527,SYN001407,d4,2,99.0
9528,SYN001408,v3,3,79.0
9529,SYN001408,v2,1,49.0
9530,SYN001408,v5,1,149.0
9531,SYN001408,v6,1,29.0
9532,SYN001408,s3,2,99.0
9533,SYN001408,bv4,1,349.0
9534,SYN001408,s1,1,399.0
9535,SYN001408,s5,1,199.0
9536,SYN001408,bv2,1,249.0
9537,SYN001408,bv3,2,199.0
9538,SYN001408,d2,1,249.0
9539,SYN001408,v4,3,39.0
9540,SYN001409,d4,2,99.0
9541,SYN001409,bv3,1,199.0
9542,SYN001409,v4,3,39.0
9543,SYN001409,s1,1,399.0
9544,SYN001409,d3,1,179.0
9545,SYN001409,v5,3,149.0
9546,SYN001409,v1,3,89.0
9547,SYN001409,bv2,1,249.0
9548,SYN001409,bv4,3,349.0
9549,SYN001409,f2,2,49.0
9550,SYN001409,s5,1,199.0
9551,SYN001409,s4,1,299.0
9552,SYN001409,bv1,3,149.0
9553,SYN001410,b2,2,249.0
9554,SYN001410,b3,2,199.0
9555,SYN001410,f4,2,199.0
9556,SYN001410,d3,1,179.0
9557,SYN001410,d2,3,249.0
9558,SYN001410,v4,2,39.0
9559,SYN001410,v1,2,89.0
9560,SYN001410,v2,1,49.0
9561,SYN001410,s5,1,199.0
9562,SYN001410,v3,1,79.0
9563,SYN001410,s2,1,249.0
9564,SYN001410,bv1,1,149.0
9565,SYN001410,s3,3,99.0
9566,SYN001410,f1,1,249.0
9567,SYN001410,v5,2,149.0
9568,SYN001411,s4,3,299.0
9569,SYN001411,d4,3,99.0
9570,SYN001411,s1,3,399.0
9571,SYN001411,bv3,2,199.0
9572,SYN001411,v4,2,39.0
9573,SYN001411,f2,3,49.0
9574,SYN001411,d1,3,69.0
9575,SYN001411,v3,2,79.0
9576,SYN001411,v6,2,29.0
9577,SYN001411,f3,2,149.0
9578,SYN001411,v2,1,49.0
9579,SYN001411,s2,3,249.0
9580,SYN001411,f1,2,249.0
9581,SYN001411,bv4,2,349.0
9582,SYN001412,d5,1,249.0
9583,SYN001412,s5,1,199.0
9584,SYN001412,f3,2,149.0
9585,SYN001412,d3,1,179.0
9586,SYN001412,s2,3,249.0
9587,SYN001412,bv3,1,199.0
9588,SYN001412,d4,2,99.0
9589,SYN001412,v1,1,89.0
9590,SYN001412,d1,1,69.0
9591,SYN001412,v2,3,49.0
9592,SYN001413,bv2,1,249.0
9593,SYN001413,d1,1,69.0
9594,SYN001413,v6,2,29.0
9595,SYN001413,s5,3,199.0
9596,SYN001413,d3,2,179.0
9597,SYN001413,v4,3,39.0
9598,SYN001413,d2,2,249.0
9599,SYN001413,bv4,3,349.0
9600,SYN001413,v3,1,79.0
9601,SYN001413,bv3,2,199.0
9602,SYN001413,b1,2,199.0
9603,SYN001413,b2,3,249.0
9604,SYN001413,v5,2,149.0
9605,SYN001413,v2,1,49.0
9606,SYN001414,bv1,2,149.0
9607,SYN001414,f4,2,199.0
9608,SYN001414,d3,3,179.0
9609,SYN001414,bv2,3,249.0
9610,SYN001414,d2,3,249.0
9611,SYN001414,s1,3,399.0
9612,SYN001414,v4,1,39.0
9613,SYN001414,d5,3,249.0
9614,SYN001414,b3,1,199.0
9615,SYN001414,v5,1,149.0
9616,SYN001414,d4,3,99.0
9617,SYN001414,s3,1,99.0
9618,SYN001414,b5,3,299.0
9619,SYN001415,s1,1,399.0
9620,SYN001415,d3,1,179.0
9621,SYN001415,bv1,2,149.0
9622,SYN001415,v6,2,29.0
9623,SYN001415,v5,1,149.0
9624,SYN001415,s3,2,99.0
9625,SYN001415,v3,2,79.0
9626,SYN001415,f3,1,149.0
9627,SYN001415,bv2,3,249.0
9628,SYN001416,v2,1,49.0
9629,SYN001416,d1,1,69.0
9630,SYN001416,v4,1,39.0
9631,SYN001416,d3,3,179.0
9632,SYN001416,f4,3,199.0
9633,SYN001416,d4,1,99.0
9634,SYN001416,s3,1,99.0
9635,SYN001416,s4,2,299.0
9636,SYN001416,s2,3,249.0
9637,SYN001416,v3,3,79.0
9638,SYN001416,f6,1,179.0
9639,SYN001416,b3,1,199.0
9640,SYN001416,v5,3,149.0
9641,SYN001417,v1,1,89.0
9642,SYN001417,v3,1,79.0
9643,SYN001417,d5,2,249.0
9644,SYN001417,b4,2,599.0
9645,SYN001417,s3,1,99.0
9646,SYN001417,bv2,1,249.0
9647,SYN001417,b5,1,299.0
9648,SYN001417,v5,3,149.0
9649,SYN001417,s5,1,199.0
9650,SYN001417,d2,1,249.0
9651,SYN001418,d4,1,99.0
9652,SYN001418,v3,1,79.0
9653,SYN001418,v2,2,49.0
9654,SYN001418,bv3,3,199.0
9655,SYN001418,s5,3,199.0
9656,SYN001418,s1,3,399.0
9657,SYN001418,bv4,2,349.0
9658,SYN001418,d1,2,69.0
9659,SYN001418,b4,3,599.0
9660,SYN001418,d5,1,249.0
9661,SYN001418,v4,3,39.0
9662,SYN001418,v1,2,89.0
9663,SYN001418,b2,3,249.0
9664,SYN001419,f2,2,49.0
9665,SYN001419,d3,2,179.0
9666,SYN001419,s2,3,249.0
9667,SYN001419,d5,3,249.0
9668,SYN001419,bv1,2,149.0
9669,SYN001419,v1,2,89.0
9670,SYN001419,bv2,3,249.0
9671,SYN001419,v4,2,39.0
9672,SYN001419,v6,3,29.0
9673,SYN001419,v3,3,79.0
9674,SYN001419,d2,2,249.0
9675,SYN001419,s4,3,299.0
9676,SYN001420,s3,2,99.0
9677,SYN001420,v3,1,79.0
9678,SYN001420,d3,2,179.0
9679,SYN001420,v2,2,49.0
9680,SYN001420,v1,2,89.0
9681,SYN001420,bv2,2,249.0
9682,SYN001420,bv4,1,349.0
9683,SYN001420,d5,2,249.0
9684,SYN001421,d5,1,249.0
9685,SYN001421,s5,1,199.0
9686,SYN001421,v6,1,29.0
9687,SYN001421,bv4,2,349.0
9688,SYN001421,s3,2,99.0
9689,SYN001421,d4,1,99.0
9690,SYN001421,f1,1,249.0
9691,SYN001421,bv2,3,249.0
9692,SYN001421,f2,2,49.0
9693,SYN001422,d1,1,69.0
9694,SYN001422,f5,2,99.0
9695,SYN001422,v2,1,49.0
9696,SYN001422,s4,2,299.0
9697,SYN001422,v4,1,39.0
9698,SYN001422,b1,3,199.0
9699,SYN001422,d2,3,249.0
9700,SYN001422,bv2,2,249.0
9701,SYN001422,d3,3,179.0
9702,SYN001422,s2,3,249.0
9703,SYN001422,bv1,2,149.0
9704,SYN001422,f4,3,199.0
9705,SYN001422,v1,2,89.0
9706,SYN001422,v6,3,29.0
9707,SYN001422,f3,2,149.0
9708,SYN001423,s2,2,249.0
9709,SYN001423,d2,1,249.0
9710,SYN001423,v1,1,89.0
9711,SYN001423,v2,2,49.0
9712,SYN001423,bv3,3,199.0
9713,SYN001423,bv4,3,349.0
9714,SYN001423,f4,2,199.0
9715,SYN001423,s4,3,299.0
9716,SYN001423,d3,1,179.0
9717,SYN001423,s1,2,399.0
9718,SYN001423,bv2,2,249.0
9719,SYN001423,s5,2,199.0
9720,SYN001424,v6,1,29.0
9721,SYN001424,s5,1,199.0
9722,SYN001424,s1,1,399.0
9723,SYN001424,d4,1,99.0
9724,SYN001424,bv4,2,349.0
9725,SYN001424,v3,1,79.0
9726,SYN001424,v4,2,39.0
9727,SYN001424,d5,3,249.0
9728,SYN001424,s2,3,249.0
9729,SYN001424,d1,1,69.0
9730,SYN001424,s3,3,99.0
9731,SYN001425,v5,2,149.0
9732,SYN001425,f3,3,149.0
9733,SYN001425,d3,3,179.0
9734,SYN001425,bv3,3,199.0
9735,SYN001425,bv1,3,149.0
9736,SYN001425,s3,3,99.0
9737,SYN001425,s1,1,399.0
9738,SYN001425,s5,2,199.0
9739,SYN001425,d2,3,249.0
9740,SYN001425,d1,1,69.0
9741,SYN001425,d5,2,249.0
9742,SYN001425,v4,2,39.0
9743,SYN001425,v6,3,29.0
9744,SYN001426,s2,1,249.0
9745,SYN001426,d4,3,99.0
9746,SYN001426,d5,1,249.0
9747,SYN001426,s3,2,99.0
9748,SYN001426,d1,1,69.0
9749,SYN001426,bv3,2,199.0
9750,SYN001426,f6,3,179.0
9751,SYN001426,bv4,2,349.0
9752,SYN001426,v3,2,79.0
9753,SYN001426,bv2,1,249.0
9754,SYN001426,b2,2,249.0
9755,SYN001426,v2,1,49.0
9756,SYN001426,s5,2,199.0
9757,SYN001427,v5,2,149.0
9758,SYN001427,s4,1,299.0
9759,SYN001427,v1,3,89.0
9760,SYN001427,s2,2,249.0
9761,SYN001427,v4,2,39.0
9762,SYN001427,bv2,3,249.0
9763,SYN001427,d4,3,99.0
9764,SYN001427,bv1,2,149.0
9765,SYN001427,d3,3,179.0
9766,SYN001427,v2,2,49.0
9767,SYN001427,f4,3,199.0
9768,SYN001427,s1,3,399.0
9769,SYN001427,d1,1,69.0
9770,SYN001427,d5,2,249.0
9771,SYN001427,d2,3,249.0
9772,SYN001428,d3,2,179.0
9773,SYN001428,v5,2,149.0
9774,SYN001428,v1,3,89.0
9775,SYN001428,bv1,2,149.0
9776,SYN001428,s2,2,249.0
9777,SYN001428,v2,3,49.0
9778,SYN001428,s1,1,399.0
9779,SYN001428,d1,2,69.0
9780,SYN001428,f6,2,179.0
9781,SYN001428,b2,1,249.0
9782,SYN001428,s5,3,199.0
9783,SYN001428,s3,1,99.0
9784,SYN001428,v4,2,39.0
9785,SYN001428,d2,1,249.0
9786,SYN001428,b4,1,599.0
9787,SYN001429,bv1,3,149.0
9788,SYN001429,s1,2,399.0
9789,SYN001429,d3,3,179.0
9790,SYN001429,d5,1,249.0
9791,SYN001429,s4,3,299.0
9792,SYN001429,b3,3,199.0
9793,SYN001429,v6,3,29.0
9794,SYN001429,s2,2,249.0
9795,SYN001429,v3,2,79.0
9796,SYN001429,d1,1,69.0
9797,SYN001429,f5,3,99.0
9798,SYN001429,v5,2,149.0
9799,SYN001429,bv2,3,249.0
9800,SYN001429,s3,2,99.0
9801,SYN001429,b2,2,249.0
9802,SYN001430,b4,1,599.0
9803,SYN001430,v1,3,89.0
9804,SYN001430,d1,3,69.0
9805,SYN001430,v4,2,39.0
9806,SYN001430,d5,3,249.0
9807,SYN001430,bv4,2,349.0
9808,SYN001430,s1,3,399.0
9809,SYN001430,v6,2,29.0
9810,SYN001430,s3,3,99.0
9811,SYN001430,v3,2,79.0
9812,SYN001431,s3,3,99.0
9813,SYN001431,v5,3,149.0
9814,SYN001431,d2,3,249.0
9815,SYN001431,b1,3,199.0
9816,SYN001431,bv2,3,249.0
9817,SYN001431,v2,3,49.0
9818,SYN001431,bv4,3,349.0
9819,SYN001431,bv3,3,199.0
9820,SYN001431,f5,1,99.0
9821,SYN001431,d5,2,249.0
9822,SYN001431,d1,3,69.0
9823,SYN001431,s2,2,249.0
9824,SYN001431,s5,1,199.0
9825,SYN001431,v4,2,39.0
9826,SYN001431,s1,3,399.0
9827,SYN001432,v2,2,49.0
9828,SYN001432,bv3,2,199.0
9829,SYN001432,s2,1,249.0
9830,SYN001432,d3,3,179.0
9831,SYN001432,d2,1,249.0
9832,SYN001432,d1,1,69.0
9833,SYN001432,bv1,1,149.0
9834,SYN001432,s1,2,399.0
9835,SYN001432,d4,3,99.0
9836,SYN001432,v6,1,29.0
9837,SYN001432,d5,3,249.0
9838,SYN001432,s5,3,199.0
9839,SYN001433,d3,1,179.0
9840,SYN001433,d2,1,249.0
9841,SYN001433,d4,2,99.0
9842,SYN001433,s1,3,399.0
9843,SYN001433,f5,2,99.0
9844,SYN001433,d5,1,249.0
9845,SYN001433,v1,3,89.0
9846,SYN001433,s2,2,249.0
9847,SYN001433,s5,2,199.0
9848,SYN001433,v5,3,149.0
9849,SYN001433,bv1,3,149.0
9850,SYN001433,s4,1,299.0
9851,SYN001434,v4,3,39.0
9852,SYN001434,v1,2,89.0
9853,SYN001434,bv4,3,349.0
9854,SYN001434,s4,1,299.0
9855,SYN001434,d4,1,99.0
9856,SYN001434,v2,2,49.0
9857,SYN001434,b2,3,249.0
9858,SYN001434,bv3,2,199.0
9859,SYN001434,v5,2,149.0
9860,SYN001435,b5,2,299.0
9861,SYN001435,f6,3,179.0
9862,SYN001435,f2,3,49.0
9863,SYN001435,f4,1,199.0
9864,SYN001436,b1,3,199.0
9865,SYN001436,b3,2,199.0
9866,SYN001436,b2,3,249.0
9867,SYN001436,b4,2,599.0
9868,SYN001437,f6,2,179.0
9869,SYN001437,f2,2,49.0
9870,SYN001438,b4,3,599.0
9871,SYN001438,s2,2,249.0
9872,SYN001439,b2,1,249.0
9873,SYN001439,b4,1,599.0
9874,SYN001440,f5,1,99.0
9875,SYN001440,b5,2,299.0
9876,SYN001440,b3,2,199.0
9877,SYN001440,f4,1,199.0
9878,SYN001441,f4,1,199.0
9879,SYN001441,f3,1,149.0
9880,SYN001441,f6,3,179.0
9881,SYN001441,f2,3,49.0
9882,SYN001442,b2,2,249.0
9883,SYN001442,f5,2,99.0
9884,SYN001443,b1,1,199.0
9885,SYN001443,s2,1,249.0
9886,SYN001443,b5,3,299.0
9887,SYN001444,b5,3,299.0
9888,SYN001444,b3,2,199.0
9889,SYN001445,f5,1,99.0
9890,SYN001445,b4,1,599.0
9891,SYN001445,b2,3,249.0
9892,SYN001446,b3,2,199.0
9893,SYN001446,f3,2,149.0
9894,SYN001446,b1,3,199.0
9895,SYN001447,f4,3,199.0
9896,SYN001447,bv2,1,249.0
9897,SYN001447,f3,1,149.0
9898,SYN001447,s2,3,249.0
9899,SYN001448,f1,3,249.0
9900,SYN001448,f6,1,179.0
9901,SYN001448,b4,2,599.0
9902,SYN001449,f4,2,199.0
9903,SYN001449,b3,2,199.0
9904,SYN001449,f2,1,49.0
9905,SYN001450,f6,1,179.0
9906,SYN001450,v2,1,49.0
9907,SYN001451,b2,2,249.0
9908,SYN001451,b5,2,299.0
9909,SYN001452,v1,3,89.0
9910,SYN001452,b3,3,199.0
9911,SYN001452,d3,2,179.0
9912,SYN001453,b5,2,299.0
9913,SYN001453,v3,1,79.0
9914,SYN001453,b4,2,599.0
9915,SYN001453,b2,3,249.0
9916,SYN001454,f1,2,249.0
9917,SYN001454,f4,3,199.0
9918,SYN001454,b3,2,199.0
9919,SYN001454,v3,3,79.0
9920,SYN001455,b4,2,599.0
9921,SYN001455,b2,2,249.0
9922,SYN001456,f3,1,149.0
9923,SYN001456,b4,1,599.0
9924,SYN001456,s2,2,249.0
9925,SYN001457,f6,3,179.0
9926,SYN001457,b1,2,199.0
9927,SYN001458,f1,1,249.0
9928,SYN001458,v5,2,149.0
9929,SYN001458,v4,3,39.0
9930,SYN001458,d4,1,99.0
9931,SYN001458,bv1,2,149.0
9932,SYN001458,d1,2,69.0
9933,SYN001458,bv2,3,249.0
9934,SYN001458,d2,2,249.0
9935,SYN001458,d5,2,249.0
9936,SYN001458,f2,2,49.0
9937,SYN001458,v2,3,49.0
9938,SYN001458,s4,3,299.0
9939,SYN001459,v3,1,79.0
9940,SYN001459,d5,1,249.0
9941,SYN001459,bv1,3,149.0
9942,SYN001459,f4,2,199.0
9943,SYN001459,f5,3,99.0
9944,SYN001459,f6,3,179.0
9945,SYN001459,v2,3,49.0
9946,SYN001459,f3,1,149.0
9947,SYN001460,b5,1,299.0
9948,SYN001460,d5,1,249.0
9949,SYN001460,s5,1,199.0
9950,SYN001460,b3,3,199.0
9951,SYN001460,f6,1,179.0
9952,SYN001460,s2,3,249.0
9953,SYN001460,b2,3,249.0
9954,SYN001460,bv1,1,149.0
9955,SYN001461,d4,1,99.0
9956,SYN001461,d1,1,69.0
9957,SYN001461,bv4,1,349.0
9958,SYN001461,bv1,3,149.0
9959,SYN001461,v5,2,149.0
9960,SYN001461,s4,3,299.0
9961,SYN001462,b3,3,199.0
9962,SYN001462,s3,2,99.0
9963,SYN001462,v2,3,49.0
9964,SYN001462,v4,3,39.0
9965,SYN001462,d3,3,179.0
9966,SYN001462,f4,1,199.0
9967,SYN001462,v5,2,149.0
9968,SYN001462,s4,1,299.0
9969,SYN001462,s2,3,249.0
9970,SYN001462,d4,2,99.0
9971,SYN001462,d2,1,249.0
9972,SYN001463,f5,3,99.0
9973,SYN001463,b3,2,199.0
9974,SYN001463,d5,2,249.0
9975,SYN001463,s2,2,249.0
9976,SYN001463,s4,2,299.0
9977,SYN001463,d3,3,179.0
9978,SYN001463,v6,1,29.0
9979,SYN001463,b5,3,299.0
9980,SYN001463,v1,3,89.0
9981,SYN001463,s1,1,399.0
9982,SYN001463,bv1,3,149.0
9983,SYN001463,f2,2,49.0
9984,SYN001464,f3,1,149.0
9985,SYN001464,v6,1,29.0
9986,SYN001464,d3,1,179.0
9987,SYN001464,bv3,2,199.0
9988,SYN001464,d5,2,249.0
9989,SYN001464,d2,2,249.0
9990,SYN001465,b3,3,199.0
9991,SYN001465,v1,3,89.0
9992,SYN001465,s3,3,99.0
9993,SYN001465,v4,1,39.0
9994,SYN001465,bv1,1,149.0
9995,SYN001465,f1,3,249.0
9996,SYN001465,b5,3,299.0
9997,SYN001465,bv3,3,199.0
9998,SYN001465,v2,3,49.0
9999,SYN001465,d2,2,249.0
10000,SYN001465,v3,1,79.0
10001,SYN001466,b4,1,599.0
10002,SYN001466,s1,1,399.0
10003,SYN001466,v4,3,39.0
10004,SYN001466,v5,3,149.0
10005,SYN001466,s2,3,249.0
10006,SYN001466,f2,3,49.0
10007,SYN001466,b3,3,199.0
10008,SYN001466,s5,1,199.0
10009,SYN001466,d4,1,99.0
10010,SYN001466,f6,1,179.0
10011,SYN001466,v3,1,79.0
10012,SYN001467,v4,1,39.0
10013,SYN001467,bv4,1,349.0
10014,SYN001467,bv1,2,149.0
10015,SYN001467,b1,2,199.0
10016,SYN001467,s5,2,199.0
10017,SYN001467,d4,3,99.0
10018,SYN001467,d1,3,69.0
10019,SYN001467,b4,1,599.0
10020,SYN001467,v3,1,79.0
10021,SYN001468,f4,1,199.0
10022,SYN001468,v6,1,29.0
10023,SYN001468,d5,3,249.0
10024,SYN001468,b1,3,199.0
10025,SYN001468,d4,3,99.0
10026,SYN001468,v3,1,79.0
10027,SYN001468,f5,2,99.0
10028,SYN001469,v3,2,79.0
10029,SYN001469,f5,1,99.0
10030,SYN001469,v2,3,49.0
10031,SYN001469,d3,2,179.0
10032,SYN001469,f1,3,249.0
10033,SYN001469,bv4,3,349.0
10034,SYN001469,d4,1,99.0
10035,SYN001469,v4,2,39.0
10036,SYN001469,s3,2,99.0
10037,SYN001470,d1,1,69.0
10038,SYN001470,s5,3,199.0
10039,SYN001470,b5,2,299.0
10040,SYN001470,bv1,1,149.0
10041,SYN001470,bv2,2,249.0
10042,SYN001470,f2,1,49.0
10043,SYN001470,f3,2,149.0
10044,SYN001470,s4,2,299.0
10045,SYN001470,d4,1,99.0
10046,SYN001470,f5,3,99.0
10047,SYN001470,v6,3,29.0
10048,SYN001471,bv4,1,349.0
10049,SYN001471,v1,2,89.0
10050,SYN001471,bv2,1,249.0
10051,SYN001471,b1,1,199.0
10052,SYN001471,d1,2,69.0
10053,SYN001471,s5,3,199.0
10054,SYN001471,d2,1,249.0
10055,SYN001471,d4,3,99.0
10056,SYN001471,f5,2,99.0
10057,SYN001472,s2,2,249.0
10058,SYN001472,f2,2,49.0
10059,SYN001472,b5,2,299.0
10060,SYN001472,f6,3,179.0
10061,SYN001472,bv1,1,149.0
10062,SYN001472,s5,1,199.0
10063,SYN001472,v3,3,79.0
10064,SYN001472,d2,3,249.0
10065,SYN001473,f1,3,249.0
10066,SYN001473,b3,2,199.0
10067,SYN001473,bv4,3,349.0
10068,SYN001473,d2,2,249.0
10069,SYN001473,bv2,3,249.0
10070,SYN001473,d1,1,69.0
10071,SYN001473,bv3,2,199.0
10072,SYN001473,d3,3,179.0
10073,SYN001474,f5,3,99.0
10074,SYN001474,v4,2,39.0
10075,SYN001474,v2,1,49.0
10076,SYN001474,f3,1,149.0
10077,SYN001474,b1,3,199.0
10078,SYN001474,v3,2,79.0
10079,SYN001474,b5,3,299.0
10080,SYN001474,s3,1,99.0
10081,SYN001474,b3,1,199.0
10082,SYN001474,bv4,1,349.0
10083,SYN001475,v2,1,49.0
10084,SYN001475,s3,1,99.0
10085,SYN001475,f3,2,149.0
10086,SYN001475,s2,2,249.0
10087,SYN001475,b3,3,199.0
10088,SYN001475,v5,3,149.0
10089,SYN001475,v1,2,89.0
10090,SYN001476,f5,2,99.0
10091,SYN001476,d4,3,99.0
10092,SYN001476,v5,1,149.0
10093,SYN001476,f4,1,199.0
10094,SYN001476,v2,1,49.0
10095,SYN001476,f3,1,149.0
10096,SYN001476,b5,1,299.0
10097,SYN001476,v3,1,79.0
10098,SYN001476,bv4,1,349.0
10099,SYN001477,s3,3,99.0
10100,SYN001477,v5,3,149.0
10101,SYN001477,s4,2,299.0
10102,SYN001477,v4,1,39.0
10103,SYN001477,b4,1,599.0
10104,SYN001477,d4,3,99.0
10105,SYN001477,d5,2,249.0
10106,SYN001478,v3,2,79.0
10107,SYN001478,f5,1,99.0
10108,SYN001478,v1,1,89.0
10109,SYN001478,d3,3,179.0
10110,SYN001478,s5,1,199.0
10111,SYN001478,s1,3,399.0
10112,SYN001479,d4,2,99.0
10113,SYN001479,f4,2,199.0
10114,SYN001479,f5,1,99.0
10115,SYN001479,f6,1,179.0
10116,SYN001479,v5,3,149.0
10117,SYN001479,v2,1,49.0
10118,SYN001480,d2,2,249.0
10119,SYN001480,b4,1,599.0
10120,SYN001480,d5,2,249.0
10121,SYN001480,d1,1,69.0
10122,SYN001480,v2,1,49.0
10123,SYN001480,b5,1,299.0
10124,SYN001480,f1,3,249.0
10125,SYN001480,s3,2,99.0
10126,SYN001481,f1,1,249.0
10127,SYN001481,b2,1,249.0
10128,SYN001481,v4,1,39.0
10129,SYN001481,bv3,1,199.0
10130,SYN001481,bv1,2,149.0
10131,SYN001481,s2,1,249.0
10132,SYN001481,s1,3,399.0
10133,SYN001481,d1,2,69.0
10134,SYN001481,bv2,1,249.0
10135,SYN001481,b4,1,599.0
10136,SYN001481,v2,3,49.0
10137,SYN001482,bv1,3,149.0
10138,SYN001482,f4,3,199.0
10139,SYN001482,v6,2,29.0
10140,SYN001482,bv4,1,349.0
10141,SYN001482,s1,2,399.0
10142,SYN001482,d2,1,249.0
10143,SYN001482,s3,2,99.0
10144,SYN001482,d4,3,99.0
10145,SYN001482,f6,3,179.0
10146,SYN001483,b5,1,299.0
10147,SYN001483,bv3,1,199.0
10148,SYN001483,s2,1,249.0
10149,SYN001483,v3,1,79.0
10150,SYN001483,f2,1,49.0
10151,SYN001483,d4,3,99.0
10152,SYN001483,s3,3,99.0
10153,SYN001483,s5,3,199.0
10154,SYN001483,d5,2,249.0
10155,SYN001483,b4,2,599.0
10156,SYN001483,s1,2,399.0
10157,SYN001483,v6,2,29.0
10158,SYN001484,b1,2,199.0
10159,SYN001484,s5,1,199.0
10160,SYN001484,d5,2,249.0
10161,SYN001484,v5,3,149.0
10162,SYN001484,b4,2,599.0
10163,SYN001484,f6,3,179.0
10164,SYN001484,f2,3,49.0
10165,SYN001484,b5,2,299.0
10166,SYN001485,b3,2,199.0
10167,SYN001485,f3,1,149.0
10168,SYN001485,bv1,3,149.0
10169,SYN001485,s1,3,399.0
10170,SYN001485,v5,2,149.0
10171,SYN001485,b4,3,599.0
10172,SYN001486,d1,1,69.0
10173,SYN001486,f5,3,99.0
10174,SYN001486,d5,2,249.0
10175,SYN001486,bv2,3,249.0
10176,SYN001486,v2,2,49.0
10177,SYN001486,s5,1,199.0
10178,SYN001486,f3,3,149.0
10179,SYN001486,b2,2,249.0
10180,SYN001486,v1,2,89.0
10181,SYN001486,f1,2,249.0
10182,SYN001486,v5,3,149.0
10183,SYN001486,v3,3,79.0
10184,SYN001487,f1,3,249.0
10185,SYN001487,s1,1,399.0
10186,SYN001487,v6,3,29.0
10187,SYN001487,s4,2,299.0
10188,SYN001487,d2,2,249.0
10189,SYN001487,bv1,2,149.0
10190,SYN001487,b1,1,199.0
10191,SYN001487,b5,1,299.0
10192,SYN001488,f2,3,49.0
10193,SYN001488,s3,3,99.0
10194,SYN001488,b5,2,299.0
10195,SYN001488,s5,1,199.0
10196,SYN001488,s2,2,249.0
10197,SYN001488,s4,1,299.0
10198,SYN001488,f3,3,149.0
10199,SYN001488,v6,1,29.0
10200,SYN001489,b2,3,249.0
10201,SYN001489,f5,2,99.0
10202,SYN001489,b1,3,199.0
10203,SYN001489,f1,1,249.0
10204,SYN001489,s2,1,249.0
10205,SYN001489,v4,3,39.0
10206,SYN001489,f4,2,199.0
10207,SYN001490,s2,1,249.0
10208,SYN001490,b1,2,199.0
10209,SYN001490,bv4,3,349.0
10210,SYN001490,f2,2,49.0
10211,SYN001490,d3,1,179.0
10212,SYN001490,b5,2,299.0
10213,SYN001490,bv3,1,199.0
10214,SYN001490,f6,3,179.0
10215,SYN001490,f3,3,149.0
10216,SYN001491,s5,2,199.0
10217,SYN001491,bv3,1,199.0
10218,SYN001491,v4,2,39.0
10219,SYN001491,bv1,1,149.0
10220,SYN001491,f6,1,179.0
10221,SYN001491,s1,1,399.0
10222,SYN001491,bv2,1,249.0
10223,SYN001491,v6,3,29.0
10224,SYN001492,b4,3,599.0
10225,SYN001492,v5,3,149.0
10226,SYN001492,s3,2,99.0
10227,SYN001492,s5,3,199.0
10228,SYN001492,b2,3,249.0
10229,SYN001492,d3,1,179.0
10230,SYN001493,f4,1,199.0
10231,SYN001493,b1,3,199.0
10232,SYN001493,bv1,3,149.0
10233,SYN001493,v2,2,49.0
10234,SYN001493,s1,1,399.0
10235,SYN001493,f1,1,249.0
10236,SYN001493,s2,2,249.0
10237,SYN001493,bv3,2,199.0
10238,SYN001493,v5,2,149.0
10239,SYN001493,s4,1,299.0
10240,SYN001494,s2,2,249.0
10241,SYN001494,v1,1,89.0
10242,SYN001494,v6,1,29.0
10243,SYN001494,b1,1,199.0
10244,SYN001494,f1,1,249.0
10245,SYN001494,b4,2,599.0
10246,SYN001494,bv4,3,349.0
10247,SYN001494,d1,3,69.0
10248,SYN001494,s4,3,299.0
10249,SYN001494,bv1,3,149.0
10250,SYN001495,d2,3,249.0
10251,SYN001495,v3,1,79.0
10252,SYN001495,bv2,3,249.0
10253,SYN001495,bv3,1,199.0
10254,SYN001495,b4,2,599.0
10255,SYN001495,f4,2,199.0
10256,SYN001495,s2,1,249.0
10257,SYN001495,s5,3,199.0
10258,SYN001495,v1,3,89.0
10259,SYN001495,d5,3,249.0
10260,SYN001495,f5,3,99.0
10261,SYN001495,s1,3,399.0
10262,SYN001496,b4,3,599.0
10263,SYN001496,f3,1,149.0
10264,SYN001496,s3,1,99.0
10265,SYN001496,bv3,3,199.0
10266,SYN001496,v6,2,29.0
10267,SYN001496,f1,1,249.0
10268,SYN001496,f6,2,179.0
10269,SYN001496,f2,1,49.0
10270,SYN001496,b3,2,199.0
10271,SYN001497,b5,1,299.0
10272,SYN001497,d5,3,249.0
10273,SYN001497,v6,2,29.0
10274,SYN001497,v5,2,149.0
10275,SYN001497,f3,1,149.0
10276,SYN001497,v4,2,39.0
10277,SYN001497,d2,1,249.0
10278,SYN001497,v3,1,79.0
10279,SYN001497,b2,3,249.0
10280,SYN001497,b4,3,599.0
10281,SYN001497,f2,1,49.0
10282,SYN001498,b1,3,199.0
10283,SYN001498,d5,1,249.0
10284,SYN001498,f3,3,149.0
10285,SYN001498,s2,1,249.0
10286,SYN001498,f2,3,49.0
10287,SYN001498,f5,1,99.0
10288,SYN001499,b3,3,199.0
10289,SYN001499,b4,1,599.0
10290,SYN001499,bv4,3,349.0
10291,SYN001499,b1,1,199.0
10292,SYN001499,v4,1,39.0
10293,SYN001499,bv2,1,249.0
10294,SYN001500,f4,1,199.0
10295,SYN001500,b1,3,199.0
10296,SYN001500,d4,2,99.0
10297,SYN001500,v3,3,79.0
10298,SYN001500,f1,1,249.0
10299,SYN001500,v5,2,149.0
10300,SYN001500,d3,2,179.0
10301,SYN001500,s5,2,199.0
10302,SYN001500,d2,1,249.0
10303,SYN001500,f5,2,99.0
10304,SYN001500,s2,1,249.0
10305,SYN001500,v1,3,89.0
10306,SYN001501,f4,2,199.0
10307,SYN001501,d5,2,249.0
10308,SYN001501,bv1,1,149.0
10309,SYN001501,b4,3,599.0
10310,SYN001501,b5,1,299.0
10311,SYN001501,bv2,2,249.0
10312,SYN001501,s1,2,399.0
10313,SYN001501,v5,3,149.0
10314,SYN001501,f5,3,99.0
10315,SYN001501,v4,1,39.0
10316,SYN001502,f6,2,179.0
10317,SYN001502,d1,2,69.0
10318,SYN001502,s1,1,399.0
10319,SYN001502,b1,2,199.0
10320,SYN001502,bv1,3,149.0
10321,SYN001502,s2,3,249.0
10322,SYN001502,b3,2,199.0
10323,SYN001502,f3,3,149.0
10324,SYN001502,d2,3,249.0
10325,SYN001502,b4,2,599.0
10326,SYN001502,s3,3,99.0
10327,SYN001503,v1,2,89.0
10328,SYN001503,d1,2,69.0
10329,SYN001503,f3,1,149.0
10330,SYN001503,bv3,1,199.0
10331,SYN001503,f5,3,99.0
10332,SYN001503,s2,1,249.0
10333,SYN001503,b4,2,599.0
10334,SYN001503,v5,3,149.0
10335,SYN001504,d2,2,249.0
10336,SYN001504,s1,1,399.0
10337,SYN001504,b4,2,599.0
10338,SYN001504,bv4,2,349.0
10339,SYN001504,b1,3,199.0
10340,SYN001504,d4,1,99.0
10341,SYN001504,s2,1,249.0
10342,SYN001504,bv1,1,149.0
10343,SYN001504,d1,2,69.0
10344,SYN001504,bv3,2,199.0
10345,SYN001504,v4,2,39.0
10346,SYN001505,b3,2,199.0
10347,SYN001505,d3,3,179.0
10348,SYN001505,v1,3,89.0
10349,SYN001505,b5,1,299.0
10350,SYN001505,v3,3,79.0
10351,SYN001505,b2,3,249.0
10352,SYN001505,v6,2,29.0
10353,SYN001506,f6,3,179.0
10354,SYN001506,b4,1,599.0
10355,SYN001506,s1,2,399.0
10356,SYN001506,f1,2,249.0
10357,SYN001506,d2,3,249.0
10358,SYN001506,bv1,3,149.0
10359,SYN001507,f5,3,99.0
10360,SYN001507,s4,3,299.0
10361,SYN001507,b1,3,199.0
10362,SYN001507,f6,2,179.0
10363,SYN001507,f2,3,49.0
10364,SYN001507,bv3,2,199.0
10365,SYN001508,s2,1,249.0
10366,SYN001508,s5,2,199.0
10367,SYN001508,b2,3,249.0
10368,SYN001508,f2,3,49.0
10369,SYN001508,s3,3,99.0
10370,SYN001508,d5,3,249.0
10371,SYN001508,f1,1,249.0
10372,SYN001508,d2,3,249.0
10373,SYN001508,f4,3,199.0
10374,SYN001508,d4,1,99.0
10375,SYN001509,b5,2,299.0
10376,SYN001509,s1,1,399.0
10377,SYN001509,f3,1,149.0
10378,SYN001509,f4,2,199.0
10379,SYN001509,bv4,2,349.0
10380,SYN001509,s4,1,299.0
10381,SYN001509,d4,3,99.0
10382,SYN001509,f6,3,179.0
10383,SYN001509,b2,2,249.0
10384,SYN001509,f2,2,49.0
10385,SYN001509,bv2,2,249.0
10386,SYN001509,s2,1,249.0
10387,SYN001510,d4,3,99.0
10388,SYN001510,v6,3,29.0
10389,SYN001510,bv4,1,349.0
10390,SYN001510,f3,2,149.0
10391,SYN001510,d1,1,69.0
10392,SYN001510,f1,1,249.0
10393,SYN001511,b2,2,249.0
10394,SYN001511,f2,2,49.0
10395,SYN001511,bv2,2,249.0
10396,SYN001511,s3,2,99.0
10397,SYN001511,f6,1,179.0
10398,SYN001511,f5,1,99.0
10399,SYN001512,d2,1,249.0
10400,SYN001512,s5,2,199.0
10401,SYN001512,d3,1,179.0
10402,SYN001512,d4,1,99.0
10403,SYN001512,f5,3,99.0
10404,SYN001512,f6,2,179.0
10405,SYN001512,v1,2,89.0
10406,SYN001513,s2,1,249.0
10407,SYN001513,f3,2,149.0
10408,SYN001513,s5,2,199.0
10409,SYN001513,b2,1,249.0
10410,SYN001513,b3,1,199.0
10411,SYN001513,s1,3,399.0
10412,SYN001513,b1,2,199.0
10413,SYN001513,bv3,2,199.0
10414,SYN001513,d1,2,69.0
10415,SYN001514,s2,3,249.0
10416,SYN001514,f5,3,99.0
10417,SYN001514,f6,1,179.0
10418,SYN001514,b1,3,199.0
10419,SYN001514,d2,2,249.0
10420,SYN001514,f4,3,199.0
10421,SYN001514,bv4,2,349.0
10422,SYN001514,v3,1,79.0
10423,SYN001514,f1,1,249.0
10424,SYN001514,s3,3,99.0
10425,SYN001514,s4,2,299.0
10426,SYN001514,b5,3,299.0
10427,SYN001515,bv4,1,349.0
10428,SYN001515,v2,2,49.0
10429,SYN001515,s5,2,199.0
10430,SYN001515,b2,1,249.0
10431,SYN001515,bv2,2,249.0
10432,SYN001515,b3,2,199.0
10433,SYN001515,s1,1,399.0
10434,SYN001515,bv3,1,199.0
10435,SYN001515,s2,2,249.0
10436,SYN001516,bv3,3,199.0
10437,SYN001516,d4,1,99.0
10438,SYN001516,v4,2,39.0
10439,SYN001516,bv4,1,349.0
10440,SYN001516,f2,1,49.0
10441,SYN001516,s5,3,199.0
10442,SYN001516,b1,2,199.0
10443,SYN001516,d5,3,249.0
10444,SYN001516,b2,3,249.0
10445,SYN001517,v2,2,49.0
10446,SYN001517,s3,1,99.0
10447,SYN001517,v3,1,79.0
10448,SYN001517,b3,3,199.0
10449,SYN001517,f1,3,249.0
10450,SYN001517,s4,1,299.0
10451,SYN001517,d3,1,179.0
10452,SYN001518,bv4,3,349.0
10453,SYN001518,d1,2,69.0
10454,SYN001518,bv3,3,199.0
10455,SYN001518,v1,3,89.0
10456,SYN001518,b4,2,599.0
10457,SYN001518,v2,3,49.0
10458,SYN001518,b2,1,249.0
10459,SYN001518,v6,3,29.0
10460,SYN001518,f2,3,49.0
10461,SYN001519,s5,1,199.0
10462,SYN001519,d2,2,249.0
10463,SYN001519,b2,3,249.0
10464,SYN001519,v3,2,79.0
10465,SYN001519,v2,2,49.0
10466,SYN001519,b1,2,199.0
10467,SYN001519,bv1,1,149.0
10468,SYN001519,d1,1,69.0
10469,SYN001519,s2,2,249.0
10470,SYN001519,s3,1,99.0
10471,SYN001519,f2,1,49.0
10472,SYN001520,f2,2,49.0
10473,SYN001520,s1,3,399.0
10474,SYN001520,v1,2,89.0
10475,SYN001520,v3,3,79.0
10476,SYN001520,f1,2,249.0
10477,SYN001520,bv1,3,149.0
10478,SYN001520,b3,3,199.0
10479,SYN001520,v6,2,29.0
10480,SYN001520,d1,2,69.0
10481,SYN001520,b5,2,299.0
10482,SYN001521,bv4,3,349.0
10483,SYN001521,s3,3,99.0
10484,SYN001521,b5,2,299.0
10485,SYN001521,d2,1,249.0
10486,SYN001521,v6,2,29.0
10487,SYN001521,v3,2,79.0
10488,SYN001521,bv3,3,199.0
10489,SYN001521,f6,3,179.0
10490,SYN001521,f4,1,199.0
10491,SYN001521,v5,2,149.0
10492,SYN001522,f1,2,249.0
10493,SYN001522,f2,2,49.0
10494,SYN001522,s1,3,399.0
10495,SYN001522,v2,1,49.0
10496,SYN001522,b2,2,249.0
10497,SYN001522,v6,2,29.0
10498,SYN001522,f5,3,99.0
10499,SYN001522,b4,3,599.0
10500,SYN001522,d3,1,179.0
10501,SYN001522,f3,1,149.0
10502,SYN001523,b3,3,199.0
10503,SYN001523,s5,2,199.0
10504,SYN001523,d4,2,99.0
10505,SYN001523,b5,1,299.0
10506,SYN001523,d1,2,69.0
10507,SYN001523,bv3,3,199.0
10508,SYN001524,f4,3,199.0
10509,SYN001524,f1,2,249.0
10510,SYN001524,v3,2,79.0
10511,SYN001524,s5,2,199.0
10512,SYN001524,bv1,2,149.0
10513,SYN001524,s3,2,99.0
10514,SYN001524,d4,3,99.0
10515,SYN001524,d3,1,179.0
10516,SYN001524,d5,3,249.0
10517,SYN001524,d1,3,69.0
10518,SYN001525,b1,1,199.0
10519,SYN001525,bv4,3,349.0
10520,SYN001525,b2,3,249.0
10521,SYN001525,b3,1,199.0
10522,SYN001525,d1,2,69.0
10523,SYN001525,f1,2,249.0
10524,SYN001525,bv1,3,149.0
10525,SYN001525,v2,3,49.0
10526,SYN001525,d2,1,249.0
10527,SYN001525,v3,2,79.0
10528,SYN001525,d3,2,179.0
10529,SYN001526,f4,1,199.0
10530,SYN001526,f6,2,179.0
10531,SYN001526,s4,2,299.0
10532,SYN001526,bv1,3,149.0
10533,SYN001526,f3,2,149.0
10534,SYN001526,f2,1,49.0
10535,SYN001526,v4,1,39.0
10536,SYN001526,d4,1,99.0
10537,SYN001527,v5,2,149.0
10538,SYN001527,d5,2,249.0
10539,SYN001527,f2,3,49.0
10540,SYN001527,f3,3,149.0
10541,SYN001527,f4,2,199.0
10542,SYN001527,s2,2,249.0
10543,SYN001527,b1,1,199.0
10544,SYN001528,b2,1,249.0
10545,SYN001528,f4,3,199.0
10546,SYN001528,d3,3,179.0
10547,SYN001528,b1,1,199.0
10548,SYN001528,d4,2,99.0
10549,SYN001528,d2,3,249.0
10550,SYN001528,f3,1,149.0
10551,SYN001529,b4,2,599.0
10552,SYN001529,s1,1,399.0
10553,SYN001529,v6,1,29.0
10554,SYN001529,v2,2,49.0
10555,SYN001529,d2,1,249.0
10556,SYN001529,v4,1,39.0
10557,SYN001529,f5,1,99.0
10558,SYN001529,b1,3,199.0
10559,SYN001529,v5,3,149.0
10560,SYN001530,bv2,1,249.0
10561,SYN001530,f4,1,199.0
10562,SYN001530,bv3,3,199.0
10563,SYN001530,v4,2,39.0
10564,SYN001530,f5,1,99.0
10565,SYN001530,b3,2,199.0
10566,SYN001530,b4,2,599.0
10567,SYN001530,d5,3,249.0
10568,SYN001530,s1,1,399.0
10569,SYN001530,bv4,1,349.0
10570,SYN001530,s5,1,199.0
10571,SYN001530,v6,2,29.0
10572,SYN001531,s4,2,299.0
10573,SYN001531,f5,3,99.0
10574,SYN001531,s1,1,399.0
10575,SYN001531,bv4,2,349.0
10576,SYN001531,b3,3,199.0
10577,SYN001531,s3,1,99.0
10578,SYN001531,v3,3,79.0
10579,SYN001531,v1,3,89.0
10580,SYN001531,v2,3,49.0
10581,SYN001531,d1,2,69.0
10582,SYN001531,d4,1,99.0
10583,SYN001532,f6,3,179.0
10584,SYN001532,bv2,1,249.0
10585,SYN001532,b2,1,249.0
10586,SYN001532,bv3,1,199.0
10587,SYN001532,bv1,2,149.0
10588,SYN001532,s1,3,399.0
10589,SYN001532,v1,2,89.0
10590,SYN001532,d2,3,249.0
10591,SYN001532,d4,3,99.0
10592,SYN001532,bv4,2,349.0
10593,SYN001532,f1,1,249.0
10594,SYN001533,f5,3,99.0
10595,SYN001533,f3,3,149.0
10596,SYN001533,d1,2,69.0
10597,SYN001533,d4,1,99.0
10598,SYN001533,f6,1,179.0
10599,SYN001533,b5,2,299.0
10600,SYN001533,d5,2,249.0
10601,SYN001533,bv3,2,199.0
10602,SYN001533,v6,2,29.0
10603,SYN001533,d2,2,249.0
10604,SYN001533,d3,3,179.0
10605,SYN001534,s1,2,399.0
10606,SYN001534,b4,3,599.0
10607,SYN001534,d3,3,179.0
10608,SYN001534,bv4,1,349.0
10609,SYN001534,v2,3,49.0
10610,SYN001534,v3,2,79.0
10611,SYN001534,d2,3,249.0
10612,SYN001534,v4,2,39.0
10613,SYN001534,f6,2,179.0
10614,SYN001534,bv2,3,249.0
10615,SYN001534,v5,1,149.0
10616,SYN001535,f4,3,199.0
10617,SYN001535,s2,1,249.0
10618,SYN001535,d2,1,249.0
10619,SYN001535,b1,3,199.0
10620,SYN001535,v6,3,29.0
10621,SYN001535,b5,2,299.0
10622,SYN001535,d4,3,99.0
10623,SYN001535,bv2,2,249.0
10624,SYN001535,d5,1,249.0
10625,SYN001535,v2,3,49.0
10626,SYN001536,f5,1,99.0
10627,SYN001536,v1,3,89.0
10628,SYN001536,s1,1,399.0
10629,SYN001536,f6,3,179.0
10630,SYN001536,s3,2,99.0
10631,SYN001536,v6,2,29.0
10632,SYN001536,v2,3,49.0
10633,SYN001536,b5,1,299.0
10634,SYN001536,b4,1,599.0
10635,SYN001536,f4,2,199.0
10636,SYN001536,d4,3,99.0
10637,SYN001537,b3,2,199.0
10638,SYN001537,b4,1,599.0
10639,SYN001537,bv3,1,199.0
10640,SYN001537,f3,2,149.0
10641,SYN001537,d2,1,249.0
10642,SYN001537,b5,3,299.0
10643,SYN001537,v2,1,49.0
10644,SYN001538,bv2,2,249.0
10645,SYN001538,bv3,1,199.0
10646,SYN001538,f2,3,49.0
10647,SYN001538,bv4,2,349.0
10648,SYN001538,f6,1,179.0
10649,SYN001538,s5,1,199.0
10650,SYN001539,b3,3,199.0
10651,SYN001539,b2,3,249.0
10652,SYN001539,v5,3,149.0
10653,SYN001539,d4,2,99.0
10654,SYN001539,s2,3,249.0
10655,SYN001539,bv3,1,199.0
10656,SYN001539,d3,1,179.0
10657,SYN001539,v3,3,79.0
10658,SYN001539,f5,3,99.0
10659,SYN001539,s4,2,299.0
10660,SYN001539,b1,1,199.0
10661,SYN001539,d2,1,249.0
10662,SYN001540,d3,1,179.0
10663,SYN001540,d1,2,69.0
10664,SYN001540,f1,2,249.0
10665,SYN001540,bv4,1,349.0
10666,SYN001540,b4,1,599.0
10667,SYN001540,b2,3,249.0
10668,SYN001540,d2,3,249.0
10669,SYN001540,f5,3,99.0
10670,SYN001540,v2,1,49.0
10671,SYN001540,v3,3,79.0
10672,SYN001540,v5,1,149.0
10673,SYN001541,d1,2,69.0
10674,SYN001541,b5,2,299.0
10675,SYN001541,bv4,1,349.0
10676,SYN001541,d2,1,249.0
10677,SYN001541,v6,1,29.0
10678,SYN001541,f5,2,99.0
10679,SYN001541,b2,3,249.0
10680,SYN001541,f3,1,149.0
10681,SYN001541,v3,1,79.0
10682,SYN001541,bv3,1,199.0
10683,SYN001541,b1,3,199.0
10684,SYN001542,bv2,3,249.0
10685,SYN001542,v1,1,89.0
10686,SYN001542,d1,3,69.0
10687,SYN001542,s3,3,99.0
10688,SYN001542,s2,2,249.0
10689,SYN001542,v4,2,39.0
10690,SYN001542,s4,2,299.0
10691,SYN001542,v2,1,49.0
10692,SYN001542,b4,3,599.0
10693,SYN001542,s5,3,199.0
10694,SYN001543,s4,1,299.0
10695,SYN001543,v4,2,39.0
10696,SYN001543,s3,1,99.0
10697,SYN001543,bv1,2,149.0
10698,SYN001543,f4,3,199.0
10699,SYN001543,bv4,1,349.0
10700,SYN001543,d1,1,69.0
10701,SYN001543,v5,1,149.0
10702,SYN001543,s1,2,399.0
10703,SYN001543,d4,3,99.0
10704,SYN001543,b4,2,599.0
10705,SYN001543,d2,1,249.0
10706,SYN001544,d2,3,249.0
10707,SYN001544,b1,3,199.0
10708,SYN001544,s3,3,99.0
10709,SYN001544,f2,1,49.0
10710,SYN001544,v4,2,39.0
10711,SYN001544,d5,2,249.0
10712,SYN001544,d1,1,69.0
10713,SYN001544,v5,1,149.0
10714,SYN001544,b5,3,299.0
10715,SYN001544,bv3,1,199.0
10716,SYN001544,v6,1,29.0
10717,SYN001545,f2,1,49.0
10718,SYN001545,s5,2,199.0
10719,SYN001545,v3,1,79.0
10720,SYN001545,d3,1,179.0
10721,SYN001545,f5,2,99.0
10722,SYN001545,b2,2,249.0
10723,SYN001545,f4,3,199.0
10724,SYN001545,f6,3,179.0
10725,SYN001545,s3,2,99.0
10726,SYN001546,bv3,2,199.0
10727,SYN001546,f1,3,249.0
10728,SYN001546,bv2,1,249.0
10729,SYN001546,b2,1,249.0
10730,SYN001546,b5,1,299.0
10731,SYN001546,f3,2,149.0
10732,SYN001546,s3,3,99.0
10733,SYN001546,v6,3,29.0
10734,SYN001546,f5,3,99.0
10735,SYN001546,v1,3,89.0
10736,SYN001546,d2,3,249.0
10737,SYN001546,v3,1,79.0
10738,SYN001547,b3,2,199.0
10739,SYN001547,f1,2,249.0
10740,SYN001547,f3,1,149.0
10741,SYN001547,f5,2,99.0
10742,SYN001547,d5,3,249.0
10743,SYN001547,v1,3,89.0
10744,SYN001547,v6,3,29.0
10745,SYN001547,d3,1,179.0
10746,SYN001547,bv3,2,199.0
10747,SYN001547,v3,2,79.0
10748,SYN001547,bv1,2,149.0
10749,SYN001548,d2,2,249.0
10750,SYN001548,f5,2,99.0
10751,SYN001548,b2,3,249.0
10752,SYN001548,v5,1,149.0
10753,SYN001548,b5,1,299.0
10754,SYN001548,v4,1,39.0
10755,SYN001548,d4,1,99.0
10756,SYN001549,d4,2,99.0
10757,SYN001549,f2,1,49.0
10758,SYN001549,v6,2,29.0
10759,SYN001549,v1,2,89.0
10760,SYN001549,d2,2,249.0
10761,SYN001549,v2,3,49.0
10762,SYN001550,v1,2,89.0
10763,SYN001550,s4,3,299.0
10764,SYN001550,f2,3,49.0
10765,SYN001550,f1,2,249.0
10766,SYN001550,b1,1,199.0
10767,SYN001550,v4,1,39.0
10768,SYN001550,bv4,3,349.0
10769,SYN001550,f5,3,99.0
10770,SYN001550,v5,2,149.0
10771,SYN001550,b5,2,299.0
10772,SYN001550,bv3,3,199.0
10773,SYN001550,f3,3,149.0
10774,SYN001551,d5,3,249.0
10775,SYN001551,b4,1,599.0
10776,SYN001551,d2,3,249.0
10777,SYN001551,b1,1,199.0
10778,SYN001551,bv2,1,249.0
10779,SYN001551,f4,1,199.0
10780,SYN001551,b3,2,199.0
10781,SYN001551,s5,3,199.0
10782,SYN001551,f2,1,49.0
10783,SYN001551,bv4,2,349.0
10784,SYN001552,d4,1,99.0
10785,SYN001552,b4,2,599.0
10786,SYN001552,s2,1,249.0
10787,SYN001552,v4,1,39.0
10788,SYN001552,d5,2,249.0
10789,SYN001552,v2,3,49.0
10790,SYN001552,f1,3,249.0
10791,SYN001552,bv2,3,249.0
10792,SYN001552,bv3,3,199.0
10793,SYN001553,f3,1,149.0
10794,SYN001553,f4,2,199.0
10795,SYN001553,s1,2,399.0
10796,SYN001553,f2,1,49.0
10797,SYN001553,v3,3,79.0
10798,SYN001553,d3,2,179.0
10799,SYN001553,s2,3,249.0
10800,SYN001553,bv1,3,149.0
10801,SYN001553,b1,1,199.0
10802,SYN001553,v2,2,49.0
10803,SYN001554,v1,1,89.0
10804,SYN001554,d4,1,99.0
10805,SYN001554,s3,3,99.0
10806,SYN001554,f1,1,249.0
10807,SYN001554,d2,1,249.0
10808,SYN001554,b2,3,249.0
10809,SYN001555,d4,3,99.0
10810,SYN001555,b2,3,249.0
10811,SYN001555,bv4,3,349.0
10812,SYN001555,bv1,2,149.0
10813,SYN001555,s4,2,299.0
10814,SYN001555,f4,3,199.0
10815,SYN001555,bv3,1,199.0
10816,SYN001555,f5,3,99.0
10817,SYN001555,v2,3,49.0
10818,SYN001555,s1,3,399.0
10819,SYN001555,s2,3,249.0
10820,SYN001555,f3,3,149.0
10821,SYN001556,v3,2,79.0
10822,SYN001556,bv1,2,149.0
10823,SYN001556,f5,1,99.0
10824,SYN001556,b5,3,299.0
10825,SYN001556,d3,1,179.0
10826,SYN001556,v1,3,89.0
10827,SYN001556,d1,3,69.0
10828,SYN001556,f3,1,149.0
10829,SYN001556,v4,1,39.0
10830,SYN001556,b1,1,199.0
10831,SYN001557,bv1,1,149.0
10832,SYN001557,v6,1,29.0
10833,SYN001557,f2,3,49.0
10834,SYN001557,s1,1,399.0
10835,SYN001557,f3,3,149.0
10836,SYN001557,f4,2,199.0
10837,SYN001557,f5,1,99.0
10838,SYN001558,v4,3,39.0
10839,SYN001558,s1,1,399.0
10840,SYN001558,b3,1,199.0
10841,SYN001558,f2,3,49.0
10842,SYN001558,v6,1,29.0
10843,SYN001558,s2,1,249.0
10844,SYN001558,d3,2,179.0
10845,SYN001558,bv4,2,349.0
10846,SYN001558,b1,2,199.0
10847,SYN001559,b1,2,199.0
10848,SYN001559,bv4,3,349.0
10849,SYN001559,f6,1,179.0
10850,SYN001559,f1,2,249.0
10851,SYN001559,b3,1,199.0
10852,SYN001559,v5,3,149.0
10853,SYN001559,v3,1,79.0
10854,SYN001559,f2,2,49.0
10855,SYN001559,v1,3,89.0
10856,SYN001559,s2,1,249.0
10857,SYN001559,v6,3,29.0
10858,SYN001560,s5,2,199.0
10859,SYN001560,d1,1,69.0
10860,SYN001560,f4,3,199.0
10861,SYN001560,d4,2,99.0
10862,SYN001560,v5,3,149.0
10863,SYN001560,v1,1,89.0
10864,SYN001560,f5,3,99.0
10865,SYN001560,bv4,1,349.0
10866,SYN001560,v6,2,29.0
10867,SYN001560,f6,2,179.0
10868,SYN001561,d5,3,249.0
10869,SYN001561,bv1,2,149.0
10870,SYN001561,d2,2,249.0
10871,SYN001561,f2,1,49.0
10872,SYN001561,s1,1,399.0
10873,SYN001561,s4,3,299.0
10874,SYN001561,s2,1,249.0
10875,SYN001561,bv2,1,249.0
10876,SYN001561,d3,2,179.0
10877,SYN001561,b3,1,199.0
10878,SYN001561,f6,2,179.0
10879,SYN001561,f3,3,149.0
10880,SYN001562,b1,1,199.0
10881,SYN001562,v1,3,89.0
10882,SYN001562,v2,3,49.0
10883,SYN001562,d2,3,249.0
10884,SYN001562,bv3,1,199.0
10885,SYN001562,s4,1,299.0
10886,SYN001562,f6,3,179.0
10887,SYN001562,bv2,2,249.0
10888,SYN001562,d4,3,99.0
10889,SYN001562,b5,2,299.0
10890,SYN001563,v6,2,29.0
10891,SYN001563,s1,2,399.0
10892,SYN001563,v2,2,49.0
10893,SYN001563,b2,2,249.0
10894,SYN001563,b5,3,299.0
10895,SYN001563,s4,1,299.0
10896,SYN001563,b1,3,199.0
10897,SYN001563,v5,1,149.0
10898,SYN001563,d4,2,99.0
10899,SYN001563,d5,1,249.0
10900,SYN001564,d5,3,249.0
10901,SYN001564,bv1,1,149.0
10902,SYN001564,f5,2,99.0
10903,SYN001564,b4,3,599.0
10904,SYN001564,s5,1,199.0
10905,SYN001564,s2,1,249.0
10906,SYN001564,s4,2,299.0
10907,SYN001564,d2,2,249.0
10908,SYN001564,v3,3,79.0
10909,SYN001564,v2,2,49.0
10910,SYN001564,f6,3,179.0
10911,SYN001565,s2,2,249.0
10912,SYN001565,f1,1,249.0
10913,SYN001565,bv1,2,149.0
10914,SYN001565,v1,3,89.0
10915,SYN001565,d3,1,179.0
10916,SYN001565,f3,1,149.0
10917,SYN001565,b4,3,599.0
10918,SYN001566,v3,1,79.0
10919,SYN001566,f2,2,49.0
10920,SYN001566,d5,2,249.0
10921,SYN001566,f3,1,149.0
10922,SYN001566,s1,2,399.0
10923,SYN001566,f4,3,199.0
10924,SYN001566,bv1,2,149.0
10925,SYN001566,v6,2,29.0
10926,SYN001566,s3,2,99.0
10927,SYN001566,b5,1,299.0
10928,SYN001566,bv3,1,199.0
10929,SYN001566,s2,1,249.0
10930,SYN001567,bv2,2,249.0
10931,SYN001567,v2,3,49.0
10932,SYN001567,b3,2,199.0
10933,SYN001567,d5,1,249.0
10934,SYN001567,v5,1,149.0
10935,SYN001567,f5,1,99.0
10936,SYN001567,bv4,2,349.0
10937,SYN001567,f2,3,49.0
10938,SYN001567,v1,3,89.0
10939,SYN001567,bv1,1,149.0
10940,SYN001568,f6,2,179.0
10941,SYN001568,d4,3,99.0
10942,SYN001568,f1,1,249.0
10943,SYN001568,v2,3,49.0
10944,SYN001568,b4,3,599.0
10945,SYN001568,s4,2,299.0
10946,SYN001568,b3,1,199.0
10947,SYN001568,v1,1,89.0
10948,SYN001569,s2,3,249.0
10949,SYN001569,b4,3,599.0
10950,SYN001569,d5,2,249.0
10951,SYN001569,v6,2,29.0
10952,SYN001569,f5,3,99.0
10953,SYN001569,v4,1,39.0
10954,SYN001569,s3,2,99.0
10955,SYN001569,b5,1,299.0
10956,SYN001569,b2,3,249.0
10957,SYN001569,v5,1,149.0
10958,SYN001569,d1,3,69.0
10959,SYN001570,v1,3,89.0
10960,SYN001570,d2,1,249.0
10961,SYN001570,bv1,1,149.0
10962,SYN001570,b5,3,299.0
10963,SYN001570,b2,1,249.0
10964,SYN001570,v3,3,79.0
10965,SYN001570,f3,2,149.0
10966,SYN001570,d4,3,99.0
10967,SYN001570,v6,3,29.0
10968,SYN001571,d3,1,179.0
10969,SYN001571,bv3,2,199.0
10970,SYN001571,v4,3,39.0
10971,SYN001571,d5,2,249.0
10972,SYN001571,f4,3,199.0
10973,SYN001571,f2,3,49.0
10974,SYN001571,bv2,3,249.0
10975,SYN001571,f5,3,99.0
10976,SYN001572,d4,2,99.0
10977,SYN001572,bv3,1,199.0
10978,SYN001572,d2,2,249.0
10979,SYN001572,s5,2,199.0
10980,SYN001572,s2,1,249.0
10981,SYN001572,bv1,1,149.0
10982,SYN001573,d5,3,249.0
10983,SYN001573,s3,1,99.0
10984,SYN001573,f6,3,179.0
10985,SYN001573,f4,3,199.0
10986,SYN001573,d1,1,69.0
10987,SYN001573,bv2,1,249.0
10988,SYN001573,v3,3,79.0
10989,SYN001574,v2,2,49.0
10990,SYN001574,v4,3,39.0
10991,SYN001574,b5,3,299.0
10992,SYN001574,s1,1,399.0
10993,SYN001574,b4,2,599.0
10994,SYN001574,bv3,1,199.0
10995,SYN001574,d5,3,249.0
10996,SYN001574,v3,2,79.0
10997,SYN001574,d4,3,99.0
10998,SYN001574,s4,3,299.0
10999,SYN001574,f3,1,149.0
11000,SYN001574,s2,1,249.0
11001,SYN001575,s5,1,199.0
11002,SYN001575,d3,3,179.0
11003,SYN001575,s3,3,99.0
11004,SYN001575,f3,2,149.0
11005,SYN001575,v1,3,89.0
11006,SYN001575,d2,1,249.0
11007,SYN001576,d1,1,69.0
11008,SYN001576,bv2,2,249.0
11009,SYN001576,v1,3,89.0
11010,SYN001576,v5,1,149.0
11011,SYN001576,bv4,3,349.0
11012,SYN001576,s4,2,299.0
11013,SYN001576,d3,3,179.0
11014,SYN001577,bv4,3,349.0
11015,SYN001577,bv3,1,199.0
11016,SYN001577,f4,2,199.0
11017,SYN001577,v6,3,29.0
11018,SYN001577,s4,3,299.0
11019,SYN001577,b3,3,199.0
11020,SYN001577,bv2,3,249.0
11021,SYN001577,b2,3,249.0
11022,SYN001577,s5,2,199.0
11023,SYN001577,d1,2,69.0
11024,SYN001577,f5,2,99.0
11025,SYN001578,v3,2,79.0
11026,SYN001578,s3,3,99.0
11027,SYN001578,b5,3,299.0
11028,SYN001578,bv2,3,249.0
11029,SYN001578,d4,2,99.0
11030,SYN001578,b2,3,249.0
11031,SYN001579,d4,1,99.0
11032,SYN001579,b2,2,249.0
11033,SYN001579,bv4,3,349.0
11034,SYN001579,v3,3,79.0
11035,SYN001579,bv2,3,249.0
11036,SYN001579,f4,1,199.0
11037,SYN001579,s3,2,99.0
11038,SYN001579,bv3,1,199.0
11039,SYN001579,v2,1,49.0
11040,SYN001579,v4,3,39.0
11041,SYN001579,d5,1,249.0
11042,SYN001579,s1,2,399.0
11043,SYN001580,s2,1,249.0
11044,SYN001580,v6,3,29.0
11045,SYN001580,s3,3,99.0
11046,SYN001580,f4,1,199.0
11047,SYN001580,v4,3,39.0
11048,SYN001580,s4,3,299.0
11049,SYN001581,f4,1,199.0
11050,SYN001581,b4,3,599.0
11051,SYN001581,b3,3,199.0
11052,SYN001581,f1,2,249.0
11053,SYN001581,f2,3,49.0
11054,SYN001581,s5,2,199.0
11055,SYN001581,s1,2,399.0
11056,SYN001581,d1,1,69.0
11057,SYN001582,f4,2,199.0
11058,SYN001582,f3,2,149.0
11059,SYN001582,f6,1,179.0
11060,SYN001582,s3,1,99.0
11061,SYN001582,v3,1,79.0
11062,SYN001582,v1,3,89.0
11063,SYN001582,bv3,2,199.0
11064,SYN001582,d1,3,69.0
11065,SYN001582,bv4,2,349.0
11066,SYN001583,bv4,3,349.0
11067,SYN001583,f5,1,99.0
11068,SYN001583,s5,3,199.0
11069,SYN001583,bv1,2,149.0
11070,SYN001583,v3,3,79.0
11071,SYN001583,v2,1,49.0
11072,SYN001583,b2,3,249.0
11073,SYN001583,s4,1,299.0
11074,SYN001583,b1,1,199.0
11075,SYN001584,f1,2,249.0
11076,SYN001584,b3,1,199.0
11077,SYN001584,d4,2,99.0
11078,SYN001584,d2,2,249.0
11079,SYN001584,b2,2,249.0
11080,SYN001584,v5,1,149.0
11081,SYN001584,f2,2,49.0
11082,SYN001584,b5,2,299.0
11083,SYN001585,d4,2,99.0
11084,SYN001585,f5,3,99.0
11085,SYN001585,v2,1,49.0
11086,SYN001585,bv3,3,199.0
11087,SYN001585,s1,1,399.0
11088,SYN001585,f1,3,249.0
11089,SYN001586,f4,2,199.0
11090,SYN001586,b5,1,299.0
11091,SYN001586,f6,2,179.0
11092,SYN001586,b4,2,599.0
11093,SYN001586,d1,3,69.0
11094,SYN001586,d2,3,249.0
11095,SYN001586,bv2,3,249.0
11096,SYN001587,f6,3,179.0
11097,SYN001587,f4,3,199.0
11098,SYN001587,f3,3,149.0
11099,SYN001587,v1,1,89.0
11100,SYN001587,f1,1,249.0
11101,SYN001587,f2,1,49.0
11102,SYN001587,d1,1,69.0
11103,SYN001587,d4,1,99.0
11104,SYN001588,d1,2,69.0
11105,SYN001588,v6,1,29.0
11106,SYN001588,v2,3,49.0
11107,SYN001588,d4,3,99.0
11108,SYN001588,f2,2,49.0
11109,SYN001588,v3,1,79.0
11110,SYN001588,s2,2,249.0
11111,SYN001588,v1,3,89.0
11112,SYN001589,v4,1,39.0
11113,SYN001589,b5,2,299.0
11114,SYN001589,f4,3,199.0
11115,SYN001589,v3,2,79.0
11116,SYN001589,v5,3,149.0
11117,SYN001589,d4,2,99.0
11118,SYN001589,d2,1,249.0
11119,SYN001590,d1,1,69.0
11120,SYN001590,v2,3,49.0
11121,SYN001590,d5,3,249.0
11122,SYN001590,s5,3,199.0
11123,SYN001590,b5,3,299.0
11124,SYN001590,s2,3,249.0
11125,SYN001591,v4,3,39.0
11126,SYN001591,v2,2,49.0
11127,SYN001591,s5,2,199.0
11128,SYN001591,s4,3,299.0
11129,SYN001592,f6,2,179.0
11130,SYN001592,f5,1,99.0
11131,SYN001592,v5,2,149.0
11132,SYN001592,v3,2,79.0
11133,SYN001592,bv1,1,149.0
11134,SYN001592,v2,3,49.0
11135,SYN001593,f1,3,249.0
11136,SYN001593,v4,2,39.0
11137,SYN001593,v5,3,149.0
11138,SYN001593,f6,3,179.0
11139,SYN001593,v6,1,29.0
11140,SYN001594,v2,1,49.0
11141,SYN001594,v3,2,79.0
11142,SYN001594,v6,1,29.0
11143,SYN001594,d3,1,179.0
11144,SYN001594,f5,3,99.0
11145,SYN001594,d4,1,99.0
11146,SYN001594,f3,3,149.0
11147,SYN001595,v2,2,49.0
11148,SYN001595,f6,2,179.0
11149,SYN001595,d4,3,99.0
11150,SYN001595,f3,2,149.0
11151,SYN001595,d1,3,69.0
11152,SYN001595,f4,1,199.0
11153,SYN001595,d2,2,249.0
11154,SYN001595,v1,3,89.0
11155,SYN001596,f6,1,179.0
11156,SYN001596,b5,3,299.0
11157,SYN001596,d1,3,69.0
11158,SYN001596,f5,2,99.0
11159,SYN001596,v4,1,39.0
11160,SYN001596,d4,2,99.0
11161,SYN001597,v5,1,149.0
11162,SYN001597,d2,2,249.0
11163,SYN001597,v6,3,29.0
11164,SYN001597,f1,2,249.0
11165,SYN001597,f3,2,149.0
11166,SYN001597,v4,2,39.0
11167,SYN001597,d5,1,249.0
11168,SYN001598,d5,2,249.0
11169,SYN001598,f1,2,249.0
11170,SYN001598,v4,3,39.0
11171,SYN001598,f5,2,99.0
11172,SYN001598,d3,2,179.0
11173,SYN001598,d4,2,99.0
11174,SYN001598,v6,2,29.0
11175,SYN001599,f5,2,99.0
11176,SYN001599,v6,2,29.0
11177,SYN001599,f2,1,49.0
11178,SYN001599,v3,1,79.0
11179,SYN001600,b4,2,599.0
11180,SYN001600,v5,2,149.0
11181,SYN001600,f3,1,149.0
11182,SYN001600,v6,3,29.0
11183,SYN001600,d2,3,249.0
11184,SYN001600,s3,2,99.0
11185,SYN001600,b3,3,199.0
11186,SYN001601,d3,2,179.0
11187,SYN001601,f2,1,49.0
11188,SYN001601,f6,2,179.0
11189,SYN001601,d4,1,99.0
11190,SYN001601,f3,1,149.0
11191,SYN001601,f4,3,199.0
11192,SYN001602,f5,3,99.0
11193,SYN001602,d2,2,249.0
11194,SYN001602,v2,3,49.0
11195,SYN001602,d3,1,179.0
11196,SYN001603,bv1,2,149.0
11197,SYN001603,v3,3,79.0
11198,SYN001603,s5,2,199.0
11199,SYN001603,d2,3,249.0
11200,SYN001603,d1,2,69.0
11201,SYN001603,f3,3,149.0
11202,SYN001604,v6,1,29.0
11203,SYN001604,v4,2,39.0
11204,SYN001604,f4,1,199.0
11205,SYN001604,b3,1,199.0
11206,SYN001604,f5,2,99.0
11207,SYN001604,s3,1,99.0
11208,SYN001604,v2,1,49.0
11209,SYN001604,d2,1,249.0
11210,SYN001605,d3,3,179.0
11211,SYN001605,s4,1,299.0
11212,SYN001605,f4,1,199.0
11213,SYN001605,d1,2,69.0
11214,SYN001605,d2,2,249.0
11215,SYN001605,d4,1,99.0
11216,SYN001605,v5,2,149.0
11217,SYN001605,v1,1,89.0
11218,SYN001606,d5,2,249.0
11219,SYN001606,d4,3,99.0
11220,SYN001606,d1,2,69.0
11221,SYN001606,v4,1,39.0
11222,SYN001606,f3,2,149.0
11223,SYN001607,f4,1,199.0
11224,SYN001607,v2,2,49.0
11225,SYN001607,d5,3,249.0
11226,SYN001607,d3,1,179.0
11227,SYN001608,d2,3,249.0
11228,SYN001608,d3,1,179.0
11229,SYN001608,f6,3,179.0
11230,SYN001608,d1,1,69.0
11231,SYN001608,s2,1,249.0
11232,SYN001608,v5,3,149.0
11233,SYN001608,v2,1,49.0
11234,SYN001609,v4,1,39.0
11235,SYN001609,v3,3,79.0
11236,SYN001609,b2,3,249.0
11237,SYN001609,v5,1,149.0
11238,SYN001609,d3,3,179.0
11239,SYN001610,v5,1,149.0
11240,SYN001610,bv2,2,249.0
11241,SYN001610,d4,1,99.0
11242,SYN001610,f1,2,249.0
11243,SYN001610,f4,1,199.0
11244,SYN001610,f5,1,99.0
11245,SYN001610,v2,2,49.0
11246,SYN001611,f1,1,249.0
11247,SYN001611,f6,1,179.0
11248,SYN001611,b5,1,299.0
11249,SYN001611,d5,2,249.0
11250,SYN001611,s2,3,249.0
11251,SYN001612,f2,2,49.0
11252,SYN001612,f1,1,249.0
11253,SYN001612,v1,1,89.0
11254,SYN001612,v2,3,49.0
11255,SYN001612,s5,1,199.0
11256,SYN001612,v6,1,29.0
11257,SYN001613,v4,2,39.0
11258,SYN001613,f1,1,249.0
11259,SYN001613,f4,1,199.0
11260,SYN001613,f6,2,179.0
11261,SYN001613,d5,1,249.0
11262,SYN001613,v3,3,79.0
11263,SYN001613,s1,3,399.0
11264,SYN001613,d3,1,179.0
11265,SYN001614,f1,3,249.0
11266,SYN001614,f6,3,179.0
11267,SYN001614,f5,3,99.0
11268,SYN001614,f3,3,149.0
11269,SYN001615,f4,2,199.0
11270,SYN001615,v2,2,49.0
11271,SYN001615,v3,1,79.0
11272,SYN001615,d1,1,69.0
11273,SYN001616,bv2,2,249.0
11274,SYN001616,v2,1,49.0
11275,SYN001616,v6,1,29.0
11276,SYN001616,d4,2,99.0
11277,SYN001616,b3,3,199.0
11278,SYN001617,bv2,2,249.0
11279,SYN001617,s1,3,399.0
11280,SYN001617,f2,2,49.0
11281,SYN001617,b1,1,199.0
11282,SYN001617,f5,2,99.0
11283,SYN001617,f3,2,149.0
11284,SYN001617,s5,3,199.0
11285,SYN001618,d5,3,249.0
11286,SYN001618,f6,1,179.0
11287,SYN001618,v6,1,29.0
11288,SYN001618,v3,2,79.0
11289,SYN001618,v1,1,89.0
11290,SYN001618,d2,2,249.0
11291,SYN001619,f5,1,99.0
11292,SYN001619,d5,1,249.0
11293,SYN001619,v3,1,79.0
11294,SYN001619,f1,3,249.0
11295,SYN001619,f4,1,199.0
11296,SYN001619,f2,1,49.0
11297,SYN001619,v4,1,39.0
11298,SYN001619,v2,3,49.0
11299,SYN001620,v4,2,39.0
11300,SYN001620,v2,1,49.0
11301,SYN001620,f6,2,179.0
11302,SYN001620,f2,3,49.0
11303,SYN001620,v6,1,29.0
11304,SYN001621,d2,1,249.0
11305,SYN001621,v6,2,29.0
11306,SYN001621,d3,1,179.0
11307,SYN001621,f3,2,149.0
11308,SYN001622,v1,1,89.0
11309,SYN001622,d4,1,99.0
11310,SYN001622,f2,2,49.0
11311,SYN001622,v2,2,49.0
11312,SYN001622,d3,2,179.0
11313,SYN001622,b1,3,199.0
11314,SYN001622,f5,3,99.0
11315,SYN001623,f6,1,179.0
11316,SYN001623,v4,3,39.0
11317,SYN001623,f3,3,149.0
11318,SYN001623,f4,3,199.0
11319,SYN001623,d2,1,249.0
11320,SYN001624,bv2,2,249.0
11321,SYN001624,v6,3,29.0
11322,SYN001624,d5,3,249.0
11323,SYN001624,f4,3,199.0
11324,SYN001624,v1,3,89.0
11325,SYN001624,d2,1,249.0
11326,SYN001624,d4,1,99.0
11327,SYN001624,d1,2,69.0
11328,SYN001625,d5,3,249.0
11329,SYN001625,f6,2,179.0
11330,SYN001625,v5,1,149.0
11331,SYN001625,f1,1,249.0
11332,SYN001625,f3,1,149.0
11333,SYN001625,d4,1,99.0
11334,SYN001625,f5,2,99.0
11335,SYN001625,bv1,3,149.0
11336,SYN001626,v1,1,89.0
11337,SYN001626,v3,3,79.0
11338,SYN001626,f4,1,199.0
11339,SYN001626,b1,1,199.0
11340,SYN001626,f5,2,99.0
11341,SYN001626,d3,3,179.0
11342,SYN001627,d2,2,249.0
11343,SYN001627,d4,1,99.0
11344,SYN001627,f1,1,249.0
11345,SYN001627,v6,2,29.0
11346,SYN001628,d1,1,69.0
11347,SYN001628,f3,2,149.0
11348,SYN001628,bv3,2,199.0
11349,SYN001628,s3,3,99.0
11350,SYN001628,f5,3,99.0
11351,SYN001628,s1,3,399.0
11352,SYN001628,f1,1,249.0
11353,SYN001628,v2,1,49.0
11354,SYN001629,d3,2,179.0
11355,SYN001629,f1,3,249.0
11356,SYN001629,v1,1,89.0
11357,SYN001629,v6,1,29.0
11358,SYN001629,s2,1,249.0
11359,SYN001629,bv2,3,249.0
11360,SYN001629,f6,1,179.0
11361,SYN001630,d3,1,179.0
11362,SYN001630,v4,2,39.0
11363,SYN001630,v6,2,29.0
11364,SYN001630,d1,3,69.0
11365,SYN001631,v4,3,39.0
11366,SYN001631,s4,1,299.0
11367,SYN001631,v1,3,89.0
11368,SYN001631,d1,3,69.0
11369,SYN001631,f6,3,179.0
11370,SYN001631,v5,2,149.0
11371,SYN001631,bv2,1,249.0
11372,SYN001632,d3,1,179.0
11373,SYN001632,d2,1,249.0
11374,SYN001632,bv3,3,199.0
11375,SYN001632,v2,2,49.0
11376,SYN001632,b1,2,199.0
11377,SYN001632,v6,3,29.0
11378,SYN001632,v1,1,89.0
11379,SYN001633,s1,2,399.0
11380,SYN001633,v4,2,39.0
11381,SYN001633,f3,3,149.0
11382,SYN001633,d3,1,179.0
11383,SYN001633,f6,1,179.0
11384,SYN001633,d5,2,249.0
11385,SYN001633,b2,3,249.0
11386,SYN001633,bv2,1,249.0
11387,SYN001634,f4,2,199.0
11388,SYN001634,v4,1,39.0
11389,SYN001634,d1,3,69.0
11390,SYN001634,d4,3,99.0
11391,SYN001635,v1,3,89.0
11392,SYN001635,bv3,2,199.0
11393,SYN001635,d2,3,249.0
11394,SYN001635,v3,1,79.0
11395,SYN001635,f5,2,99.0
11396,SYN001635,d4,3,99.0
11397,SYN001636,v6,3,29.0
11398,SYN001636,f3,3,149.0
11399,SYN001636,v1,2,89.0
11400,SYN001636,s4,1,299.0
11401,SYN001636,d1,3,69.0
11402,SYN001636,v5,2,149.0
11403,SYN001636,bv2,2,249.0
11404,SYN001636,f2,3,49.0
11405,SYN001637,v6,2,29.0
11406,SYN001637,f3,2,149.0
11407,SYN001637,d4,2,99.0
11408,SYN001637,f2,1,49.0
11409,SYN001637,s4,1,299.0
11410,SYN001637,f1,2,249.0
11411,SYN001637,v3,3,79.0
11412,SYN001637,d1,1,69.0
11413,SYN001638,f6,1,179.0
11414,SYN001638,d2,2,249.0
11415,SYN001638,f5,2,99.0
11416,SYN001638,v1,2,89.0
11417,SYN001638,s2,2,249.0
11418,SYN001638,v6,2,29.0
11419,SYN001639,v3,3,79.0
11420,SYN001639,d1,2,69.0
11421,SYN001639,d5,2,249.0
11422,SYN001639,d3,3,179.0
11423,SYN001639,f4,2,199.0
11424,SYN001639,bv4,3,349.0
11425,SYN001640,d2,3,249.0
11426,SYN001640,f4,2,199.0
11427,SYN001640,f3,3,149.0
11428,SYN001640,d5,3,249.0
11429,SYN001640,f2,1,49.0
11430,SYN001640,bv2,2,249.0
11431,SYN001640,d3,2,179.0
11432,SYN001640,d1,2,69.0
11433,SYN001641,v1,3,89.0
11434,SYN001641,s3,1,99.0
11435,SYN001641,f5,1,99.0
11436,SYN001641,v6,3,29.0
11437,SYN001641,f3,2,149.0
11438,SYN001641,f2,2,49.0
11439,SYN001642,d2,2,249.0
11440,SYN001642,f3,2,149.0
11441,SYN001642,f4,1,199.0
11442,SYN001642,b1,2,199.0
11443,SYN001642,f2,1,49.0
11444,SYN001642,d5,1,249.0
11445,SYN001642,v4,1,39.0
11446,SYN001643,v2,2,49.0
11447,SYN001643,d2,2,249.0
11448,SYN001643,f4,2,199.0
11449,SYN001643,d3,1,179.0
11450,SYN001643,f5,3,99.0
11451,SYN001643,v3,3,79.0
11452,SYN001643,d4,3,99.0
11453,SYN001644,v3,2,79.0
11454,SYN001644,v6,3,29.0
11455,SYN001644,f1,1,249.0
11456,SYN001644,f4,2,199.0
11457,SYN001644,d5,2,249.0
11458,SYN001644,v2,1,49.0
11459,SYN001644,d2,1,249.0
11460,SYN001645,d2,1,249.0
11461,SYN001645,f3,1,149.0
11462,SYN001645,b2,3,249.0
11463,SYN001645,v3,3,79.0
11464,SYN001646,b4,2,599.0
11465,SYN001646,d5,2,249.0
11466,SYN001646,v2,3,49.0
11467,SYN001646,v1,3,89.0
11468,SYN001646,d3,1,179.0
11469,SYN001647,f5,2,99.0
11470,SYN001647,v4,2,39.0
11471,SYN001647,d2,2,249.0
11472,SYN001647,v5,1,149.0
11473,SYN001647,f3,1,149.0
11474,SYN001648,d2,3,249.0
11475,SYN001648,v2,3,49.0
11476,SYN001648,v1,2,89.0
11477,SYN001648,f4,3,199.0
11478,SYN001648,v5,2,149.0
11479,SYN001648,d1,3,69.0
11480,SYN001648,v6,2,29.0
11481,SYN001649,f5,1,99.0
11482,SYN001649,d1,2,69.0
11483,SYN001649,f6,1,179.0
11484,SYN001649,v4,2,39.0
11485,SYN001649,b5,2,299.0
11486,SYN001649,v5,1,149.0
11487,SYN001649,s2,1,249.0
11488,SYN001650,s1,2,399.0
11489,SYN001650,v6,1,29.0
11490,SYN001650,d3,2,179.0
11491,SYN001650,f4,3,199.0
11492,SYN001651,f4,1,199.0
11493,SYN001651,f5,3,99.0
11494,SYN001651,f6,2,179.0
11495,SYN001651,d3,1,179.0
11496,SYN001651,v2,1,49.0
11497,SYN001651,d5,1,249.0
11498,SYN001651,b4,2,599.0
11499,SYN001651,v3,1,79.0
11500,SYN001652,v1,3,89.0
11501,SYN001652,v3,3,79.0
11502,SYN001652,s1,2,399.0
11503,SYN001652,v4,3,39.0
11504,SYN001652,d5,1,249.0
11505,SYN001653,d4,3,99.0
11506,SYN001653,v6,1,29.0
11507,SYN001653,f2,2,49.0
11508,SYN001653,bv3,3,199.0
11509,SYN001653,f5,2,99.0
11510,SYN001654,v1,2,89.0
11511,SYN001654,f4,1,199.0
11512,SYN001654,v5,2,149.0
11513,SYN001654,f1,2,249.0
11514,SYN001654,f3,3,149.0
11515,SYN001654,d2,2,249.0
11516,SYN001655,d5,3,249.0
11517,SYN001655,v1,3,89.0
11518,SYN001655,f3,3,149.0
11519,SYN001655,bv3,1,199.0
11520,SYN001656,f3,1,149.0
11521,SYN001656,v6,3,29.0
11522,SYN001656,f2,2,49.0
11523,SYN001656,d3,2,179.0
11524,SYN001656,v4,3,39.0
11525,SYN001657,v1,1,89.0
11526,SYN001657,f5,1,99.0
11527,SYN001657,f2,3,49.0
11528,SYN001657,f3,3,149.0
11529,SYN001658,b2,2,249.0
11530,SYN001658,v4,2,39.0
11531,SYN001658,bv2,3,249.0
11532,SYN001658,d5,3,249.0
11533,SYN001658,v1,2,89.0
11534,SYN001659,v1,1,89.0
11535,SYN001659,f4,2,199.0
11536,SYN001659,f5,3,99.0
11537,SYN001659,v4,2,39.0
11538,SYN001659,bv4,1,349.0
11539,SYN001660,bv3,2,199.0
11540,SYN001660,d1,3,69.0
11541,SYN001660,b3,2,199.0
11542,SYN001660,b5,1,299.0
11543,SYN001660,v3,2,79.0
11544,SYN001660,d2,1,249.0
11545,SYN001660,b4,1,599.0
11546,SYN001660,v6,2,29.0
11547,SYN001661,d2,2,249.0
11548,SYN001661,v1,3,89.0
11549,SYN001661,bv2,3,249.0
11550,SYN001661,f2,2,49.0
11551,SYN001661,f3,1,149.0
11552,SYN001661,f4,1,199.0
11553,SYN001661,s1,1,399.0
11554,SYN001661,bv4,1,349.0
11555,SYN001662,f5,3,99.0
11556,SYN001662,bv3,1,199.0
11557,SYN001662,v3,3,79.0
11558,SYN001662,d5,1,249.0
11559,SYN001662,v5,2,149.0
11560,SYN001662,d1,3,69.0
11561,SYN001663,d5,1,249.0
11562,SYN001663,v2,3,49.0
11563,SYN001663,bv1,2,149.0
11564,SYN001663,v1,1,89.0
11565,SYN001663,bv2,3,249.0
11566,SYN001663,s2,2,249.0
11567,SYN001663,f3,2,149.0
11568,SYN001663,s3,3,99.0
11569,SYN001664,s4,1,299.0
11570,SYN001664,v2,2,49.0
11571,SYN001664,d4,2,99.0
11572,SYN001664,f2,3,49.0
11573,SYN001664,v1,3,89.0
11574,SYN001664,d2,3,249.0
11575,SYN001664,f6,1,179.0
11576,SYN001665,v1,1,89.0
11577,SYN001665,f6,1,179.0
11578,SYN001665,f1,2,249.0
11579,SYN001665,f5,3,99.0
11580,SYN001665,v5,3,149.0
11581,SYN001665,v3,2,79.0
11582,SYN001666,d3,2,179.0
11583,SYN001666,d4,1,99.0
11584,SYN001666,v6,2,29.0
11585,SYN001666,s2,3,249.0
11586,SYN001666,d2,2,249.0
11587,SYN001666,v2,3,49.0
11588,SYN001666,d1,2,69.0
11589,SYN001667,f5,3,99.0
11590,SYN001667,v1,2,89.0
11591,SYN001667,f1,1,249.0
11592,SYN001667,d1,2,69.0
11593,SYN001667,b2,3,249.0
11594,SYN001667,f2,2,49.0
11595,SYN001667,b1,1,199.0
11596,SYN001667,v5,3,149.0
11597,SYN001668,v6,2,29.0
11598,SYN001668,f1,2,249.0
11599,SYN001668,f5,2,99.0
11600,SYN001668,f6,2,179.0
11601,SYN001669,v2,1,49.0
11602,SYN001669,f6,2,179.0
11603,SYN001669,d4,3,99.0
11604,SYN001669,f1,3,249.0
11605,SYN001669,v4,1,39.0
11606,SYN001669,v3,3,79.0
11607,SYN001669,v1,1,89.0
11608,SYN001670,d3,3,179.0
11609,SYN001670,d4,2,99.0
11610,SYN001670,f5,1,99.0
11611,SYN001670,v4,3,39.0
11612,SYN001671,v4,1,39.0
11613,SYN001671,v2,2,49.0
11614,SYN001671,d1,1,69.0
11615,SYN001671,s1,3,399.0
11616,SYN001671,f1,1,249.0
11617,SYN001671,d5,1,249.0
11618,SYN001671,f4,3,199.0
11619,SYN001672,bv2,1,249.0
11620,SYN001672,v1,1,89.0
11621,SYN001672,f1,1,249.0
11622,SYN001672,d2,3,249.0
11623,SYN001673,s2,2,249.0
11624,SYN001673,f5,1,99.0
11625,SYN001673,f3,2,149.0
11626,SYN001673,v1,2,89.0
11627,SYN001673,b4,1,599.0
11628,SYN001673,f6,3,179.0
11629,SYN001674,f2,3,49.0
11630,SYN001674,d1,2,69.0
11631,SYN001674,d2,1,249.0
11632,SYN001674,d4,3,99.0
11633,SYN001675,d2,3,249.0
11634,SYN001675,f6,1,179.0
11635,SYN001675,f1,3,249.0
11636,SYN001675,v6,1,29.0
11637,SYN001675,v4,1,39.0
11638,SYN001675,v1,1,89.0
11639,SYN001675,d5,1,249.0
11640,SYN001676,d5,2,249.0
11641,SYN001676,bv4,2,349.0
11642,SYN001676,f2,2,49.0
11643,SYN001676,d4,2,99.0
11644,SYN001676,v4,1,39.0
11645,SYN001676,f1,3,249.0
11646,SYN001676,v5,3,149.0
11647,SYN001677,f2,1,49.0
11648,SYN001677,v2,1,49.0
11649,SYN001677,d3,2,179.0
11650,SYN001677,f3,1,149.0
11651,SYN001677,f1,1,249.0
11652,SYN001677,d5,2,249.0
11653,SYN001677,d2,3,249.0
11654,SYN001678,f3,1,149.0
11655,SYN001678,d2,1,249.0
11656,SYN001678,v2,3,49.0
11657,SYN001678,v6,1,29.0
11658,SYN001678,d4,3,99.0
11659,SYN001678,s4,1,299.0
11660,SYN001679,d5,1,249.0
11661,SYN001679,f1,2,249.0
11662,SYN001679,f6,1,179.0
11663,SYN001679,f4,1,199.0
11664,SYN001679,s1,3,399.0
11665,SYN001679,d4,3,99.0
11666,SYN001679,d1,2,69.0
11667,SYN001679,v5,3,149.0
11668,SYN001680,f1,3,249.0
11669,SYN001680,d2,3,249.0
11670,SYN001680,d5,2,249.0
11671,SYN001680,d1,2,69.0
11672,SYN001680,f4,1,199.0
11673,SYN001680,f2,3,49.0
11674,SYN001680,v3,2,79.0
11675,SYN001681,d3,2,179.0
11676,SYN001681,f2,3,49.0
11677,SYN001681,f5,3,99.0
11678,SYN001681,f4,2,199.0
11679,SYN001681,v4,2,39.0
11680,SYN001681,d2,1,249.0
11681,SYN001682,v1,3,89.0
11682,SYN001682,v6,3,29.0
11683,SYN001682,f2,3,49.0
11684,SYN001682,v2,3,49.0
11685,SYN001682,d2,2,249.0
11686,SYN001682,v5,3,149.0
11687,SYN001683,bv4,2,349.0
11688,SYN001683,d5,3,249.0
11689,SYN001683,d4,1,99.0
11690,SYN001683,d1,3,69.0
11691,SYN001683,v5,1,149.0
11692,SYN001684,f5,2,99.0
11693,SYN001684,d5,3,249.0
11694,SYN001684,d2,1,249.0
11695,SYN001684,v3,1,79.0
11696,SYN001684,d1,3,69.0
11697,SYN001684,s1,1,399.0
11698,SYN001684,v5,3,149.0
11699,SYN001685,f5,2,99.0
11700,SYN001685,d3,3,179.0
11701,SYN001685,bv1,2,149.0
11702,SYN001685,v2,3,49.0
11703,SYN001685,d4,1,99.0
11704,SYN001685,d2,3,249.0
11705,SYN001685,f3,1,149.0
11706,SYN001686,f3,1,149.0
11707,SYN001686,d5,2,249.0
11708,SYN001686,d4,3,99.0
11709,SYN001686,b2,2,249.0
11710,SYN001686,f4,3,199.0
11711,SYN001686,d2,1,249.0
11712,SYN001687,v2,3,49.0
11713,SYN001687,f2,1,49.0
11714,SYN001687,d5,2,249.0
11715,SYN001687,bv2,1,249.0
11716,SYN001687,f4,1,199.0
11717,SYN001688,v4,1,39.0
11718,SYN001688,v5,1,149.0
11719,SYN001688,f1,1,249.0
11720,SYN001688,s4,2,299.0
11721,SYN001688,f5,1,99.0
11722,SYN001689,d1,1,69.0
11723,SYN001689,d2,3,249.0
11724,SYN001689,d5,2,249.0
11725,SYN001689,v2,2,49.0
11726,SYN001690,v1,2,89.0
11727,SYN001690,d1,3,69.0
11728,SYN001690,v2,3,49.0
11729,SYN001690,v6,1,29.0
11730,SYN001690,d2,1,249.0
11731,SYN001690,f2,2,49.0
11732,SYN001690,f6,3,179.0
11733,SYN001690,d4,1,99.0
11734,SYN001691,v3,1,79.0
11735,SYN001691,v5,2,149.0
11736,SYN001691,bv1,1,149.0
11737,SYN001691,d4,1,99.0
11738,SYN001692,f3,2,149.0
11739,SYN001692,d5,3,249.0
11740,SYN001692,f6,3,179.0
11741,SYN001692,v3,2,79.0
11742,SYN001693,f2,3,49.0
11743,SYN001693,f4,3,199.0
11744,SYN001693,d4,2,99.0
11745,SYN001693,v6,2,29.0
11746,SYN001693,v5,1,149.0
11747,SYN001694,bv1,2,149.0
11748,SYN001694,v2,2,49.0
11749,SYN001694,v6,2,29.0
11750,SYN001694,f3,2,149.0
11751,SYN001695,f2,1,49.0
11752,SYN001695,d5,2,249.0
11753,SYN001695,d2,2,249.0
11754,SYN001695,v4,2,39.0
11755,SYN001695,f5,1,99.0
11756,SYN001695,v2,2,49.0
11757,SYN001695,v6,1,29.0
11758,SYN001695,f4,2,199.0
11759,SYN001696,v3,1,79.0
11760,SYN001696,s5,1,199.0
11761,SYN001696,f1,3,249.0
11762,SYN001696,d3,2,179.0
11763,SYN001696,f6,2,179.0
11764,SYN001697,b4,3,599.0
11765,SYN001697,f3,2,149.0
11766,SYN001697,f2,1,49.0
11767,SYN001697,v5,3,149.0
11768,SYN001697,b3,3,199.0
11769,SYN001697,f1,3,249.0
11770,SYN001697,d1,3,69.0
11771,SYN001698,v3,1,79.0
11772,SYN001698,v5,3,149.0
11773,SYN001698,v4,2,39.0
11774,SYN001698,f6,3,179.0
11775,SYN001698,v6,1,29.0
11776,SYN001698,d5,3,249.0
11777,SYN001698,d3,2,179.0
11778,SYN001699,f6,1,179.0
11779,SYN001699,f3,3,149.0
11780,SYN001699,f1,2,249.0
11781,SYN001699,s5,3,199.0
11782,SYN001699,v1,2,89.0
11783,SYN001699,v6,1,29.0
11784,SYN001699,f5,1,99.0
11785,SYN001699,d5,2,249.0
11786,SYN001700,d1,2,69.0
11787,SYN001700,v4,1,39.0
11788,SYN001700,f4,1,199.0
11789,SYN001700,d2,2,249.0
11790,SYN001701,v6,3,29.0
11791,SYN001701,f2,3,49.0
11792,SYN001701,bv1,3,149.0
11793,SYN001701,b4,2,599.0
11794,SYN001702,f6,3,179.0
11795,SYN001702,d1,3,69.0
11796,SYN001702,bv3,3,199.0
11797,SYN001702,d5,1,249.0
11798,SYN001702,f4,2,199.0
11799,SYN001702,v1,3,89.0
11800,SYN001702,v3,2,79.0
11801,SYN001702,d4,3,99.0
11802,SYN001703,v5,3,149.0
11803,SYN001703,v6,2,29.0
11804,SYN001703,v3,2,79.0
11805,SYN001703,d5,2,249.0
11806,SYN001703,v4,2,39.0
11807,SYN001703,f5,2,99.0
11808,SYN001703,f3,3,149.0
11809,SYN001703,b2,1,249.0
11810,SYN001704,s5,1,199.0
11811,SYN001704,v1,2,89.0
11812,SYN001704,v6,2,29.0
11813,SYN001704,s1,1,399.0
11814,SYN001704,v3,3,79.0
11815,SYN001705,v1,3,89.0
11816,SYN001705,s2,3,249.0
11817,SYN001705,v4,3,39.0
11818,SYN001705,s1,2,399.0
11819,SYN001705,s3,2,99.0
11820,SYN001705,d3,2,179.0
11821,SYN001706,s1,1,399.0
11822,SYN001706,v1,1,89.0
11823,SYN001706,v2,3,49.0
11824,SYN001706,s2,2,249.0
11825,SYN001707,s2,2,249.0
11826,SYN001707,d3,1,179.0
11827,SYN001707,s5,1,199.0
11828,SYN001707,v3,2,79.0
11829,SYN001707,bv2,3,249.0
11830,SYN001707,v2,2,49.0
11831,SYN001708,v6,1,29.0
11832,SYN001708,v1,2,89.0
11833,SYN001708,f6,1,179.0
11834,SYN001708,s2,1,249.0
11835,SYN001708,d2,3,249.0
11836,SYN001709,s2,1,249.0
11837,SYN001709,s1,2,399.0
11838,SYN001709,d4,3,99.0
11839,SYN001709,v6,1,29.0
11840,SYN001709,d5,2,249.0
11841,SYN001709,v2,3,49.0
11842,SYN001710,d4,2,99.0
11843,SYN001710,v4,2,39.0
11844,SYN001710,s4,2,299.0
11845,SYN001710,v5,2,149.0
11846,SYN001711,s4,1,299.0
11847,SYN001711,d3,3,179.0
11848,SYN001711,v4,3,39.0
11849,SYN001712,v6,2,29.0
11850,SYN001712,b3,3,199.0
11851,SYN001712,v1,3,89.0
11852,SYN001713,s5,2,199.0
11853,SYN001713,d5,2,249.0
11854,SYN001713,v3,2,79.0
11855,SYN001714,d4,1,99.0
11856,SYN001714,s1,1,399.0
11857,SYN001714,v1,1,89.0
11858,SYN001714,s5,1,199.0
11859,SYN001714,b4,2,599.0
11860,SYN001714,d5,2,249.0
11861,SYN001715,bv1,2,149.0
11862,SYN001715,v3,2,79.0
11863,SYN001715,f5,3,99.0
11864,SYN001715,v5,1,149.0
11865,SYN001715,s5,3,199.0
11866,SYN001716,b4,3,599.0
11867,SYN001716,s5,2,199.0
11868,SYN001716,s3,3,99.0
11869,SYN001716,s2,1,249.0
11870,SYN001717,d2,1,249.0
11871,SYN001717,v1,1,89.0
11872,SYN001717,d1,3,69.0
11873,SYN001717,b1,1,199.0
11874,SYN001717,d3,3,179.0
11875,SYN001718,v3,2,79.0
11876,SYN001718,v5,2,149.0
11877,SYN001718,v4,1,39.0
11878,SYN001718,b4,1,599.0
11879,SYN001718,s5,3,199.0
11880,SYN001718,v6,3,29.0
11881,SYN001719,v2,1,49.0
11882,SYN001719,d3,3,179.0
11883,SYN001719,s1,2,399.0
11884,SYN001719,d5,2,249.0
11885,SYN001719,s5,2,199.0
11886,SYN001719,v3,3,79.0
11887,SYN001720,v5,1,149.0
11888,SYN001720,d3,2,179.0
11889,SYN001720,v6,1,29.0
11890,SYN001720,v1,3,89.0
11891,SYN001720,d4,3,99.0
11892,SYN001721,d4,1,99.0
11893,SYN001721,d1,1,69.0
11894,SYN001721,s4,3,299.0
11895,SYN001721,b2,2,249.0
11896,SYN001721,bv1,3,149.0
11897,SYN001722,v3,2,79.0
11898,SYN001722,v4,3,39.0
11899,SYN001722,s3,3,99.0
11900,SYN001722,b4,1,599.0
11901,SYN001722,d4,3,99.0
11902,SYN001723,d3,3,179.0
11903,SYN001723,s5,1,199.0
11904,SYN001723,s2,2,249.0
11905,SYN001723,v3,1,79.0
11906,SYN001723,v1,2,89.0
11907,SYN001724,b4,2,599.0
11908,SYN001724,b1,1,199.0
11909,SYN001724,b2,1,249.0
11910,SYN001725,v4,2,39.0
11911,SYN001725,b5,3,299.0
11912,SYN001725,f6,2,179.0
11913,SYN001725,f2,2,49.0
11914,SYN001726,s1,2,399.0
11915,SYN001726,v1,1,89.0
11916,SYN001726,d2,3,249.0
11917,SYN001726,s5,2,199.0
11918,SYN001727,b3,3,199.0
11919,SYN001727,s4,3,299.0
11920,SYN001727,d3,2,179.0
11921,SYN001728,v2,1,49.0
11922,SYN001728,v5,1,149.0
11923,SYN001728,d3,3,179.0
11924,SYN001728,v3,3,79.0
11925,SYN001729,s5,1,199.0
11926,SYN001729,d5,2,249.0
11927,SYN001729,d4,2,99.0
11928,SYN001729,s3,2,99.0
11929,SYN001730,v2,3,49.0
11930,SYN001730,d2,3,249.0
11931,SYN001730,v5,3,149.0
11932,SYN001731,v2,3,49.0
11933,SYN001731,s4,2,299.0
11934,SYN001731,d5,1,249.0
11935,SYN001731,d4,2,99.0
11936,SYN001731,s5,3,199.0
11937,SYN001732,v2,1,49.0
11938,SYN001732,s5,1,199.0
11939,SYN001732,v1,1,89.0
11940,SYN001733,s4,2,299.0
11941,SYN001733,d3,3,179.0
11942,SYN001733,v5,3,149.0
11943,SYN001733,v4,2,39.0
11944,SYN001733,d4,1,99.0
11945,SYN001733,d1,2,69.0
11946,SYN001734,s1,2,399.0
11947,SYN001734,d1,2,69.0
11948,SYN001734,v4,2,39.0
11949,SYN001734,d5,3,249.0
11950,SYN001734,bv2,2,249.0
11951,SYN001735,bv1,2,149.0
11952,SYN001735,s2,3,249.0
11953,SYN001735,d2,1,249.0
11954,SYN001735,f1,2,249.0
11955,SYN001735,v1,1,89.0
11956,SYN001736,v1,2,89.0
11957,SYN001736,v3,3,79.0
11958,SYN001736,d3,3,179.0
11959,SYN001736,d4,3,99.0
11960,SYN001736,v5,1,149.0
11961,SYN001737,v4,1,39.0
11962,SYN001737,v5,3,149.0
11963,SYN001737,v2,2,49.0
11964,SYN001738,d3,1,179.0
11965,SYN001738,v6,3,29.0
11966,SYN001738,s5,2,199.0
11967,SYN001738,v4,2,39.0
11968,SYN001739,d1,3,69.0
11969,SYN001739,d3,2,179.0
11970,SYN001739,s5,1,199.0
11971,SYN001740,v1,1,89.0
11972,SYN001740,v3,3,79.0
11973,SYN001740,s3,1,99.0
11974,SYN001740,s5,2,199.0
11975,SYN001741,s3,2,99.0
11976,SYN001741,d4,1,99.0
11977,SYN001741,d3,3,179.0
11978,SYN001741,v4,2,39.0
11979,SYN001741,v5,1,149.0
11980,SYN001741,d1,3,69.0
11981,SYN001742,d4,1,99.0
11982,SYN001742,v6,1,29.0
11983,SYN001742,d2,3,249.0
11984,SYN001742,s4,2,299.0
11985,SYN001743,d3,1,179.0
11986,SYN001743,s4,1,299.0
11987,SYN001743,v3,3,79.0
11988,SYN001744,f6,1,179.0
11989,SYN001744,bv3,1,199.0
11990,SYN001744,v3,1,79.0
11991,SYN001744,d3,1,179.0
11992,SYN001745,v4,2,39.0
11993,SYN001745,f6,2,179.0
11994,SYN001745,s5,2,199.0
11995,SYN001745,d1,3,69.0
11996,SYN001746,v6,3,29.0
11997,SYN001746,s1,1,399.0
11998,SYN001746,v1,1,89.0
11999,SYN001746,s2,3,249.0
12000,SYN001746,s5,3,199.0
12001,SYN001747,d2,3,249.0
12002,SYN001747,bv4,2,349.0
12003,SYN001747,v4,1,39.0
12004,SYN001747,v3,2,79.0
12005,SYN001747,s3,2,99.0
12006,SYN001748,v3,3,79.0
12007,SYN001748,d2,1,249.0
12008,SYN001748,d3,3,179.0
12009,SYN001749,v6,3,29.0
12010,SYN001749,d5,2,249.0
12011,SYN001749,v4,3,39.0
12012,SYN001750,s2,2,249.0
12013,SYN001750,s4,2,299.0
12014,SYN001750,d5,2,249.0
12015,SYN001751,s1,2,399.0
12016,SYN001751,b3,1,199.0
12017,SYN001751,s2,2,249.0
12018,SYN001751,v1,3,89.0
12019,SYN001751,d5,2,249.0
12020,SYN001752,d5,3,249.0
12021,SYN001752,v1,2,89.0
12022,SYN001752,b4,3,599.0
12023,SYN001752,d3,2,179.0
12024,SYN001752,v4,2,39.0
12025,SYN001752,v3,3,79.0
12026,SYN001753,b3,3,199.0
12027,SYN001753,d3,1,179.0
12028,SYN001753,v2,1,49.0
12029,SYN001753,s4,3,299.0
12030,SYN001753,f3,2,149.0
12031,SYN001753,d2,3,249.0
12032,SYN001754,v6,1,29.0
12033,SYN001754,d5,2,249.0
12034,SYN001754,d3,2,179.0
12035,SYN001754,v2,3,49.0
12036,SYN001754,s2,2,249.0
12037,SYN001754,v4,2,39.0
12038,SYN001755,f6,3,179.0
12039,SYN001755,v2,2,49.0
12040,SYN001755,d2,1,249.0
12041,SYN001755,d5,1,249.0
12042,SYN001755,s4,3,299.0
12043,SYN001755,d4,2,99.0
12044,SYN001756,d5,3,249.0
12045,SYN001756,v4,1,39.0
12046,SYN001756,d2,1,249.0
12047,SYN001756,d4,2,99.0
12048,SYN001756,f1,3,249.0
12049,SYN001756,v1,2,89.0
12050,SYN001757,s3,3,99.0
12051,SYN001757,v4,1,39.0
12052,SYN001757,s5,2,199.0
12053,SYN001757,s1,3,399.0
12054,SYN001757,bv2,1,249.0
12055,SYN001757,d1,3,69.0
12056,SYN001758,f4,2,199.0
12057,SYN001758,s5,3,199.0
12058,SYN001758,s3,2,99.0
12059,SYN001758,d2,2,249.0
12060,SYN001759,b2,3,249.0
12061,SYN001759,s5,3,199.0
12062,SYN001759,v2,1,49.0
12063,SYN001759,s1,3,399.0
12064,SYN001759,s2,3,249.0
12065,SYN001760,v3,3,79.0
12066,SYN001760,s5,2,199.0
12067,SYN001760,s2,3,249.0
12068,SYN001760,s3,2,99.0
12069,SYN001761,s3,2,99.0
12070,SYN001761,d4,3,99.0
12071,SYN001761,d1,3,69.0
12072,SYN001762,v5,1,149.0
12073,SYN001762,v1,1,89.0
12074,SYN001762,f4,3,199.0
12075,SYN001762,v3,1,79.0
12076,SYN001763,s1,2,399.0
12077,SYN001763,bv2,2,249.0
12078,SYN001763,v1,3,89.0
12079,SYN001763,d4,2,99.0
12080,SYN001763,d1,1,69.0
12081,SYN001763,s4,2,299.0
12082,SYN001764,v2,1,49.0
12083,SYN001764,bv3,1,199.0
12084,SYN001764,bv2,3,249.0
12085,SYN001764,s1,1,399.0
12086,SYN001764,d2,1,249.0
12087,SYN001764,d4,3,99.0
12088,SYN001765,d1,2,69.0
12089,SYN001765,v1,2,89.0
12090,SYN001765,d3,1,179.0
12091,SYN001766,s5,1,199.0
12092,SYN001766,v5,1,149.0
12093,SYN001766,s1,3,399.0
12094,SYN001766,f5,2,99.0
12095,SYN001766,d4,2,99.0
12096,SYN001766,s3,1,99.0
12097,SYN001767,s1,3,399.0
12098,SYN001767,b1,1,199.0
12099,SYN001767,f4,1,199.0
12100,SYN001767,d1,1,69.0
12101,SYN001767,s5,3,199.0
12102,SYN001768,v2,1,49.0
12103,SYN001768,v4,2,39.0
12104,SYN001768,d2,1,249.0
12105,SYN001768,s1,2,399.0
12106,SYN001768,bv3,2,199.0
12107,SYN001769,d3,3,179.0
12108,SYN001769,v1,1,89.0
12109,SYN001769,v6,1,29.0
12110,SYN001769,v2,1,49.0
12111,SYN001769,d5,1,249.0
12112,SYN001770,s5,2,199.0
12113,SYN001770,v4,1,39.0
12114,SYN001770,d3,2,179.0
12115,SYN001770,v6,2,29.0
12116,SYN001770,d2,1,249.0
12117,SYN001770,s1,1,399.0
12118,SYN001771,v6,2,29.0
12119,SYN001771,b1,2,199.0
12120,SYN001771,v1,2,89.0
12121,SYN001771,v5,1,149.0
12122,SYN001771,d1,3,69.0
12123,SYN001772,s5,3,199.0
12124,SYN001772,s1,1,399.0
12125,SYN001772,b5,1,299.0
12126,SYN001772,d3,1,179.0
12127,SYN001772,d1,1,69.0
12128,SYN001773,s1,1,399.0
12129,SYN001773,d3,2,179.0
12130,SYN001773,s4,3,299.0
12131,SYN001774,d1,2,69.0
12132,SYN001774,v5,3,149.0
12133,SYN001774,s2,1,249.0
12134,SYN001774,s3,2,99.0
12135,SYN001775,f5,1,99.0
12136,SYN001775,s5,3,199.0
12137,SYN001775,v5,2,149.0
12138,SYN001775,b2,3,249.0
12139,SYN001776,s2,2,249.0
12140,SYN001776,s4,3,299.0
12141,SYN001776,f5,1,99.0
12142,SYN001776,d4,2,99.0
12143,SYN001776,v4,2,39.0
12144,SYN001777,s4,2,299.0
12145,SYN001777,s5,1,199.0
12146,SYN001777,v3,1,79.0
12147,SYN001778,bv3,3,199.0
12148,SYN001778,d5,2,249.0
12149,SYN001778,d3,1,179.0
12150,SYN001778,d1,1,69.0
12151,SYN001778,v3,1,79.0
12152,SYN001778,s1,1,399.0
12153,SYN001779,s4,1,299.0
12154,SYN001779,d3,2,179.0
12155,SYN001779,f6,2,179.0
12156,SYN001779,s3,3,99.0
12157,SYN001779,v5,3,149.0
12158,SYN001779,v2,2,49.0
12159,SYN001780,f6,1,179.0
12160,SYN001780,v5,2,149.0
12161,SYN001780,v3,2,79.0
12162,SYN001780,b3,3,199.0
12163,SYN001781,s1,3,399.0
12164,SYN001781,f5,1,99.0
12165,SYN001781,d3,2,179.0
12166,SYN001781,s2,1,249.0
12167,SYN001781,v1,2,89.0
12168,SYN001782,f4,3,199.0
12169,SYN001782,d2,1,249.0
12170,SYN001782,f5,1,99.0
12171,SYN001783,s5,1,199.0
12172,SYN001783,v5,3,149.0
12173,SYN001783,b1,3,199.0
12174,SYN001783,s1,3,399.0
12175,SYN001784,s3,1,99.0
12176,SYN001784,s5,2,199.0
12177,SYN001784,b2,3,249.0
12178,SYN001784,d2,3,249.0
12179,SYN001785,d1,2,69.0
12180,SYN001785,d3,2,179.0
12181,SYN001785,d2,3,249.0
12182,SYN001786,v2,3,49.0
12183,SYN001786,v4,3,39.0
12184,SYN001786,bv2,3,249.0
12185,SYN001786,bv3,2,199.0
12186,SYN001786,b1,1,199.0
12187,SYN001787,f6,3,179.0
12188,SYN001787,f4,3,199.0
12189,SYN001787,bv3,3,199.0
12190,SYN001787,v6,1,29.0
12191,SYN001788,s2,3,249.0
12192,SYN001788,s1,3,399.0
12193,SYN001788,s3,1,99.0
12194,SYN001788,v6,1,29.0
12195,SYN001789,s4,1,299.0
12196,SYN001789,s3,2,99.0
12197,SYN001789,v6,2,29.0
12198,SYN001789,d1,1,69.0
12199,SYN001789,v4,2,39.0
12200,SYN001789,v3,1,79.0
12201,SYN001790,bv1,1,149.0
12202,SYN001790,s1,3,399.0
12203,SYN001790,d5,2,249.0
12204,SYN001790,v6,1,29.0
12205,SYN001790,d3,1,179.0
12206,SYN001790,d2,2,249.0
12207,SYN001791,b4,3,599.0
12208,SYN001791,v4,1,39.0
12209,SYN001791,s4,1,299.0
12210,SYN001791,s2,1,249.0
12211,SYN001791,d3,2,179.0
12212,SYN001792,d5,2,249.0
12213,SYN001792,d2,2,249.0
12214,SYN001792,f3,3,149.0
12215,SYN001792,s1,2,399.0
12216,SYN001792,v6,1,29.0
12217,SYN001793,s3,2,99.0
12218,SYN001793,d1,1,69.0
12219,SYN001793,s1,1,399.0
12220,SYN001793,d2,3,249.0
12221,SYN001794,d1,2,69.0
12222,SYN001794,v2,2,49.0
12223,SYN001794,d4,3,99.0
12224,SYN001794,d5,3,249.0
12225,SYN001794,b1,2,199.0
12226,SYN001795,v4,2,39.0
12227,SYN001795,v6,3,29.0
12228,SYN001795,bv1,1,149.0
12229,SYN001796,v4,3,39.0
12230,SYN001796,v6,1,29.0
12231,SYN001796,s5,3,199.0
12232,SYN001796,v1,3,89.0
12233,SYN001796,s1,3,399.0
12234,SYN001796,v2,2,49.0
12235,SYN001797,d2,1,249.0
12236,SYN001797,s1,2,399.0
12237,SYN001797,s2,2,249.0
12238,SYN001798,s2,2,249.0
12239,SYN001798,v4,3,39.0
12240,SYN001798,f3,2,149.0
12241,SYN001798,v5,1,149.0
12242,SYN001799,d4,1,99.0
12243,SYN001799,s4,2,299.0
12244,SYN001799,d1,1,69.0
12245,SYN001799,v2,3,49.0
12246,SYN001799,s2,2,249.0
12247,SYN001799,v5,3,149.0
12248,SYN001800,s3,1,99.0
12249,SYN001800,v3,1,79.0
12250,SYN001800,s1,1,399.0
12251,SYN001801,d3,1,179.0
12252,SYN001801,v1,3,89.0
12253,SYN001801,s2,2,249.0
12254,SYN001801,bv3,2,199.0
12255,SYN001801,v4,2,39.0
12256,SYN001802,b4,3,599.0
12257,SYN001802,b1,3,199.0
12258,SYN001802,s2,1,249.0
12259,SYN001802,f2,2,49.0
12260,SYN001802,d1,1,69.0
12261,SYN001802,v3,2,79.0
12262,SYN001803,d1,1,69.0
12263,SYN001803,v1,2,89.0
12264,SYN001803,f6,3,179.0
12265,SYN001804,s4,3,299.0
12266,SYN001804,s3,2,99.0
12267,SYN001804,f2,2,49.0
12268,SYN001804,d2,1,249.0
12269,SYN001804,s2,3,249.0
12270,SYN001804,d3,3,179.0
12271,SYN001805,d5,3,249.0
12272,SYN001805,d3,1,179.0
12273,SYN001805,s5,3,199.0
12274,SYN001805,v4,1,39.0
12275,SYN001806,v3,2,79.0
12276,SYN001806,b4,3,599.0
12277,SYN001806,d1,1,69.0
12278,SYN001807,s5,1,199.0
12279,SYN001807,s3,1,99.0
12280,SYN001807,s2,2,249.0
12281,SYN001807,f1,2,249.0
12282,SYN001808,v3,3,79.0
12283,SYN001808,v6,2,29.0
12284,SYN001808,bv3,1,199.0
12285,SYN001809,v1,1,89.0
12286,SYN001809,s4,3,299.0
12287,SYN001809,v3,2,79.0
12288,SYN001809,s5,3,199.0
12289,SYN001809,v6,2,29.0
12290,SYN001810,s3,2,99.0
12291,SYN001810,s2,3,249.0
12292,SYN001810,d3,2,179.0
12293,SYN001811,d1,3,69.0
12294,SYN001811,v2,2,49.0
12295,SYN001811,s5,3,199.0
12296,SYN001811,v3,2,79.0
12297,SYN001811,v4,2,39.0
12298,SYN001812,d5,1,249.0
12299,SYN001812,s1,2,399.0
12300,SYN001812,d2,2,249.0
12301,SYN001813,s3,3,99.0
12302,SYN001813,s4,3,299.0
12303,SYN001813,b2,3,249.0
12304,SYN001813,d1,2,69.0
12305,SYN001813,f4,1,199.0
12306,SYN001814,v5,1,149.0
12307,SYN001814,d4,3,99.0
12308,SYN001814,s2,3,249.0
12309,SYN001814,d1,3,69.0
12310,SYN001815,v6,1,29.0
12311,SYN001815,v5,3,149.0
12312,SYN001815,d2,3,249.0
12313,SYN001816,s2,1,249.0
12314,SYN001816,v6,1,29.0
12315,SYN001816,d1,3,69.0
12316,SYN001816,d4,3,99.0
12317,SYN001816,s4,3,299.0
12318,SYN001817,b5,2,299.0
12319,SYN001817,f6,3,179.0
12320,SYN001817,d1,3,69.0
12321,SYN001818,s1,1,399.0
12322,SYN001818,v3,3,79.0
12323,SYN001818,s4,3,299.0
12324,SYN001818,d4,1,99.0
12325,SYN001818,d5,2,249.0
12326,SYN001819,s5,2,199.0
12327,SYN001819,s1,1,399.0
12328,SYN001819,v5,1,149.0
12329,SYN001820,s4,3,299.0
12330,SYN001820,v5,1,149.0
12331,SYN001820,s1,2,399.0
12332,SYN001821,s1,3,399.0
12333,SYN001821,v5,3,149.0
12334,SYN001821,d3,3,179.0
12335,SYN001821,s3,3,99.0
12336,SYN001821,f4,3,199.0
12337,SYN001821,bv1,2,149.0
12338,SYN001822,f6,2,179.0
12339,SYN001822,d5,3,249.0
12340,SYN001822,s1,1,399.0
12341,SYN001822,d2,2,249.0
12342,SYN001823,v2,3,49.0
12343,SYN001823,b3,3,199.0
12344,SYN001823,d1,1,69.0
12345,SYN001823,v4,3,39.0
12346,SYN001824,f3,2,149.0
12347,SYN001824,d2,1,249.0
12348,SYN001824,v4,1,39.0
12349,SYN001824,v2,1,49.0
12350,SYN001824,v1,1,89.0
12351,SYN001825,f3,1,149.0
12352,SYN001825,v4,3,39.0
12353,SYN001825,v1,1,89.0
12354,SYN001825,d5,2,249.0
12355,SYN001825,f5,3,99.0
12356,SYN001825,s5,3,199.0
12357,SYN001826,bv2,3,249.0
12358,SYN001826,v6,3,29.0
12359,SYN001826,d2,2,249.0
12360,SYN001826,f3,1,149.0
12361,SYN001826,bv1,3,149.0
12362,SYN001827,v2,3,49.0
12363,SYN001827,d3,2,179.0
12364,SYN001827,f1,1,249.0
12365,SYN001827,v4,1,39.0
12366,SYN001827,s4,1,299.0
12367,SYN001827,v1,3,89.0
12368,SYN001828,d1,1,69.0
12369,SYN001828,b3,2,199.0
12370,SYN001828,s1,1,399.0
12371,SYN001828,v4,2,39.0
12372,SYN001828,v5,2,149.0
12373,SYN001829,d3,2,179.0
12374,SYN001829,d2,1,249.0
12375,SYN001829,v5,2,149.0
12376,SYN001829,bv2,3,249.0
12377,SYN001830,s4,1,299.0
12378,SYN001830,v6,3,29.0
12379,SYN001830,s2,3,249.0
12380,SYN001830,b4,1,599.0
12381,SYN001831,s2,3,249.0
12382,SYN001831,s3,3,99.0
12383,SYN001831,s1,1,399.0
12384,SYN001832,s1,1,399.0
12385,SYN001832,s3,3,99.0
12386,SYN001832,v6,3,29.0
12387,SYN001832,bv2,3,249.0
12388,SYN001833,s1,2,399.0
12389,SYN001833,s5,3,199.0
12390,SYN001833,v4,2,39.0
12391,SYN001834,d1,2,69.0
12392,SYN001834,v3,3,79.0
12393,SYN001834,v1,2,89.0
12394,SYN001835,s1,3,399.0
12395,SYN001835,d3,1,179.0
12396,SYN001835,bv3,1,199.0
12397,SYN001835,v6,2,29.0
12398,SYN001836,d3,2,179.0
12399,SYN001836,s2,3,249.0
12400,SYN001836,v5,2,149.0
12401,SYN001836,f1,2,249.0
12402,SYN001836,s5,2,199.0
12403,SYN001836,v4,2,39.0
12404,SYN001837,bv2,3,249.0
12405,SYN001837,s4,3,299.0
12406,SYN001837,s5,1,199.0
12407,SYN001837,f6,3,179.0
12408,SYN001838,s3,2,99.0
12409,SYN001838,bv2,2,249.0
12410,SYN001838,s5,2,199.0
12411,SYN001838,b5,2,299.0
12412,SYN001838,v2,3,49.0
12413,SYN001839,v4,3,39.0
12414,SYN001839,v1,2,89.0
12415,SYN001839,b3,3,199.0
12416,SYN001840,s3,3,99.0
12417,SYN001840,v2,3,49.0
12418,SYN001840,v4,2,39.0
12419,SYN001841,d2,3,249.0
12420,SYN001841,s5,3,199.0
12421,SYN001841,s1,1,399.0
12422,SYN001841,b1,1,199.0
12423,SYN001842,d5,2,249.0
12424,SYN001842,s5,1,199.0
12425,SYN001842,d2,2,249.0
12426,SYN001842,f5,2,99.0
12427,SYN001842,d3,3,179.0
12428,SYN001843,s5,3,199.0
12429,SYN001843,s4,1,299.0
12430,SYN001843,s3,2,99.0
12431,SYN001843,v3,2,79.0
12432,SYN001843,v2,1,49.0
12433,SYN001843,s2,1,249.0
12434,SYN001844,f5,2,99.0
12435,SYN001844,d4,2,99.0
12436,SYN001844,d5,3,249.0
12437,SYN001844,v6,2,29.0
12438,SYN001844,v3,2,79.0
12439,SYN001845,s1,3,399.0
12440,SYN001845,v4,3,39.0
12441,SYN001845,f5,3,99.0
12442,SYN001845,f6,3,179.0
12443,SYN001845,b1,2,199.0
12444,SYN001845,bv1,2,149.0
12445,SYN001845,s2,2,249.0
12446,SYN001845,bv3,3,199.0
12447,SYN001845,f2,2,49.0
12448,SYN001845,b2,2,249.0
12449,SYN001846,b4,1,599.0
12450,SYN001846,f1,1,249.0
12451,SYN001846,s3,3,99.0
12452,SYN001846,s4,1,299.0
12453,SYN001846,s1,3,399.0
12454,SYN001846,bv3,3,199.0
12455,SYN001847,f2,2,49.0
12456,SYN001847,b2,1,249.0
12457,SYN001847,s5,1,199.0
12458,SYN001847,bv1,1,149.0
12459,SYN001847,bv4,3,349.0
12460,SYN001847,f1,1,249.0
12461,SYN001847,b4,3,599.0
12462,SYN001847,v6,3,29.0
12463,SYN001848,b3,1,199.0
12464,SYN001848,bv3,1,199.0
12465,SYN001848,b2,3,249.0
12466,SYN001848,bv1,3,149.0
12467,SYN001848,s2,2,249.0
12468,SYN001848,s5,1,199.0
12469,SYN001848,v2,2,49.0
12470,SYN001848,s1,1,399.0
12471,SYN001848,b4,3,599.0
12472,SYN001848,f5,2,99.0
12473,SYN001849,f4,3,199.0
12474,SYN001849,s1,3,399.0
12475,SYN001849,s3,3,99.0
12476,SYN001849,bv3,3,199.0
12477,SYN001849,f2,3,49.0
12478,SYN001849,v1,1,89.0
12479,SYN001850,s4,1,299.0
12480,SYN001850,b3,2,199.0
12481,SYN001850,b4,1,599.0
12482,SYN001850,bv1,3,149.0
12483,SYN001850,bv3,1,199.0
12484,SYN001850,bv2,3,249.0
12485,SYN001850,f6,1,179.0
12486,SYN001851,f4,3,199.0
12487,SYN001851,s1,1,399.0
12488,SYN001851,b2,2,249.0
12489,SYN001851,s2,3,249.0
12490,SYN001851,f6,3,179.0
12491,SYN001851,s3,2,99.0
12492,SYN001852,v2,3,49.0
12493,SYN001852,s4,2,299.0
12494,SYN001852,f3,1,149.0
12495,SYN001852,f1,1,249.0
12496,SYN001852,f6,2,179.0
12497,SYN001852,f4,3,199.0
12498,SYN001852,bv3,2,199.0
12499,SYN001852,b2,3,249.0
12500,SYN001853,s3,1,99.0
12501,SYN001853,s2,3,249.0
12502,SYN001853,f6,3,179.0
12503,SYN001853,bv3,2,199.0
12504,SYN001853,b3,2,199.0
12505,SYN001853,f1,1,249.0
12506,SYN001854,s3,1,99.0
12507,SYN001854,f4,3,199.0
12508,SYN001854,f3,2,149.0
12509,SYN001854,b3,2,199.0
12510,SYN001854,v6,3,29.0
12511,SYN001854,s1,3,399.0
12512,SYN001854,f1,3,249.0
12513,SYN001854,bv3,1,199.0
12514,SYN001855,s4,3,299.0
12515,SYN001855,s3,2,99.0
12516,SYN001855,b3,2,199.0
12517,SYN001855,b5,3,299.0
12518,SYN001855,bv3,3,199.0
12519,SYN001855,d1,2,69.0
12520,SYN001855,f3,3,149.0
12521,SYN001856,f1,3,249.0
12522,SYN001856,s4,2,299.0
12523,SYN001856,v6,1,29.0
12524,SYN001856,f3,3,149.0
12525,SYN001856,s3,2,99.0
12526,SYN001856,f5,2,99.0
12527,SYN001857,b4,1,599.0
12528,SYN001857,f5,1,99.0
12529,SYN001857,b3,2,199.0
12530,SYN001857,f4,1,199.0
12531,SYN001857,v6,3,29.0
12532,SYN001857,s5,3,199.0
12533,SYN001857,s1,2,399.0
12534,SYN001857,f2,3,49.0
12535,SYN001857,s3,2,99.0
12536,SYN001858,b1,2,199.0
12537,SYN001858,bv2,3,249.0
12538,SYN001858,d2,2,249.0
12539,SYN001858,bv3,3,199.0
12540,SYN001858,f1,2,249.0
12541,SYN001859,s1,2,399.0
12542,SYN001859,f4,2,199.0
12543,SYN001859,b1,1,199.0
12544,SYN001859,f1,1,249.0
12545,SYN001859,b3,3,199.0
12546,SYN001859,s5,3,199.0
12547,SYN001859,bv2,3,249.0
12548,SYN001859,f2,3,49.0
12549,SYN001859,b5,1,299.0
12550,SYN001859,f5,3,99.0
12551,SYN001860,f6,1,179.0
12552,SYN001860,f4,2,199.0
12553,SYN001860,bv1,3,149.0
12554,SYN001860,s1,3,399.0
12555,SYN001860,f2,1,49.0
12556,SYN001860,s5,1,199.0
12557,SYN001860,d3,2,179.0
12558,SYN001860,b2,3,249.0
12559,SYN001860,s3,3,99.0
12560,SYN001860,v3,3,79.0
12561,SYN001861,f3,2,149.0
12562,SYN001861,f6,3,179.0
12563,SYN001861,bv2,1,249.0
12564,SYN001861,f4,3,199.0
12565,SYN001861,d1,3,69.0
12566,SYN001861,b5,2,299.0
12567,SYN001861,s5,2,199.0
12568,SYN001861,bv4,1,349.0
12569,SYN001861,b2,2,249.0
12570,SYN001862,b2,3,249.0
12571,SYN001862,f3,1,149.0
12572,SYN001862,bv2,3,249.0
12573,SYN001862,bv4,3,349.0
12574,SYN001862,s1,3,399.0
12575,SYN001862,b3,2,199.0
12576,SYN001862,f4,2,199.0
12577,SYN001863,f3,1,149.0
12578,SYN001863,s2,1,249.0
12579,SYN001863,bv2,1,249.0
12580,SYN001863,b5,2,299.0
12581,SYN001863,s3,3,99.0
12582,SYN001863,s5,1,199.0
12583,SYN001863,f6,2,179.0
12584,SYN001864,b3,3,199.0
12585,SYN001864,bv2,1,249.0
12586,SYN001864,bv4,1,349.0
12587,SYN001864,b4,3,599.0
12588,SYN001864,f1,1,249.0
12589,SYN001864,s3,1,99.0
12590,SYN001864,d1,2,69.0
12591,SYN001865,b4,1,599.0
12592,SYN001865,bv4,1,349.0
12593,SYN001865,bv1,3,149.0
12594,SYN001865,f5,3,99.0
12595,SYN001865,bv2,2,249.0
12596,SYN001865,s2,3,249.0
12597,SYN001866,s1,2,399.0
12598,SYN001866,bv4,3,349.0
12599,SYN001866,f3,2,149.0
12600,SYN001866,f5,3,99.0
12601,SYN001866,d5,1,249.0
12602,SYN001866,f1,2,249.0
12603,SYN001867,f3,2,149.0
12604,SYN001867,f1,1,249.0
12605,SYN001867,s5,1,199.0
12606,SYN001867,d2,3,249.0
12607,SYN001867,bv3,1,199.0
12608,SYN001867,bv1,3,149.0
12609,SYN001867,b5,2,299.0
12610,SYN001867,s2,1,249.0
12611,SYN001868,f6,2,179.0
12612,SYN001868,bv3,1,199.0
12613,SYN001868,f4,3,199.0
12614,SYN001868,s3,1,99.0
12615,SYN001868,b2,3,249.0
12616,SYN001868,v2,1,49.0
12617,SYN001868,f2,3,49.0
12618,SYN001868,f5,1,99.0
12619,SYN001868,b4,1,599.0
12620,SYN001868,bv2,2,249.0
12621,SYN001869,d3,2,179.0
12622,SYN001869,v4,1,39.0
12623,SYN001869,f3,1,149.0
12624,SYN001869,b5,2,299.0
12625,SYN001869,bv2,2,249.0
12626,SYN001869,b4,3,599.0
12627,SYN001869,f5,3,99.0
12628,SYN001869,f6,2,179.0
12629,SYN001869,s3,1,99.0
12630,SYN001869,f1,3,249.0
12631,SYN001870,bv3,1,199.0
12632,SYN001870,f5,3,99.0
12633,SYN001870,d3,3,179.0
12634,SYN001870,s3,2,99.0
12635,SYN001870,bv4,1,349.0
12636,SYN001871,b2,3,249.0
12637,SYN001871,b4,1,599.0
12638,SYN001871,f1,1,249.0
12639,SYN001871,bv2,2,249.0
12640,SYN001871,f3,1,149.0
12641,SYN001871,f4,1,199.0
12642,SYN001871,s4,1,299.0
12643,SYN001871,bv1,2,149.0
12644,SYN001871,d3,3,179.0
12645,SYN001871,bv4,2,349.0
12646,SYN001872,b3,1,199.0
12647,SYN001872,s3,1,99.0
12648,SYN001872,f6,1,179.0
12649,SYN001872,bv3,1,199.0
12650,SYN001872,d1,1,69.0
12651,SYN001872,bv1,2,149.0
12652,SYN001872,b1,3,199.0
12653,SYN001872,bv4,3,349.0
12654,SYN001872,s1,3,399.0
12655,SYN001872,f2,1,49.0
12656,SYN001873,b2,3,249.0
12657,SYN001873,f1,2,249.0
12658,SYN001873,b3,1,199.0
12659,SYN001873,b5,1,299.0
12660,SYN001873,f6,3,179.0
12661,SYN001873,s2,1,249.0
12662,SYN001873,b1,3,199.0
12663,SYN001873,bv2,1,249.0
12664,SYN001873,s1,1,399.0
12665,SYN001874,f5,2,99.0
12666,SYN001874,b1,2,199.0
12667,SYN001874,d3,1,179.0
12668,SYN001874,b2,2,249.0
12669,SYN001874,bv3,3,199.0
12670,SYN001874,d4,2,99.0
12671,SYN001874,f1,3,249.0
12672,SYN001874,f2,1,49.0
12673,SYN001874,v3,3,79.0
12674,SYN001874,s4,2,299.0
12675,SYN001875,bv4,3,349.0
12676,SYN001875,s4,2,299.0
12677,SYN001875,b3,2,199.0
12678,SYN001875,d4,1,99.0
12679,SYN001875,bv1,2,149.0
12680,SYN001876,f5,1,99.0
12681,SYN001876,s3,1,99.0
12682,SYN001876,b3,1,199.0
12683,SYN001876,b4,3,599.0
12684,SYN001876,f1,3,249.0
12685,SYN001876,d2,3,249.0
12686,SYN001876,v6,1,29.0
12687,SYN001877,f4,3,199.0
12688,SYN001877,v1,3,89.0
12689,SYN001877,f5,3,99.0
12690,SYN001877,bv3,3,199.0
12691,SYN001877,b2,1,249.0
12692,SYN001878,f2,2,49.0
12693,SYN001878,s1,1,399.0
12694,SYN001878,b3,3,199.0
12695,SYN001878,v5,2,149.0
12696,SYN001878,s2,1,249.0
12697,SYN001879,bv2,1,249.0
12698,SYN001879,b2,2,249.0
12699,SYN001879,v4,2,39.0
12700,SYN001879,f2,2,49.0
12701,SYN001879,bv4,1,349.0
12702,SYN001879,s2,3,249.0
12703,SYN001879,s1,2,399.0
12704,SYN001879,b3,1,199.0
12705,SYN001879,f5,2,99.0
12706,SYN001880,f3,3,149.0
12707,SYN001880,s1,1,399.0
12708,SYN001880,b1,3,199.0
12709,SYN001880,v1,2,89.0
12710,SYN001880,v5,3,149.0
12711,SYN001881,b5,2,299.0
12712,SYN001881,s4,1,299.0
12713,SYN001881,bv3,1,199.0
12714,SYN001881,f3,3,149.0
12715,SYN001881,d4,1,99.0
12716,SYN001881,s1,1,399.0
12717,SYN001881,f1,1,249.0
12718,SYN001882,b1,3,199.0
12719,SYN001882,f6,3,179.0
12720,SYN001882,bv1,1,149.0
12721,SYN001882,s3,2,99.0
12722,SYN001882,bv4,2,349.0
12723,SYN001882,s2,1,249.0
12724,SYN001882,f3,1,149.0
12725,SYN001882,b4,3,599.0
12726,SYN001882,s4,3,299.0
12727,SYN001883,s4,3,299.0
12728,SYN001883,bv3,1,199.0
12729,SYN001883,s2,3,249.0
12730,SYN001883,b2,2,249.0
12731,SYN001883,b1,1,199.0
12732,SYN001883,bv1,1,149.0
12733,SYN001883,d4,2,99.0
12734,SYN001883,f6,1,179.0
12735,SYN001883,bv4,2,349.0
12736,SYN001884,b4,2,599.0
12737,SYN001884,s3,1,99.0
12738,SYN001884,v4,2,39.0
12739,SYN001884,f4,3,199.0
12740,SYN001884,b5,2,299.0
12741,SYN001884,s1,1,399.0
12742,SYN001884,d3,1,179.0
12743,SYN001884,f5,3,99.0
12744,SYN001885,f5,3,99.0
12745,SYN001885,b4,3,599.0
12746,SYN001885,s1,1,399.0
12747,SYN001885,s4,2,299.0
12748,SYN001885,f1,2,249.0
12749,SYN001885,s5,3,199.0
12750,SYN001885,f3,3,149.0
12751,SYN001885,bv4,2,349.0
12752,SYN001886,bv2,2,249.0
12753,SYN001886,f2,3,49.0
12754,SYN001886,b4,2,599.0
12755,SYN001886,f4,2,199.0
12756,SYN001886,s4,3,299.0
12757,SYN001886,s3,2,99.0
12758,SYN001887,s2,2,249.0
12759,SYN001887,v3,2,79.0
12760,SYN001887,f2,1,49.0
12761,SYN001887,s5,2,199.0
12762,SYN001887,v6,2,29.0
12763,SYN001887,s4,2,299.0
12764,SYN001887,v2,3,49.0
12765,SYN001887,f5,2,99.0
12766,SYN001888,f4,1,199.0
12767,SYN001888,f3,2,149.0
12768,SYN001888,f6,3,179.0
12769,SYN001888,bv3,2,199.0
12770,SYN001888,b2,2,249.0
12771,SYN001888,bv1,1,149.0
12772,SYN001888,f5,2,99.0
12773,SYN001889,f6,2,179.0
12774,SYN001889,v1,1,89.0
12775,SYN001889,b5,1,299.0
12776,SYN001889,d3,3,179.0
12777,SYN001889,bv3,2,199.0
12778,SYN001889,s4,1,299.0
12779,SYN001889,bv4,1,349.0
12780,SYN001890,s5,2,199.0
12781,SYN001890,f6,3,179.0
12782,SYN001890,bv3,1,199.0
12783,SYN001890,f4,1,199.0
12784,SYN001890,s4,1,299.0
12785,SYN001891,f6,1,179.0
12786,SYN001891,b5,2,299.0
12787,SYN001891,f4,3,199.0
12788,SYN001891,s4,1,299.0
12789,SYN001891,bv3,2,199.0
12790,SYN001891,bv2,3,249.0
12791,SYN001891,b3,2,199.0
12792,SYN001892,f1,3,249.0
12793,SYN001892,f2,2,49.0
12794,SYN001892,b4,3,599.0
12795,SYN001892,f4,2,199.0
12796,SYN001892,b2,2,249.0
12797,SYN001892,f6,3,179.0
12798,SYN001892,bv2,2,249.0
12799,SYN001893,f6,2,179.0
12800,SYN001893,b1,1,199.0
12801,SYN001893,s1,2,399.0
12802,SYN001893,f1,2,249.0
12803,SYN001893,s3,2,99.0
12804,SYN001894,f2,1,49.0
12805,SYN001894,b4,2,599.0
12806,SYN001894,f5,1,99.0
12807,SYN001894,bv4,3,349.0
12808,SYN001894,s3,2,99.0
12809,SYN001894,bv1,1,149.0
12810,SYN001894,s2,1,249.0
12811,SYN001894,f4,1,199.0
12812,SYN001895,f3,2,149.0
12813,SYN001895,s1,1,399.0
12814,SYN001895,bv3,1,199.0
12815,SYN001895,f1,2,249.0
12816,SYN001895,f5,1,99.0
12817,SYN001895,s4,2,299.0
12818,SYN001895,f6,2,179.0
12819,SYN001895,bv2,3,249.0
12820,SYN001896,f6,3,179.0
12821,SYN001896,f1,3,249.0
12822,SYN001896,bv2,2,249.0
12823,SYN001896,b2,1,249.0
12824,SYN001896,bv1,2,149.0
12825,SYN001896,bv3,1,199.0
12826,SYN001896,f2,2,49.0
12827,SYN001896,f4,2,199.0
12828,SYN001896,b4,3,599.0
12829,SYN001896,b1,2,199.0
12830,SYN001897,v3,3,79.0
12831,SYN001897,f5,2,99.0
12832,SYN001897,s5,2,199.0
12833,SYN001897,b4,3,599.0
12834,SYN001897,f6,2,179.0
12835,SYN001897,f1,1,249.0
12836,SYN001897,bv1,1,149.0
12837,SYN001898,f6,2,179.0
12838,SYN001898,bv3,1,199.0
12839,SYN001898,d2,2,249.0
12840,SYN001898,d1,3,69.0
12841,SYN001898,b3,3,199.0
12842,SYN001898,s3,3,99.0
12843,SYN001898,f2,3,49.0
12844,SYN001899,s3,2,99.0
12845,SYN001899,bv1,1,149.0
12846,SYN001899,b4,1,599.0
12847,SYN001899,s4,1,299.0
12848,SYN001899,d1,3,69.0
12849,SYN001899,s5,2,199.0
12850,SYN001899,f5,1,99.0
12851,SYN001899,b5,3,299.0
12852,SYN001899,f2,2,49.0
12853,SYN001900,s3,2,99.0
12854,SYN001900,s5,3,199.0
12855,SYN001900,bv3,2,199.0
12856,SYN001900,s2,2,249.0
12857,SYN001900,d5,3,249.0
12858,SYN001900,f4,1,199.0
12859,SYN001901,bv2,2,249.0
12860,SYN001901,bv4,3,349.0
12861,SYN001901,f1,3,249.0
12862,SYN001901,f3,3,149.0
12863,SYN001901,s3,1,99.0
12864,SYN001901,s2,1,249.0
12865,SYN001901,f4,3,199.0
12866,SYN001901,f6,1,179.0
12867,SYN001901,b2,2,249.0
12868,SYN001901,b5,3,299.0
12869,SYN001902,f3,2,149.0
12870,SYN001902,s1,1,399.0
12871,SYN001902,bv2,2,249.0
12872,SYN001902,b4,3,599.0
12873,SYN001902,s3,1,99.0
12874,SYN001902,s2,3,249.0
12875,SYN001902,f4,1,199.0
12876,SYN001902,b3,3,199.0
12877,SYN001902,s4,3,299.0
12878,SYN001903,b5,3,299.0
12879,SYN001903,bv1,2,149.0
12880,SYN001903,f1,2,249.0
12881,SYN001903,s1,2,399.0
12882,SYN001903,f4,3,199.0
12883,SYN001904,b5,2,299.0
12884,SYN001904,v5,3,149.0
12885,SYN001904,bv2,1,249.0
12886,SYN001904,bv4,3,349.0
12887,SYN001904,f3,3,149.0
12888,SYN001904,v6,2,29.0
12889,SYN001904,b4,3,599.0
12890,SYN001904,s3,1,99.0
12891,SYN001904,s2,2,249.0
12892,SYN001904,b1,1,199.0
12893,SYN001905,d5,3,249.0
12894,SYN001905,f4,2,199.0
12895,SYN001905,b1,2,199.0
12896,SYN001905,f3,2,149.0
12897,SYN001905,s2,1,249.0
12898,SYN001905,f6,3,179.0
12899,SYN001905,b2,3,249.0
12900,SYN001905,b5,2,299.0
12901,SYN001906,bv4,2,349.0
12902,SYN001906,bv1,1,149.0
12903,SYN001906,f3,3,149.0
12904,SYN001906,s5,1,199.0
12905,SYN001906,b4,3,599.0
12906,SYN001906,d4,2,99.0
12907,SYN001906,f2,2,49.0
12908,SYN001907,bv2,1,249.0
12909,SYN001907,f3,1,149.0
12910,SYN001907,d3,2,179.0
12911,SYN001907,bv4,1,349.0
12912,SYN001907,f6,2,179.0
12913,SYN001908,bv2,3,249.0
12914,SYN001908,bv1,3,149.0
12915,SYN001908,s4,1,299.0
12916,SYN001908,f5,2,99.0
12917,SYN001908,s3,1,99.0
12918,SYN001908,b2,3,249.0
12919,SYN001908,f3,2,149.0
12920,SYN001908,s1,3,399.0
12921,SYN001908,f1,2,249.0
12922,SYN001908,b5,3,299.0
12923,SYN001909,f1,3,249.0
12924,SYN001909,bv2,3,249.0
12925,SYN001909,f6,3,179.0
12926,SYN001909,s3,3,99.0
12927,SYN001909,v3,3,79.0
12928,SYN001909,f5,1,99.0
12929,SYN001909,b2,3,249.0
12930,SYN001910,bv2,1,249.0
12931,SYN001910,v6,3,29.0
12932,SYN001910,bv4,2,349.0
12933,SYN001910,f1,1,249.0
12934,SYN001910,s4,1,299.0
12935,SYN001910,b3,2,199.0
12936,SYN001911,bv4,2,349.0
12937,SYN001911,f5,3,99.0
12938,SYN001911,d1,2,69.0
12939,SYN001911,b5,2,299.0
12940,SYN001911,f2,1,49.0
12941,SYN001911,f3,3,149.0
12942,SYN001911,s1,1,399.0
12943,SYN001911,f4,3,199.0
12944,SYN001911,b3,2,199.0
12945,SYN001912,f3,2,149.0
12946,SYN001912,bv2,2,249.0
12947,SYN001912,b1,1,199.0
12948,SYN001912,s2,2,249.0
12949,SYN001912,s1,1,399.0
12950,SYN001912,b5,2,299.0
12951,SYN001912,d2,1,249.0
12952,SYN001912,b2,3,249.0
12953,SYN001913,bv3,2,199.0
12954,SYN001913,s1,1,399.0
12955,SYN001913,f4,1,199.0
12956,SYN001913,b5,3,299.0
12957,SYN001913,v4,2,39.0
12958,SYN001913,bv4,1,349.0
12959,SYN001913,f6,3,179.0
12960,SYN001913,s4,3,299.0
12961,SYN001913,v6,2,29.0
12962,SYN001913,s2,1,249.0
12963,SYN001914,b5,2,299.0
12964,SYN001914,f3,3,149.0
12965,SYN001914,bv2,1,249.0
12966,SYN001914,b4,3,599.0
12967,SYN001914,b3,1,199.0
12968,SYN001914,s2,2,249.0
12969,SYN001915,f1,2,249.0
12970,SYN001915,f4,3,199.0
12971,SYN001915,bv1,2,149.0
12972,SYN001915,s5,3,199.0
12973,SYN001915,f3,3,149.0
12974,SYN001915,v6,1,29.0
12975,SYN001915,v1,2,89.0
12976,SYN001915,bv2,2,249.0
12977,SYN001915,f6,3,179.0
12978,SYN001915,b4,2,599.0
12979,SYN001916,v2,3,49.0
12980,SYN001916,b1,1,199.0
12981,SYN001916,bv1,2,149.0
12982,SYN001916,bv4,3,349.0
12983,SYN001916,f2,3,49.0
12984,SYN001916,s3,1,99.0
12985,SYN001916,s1,3,399.0
12986,SYN001916,b3,1,199.0
12987,SYN001917,bv3,1,199.0
12988,SYN001917,s4,1,299.0
12989,SYN001917,f1,3,249.0
12990,SYN001917,f4,1,199.0
12991,SYN001917,f2,1,49.0
12992,SYN001917,b2,2,249.0
12993,SYN001918,d5,2,249.0
12994,SYN001918,f1,3,249.0
12995,SYN001918,bv2,3,249.0
12996,SYN001918,bv1,1,149.0
12997,SYN001918,v1,1,89.0
12998,SYN001918,s3,3,99.0
12999,SYN001919,s4,1,299.0
13000,SYN001919,v4,2,39.0
13001,SYN001919,f6,1,179.0
13002,SYN001919,b1,1,199.0
13003,SYN001919,s1,1,399.0
13004,SYN001919,f4,1,199.0
13005,SYN001919,f5,1,99.0
13006,SYN001919,f3,2,149.0
13007,SYN001919,b5,1,299.0
13008,SYN001919,bv1,2,149.0
13009,SYN001920,b4,3,599.0
13010,SYN001920,v1,2,89.0
13011,SYN001920,bv2,3,249.0
13012,SYN001920,b1,3,199.0
13013,SYN001920,v4,2,39.0
13014,SYN001921,s4,1,299.0
13015,SYN001921,f1,1,249.0
13016,SYN001921,f2,3,49.0
13017,SYN001921,s1,1,399.0
13018,SYN001921,bv2,3,249.0
13019,SYN001921,bv1,3,149.0
13020,SYN001921,b3,3,199.0
13021,SYN001922,f4,2,199.0
13022,SYN001922,b3,3,199.0
13023,SYN001922,s2,2,249.0
13024,SYN001922,f1,1,249.0
13025,SYN001922,s3,2,99.0
13026,SYN001922,s5,2,199.0
13027,SYN001923,s1,1,399.0
13028,SYN001923,f4,3,199.0
13029,SYN001923,b2,2,249.0
13030,SYN001923,v3,1,79.0
13031,SYN001923,f1,2,249.0
13032,SYN001923,s2,1,249.0
13033,SYN001923,f3,2,149.0
13034,SYN001923,f2,1,49.0
13035,SYN001923,s4,1,299.0
13036,SYN001924,b1,1,199.0
13037,SYN001924,s1,3,399.0
13038,SYN001924,bv1,1,149.0
13039,SYN001924,f2,2,49.0
13040,SYN001924,s3,1,99.0
13041,SYN001924,s4,1,299.0
13042,SYN001924,b3,1,199.0
13043,SYN001925,b5,3,299.0
13044,SYN001925,s4,1,299.0
13045,SYN001925,f3,2,149.0
13046,SYN001925,f2,3,49.0
13047,SYN001925,f4,3,199.0
13048,SYN001925,v2,2,49.0
13049,SYN001925,b1,1,199.0
13050,SYN001925,bv1,1,149.0
13051,SYN001926,bv3,1,199.0
13052,SYN001926,s1,3,399.0
13053,SYN001926,f1,3,249.0
13054,SYN001926,bv1,3,149.0
13055,SYN001926,s5,2,199.0
13056,SYN001927,s1,2,399.0
13057,SYN001927,b1,1,199.0
13058,SYN001927,bv2,2,249.0
13059,SYN001927,bv3,3,199.0
13060,SYN001927,f1,3,249.0
13061,SYN001927,s4,3,299.0
13062,SYN001927,b2,2,249.0
13063,SYN001928,f6,3,179.0
13064,SYN001928,s1,3,399.0
13065,SYN001928,b5,1,299.0
13066,SYN001928,b3,3,199.0
13067,SYN001928,f3,3,149.0
13068,SYN001928,bv3,1,199.0
13069,SYN001928,v4,1,39.0
13070,SYN001928,b1,3,199.0
13071,SYN001928,f5,1,99.0
13072,SYN001929,b4,2,599.0
13073,SYN001929,b1,1,199.0
13074,SYN001929,b2,3,249.0
13075,SYN001929,s1,1,399.0
13076,SYN001929,b3,3,199.0
13077,SYN001929,f4,3,199.0
13078,SYN001930,bv4,3,349.0
13079,SYN001930,f2,3,49.0
13080,SYN001930,bv2,3,249.0
13081,SYN001930,d5,2,249.0
13082,SYN001930,d2,2,249.0
13083,SYN001930,d1,3,69.0
13084,SYN001930,v1,1,89.0
13085,SYN001930,f3,3,149.0
13086,SYN001930,v6,2,29.0
13087,SYN001930,f5,2,99.0
13088,SYN001930,v3,1,79.0
13089,SYN001930,s4,1,299.0
13090,SYN001930,d4,1,99.0
13091,SYN001931,v6,2,29.0
13092,SYN001931,f1,2,249.0
13093,SYN001931,v1,2,89.0
13094,SYN001931,d1,1,69.0
13095,SYN001931,s1,2,399.0
13096,SYN001931,f3,3,149.0
13097,SYN001931,bv3,3,199.0
13098,SYN001931,s5,1,199.0
13099,SYN001931,v4,3,39.0
13100,SYN001931,v3,1,79.0
13101,SYN001931,d5,2,249.0
13102,SYN001931,s3,2,99.0
13103,SYN001931,b5,1,299.0
13104,SYN001932,d4,2,99.0
13105,SYN001932,s3,2,99.0
13106,SYN001932,v6,3,29.0
13107,SYN001932,bv4,2,349.0
13108,SYN001932,f6,3,179.0
13109,SYN001932,s4,2,299.0
13110,SYN001932,d2,1,249.0
13111,SYN001932,s5,2,199.0
13112,SYN001932,bv3,2,199.0
13113,SYN001932,d1,2,69.0
13114,SYN001932,b3,3,199.0
13115,SYN001932,f3,1,149.0
13116,SYN001932,v3,2,79.0
13117,SYN001933,b2,2,249.0
13118,SYN001933,v6,1,29.0
13119,SYN001933,bv2,1,249.0
13120,SYN001933,d2,3,249.0
13121,SYN001933,d5,1,249.0
13122,SYN001933,v5,3,149.0
13123,SYN001933,f1,1,249.0
13124,SYN001933,bv4,3,349.0
13125,SYN001933,v4,2,39.0
13126,SYN001933,d1,2,69.0
13127,SYN001933,d4,2,99.0
13128,SYN001933,s2,1,249.0
13129,SYN001934,f5,3,99.0
13130,SYN001934,v1,1,89.0
13131,SYN001934,d5,1,249.0
13132,SYN001934,d4,1,99.0
13133,SYN001934,s5,2,199.0
13134,SYN001934,d3,1,179.0
13135,SYN001934,v6,3,29.0
13136,SYN001934,bv4,1,349.0
13137,SYN001934,s1,3,399.0
13138,SYN001934,s4,1,299.0
13139,SYN001934,f2,1,49.0
13140,SYN001935,d4,2,99.0
13141,SYN001935,d1,1,69.0
13142,SYN001935,d2,1,249.0
13143,SYN001935,bv2,1,249.0
13144,SYN001935,v6,1,29.0
13145,SYN001935,d5,1,249.0
13146,SYN001935,s2,2,249.0
13147,SYN001935,s5,2,199.0
13148,SYN001935,b1,2,199.0
13149,SYN001935,bv1,3,149.0
13150,SYN001935,s1,1,399.0
13151,SYN001935,s3,3,99.0
13152,SYN001935,v5,2,149.0
13153,SYN001935,d3,2,179.0
13154,SYN001936,d2,2,249.0
13155,SYN001936,s1,2,399.0
13156,SYN001936,d4,2,99.0
13157,SYN001936,s2,1,249.0
13158,SYN001936,v2,1,49.0
13159,SYN001936,d1,1,69.0
13160,SYN001936,b4,1,599.0
13161,SYN001936,bv2,3,249.0
13162,SYN001937,v5,2,149.0
13163,SYN001937,v3,1,79.0
13164,SYN001937,bv1,3,149.0
13165,SYN001937,v1,1,89.0
13166,SYN001937,bv2,3,249.0
13167,SYN001937,v4,3,39.0
13168,SYN001937,d5,1,249.0
13169,SYN001937,s4,3,299.0
13170,SYN001937,v2,1,49.0
13171,SYN001937,s2,3,249.0
13172,SYN001937,f4,1,199.0
13173,SYN001937,bv4,3,349.0
13174,SYN001937,s5,2,199.0
13175,SYN001937,s3,3,99.0
13176,SYN001937,d4,1,99.0
13177,SYN001938,d1,2,69.0
13178,SYN001938,bv4,3,349.0
13179,SYN001938,s2,1,249.0
13180,SYN001938,v6,2,29.0
13181,SYN001938,s4,2,299.0
13182,SYN001938,s5,2,199.0
13183,SYN001938,v5,1,149.0
13184,SYN001938,v1,2,89.0
13185,SYN001938,v2,2,49.0
13186,SYN001938,f2,2,49.0
13187,SYN001938,d3,3,179.0
13188,SYN001939,b1,3,199.0
13189,SYN001939,f4,2,199.0
13190,SYN001939,d1,3,69.0
13191,SYN001939,v5,1,149.0
13192,SYN001939,d5,3,249.0
13193,SYN001939,v3,2,79.0
13194,SYN001939,bv2,3,249.0
13195,SYN001939,bv4,1,349.0
13196,SYN001939,v1,3,89.0
13197,SYN001939,b2,3,249.0
13198,SYN001940,s2,1,249.0
13199,SYN001940,bv4,1,349.0
13200,SYN001940,bv3,3,199.0
13201,SYN001940,v6,1,29.0
13202,SYN001940,v5,1,149.0
13203,SYN001940,f3,3,149.0
13204,SYN001940,v4,2,39.0
13205,SYN001940,f1,2,249.0
13206,SYN001940,v2,3,49.0
13207,SYN001941,v4,2,39.0
13208,SYN001941,f3,2,149.0
13209,SYN001941,s1,1,399.0
13210,SYN001941,bv4,2,349.0
13211,SYN001941,v1,2,89.0
13212,SYN001941,v2,3,49.0
13213,SYN001941,d1,3,69.0
13214,SYN001941,d2,3,249.0
13215,SYN001941,bv3,3,199.0
13216,SYN001941,b2,2,249.0
13217,SYN001941,b1,2,199.0
13218,SYN001941,s2,3,249.0
13219,SYN001941,v3,3,79.0
13220,SYN001942,bv4,2,349.0
13221,SYN001942,v1,2,89.0
13222,SYN001942,s5,2,199.0
13223,SYN001942,d5,2,249.0
13224,SYN001942,v6,3,29.0
13225,SYN001942,d1,3,69.0
13226,SYN001942,v4,2,39.0
13227,SYN001942,f4,1,199.0
13228,SYN001943,s2,2,249.0
13229,SYN001943,bv1,1,149.0
13230,SYN001943,v1,1,89.0
13231,SYN001943,s4,1,299.0
13232,SYN001943,s5,1,199.0
13233,SYN001943,d4,3,99.0
13234,SYN001943,bv3,2,199.0
13235,SYN001943,v4,2,39.0
13236,SYN001943,s3,3,99.0
13237,SYN001943,bv2,2,249.0
13238,SYN001943,d3,3,179.0
13239,SYN001943,f3,3,149.0
13240,SYN001943,d5,2,249.0
13241,SYN001943,v5,2,149.0
13242,SYN001943,f5,1,99.0
13243,SYN001944,f2,1,49.0
13244,SYN001944,s1,3,399.0
13245,SYN001944,s4,1,299.0
13246,SYN001944,v4,3,39.0
13247,SYN001944,bv4,3,349.0
13248,SYN001944,bv2,2,249.0
13249,SYN001944,d3,1,179.0
13250,SYN001944,v3,3,79.0
13251,SYN001944,v5,3,149.0
13252,SYN001944,bv1,3,149.0
13253,SYN001944,d2,1,249.0
13254,SYN001944,s5,3,199.0
13255,SYN001944,v6,2,29.0
13256,SYN001945,bv4,1,349.0
13257,SYN001945,bv3,2,199.0
13258,SYN001945,v4,2,39.0
13259,SYN001945,s2,3,249.0
13260,SYN001945,d4,3,99.0
13261,SYN001945,v2,1,49.0
13262,SYN001945,s3,2,99.0
13263,SYN001945,d3,3,179.0
13264,SYN001945,v3,3,79.0
13265,SYN001945,s4,3,299.0
13266,SYN001945,d1,2,69.0
13267,SYN001945,f4,2,199.0
13268,SYN001945,bv1,3,149.0
13269,SYN001946,d4,3,99.0
13270,SYN001946,bv4,1,349.0
13271,SYN001946,bv1,1,149.0
13272,SYN001946,d2,2,249.0
13273,SYN001946,s1,3,399.0
13274,SYN001946,v3,3,79.0
13275,SYN001946,d5,3,249.0
13276,SYN001946,s4,3,299.0
13277,SYN001946,f4,3,199.0
13278,SYN001946,v2,3,49.0
13279,SYN001946,bv2,1,249.0
13280,SYN001946,v1,2,89.0
13281,SYN001947,d4,1,99.0
13282,SYN001947,b1,2,199.0
13283,SYN001947,v2,1,49.0
13284,SYN001947,bv2,2,249.0
13285,SYN001947,v6,1,29.0
13286,SYN001947,d5,3,249.0
13287,SYN001947,s2,2,249.0
13288,SYN001947,s1,3,399.0
13289,SYN001947,v1,1,89.0
13290,SYN001947,f2,1,49.0
13291,SYN001947,d3,3,179.0
13292,SYN001947,bv1,2,149.0
13293,SYN001948,bv4,3,349.0
13294,SYN001948,bv3,1,199.0
13295,SYN001948,d2,1,249.0
13296,SYN001948,v5,2,149.0
13297,SYN001948,v3,3,79.0
13298,SYN001948,v1,1,89.0
13299,SYN001948,d5,3,249.0
13300,SYN001948,s4,1,299.0
13301,SYN001948,s1,1,399.0
13302,SYN001948,f5,3,99.0
13303,SYN001949,b4,3,599.0
13304,SYN001949,s2,1,249.0
13305,SYN001949,v6,2,29.0
13306,SYN001949,d4,3,99.0
13307,SYN001949,s3,3,99.0
13308,SYN001949,v4,3,39.0
13309,SYN001949,v3,3,79.0
13310,SYN001949,v5,2,149.0
13311,SYN001949,bv4,2,349.0
13312,SYN001949,d5,1,249.0
13313,SYN001949,d1,2,69.0
13314,SYN001949,bv3,1,199.0
13315,SYN001949,b2,3,249.0
13316,SYN001949,bv2,2,249.0
13317,SYN001949,f6,2,179.0
13318,SYN001950,v3,2,79.0
13319,SYN001950,d5,3,249.0
13320,SYN001950,v1,3,89.0
13321,SYN001950,bv3,2,199.0
13322,SYN001950,b4,2,599.0
13323,SYN001950,s1,1,399.0
13324,SYN001950,s2,3,249.0
13325,SYN001950,b3,3,199.0
13326,SYN001950,bv4,1,349.0
13327,SYN001950,s5,2,199.0
13328,SYN001950,f5,1,99.0
13329,SYN001950,s3,3,99.0
13330,SYN001950,d3,3,179.0
13331,SYN001950,v6,1,29.0
13332,SYN001951,s1,1,399.0
13333,SYN001951,v6,2,29.0
13334,SYN001951,s4,1,299.0
13335,SYN001951,d5,1,249.0
13336,SYN001951,d4,3,99.0
13337,SYN001951,v4,3,39.0
13338,SYN001951,f2,2,49.0
13339,SYN001951,bv4,2,349.0
13340,SYN001951,s3,2,99.0
13341,SYN001951,bv2,1,249.0
13342,SYN001951,bv3,1,199.0
13343,SYN001951,d3,2,179.0
13344,SYN001951,v2,3,49.0
13345,SYN001952,b5,2,299.0
13346,SYN001952,d3,2,179.0
13347,SYN001952,s4,3,299.0
13348,SYN001952,bv4,1,349.0
13349,SYN001952,f4,3,199.0
13350,SYN001952,v6,3,29.0
13351,SYN001952,d4,3,99.0
13352,SYN001952,d2,1,249.0
13353,SYN001952,bv2,3,249.0
13354,SYN001952,f2,1,49.0
13355,SYN001952,v2,1,49.0
13356,SYN001952,v3,1,79.0
13357,SYN001952,s5,2,199.0
13358,SYN001952,f1,3,249.0
13359,SYN001952,bv1,3,149.0
13360,SYN001953,d3,1,179.0
13361,SYN001953,v6,2,29.0
13362,SYN001953,bv1,2,149.0
13363,SYN001953,b2,1,249.0
13364,SYN001953,bv4,3,349.0
13365,SYN001953,v3,1,79.0
13366,SYN001953,f6,1,179.0
13367,SYN001953,d2,1,249.0
13368,SYN001953,b3,3,199.0
13369,SYN001954,v2,2,49.0
13370,SYN001954,bv3,1,199.0
13371,SYN001954,bv1,2,149.0
13372,SYN001954,s3,1,99.0
13373,SYN001954,s2,2,249.0
13374,SYN001954,bv2,2,249.0
13375,SYN001954,s5,3,199.0
13376,SYN001954,d2,3,249.0
13377,SYN001954,v3,2,79.0
13378,SYN001955,s2,3,249.0
13379,SYN001955,s4,2,299.0
13380,SYN001955,v4,3,39.0
13381,SYN001955,v1,2,89.0
13382,SYN001955,s3,3,99.0
13383,SYN001955,bv4,2,349.0
13384,SYN001955,d4,2,99.0
13385,SYN001955,v6,2,29.0
13386,SYN001956,s5,1,199.0
13387,SYN001956,d4,1,99.0
13388,SYN001956,f2,2,49.0
13389,SYN001956,v6,1,29.0
13390,SYN001956,v1,1,89.0
13391,SYN001956,s2,3,249.0
13392,SYN001956,d3,1,179.0
13393,SYN001956,d1,2,69.0
13394,SYN001956,b1,2,199.0
13395,SYN001956,bv2,1,249.0
13396,SYN001956,d2,3,249.0
13397,SYN001956,s1,2,399.0
13398,SYN001956,bv4,1,349.0
13399,SYN001956,v4,1,39.0
13400,SYN001956,bv3,1,199.0
13401,SYN001957,bv2,1,249.0
13402,SYN001957,d3,3,179.0
13403,SYN001957,d1,3,69.0
13404,SYN001957,d2,2,249.0
13405,SYN001957,v6,3,29.0
13406,SYN001957,bv1,1,149.0
13407,SYN001957,v1,1,89.0
13408,SYN001957,s1,3,399.0
13409,SYN001957,s2,2,249.0
13410,SYN001957,f1,3,249.0
13411,SYN001957,s3,3,99.0
13412,SYN001957,f4,2,199.0
13413,SYN001957,b2,2,249.0
13414,SYN001957,v5,1,149.0
13415,SYN001958,f1,2,249.0
13416,SYN001958,v1,3,89.0
13417,SYN001958,b1,2,199.0
13418,SYN001958,s5,2,199.0
13419,SYN001958,v6,3,29.0
13420,SYN001958,bv1,3,149.0
13421,SYN001958,d4,3,99.0
13422,SYN001958,s1,2,399.0
13423,SYN001958,d2,3,249.0
13424,SYN001958,bv4,2,349.0
13425,SYN001958,v3,1,79.0
13426,SYN001958,s3,1,99.0
13427,SYN001958,d1,1,69.0
13428,SYN001958,v2,3,49.0
13429,SYN001958,f3,1,149.0
13430,SYN001959,v6,2,29.0
13431,SYN001959,s5,1,199.0
13432,SYN001959,d1,2,69.0
13433,SYN001959,f6,1,179.0
13434,SYN001959,v1,2,89.0
13435,SYN001959,bv2,2,249.0
13436,SYN001959,s1,1,399.0
13437,SYN001959,v4,3,39.0
13438,SYN001959,b1,2,199.0
13439,SYN001959,bv1,3,149.0
13440,SYN001959,v2,3,49.0
13441,SYN001959,s3,2,99.0
13442,SYN001959,s2,1,249.0
13443,SYN001959,d3,1,179.0
13444,SYN001959,d2,3,249.0
13445,SYN001960,bv2,1,249.0
13446,SYN001960,v5,2,149.0
13447,SYN001960,bv1,3,149.0
13448,SYN001960,f5,3,99.0
13449,SYN001960,d3,3,179.0
13450,SYN001960,bv4,3,349.0
13451,SYN001960,d4,3,99.0
13452,SYN001960,s4,3,299.0
13453,SYN001961,d1,3,69.0
13454,SYN001961,v4,1,39.0
13455,SYN001961,d4,1,99.0
13456,SYN001961,b4,2,599.0
13457,SYN001961,s5,3,199.0
13458,SYN001961,d2,3,249.0
13459,SYN001961,v3,3,79.0
13460,SYN001961,s4,1,299.0
13461,SYN001961,d5,2,249.0
13462,SYN001961,v5,2,149.0
13463,SYN001961,s1,2,399.0
13464,SYN001961,bv1,3,149.0
13465,SYN001962,s5,2,199.0
13466,SYN001962,d4,3,99.0
13467,SYN001962,s3,1,99.0
13468,SYN001962,s1,1,399.0
13469,SYN001962,bv3,1,199.0
13470,SYN001962,bv2,1,249.0
13471,SYN001962,f3,2,149.0
13472,SYN001962,s2,1,249.0
13473,SYN001962,d1,2,69.0
13474,SYN001962,b3,3,199.0
13475,SYN001962,v3,2,79.0
13476,SYN001962,bv4,1,349.0
13477,SYN001963,bv4,1,349.0
13478,SYN001963,v3,2,79.0
13479,SYN001963,s5,3,199.0
13480,SYN001963,s4,3,299.0
13481,SYN001963,d2,1,249.0
13482,SYN001963,b5,2,299.0
13483,SYN001963,b3,3,199.0
13484,SYN001963,d4,3,99.0
13485,SYN001963,s2,1,249.0
13486,SYN001963,d5,2,249.0
13487,SYN001963,bv2,3,249.0
13488,SYN001964,v4,1,39.0
13489,SYN001964,s1,2,399.0
13490,SYN001964,d5,1,249.0
13491,SYN001964,s5,1,199.0
13492,SYN001964,v1,3,89.0
13493,SYN001964,d1,1,69.0
13494,SYN001964,d4,2,99.0
13495,SYN001964,f6,2,179.0
13496,SYN001964,s4,3,299.0
13497,SYN001964,bv3,2,199.0
13498,SYN001964,s2,3,249.0
13499,SYN001964,bv4,1,349.0
13500,SYN001964,bv1,3,149.0
13501,SYN001965,s4,3,299.0
13502,SYN001965,v3,2,79.0
13503,SYN001965,v5,2,149.0
13504,SYN001965,v1,1,89.0
13505,SYN001965,v4,2,39.0
13506,SYN001965,d5,2,249.0
13507,SYN001965,s2,2,249.0
13508,SYN001965,d2,1,249.0
13509,SYN001966,v6,1,29.0
13510,SYN001966,f5,1,99.0
13511,SYN001966,d5,2,249.0
13512,SYN001966,d2,1,249.0
13513,SYN001966,s3,2,99.0
13514,SYN001966,s4,1,299.0
13515,SYN001966,v3,3,79.0
13516,SYN001966,d1,3,69.0
13517,SYN001967,d2,3,249.0
13518,SYN001967,v6,3,29.0
13519,SYN001967,v4,1,39.0
13520,SYN001967,v5,1,149.0
13521,SYN001967,v3,1,79.0
13522,SYN001967,d5,2,249.0
13523,SYN001967,s3,3,99.0
13524,SYN001967,d1,3,69.0
13525,SYN001967,v2,1,49.0
13526,SYN001967,v1,3,89.0
13527,SYN001967,f1,3,249.0
13528,SYN001967,bv4,2,349.0
13529,SYN001967,b4,1,599.0
13530,SYN001967,b1,1,199.0
13531,SYN001967,s4,3,299.0
13532,SYN001968,bv1,3,149.0
13533,SYN001968,d3,3,179.0
13534,SYN001968,b2,1,249.0
13535,SYN001968,bv3,2,199.0
13536,SYN001968,d1,2,69.0
13537,SYN001968,v5,2,149.0
13538,SYN001968,v4,1,39.0
13539,SYN001968,s2,1,249.0
13540,SYN001968,d4,3,99.0
13541,SYN001968,v1,2,89.0
13542,SYN001968,s5,2,199.0
13543,SYN001968,s1,1,399.0
13544,SYN001969,s3,2,99.0
13545,SYN001969,v6,3,29.0
13546,SYN001969,bv3,3,199.0
13547,SYN001969,f1,2,249.0
13548,SYN001969,v5,3,149.0
13549,SYN001969,s5,3,199.0
13550,SYN001969,v1,3,89.0
13551,SYN001969,d3,2,179.0
13552,SYN001970,d2,1,249.0
13553,SYN001970,v1,3,89.0
13554,SYN001970,v5,2,149.0
13555,SYN001970,s5,3,199.0
13556,SYN001970,d3,2,179.0
13557,SYN001970,s4,2,299.0
13558,SYN001970,v3,3,79.0
13559,SYN001970,v6,2,29.0
13560,SYN001971,bv3,1,199.0
13561,SYN001971,s5,2,199.0
13562,SYN001971,v6,2,29.0
13563,SYN001971,f5,2,99.0
13564,SYN001971,d2,3,249.0
13565,SYN001971,bv4,2,349.0
13566,SYN001971,s4,1,299.0
13567,SYN001971,s1,2,399.0
13568,SYN001971,bv2,3,249.0
13569,SYN001971,b1,1,199.0
13570,SYN001971,v4,3,39.0
13571,SYN001972,v2,3,49.0
13572,SYN001972,d3,1,179.0
13573,SYN001972,v6,1,29.0
13574,SYN001972,v3,2,79.0
13575,SYN001972,s2,2,249.0
13576,SYN001972,bv3,2,199.0
13577,SYN001972,d4,3,99.0
13578,SYN001972,s1,2,399.0
13579,SYN001972,v5,1,149.0
13580,SYN001972,d5,3,249.0
13581,SYN001972,s5,3,199.0
13582,SYN001972,bv2,2,249.0
13583,SYN001972,b4,1,599.0
13584,SYN001972,v1,1,89.0
13585,SYN001972,bv4,2,349.0
13586,SYN001973,s2,1,249.0
13587,SYN001973,d5,2,249.0
13588,SYN001973,d4,1,99.0
13589,SYN001973,d2,1,249.0
13590,SYN001973,f3,3,149.0
13591,SYN001973,v4,3,39.0
13592,SYN001973,v3,3,79.0
13593,SYN001973,b4,3,599.0
13594,SYN001973,v6,3,29.0
13595,SYN001973,bv3,1,199.0
13596,SYN001973,bv1,3,149.0
13597,SYN001973,b3,1,199.0
13598,SYN001974,v4,3,39.0
13599,SYN001974,s3,2,99.0
13600,SYN001974,bv1,1,149.0
13601,SYN001974,d3,2,179.0
13602,SYN001974,s5,3,199.0
13603,SYN001974,d4,3,99.0
13604,SYN001974,d2,1,249.0
13605,SYN001974,d5,2,249.0
13606,SYN001974,bv3,1,199.0
13607,SYN001974,s4,2,299.0
13608,SYN001974,f3,1,149.0
13609,SYN001974,f5,3,99.0
13610,SYN001974,d1,1,69.0
13611,SYN001974,b1,1,199.0
13612,SYN001974,s1,1,399.0
13613,SYN001975,v4,3,39.0
13614,SYN001975,v6,1,29.0
13615,SYN001975,v5,2,149.0
13616,SYN001975,s1,2,399.0
13617,SYN001975,d2,1,249.0
13618,SYN001975,s4,2,299.0
13619,SYN001975,d1,2,69.0
13620,SYN001975,f4,2,199.0
13621,SYN001975,s2,3,249.0
13622,SYN001976,v4,3,39.0
13623,SYN001976,bv4,2,349.0
13624,SYN001976,v6,2,29.0
13625,SYN001976,bv3,1,199.0
13626,SYN001976,bv2,1,249.0
13627,SYN001976,s4,3,299.0
13628,SYN001976,d5,2,249.0
13629,SYN001976,d4,2,99.0
13630,SYN001976,s1,2,399.0
13631,SYN001976,v1,3,89.0
13632,SYN001976,f2,1,49.0
13633,SYN001976,s5,1,199.0
13634,SYN001977,b5,3,299.0
13635,SYN001977,v4,3,39.0
13636,SYN001977,bv4,3,349.0
13637,SYN001977,v2,3,49.0
13638,SYN001977,d4,1,99.0
13639,SYN001977,d3,3,179.0
13640,SYN001977,f2,2,49.0
13641,SYN001977,b1,3,199.0
13642,SYN001977,b2,1,249.0
13643,SYN001978,s3,1,99.0
13644,SYN001978,s5,2,199.0
13645,SYN001978,v3,2,79.0
13646,SYN001978,b2,3,249.0
13647,SYN001978,s2,3,249.0
13648,SYN001978,bv1,2,149.0
13649,SYN001978,b1,3,199.0
13650,SYN001978,s4,3,299.0
13651,SYN001978,bv4,3,349.0
13652,SYN001978,d5,3,249.0
13653,SYN001979,bv4,3,349.0
13654,SYN001979,s5,2,199.0
13655,SYN001979,b3,3,199.0
13656,SYN001979,v2,2,49.0
13657,SYN001979,bv3,1,199.0
13658,SYN001979,v6,2,29.0
13659,SYN001979,d2,3,249.0
13660,SYN001979,d3,1,179.0
13661,SYN001979,s2,3,249.0
13662,SYN001979,v4,3,39.0
13663,SYN001979,v5,2,149.0
13664,SYN001980,v1,2,89.0
13665,SYN001980,bv3,2,199.0
13666,SYN001980,s3,1,99.0
13667,SYN001980,bv4,1,349.0
13668,SYN001980,s2,1,249.0
13669,SYN001980,v3,2,79.0
13670,SYN001980,s1,2,399.0
13671,SYN001980,f2,2,49.0
13672,SYN001980,f1,1,249.0
13673,SYN001980,s4,3,299.0
13674,SYN001980,d4,2,99.0
13675,SYN001980,v4,3,39.0
13676,SYN001980,d2,1,249.0
13677,SYN001980,bv1,3,149.0
13678,SYN001980,d1,3,69.0
13679,SYN001981,s5,2,199.0
13680,SYN001981,v2,2,49.0
13681,SYN001981,f6,1,179.0
13682,SYN001981,s1,1,399.0
13683,SYN001981,s4,2,299.0
13684,SYN001981,f4,3,199.0
13685,SYN001981,b1,2,199.0
13686,SYN001981,bv1,2,149.0
13687,SYN001981,v6,2,29.0
13688,SYN001982,bv2,3,249.0
13689,SYN001982,d3,1,179.0
13690,SYN001982,d4,1,99.0
13691,SYN001982,d2,3,249.0
13692,SYN001982,s4,1,299.0
13693,SYN001982,v4,1,39.0
13694,SYN001982,v3,1,79.0
13695,SYN001982,s2,3,249.0
13696,SYN001982,d1,2,69.0
13697,SYN001982,f4,2,199.0
13698,SYN001982,bv4,1,349.0
13699,SYN001982,s5,1,199.0
13700,SYN001982,v6,3,29.0
13701,SYN001982,d5,2,249.0
13702,SYN001982,v2,3,49.0
13703,SYN001983,v3,1,79.0
13704,SYN001983,bv4,3,349.0
13705,SYN001983,s3,3,99.0
13706,SYN001983,s2,2,249.0
13707,SYN001983,s1,3,399.0
13708,SYN001983,bv3,3,199.0
13709,SYN001983,v1,2,89.0
13710,SYN001983,bv1,1,149.0
13711,SYN001983,v6,3,29.0
13712,SYN001983,d4,3,99.0
13713,SYN001984,bv3,2,199.0
13714,SYN001984,b1,1,199.0
13715,SYN001984,v2,1,49.0
13716,SYN001984,v3,3,79.0
13717,SYN001984,f2,1,49.0
13718,SYN001984,bv1,2,149.0
13719,SYN001984,s2,2,249.0
13720,SYN001984,v5,3,149.0
13721,SYN001984,b4,2,599.0
13722,SYN001984,v1,3,89.0
13723,SYN001984,d4,2,99.0
13724,SYN001984,d3,3,179.0
13725,SYN001985,v4,2,39.0
13726,SYN001985,s2,1,249.0
13727,SYN001985,s3,1,99.0
13728,SYN001985,v6,3,29.0
13729,SYN001985,d2,2,249.0
13730,SYN001985,b4,1,599.0
13731,SYN001985,v3,2,79.0
13732,SYN001985,v5,2,149.0
13733,SYN001985,d1,2,69.0
13734,SYN001985,d3,1,179.0
13735,SYN001985,s1,1,399.0
13736,SYN001986,d5,1,249.0
13737,SYN001986,s2,3,249.0
13738,SYN001986,b5,1,299.0
13739,SYN001986,d4,3,99.0
13740,SYN001986,v5,2,149.0
13741,SYN001986,v3,3,79.0
13742,SYN001986,bv4,3,349.0
13743,SYN001986,bv2,1,249.0
13744,SYN001986,f4,1,199.0
13745,SYN001986,s1,1,399.0
13746,SYN001986,d1,1,69.0
13747,SYN001986,v1,3,89.0
13748,SYN001987,bv3,3,199.0
13749,SYN001987,bv1,2,149.0
13750,SYN001987,d5,1,249.0
13751,SYN001987,bv2,3,249.0
13752,SYN001987,s2,2,249.0
13753,SYN001987,f3,1,149.0
13754,SYN001987,v3,2,79.0
13755,SYN001987,f5,2,99.0
13756,SYN001987,d1,2,69.0
13757,SYN001988,b2,3,249.0
13758,SYN001988,s5,3,199.0
13759,SYN001988,v3,3,79.0
13760,SYN001988,d2,2,249.0
13761,SYN001988,bv3,3,199.0
13762,SYN001988,d3,3,179.0
13763,SYN001988,v4,2,39.0
13764,SYN001988,bv2,1,249.0
13765,SYN001988,d5,3,249.0
13766,SYN001988,v1,2,89.0
13767,SYN001988,v6,2,29.0
13768,SYN001989,s4,3,299.0
13769,SYN001989,v2,2,49.0
13770,SYN001989,v6,1,29.0
13771,SYN001989,s1,1,399.0
13772,SYN001989,bv1,3,149.0
13773,SYN001989,d3,1,179.0
13774,SYN001989,v1,1,89.0
13775,SYN001989,s3,3,99.0
13776,SYN001989,s2,3,249.0
13777,SYN001989,d1,2,69.0
13778,SYN001989,d5,3,249.0
13779,SYN001989,bv3,2,199.0
13780,SYN001989,bv2,3,249.0
13781,SYN001989,s5,3,199.0
13782,SYN001990,f3,2,149.0
13783,SYN001990,f5,3,99.0
13784,SYN001991,b3,1,199.0
13785,SYN001991,d5,1,249.0
13786,SYN001991,f5,1,99.0
13787,SYN001991,f4,1,199.0
13788,SYN001992,f5,1,99.0
13789,SYN001992,b1,2,199.0
13790,SYN001993,f5,2,99.0
13791,SYN001993,f1,1,249.0
13792,SYN001994,b4,3,599.0
13793,SYN001994,f3,3,149.0
13794,SYN001995,b3,1,199.0
13795,SYN001995,b1,2,199.0
13796,SYN001996,b3,1,199.0
13797,SYN001996,f4,1,199.0
13798,SYN001996,bv4,1,349.0
13799,SYN001996,bv1,2,149.0
13800,SYN001997,b3,3,199.0
13801,SYN001997,b5,1,299.0
13802,SYN001997,f3,2,149.0
13803,SYN001997,f6,1,179.0
13804,SYN001998,f6,2,179.0
13805,SYN001998,b5,1,299.0
13806,SYN001999,f3,3,149.0
13807,SYN001999,f4,1,199.0
13808,SYN002000,f5,1,99.0
13809,SYN002000,f2,1,49.0
13810,SYN002000,b2,1,249.0
13811,SYN002001,f4,2,199.0
13812,SYN002001,bv2,1,249.0
13813,SYN002001,f6,1,179.0
13814,SYN002001,b5,2,299.0
13815,SYN002002,f5,2,99.0
13816,SYN002002,f1,1,249.0
13817,SYN002002,b4,3,599.0
13818,SYN002003,f1,1,249.0
13819,SYN002003,b1,1,199.0
13820,SYN002004,f6,3,179.0
13821,SYN002004,f5,1,99.0
13822,SYN002004,s3,1,99.0
13823,SYN002005,s1,3,399.0
13824,SYN002005,f2,1,49.0
13825,SYN002005,s3,1,99.0
13826,SYN002005,d1,1,69.0
13827,SYN002006,bv1,1,149.0
13828,SYN002006,b5,3,299.0
13829,SYN002007,bv3,2,199.0
13830,SYN002007,b3,2,199.0
13831,SYN002007,b2,1,249.0
13832,SYN002007,f1,2,249.0
13833,SYN002008,s1,1,399.0
13834,SYN002008,b1,1,199.0
13835,SYN002008,f5,2,99.0
13836,SYN002008,b2,2,249.0
13837,SYN002009,d2,1,249.0
13838,SYN002009,b3,3,199.0
13839,SYN002009,f2,3,49.0
13840,SYN002009,f3,1,149.0
13841,SYN002010,f6,2,179.0
13842,SYN002010,b4,1,599.0
13843,SYN002010,b1,2,199.0
13844,SYN002010,f5,1,99.0
13845,SYN002011,f2,3,49.0
13846,SYN002011,b2,1,249.0
13847,SYN002011,b3,3,199.0
13848,SYN002011,b4,1,599.0
13849,SYN002012,f4,3,199.0
13850,SYN002012,f2,1,49.0
13851,SYN002013,f4,2,199.0
13852,SYN002013,d3,2,179.0
13853,SYN002013,f5,2,99.0
13854,SYN002013,b2,3,249.0
13855,SYN002014,v3,3,79.0
13856,SYN002014,d2,1,249.0
13857,SYN002015,f6,3,179.0
13858,SYN002015,d2,2,249.0
13859,SYN002015,b3,1,199.0
13860,SYN002015,s1,2,399.0
13861,SYN002015,f3,2,149.0
13862,SYN002015,d5,2,249.0
13863,SYN002015,b2,2,249.0
13864,SYN002016,v3,3,79.0
13865,SYN002016,b1,3,199.0
13866,SYN002016,b3,1,199.0
13867,SYN002016,d4,1,99.0
13868,SYN002016,v1,3,89.0
13869,SYN002016,d1,3,69.0
13870,SYN002016,b4,1,599.0
13871,SYN002016,v4,3,39.0
13872,SYN002016,v2,2,49.0
13873,SYN002016,bv2,3,249.0
13874,SYN002016,b5,1,299.0
13875,SYN002017,bv3,1,199.0
13876,SYN002017,b1,2,199.0
13877,SYN002017,f5,2,99.0
13878,SYN002017,f2,2,49.0
13879,SYN002017,v2,2,49.0
13880,SYN002017,f6,3,179.0
13881,SYN002018,f6,1,179.0
13882,SYN002018,s3,1,99.0
13883,SYN002018,v5,2,149.0
13884,SYN002018,s4,3,299.0
13885,SYN002018,bv3,3,199.0
13886,SYN002018,bv2,2,249.0
13887,SYN002018,s1,1,399.0
13888,SYN002018,v2,3,49.0
13889,SYN002018,d3,2,179.0
13890,SYN002018,bv4,1,349.0
13891,SYN002018,f4,3,199.0
13892,SYN002018,f1,3,249.0
13893,SYN002019,v1,2,89.0
13894,SYN002019,s5,1,199.0
13895,SYN002019,v6,3,29.0
13896,SYN002019,d1,2,69.0
13897,SYN002019,v2,3,49.0
13898,SYN002019,f1,2,249.0
13899,SYN002020,f5,1,99.0
13900,SYN002020,b4,1,599.0
13901,SYN002020,v1,1,89.0
13902,SYN002020,b2,3,249.0
13903,SYN002020,bv3,1,199.0
13904,SYN002020,b1,2,199.0
13905,SYN002020,bv1,1,149.0
13906,SYN002021,d5,1,249.0
13907,SYN002021,s2,1,249.0
13908,SYN002021,d2,3,249.0
13909,SYN002021,v2,1,49.0
13910,SYN002021,f6,1,179.0
13911,SYN002021,f5,3,99.0
13912,SYN002021,bv4,2,349.0
13913,SYN002021,d4,3,99.0
13914,SYN002021,b2,2,249.0
13915,SYN002022,b1,1,199.0
13916,SYN002022,bv1,3,149.0
13917,SYN002022,d2,3,249.0
13918,SYN002022,f1,1,249.0
13919,SYN002022,f4,3,199.0
13920,SYN002022,s5,2,199.0
13921,SYN002022,v2,3,49.0
13922,SYN002022,v1,3,89.0
13923,SYN002022,s1,2,399.0
13924,SYN002022,s3,2,99.0
13925,SYN002023,d4,1,99.0
13926,SYN002023,s3,3,99.0
13927,SYN002023,f3,2,149.0
13928,SYN002023,bv1,3,149.0
13929,SYN002023,s1,1,399.0
13930,SYN002023,d2,2,249.0
13931,SYN002023,v2,1,49.0
13932,SYN002023,v5,3,149.0
13933,SYN002023,f5,2,99.0
13934,SYN002023,f1,3,249.0
13935,SYN002023,v1,2,89.0
13936,SYN002024,s4,2,299.0
13937,SYN002024,s2,1,249.0
13938,SYN002024,bv4,1,349.0
13939,SYN002024,v5,1,149.0
13940,SYN002024,bv3,2,199.0
13941,SYN002024,b1,1,199.0
13942,SYN002024,f5,2,99.0
13943,SYN002024,v2,1,49.0
13944,SYN002024,d2,3,249.0
13945,SYN002025,bv2,3,249.0
13946,SYN002025,v6,3,29.0
13947,SYN002025,f5,1,99.0
13948,SYN002025,v2,2,49.0
13949,SYN002025,f2,1,49.0
13950,SYN002025,b1,2,199.0
13951,SYN002026,s2,2,249.0
13952,SYN002026,d2,3,249.0
13953,SYN002026,bv2,1,249.0
13954,SYN002026,v2,2,49.0
13955,SYN002026,b3,3,199.0
13956,SYN002026,d4,1,99.0
13957,SYN002027,s2,1,249.0
13958,SYN002027,bv3,3,199.0
13959,SYN002027,d1,3,69.0
13960,SYN002027,bv2,1,249.0
13961,SYN002027,b3,2,199.0
13962,SYN002027,b4,3,599.0
13963,SYN002027,v5,3,149.0
13964,SYN002027,s1,2,399.0
13965,SYN002028,b3,2,199.0
13966,SYN002028,d5,2,249.0
13967,SYN002028,d3,1,179.0
13968,SYN002028,s2,1,249.0
13969,SYN002028,v3,2,79.0
13970,SYN002028,s3,2,99.0
13971,SYN002028,bv4,2,349.0
13972,SYN002028,b4,2,599.0
13973,SYN002028,b2,3,249.0
13974,SYN002029,b1,1,199.0
13975,SYN002029,s3,3,99.0
13976,SYN002029,f2,3,49.0
13977,SYN002029,bv1,1,149.0
13978,SYN002029,b3,2,199.0
13979,SYN002029,v1,2,89.0
13980,SYN002029,d5,3,249.0
13981,SYN002029,d3,2,179.0
13982,SYN002029,bv4,2,349.0
13983,SYN002029,s4,1,299.0
13984,SYN002030,s5,2,199.0
13985,SYN002030,v3,1,79.0
13986,SYN002030,f3,3,149.0
13987,SYN002030,bv4,3,349.0
13988,SYN002030,d5,1,249.0
13989,SYN002030,d2,2,249.0
13990,SYN002030,bv2,2,249.0
13991,SYN002031,b3,2,199.0
13992,SYN002031,f5,2,99.0
13993,SYN002031,v6,3,29.0
13994,SYN002031,f6,2,179.0
13995,SYN002031,s5,1,199.0
13996,SYN002031,bv2,1,249.0
13997,SYN002031,s4,1,299.0
13998,SYN002031,bv1,3,149.0
13999,SYN002031,d5,1,249.0
14000,SYN002031,s2,1,249.0
14001,SYN002032,v4,2,39.0
14002,SYN002032,s2,3,249.0
14003,SYN002032,s1,2,399.0
14004,SYN002032,b5,3,299.0
14005,SYN002032,d5,2,249.0
14006,SYN002032,v1,1,89.0
14007,SYN002032,s5,2,199.0
14008,SYN002032,f1,1,249.0
14009,SYN002032,v6,2,29.0
14010,SYN002032,v3,1,79.0
14011,SYN002032,b2,2,249.0
14012,SYN002033,f3,2,149.0
14013,SYN002033,bv2,3,249.0
14014,SYN002033,s1,1,399.0
14015,SYN002033,bv3,2,199.0
14016,SYN002033,f4,3,199.0
14017,SYN002033,f5,1,99.0
14018,SYN002033,v4,1,39.0
14019,SYN002034,f6,1,179.0
14020,SYN002034,b2,3,249.0
14021,SYN002034,b1,1,199.0
14022,SYN002034,d5,2,249.0
14023,SYN002034,s4,1,299.0
14024,SYN002034,b5,1,299.0
14025,SYN002034,b3,1,199.0
14026,SYN002035,f6,1,179.0
14027,SYN002035,f5,2,99.0
14028,SYN002035,b2,3,249.0
14029,SYN002035,s4,3,299.0
14030,SYN002035,b3,1,199.0
14031,SYN002035,d3,1,179.0
14032,SYN002035,b1,2,199.0
14033,SYN002036,f6,3,179.0
14034,SYN002036,v4,1,39.0
14035,SYN002036,d1,3,69.0
14036,SYN002036,s5,3,199.0
14037,SYN002036,v5,1,149.0
14038,SYN002036,s2,3,249.0
14039,SYN002037,d2,3,249.0
14040,SYN002037,s3,3,99.0
14041,SYN002037,d1,3,69.0
14042,SYN002037,d5,3,249.0
14043,SYN002037,d4,3,99.0
14044,SYN002037,s1,2,399.0
14045,SYN002037,bv1,2,149.0
14046,SYN002037,f4,2,199.0
14047,SYN002037,v1,2,89.0
14048,SYN002037,v4,3,39.0
14049,SYN002038,v3,1,79.0
14050,SYN002038,d1,2,69.0
14051,SYN002038,v6,2,29.0
14052,SYN002038,v2,2,49.0
14053,SYN002038,d5,3,249.0
14054,SYN002038,b5,2,299.0
14055,SYN002038,b1,3,199.0
14056,SYN002038,bv2,1,249.0
14057,SYN002038,s2,2,249.0
14058,SYN002038,f1,2,249.0
14059,SYN002038,d3,1,179.0
14060,SYN002039,d1,1,69.0
14061,SYN002039,f5,2,99.0
14062,SYN002039,s5,2,199.0
14063,SYN002039,bv1,1,149.0
14064,SYN002039,d2,3,249.0
14065,SYN002039,d4,1,99.0
14066,SYN002039,v3,1,79.0
14067,SYN002039,b2,1,249.0
14068,SYN002039,s4,1,299.0
14069,SYN002040,d4,2,99.0
14070,SYN002040,d5,3,249.0
14071,SYN002040,v4,2,39.0
14072,SYN002040,f5,1,99.0
14073,SYN002040,s5,1,199.0
14074,SYN002040,v6,3,29.0
14075,SYN002040,s4,3,299.0
14076,SYN002040,v5,3,149.0
14077,SYN002041,b1,1,199.0
14078,SYN002041,f3,3,149.0
14079,SYN002041,v5,3,149.0
14080,SYN002041,bv4,2,349.0
14081,SYN002041,d4,2,99.0
14082,SYN002041,b3,2,199.0
14083,SYN002041,f2,1,49.0
14084,SYN002041,d5,1,249.0
14085,SYN002042,s2,2,249.0
14086,SYN002042,b5,3,299.0
14087,SYN002042,v2,3,49.0
14088,SYN002042,b3,2,199.0
14089,SYN002042,bv3,2,199.0
14090,SYN002042,f4,1,199.0
14091,SYN002042,bv1,3,149.0
14092,SYN002042,d2,2,249.0
14093,SYN002043,f2,2,49.0
14094,SYN002043,s2,2,249.0
14095,SYN002043,s4,1,299.0
14096,SYN002043,s5,3,199.0
14097,SYN002043,v4,2,39.0
14098,SYN002043,f1,3,249.0
14099,SYN002043,s1,3,399.0
14100,SYN002044,bv3,2,199.0
14101,SYN002044,d4,3,99.0
14102,SYN002044,b4,1,599.0
14103,SYN002044,b2,1,249.0
14104,SYN002044,v2,2,49.0
14105,SYN002044,s1,3,399.0
14106,SYN002044,f5,1,99.0
14107,SYN002044,f4,3,199.0
14108,SYN002044,f2,1,49.0
14109,SYN002044,d2,3,249.0
14110,SYN002044,s4,2,299.0
14111,SYN002045,bv2,2,249.0
14112,SYN002045,d2,3,249.0
14113,SYN002045,s5,2,199.0
14114,SYN002045,v1,1,89.0
14115,SYN002045,s3,3,99.0
14116,SYN002045,b1,2,199.0
14117,SYN002046,b1,1,199.0
14118,SYN002046,d2,2,249.0
14119,SYN002046,b4,2,599.0
14120,SYN002046,s5,2,199.0
14121,SYN002046,b5,3,299.0
14122,SYN002046,b3,3,199.0
14123,SYN002046,d1,1,69.0
14124,SYN002047,bv2,3,249.0
14125,SYN002047,f6,1,179.0
14126,SYN002047,b4,3,599.0
14127,SYN002047,bv3,2,199.0
14128,SYN002047,f5,3,99.0
14129,SYN002047,v5,1,149.0
14130,SYN002047,bv4,3,349.0
14131,SYN002047,s4,1,299.0
14132,SYN002047,d3,3,179.0
14133,SYN002047,v4,1,39.0
14134,SYN002047,d4,2,99.0
14135,SYN002048,f4,2,199.0
14136,SYN002048,d3,2,179.0
14137,SYN002048,b3,2,199.0
14138,SYN002048,b4,1,599.0
14139,SYN002048,b1,3,199.0
14140,SYN002048,s4,1,299.0
14141,SYN002048,v5,3,149.0
14142,SYN002048,s1,2,399.0
14143,SYN002048,f2,2,49.0
14144,SYN002048,b5,2,299.0
14145,SYN002048,f1,2,249.0
14146,SYN002049,v6,1,29.0
14147,SYN002049,s4,2,299.0
14148,SYN002049,f5,1,99.0
14149,SYN002049,b2,2,249.0
14150,SYN002049,f6,3,179.0
14151,SYN002049,bv1,2,149.0
14152,SYN002049,s5,2,199.0
14153,SYN002049,v5,1,149.0
14154,SYN002050,b4,3,599.0
14155,SYN002050,f6,3,179.0
14156,SYN002050,d1,1,69.0
14157,SYN002050,bv4,2,349.0
14158,SYN002050,v5,1,149.0
14159,SYN002050,s2,2,249.0
14160,SYN002050,d5,1,249.0
14161,SYN002050,f4,3,199.0
14162,SYN002050,s3,3,99.0
14163,SYN002050,f3,2,149.0
14164,SYN002050,d3,1,179.0
14165,SYN002050,s5,2,199.0
14166,SYN002051,d5,3,249.0
14167,SYN002051,v2,1,49.0
14168,SYN002051,s5,2,199.0
14169,SYN002051,d2,1,249.0
14170,SYN002051,f5,2,99.0
14171,SYN002051,d1,2,69.0
14172,SYN002051,f1,1,249.0
14173,SYN002051,d4,1,99.0
14174,SYN002051,bv2,2,249.0
14175,SYN002052,b5,2,299.0
14176,SYN002052,f6,2,179.0
14177,SYN002052,s2,2,249.0
14178,SYN002052,d2,3,249.0
14179,SYN002052,b2,3,249.0
14180,SYN002052,bv4,3,349.0
14181,SYN002052,v1,1,89.0
14182,SYN002052,f3,3,149.0
14183,SYN002052,d5,2,249.0
14184,SYN002052,b4,1,599.0
14185,SYN002052,bv1,3,149.0
14186,SYN002052,v2,2,49.0
14187,SYN002053,s2,1,249.0
14188,SYN002053,f2,3,49.0
14189,SYN002053,d5,2,249.0
14190,SYN002053,v5,1,149.0
14191,SYN002053,s5,3,199.0
14192,SYN002053,bv1,2,149.0
14193,SYN002053,v1,2,89.0
14194,SYN002053,b3,1,199.0
14195,SYN002053,b2,1,249.0
14196,SYN002053,d3,1,179.0
14197,SYN002053,bv2,1,249.0
14198,SYN002053,bv3,1,199.0
14199,SYN002054,b4,2,599.0
14200,SYN002054,bv1,3,149.0
14201,SYN002054,s5,2,199.0
14202,SYN002054,v4,1,39.0
14203,SYN002054,d1,2,69.0
14204,SYN002054,d4,2,99.0
14205,SYN002054,d3,1,179.0
14206,SYN002054,v6,2,29.0
14207,SYN002054,s1,1,399.0
14208,SYN002055,s3,2,99.0
14209,SYN002055,s4,1,299.0
14210,SYN002055,f4,1,199.0
14211,SYN002055,s5,2,199.0
14212,SYN002055,d2,3,249.0
14213,SYN002055,b2,2,249.0
14214,SYN002055,v3,2,79.0
14215,SYN002055,f1,1,249.0
14216,SYN002056,bv3,1,199.0
14217,SYN002056,s1,3,399.0
14218,SYN002056,v5,2,149.0
14219,SYN002056,d1,2,69.0
14220,SYN002056,f1,1,249.0
14221,SYN002056,f4,2,199.0
14222,SYN002056,f5,1,99.0
14223,SYN002056,s2,2,249.0
14224,SYN002056,b3,1,199.0
14225,SYN002056,bv2,2,249.0
14226,SYN002056,b1,3,199.0
14227,SYN002057,b5,2,299.0
14228,SYN002057,b4,1,599.0
14229,SYN002057,bv3,2,199.0
14230,SYN002057,d1,2,69.0
14231,SYN002057,v6,2,29.0
14232,SYN002057,s4,3,299.0
14233,SYN002058,b4,1,599.0
14234,SYN002058,v5,2,149.0
14235,SYN002058,d1,3,69.0
14236,SYN002058,bv2,1,249.0
14237,SYN002058,v3,2,79.0
14238,SYN002058,v1,1,89.0
14239,SYN002058,d4,3,99.0
14240,SYN002058,b1,3,199.0
14241,SYN002058,bv4,1,349.0
14242,SYN002058,f5,3,99.0
14243,SYN002058,b2,3,249.0
14244,SYN002059,bv3,2,199.0
14245,SYN002059,f1,2,249.0
14246,SYN002059,b2,3,249.0
14247,SYN002059,b3,3,199.0
14248,SYN002059,d4,1,99.0
14249,SYN002059,d5,3,249.0
14250,SYN002059,v3,3,79.0
14251,SYN002059,d3,2,179.0
14252,SYN002059,bv4,2,349.0
14253,SYN002059,b4,2,599.0
14254,SYN002059,f3,2,149.0
14255,SYN002059,v1,1,89.0
14256,SYN002060,bv3,3,199.0
14257,SYN002060,s3,2,99.0
14258,SYN002060,bv4,3,349.0
14259,SYN002060,v6,1,29.0
14260,SYN002060,f4,3,199.0
14261,SYN002060,b4,2,599.0
14262,SYN002060,d1,3,69.0
14263,SYN002060,v4,3,39.0
14264,SYN002060,f6,3,179.0
14265,SYN002060,f5,1,99.0
14266,SYN002060,d5,3,249.0
14267,SYN002061,f1,2,249.0
14268,SYN002061,f5,2,99.0
14269,SYN002061,v1,2,89.0
14270,SYN002061,d1,2,69.0
14271,SYN002061,f3,2,149.0
14272,SYN002061,d5,1,249.0
14273,SYN002061,s4,2,299.0
14274,SYN002061,bv2,3,249.0
14275,SYN002061,b3,2,199.0
14276,SYN002061,v3,2,79.0
14277,SYN002061,bv4,3,349.0
14278,SYN002062,bv1,3,149.0
14279,SYN002062,d2,2,249.0
14280,SYN002062,v5,3,149.0
14281,SYN002062,v1,1,89.0
14282,SYN002062,s3,3,99.0
14283,SYN002062,s4,3,299.0
14284,SYN002062,b3,2,199.0
14285,SYN002062,d5,1,249.0
14286,SYN002063,f5,3,99.0
14287,SYN002063,b1,3,199.0
14288,SYN002063,v2,3,49.0
14289,SYN002063,b2,3,249.0
14290,SYN002063,b4,3,599.0
14291,SYN002063,f3,3,149.0
14292,SYN002063,bv4,2,349.0
14293,SYN002064,v2,1,49.0
14294,SYN002064,b3,2,199.0
14295,SYN002064,s4,3,299.0
14296,SYN002064,bv2,3,249.0
14297,SYN002064,f3,1,149.0
14298,SYN002064,v5,1,149.0
14299,SYN002064,d4,2,99.0
14300,SYN002064,v3,1,79.0
14301,SYN002064,b2,1,249.0
14302,SYN002064,s2,1,249.0
14303,SYN002064,s3,3,99.0
14304,SYN002065,d2,3,249.0
14305,SYN002065,f2,2,49.0
14306,SYN002065,f5,1,99.0
14307,SYN002065,v2,2,49.0
14308,SYN002065,b1,3,199.0
14309,SYN002065,f4,3,199.0
14310,SYN002065,f1,3,249.0
14311,SYN002065,v6,3,29.0
14312,SYN002066,f1,1,249.0
14313,SYN002066,b2,3,249.0
14314,SYN002066,v5,2,149.0
14315,SYN002066,d3,2,179.0
14316,SYN002066,v2,1,49.0
14317,SYN002066,b3,1,199.0
14318,SYN002066,s5,1,199.0
14319,SYN002066,d4,1,99.0
14320,SYN002066,f5,3,99.0
14321,SYN002066,b5,3,299.0
14322,SYN002066,f4,1,199.0
14323,SYN002067,b1,3,199.0
14324,SYN002067,bv2,2,249.0
14325,SYN002067,v1,2,89.0
14326,SYN002067,b5,3,299.0
14327,SYN002067,bv3,1,199.0
14328,SYN002067,b2,1,249.0
14329,SYN002067,d4,3,99.0
14330,SYN002067,b4,3,599.0
14331,SYN002067,f2,1,49.0
14332,SYN002068,d3,1,179.0
14333,SYN002068,v4,2,39.0
14334,SYN002068,f3,2,149.0
14335,SYN002068,s4,3,299.0
14336,SYN002068,f1,1,249.0
14337,SYN002068,d5,1,249.0
14338,SYN002068,f6,1,179.0
14339,SYN002068,b1,1,199.0
14340,SYN002068,v1,2,89.0
14341,SYN002068,v6,1,29.0
14342,SYN002069,v6,3,29.0
14343,SYN002069,d5,2,249.0
14344,SYN002069,b2,2,249.0
14345,SYN002069,s3,1,99.0
14346,SYN002069,b4,1,599.0
14347,SYN002069,f2,1,49.0
14348,SYN002069,d4,2,99.0
14349,SYN002069,f6,1,179.0
14350,SYN002069,v2,2,49.0
14351,SYN002070,f2,1,49.0
14352,SYN002070,f5,1,99.0
14353,SYN002070,s5,2,199.0
14354,SYN002070,d4,2,99.0
14355,SYN002070,b3,1,199.0
14356,SYN002070,d2,1,249.0
14357,SYN002070,s3,1,99.0
14358,SYN002070,d5,3,249.0
14359,SYN002070,b1,1,199.0
14360,SYN002070,v1,1,89.0
14361,SYN002070,s1,2,399.0
14362,SYN002071,b4,1,599.0
14363,SYN002071,v3,3,79.0
14364,SYN002071,f6,1,179.0
14365,SYN002071,bv4,3,349.0
14366,SYN002071,s4,2,299.0
14367,SYN002071,s3,3,99.0
14368,SYN002072,s5,2,199.0
14369,SYN002072,v4,3,39.0
14370,SYN002072,bv3,1,199.0
14371,SYN002072,bv4,3,349.0
14372,SYN002072,f2,3,49.0
14373,SYN002072,f4,1,199.0
14374,SYN002072,b1,1,199.0
14375,SYN002072,bv2,3,249.0
14376,SYN002072,s1,2,399.0
14377,SYN002072,v2,3,49.0
14378,SYN002072,f6,3,179.0
14379,SYN002072,d5,2,249.0
14380,SYN002073,s2,1,249.0
14381,SYN002073,s3,3,99.0
14382,SYN002073,f5,1,99.0
14383,SYN002073,v6,2,29.0
14384,SYN002073,bv2,3,249.0
14385,SYN002073,d2,1,249.0
14386,SYN002073,d5,1,249.0
14387,SYN002073,s5,1,199.0
14388,SYN002073,v4,3,39.0
14389,SYN002073,bv4,2,349.0
14390,SYN002073,v3,2,79.0
14391,SYN002074,d2,3,249.0
14392,SYN002074,bv2,1,249.0
14393,SYN002074,f3,3,149.0
14394,SYN002074,b3,1,199.0
14395,SYN002074,v2,2,49.0
14396,SYN002074,v5,2,149.0
14397,SYN002074,d1,2,69.0
14398,SYN002074,v4,3,39.0
14399,SYN002074,s5,3,199.0
14400,SYN002075,b1,3,199.0
14401,SYN002075,v6,2,29.0
14402,SYN002075,f6,1,179.0
14403,SYN002075,f3,3,149.0
14404,SYN002075,s4,3,299.0
14405,SYN002075,d2,2,249.0
14406,SYN002075,d5,2,249.0
14407,SYN002075,d1,3,69.0
14408,SYN002075,v4,1,39.0
14409,SYN002075,s3,3,99.0
14410,SYN002076,f1,3,249.0
14411,SYN002076,d3,2,179.0
14412,SYN002076,d4,1,99.0
14413,SYN002076,s3,3,99.0
14414,SYN002076,f6,2,179.0
14415,SYN002076,b1,3,199.0
14416,SYN002076,f5,2,99.0
14417,SYN002076,v2,2,49.0
14418,SYN002076,d1,2,69.0
14419,SYN002076,bv2,2,249.0
14420,SYN002077,b3,1,199.0
14421,SYN002077,v3,2,79.0
14422,SYN002077,d1,1,69.0
14423,SYN002077,bv4,1,349.0
14424,SYN002077,bv3,1,199.0
14425,SYN002077,d4,3,99.0
14426,SYN002077,s2,2,249.0
14427,SYN002077,b4,3,599.0
14428,SYN002077,v5,3,149.0
14429,SYN002077,b5,1,299.0
14430,SYN002078,d1,1,69.0
14431,SYN002078,d5,1,249.0
14432,SYN002078,b1,2,199.0
14433,SYN002078,v3,1,79.0
14434,SYN002078,b3,2,199.0
14435,SYN002078,s3,1,99.0
14436,SYN002079,b4,1,599.0
14437,SYN002079,d2,3,249.0
14438,SYN002079,v5,2,149.0
14439,SYN002079,f1,2,249.0
14440,SYN002079,f4,1,199.0
14441,SYN002079,b2,2,249.0
14442,SYN002079,s5,3,199.0
14443,SYN002079,s4,1,299.0
14444,SYN002079,f6,2,179.0
14445,SYN002080,b2,2,249.0
14446,SYN002080,v4,3,39.0
14447,SYN002080,f2,3,49.0
14448,SYN002080,f4,1,199.0
14449,SYN002080,d3,2,179.0
14450,SYN002080,s5,2,199.0
14451,SYN002080,bv2,2,249.0
14452,SYN002080,bv4,2,349.0
14453,SYN002080,d5,2,249.0
14454,SYN002080,d4,1,99.0
14455,SYN002080,v5,1,149.0
14456,SYN002081,b5,2,299.0
14457,SYN002081,bv4,1,349.0
14458,SYN002081,b3,3,199.0
14459,SYN002081,f3,2,149.0
14460,SYN002081,f1,2,249.0
14461,SYN002081,d1,2,69.0
14462,SYN002081,v3,1,79.0
14463,SYN002081,bv2,3,249.0
14464,SYN002082,s2,1,249.0
14465,SYN002082,b3,1,199.0
14466,SYN002082,f2,1,49.0
14467,SYN002082,v1,2,89.0
14468,SYN002082,f1,2,249.0
14469,SYN002082,d5,1,249.0
14470,SYN002083,s3,1,99.0
14471,SYN002083,d3,2,179.0
14472,SYN002083,f5,1,99.0
14473,SYN002083,f2,2,49.0
14474,SYN002083,s4,1,299.0
14475,SYN002083,d4,2,99.0
14476,SYN002083,b2,2,249.0
14477,SYN002084,v3,3,79.0
14478,SYN002084,d2,2,249.0
14479,SYN002084,f2,1,49.0
14480,SYN002084,v4,1,39.0
14481,SYN002084,f5,1,99.0
14482,SYN002084,s2,3,249.0
14483,SYN002084,b4,3,599.0
14484,SYN002084,s1,3,399.0
14485,SYN002084,b3,1,199.0
14486,SYN002084,v1,1,89.0
14487,SYN002085,s2,3,249.0
14488,SYN002085,f1,1,249.0
14489,SYN002085,s1,2,399.0
14490,SYN002085,f5,1,99.0
14491,SYN002085,s3,2,99.0
14492,SYN002085,v5,1,149.0
14493,SYN002086,v1,1,89.0
14494,SYN002086,v5,1,149.0
14495,SYN002086,f3,3,149.0
14496,SYN002086,bv3,2,199.0
14497,SYN002086,v2,2,49.0
14498,SYN002086,d3,3,179.0
14499,SYN002087,bv1,1,149.0
14500,SYN002087,f3,2,149.0
14501,SYN002087,b5,2,299.0
14502,SYN002087,bv3,2,199.0
14503,SYN002087,v4,1,39.0
14504,SYN002087,b4,3,599.0
14505,SYN002087,b1,3,199.0
14506,SYN002087,f1,2,249.0
14507,SYN002087,f4,2,199.0
14508,SYN002087,s3,2,99.0
14509,SYN002088,d4,2,99.0
14510,SYN002088,f3,3,149.0
14511,SYN002088,f5,1,99.0
14512,SYN002088,v3,3,79.0
14513,SYN002088,f4,2,199.0
14514,SYN002088,s5,3,199.0
14515,SYN002088,f6,2,179.0
14516,SYN002088,s4,2,299.0
14517,SYN002088,v1,3,89.0
14518,SYN002088,b3,1,199.0
14519,SYN002088,b1,2,199.0
14520,SYN002089,f3,1,149.0
14521,SYN002089,b5,2,299.0
14522,SYN002089,bv3,2,199.0
14523,SYN002089,d5,2,249.0
14524,SYN002089,b4,2,599.0
14525,SYN002089,d4,3,99.0
14526,SYN002089,b3,3,199.0
14527,SYN002089,v6,3,29.0
14528,SYN002089,s5,3,199.0
14529,SYN002089,s2,2,249.0
14530,SYN002089,b1,2,199.0
14531,SYN002089,v3,1,79.0
14532,SYN002090,v3,3,79.0
14533,SYN002090,f4,1,199.0
14534,SYN002090,b1,2,199.0
14535,SYN002090,d1,1,69.0
14536,SYN002090,v5,1,149.0
14537,SYN002090,f2,1,49.0
14538,SYN002090,b5,2,299.0
14539,SYN002090,b3,3,199.0
14540,SYN002090,f5,2,99.0
14541,SYN002091,bv4,2,349.0
14542,SYN002091,b3,3,199.0
14543,SYN002091,f2,3,49.0
14544,SYN002091,f5,1,99.0
14545,SYN002091,bv1,2,149.0
14546,SYN002091,f3,2,149.0
14547,SYN002091,b2,3,249.0
14548,SYN002091,v6,2,29.0
14549,SYN002092,b1,2,199.0
14550,SYN002092,f3,3,149.0
14551,SYN002092,f1,3,249.0
14552,SYN002092,v6,1,29.0
14553,SYN002092,b3,2,199.0
14554,SYN002092,v2,3,49.0
14555,SYN002093,bv1,1,149.0
14556,SYN002093,d3,1,179.0
14557,SYN002093,v2,3,49.0
14558,SYN002093,b3,2,199.0
14559,SYN002093,v4,2,39.0
14560,SYN002093,s4,2,299.0
14561,SYN002094,v3,3,79.0
14562,SYN002094,bv4,1,349.0
14563,SYN002094,v1,1,89.0
14564,SYN002094,bv2,3,249.0
14565,SYN002094,b2,2,249.0
14566,SYN002094,f6,3,179.0
14567,SYN002094,s1,2,399.0
14568,SYN002094,d3,3,179.0
14569,SYN002094,s3,1,99.0
14570,SYN002094,bv3,3,199.0
14571,SYN002094,d4,3,99.0
14572,SYN002094,d2,1,249.0
14573,SYN002095,v2,3,49.0
14574,SYN002095,bv4,1,349.0
14575,SYN002095,s4,2,299.0
14576,SYN002095,b3,1,199.0
14577,SYN002095,v1,1,89.0
14578,SYN002095,d2,2,249.0
14579,SYN002095,d4,2,99.0
14580,SYN002096,f3,2,149.0
14581,SYN002096,f6,1,179.0
14582,SYN002096,v6,1,29.0
14583,SYN002096,s5,3,199.0
14584,SYN002096,d3,3,179.0
14585,SYN002096,bv3,1,199.0
14586,SYN002096,f1,1,249.0
14587,SYN002096,d5,2,249.0
14588,SYN002096,bv1,2,149.0
14589,SYN002096,v2,3,49.0
14590,SYN002097,d2,1,249.0
14591,SYN002097,b3,3,199.0
14592,SYN002097,v4,3,39.0
14593,SYN002097,f3,1,149.0
14594,SYN002097,d1,1,69.0
14595,SYN002097,b2,1,249.0
14596,SYN002097,bv3,3,199.0
14597,SYN002098,f4,1,199.0
14598,SYN002098,s2,2,249.0
14599,SYN002098,bv1,1,149.0
14600,SYN002098,v2,2,49.0
14601,SYN002098,b2,2,249.0
14602,SYN002098,v5,1,149.0
14603,SYN002098,s4,3,299.0
14604,SYN002099,v4,2,39.0
14605,SYN002099,s5,3,199.0
14606,SYN002099,f1,3,249.0
14607,SYN002099,s2,2,249.0
14608,SYN002099,f3,2,149.0
14609,SYN002099,b2,1,249.0
14610,SYN002099,b5,1,299.0
14611,SYN002099,s4,3,299.0
14612,SYN002099,v2,2,49.0
14613,SYN002099,d3,2,179.0
14614,SYN002099,s3,1,99.0
14615,SYN002099,v3,3,79.0
14616,SYN002100,b1,3,199.0
14617,SYN002100,v3,2,79.0
14618,SYN002100,v2,3,49.0
14619,SYN002100,f3,2,149.0
14620,SYN002100,b4,2,599.0
14621,SYN002100,bv2,2,249.0
14622,SYN002100,f6,1,179.0
14623,SYN002100,d3,3,179.0
14624,SYN002101,f3,3,149.0
14625,SYN002101,b1,3,199.0
14626,SYN002101,f1,2,249.0
14627,SYN002101,d2,1,249.0
14628,SYN002101,v6,1,29.0
14629,SYN002101,b2,1,249.0
14630,SYN002101,bv1,3,149.0
14631,SYN002101,s2,1,249.0
14632,SYN002102,f1,3,249.0
14633,SYN002102,v3,1,79.0
14634,SYN002102,f4,1,199.0
14635,SYN002102,f3,2,149.0
14636,SYN002102,b2,3,249.0
14637,SYN002102,d3,3,179.0
14638,SYN002102,b1,3,199.0
14639,SYN002103,d1,2,69.0
14640,SYN002103,d5,3,249.0
14641,SYN002103,v6,2,29.0
14642,SYN002103,bv4,1,349.0
14643,SYN002103,s2,3,249.0
14644,SYN002103,v2,1,49.0
14645,SYN002103,f5,2,99.0
14646,SYN002104,v3,1,79.0
14647,SYN002104,s5,3,199.0
14648,SYN002104,d3,2,179.0
14649,SYN002104,v6,2,29.0
14650,SYN002104,bv3,2,199.0
14651,SYN002104,s3,1,99.0
14652,SYN002104,f2,2,49.0
14653,SYN002104,d4,3,99.0
14654,SYN002104,s2,2,249.0
14655,SYN002104,bv4,2,349.0
14656,SYN002104,s1,1,399.0
14657,SYN002105,b1,3,199.0
14658,SYN002105,b4,2,599.0
14659,SYN002105,s5,2,199.0
14660,SYN002105,f5,2,99.0
14661,SYN002105,d4,1,99.0
14662,SYN002105,b2,3,249.0
14663,SYN002106,v5,1,149.0
14664,SYN002106,d1,2,69.0
14665,SYN002106,s1,3,399.0
14666,SYN002106,s5,2,199.0
14667,SYN002106,b2,3,249.0
14668,SYN002106,d2,3,249.0
14669,SYN002106,d4,1,99.0
14670,SYN002106,d3,2,179.0
14671,SYN002107,b1,2,199.0
14672,SYN002107,bv1,1,149.0
14673,SYN002107,v5,2,149.0
14674,SYN002107,bv3,3,199.0
14675,SYN002107,bv4,1,349.0
14676,SYN002107,f5,1,99.0
14677,SYN002107,v3,3,79.0
14678,SYN002107,v2,2,49.0
14679,SYN002107,b4,1,599.0
14680,SYN002107,f3,3,149.0
14681,SYN002108,d4,3,99.0
14682,SYN002108,s1,2,399.0
14683,SYN002108,s3,3,99.0
14684,SYN002108,f2,3,49.0
14685,SYN002108,v4,3,39.0
14686,SYN002108,s4,1,299.0
14687,SYN002108,bv3,1,199.0
14688,SYN002108,f4,3,199.0
14689,SYN002108,b2,3,249.0
14690,SYN002108,b1,2,199.0
14691,SYN002108,v2,3,49.0
14692,SYN002109,v2,2,49.0
14693,SYN002109,d4,2,99.0
14694,SYN002109,v3,3,79.0
14695,SYN002109,d3,2,179.0
14696,SYN002109,bv3,1,199.0
14697,SYN002109,s5,2,199.0
14698,SYN002109,f6,3,179.0
14699,SYN002109,s1,1,399.0
14700,SYN002109,f2,3,49.0
14701,SYN002109,b4,2,599.0
14702,SYN002109,b3,2,199.0
14703,SYN002110,f5,3,99.0
14704,SYN002110,s1,1,399.0
14705,SYN002110,s4,2,299.0
14706,SYN002110,v6,1,29.0
14707,SYN002110,v1,3,89.0
14708,SYN002110,b1,2,199.0
14709,SYN002110,bv3,2,199.0
14710,SYN002110,d5,2,249.0
14711,SYN002110,f4,3,199.0
14712,SYN002110,d4,1,99.0
14713,SYN002111,f5,3,99.0
14714,SYN002111,d4,3,99.0
14715,SYN002111,f3,1,149.0
14716,SYN002111,f6,2,179.0
14717,SYN002111,f4,1,199.0
14718,SYN002111,d5,2,249.0
14719,SYN002111,d1,1,69.0
14720,SYN002111,bv1,2,149.0
14721,SYN002112,f6,1,179.0
14722,SYN002112,b3,3,199.0
14723,SYN002112,d3,1,179.0
14724,SYN002112,v5,2,149.0
14725,SYN002112,f5,2,99.0
14726,SYN002112,d4,3,99.0
14727,SYN002112,f3,2,149.0
14728,SYN002113,s4,2,299.0
14729,SYN002113,v6,1,29.0
14730,SYN002113,f4,3,199.0
14731,SYN002113,s5,1,199.0
14732,SYN002113,b2,1,249.0
14733,SYN002113,s3,2,99.0
14734,SYN002113,d3,2,179.0
14735,SYN002113,d4,2,99.0
14736,SYN002113,v5,2,149.0
14737,SYN002113,f1,3,249.0
14738,SYN002114,bv2,3,249.0
14739,SYN002114,v4,2,39.0
14740,SYN002114,bv4,3,349.0
14741,SYN002114,s5,2,199.0
14742,SYN002114,f6,2,179.0
14743,SYN002114,f5,1,99.0
14744,SYN002114,v6,2,29.0
14745,SYN002114,f2,3,49.0
14746,SYN002114,d3,2,179.0
14747,SYN002114,d5,2,249.0
14748,SYN002114,v3,3,79.0
14749,SYN002115,s4,1,299.0
14750,SYN002115,bv3,3,199.0
14751,SYN002115,d3,2,179.0
14752,SYN002115,bv4,1,349.0
14753,SYN002115,bv2,1,249.0
14754,SYN002115,bv1,1,149.0
14755,SYN002115,b3,2,199.0
14756,SYN002115,f4,1,199.0
14757,SYN002115,s1,1,399.0
14758,SYN002115,v5,3,149.0
14759,SYN002115,d1,1,69.0
14760,SYN002116,f2,3,49.0
14761,SYN002116,bv3,3,199.0
14762,SYN002116,b2,1,249.0
14763,SYN002116,f1,1,249.0
14764,SYN002116,b4,2,599.0
14765,SYN002116,v6,1,29.0
14766,SYN002116,s1,2,399.0
14767,SYN002116,d1,3,69.0
14768,SYN002117,v2,3,49.0
14769,SYN002117,b3,2,199.0
14770,SYN002117,f1,1,249.0
14771,SYN002117,b5,3,299.0
14772,SYN002117,d3,1,179.0
14773,SYN002117,d4,3,99.0
14774,SYN002117,v3,3,79.0
14775,SYN002117,s4,3,299.0
14776,SYN002117,s3,3,99.0
14777,SYN002118,b3,3,199.0
14778,SYN002118,s1,1,399.0
14779,SYN002118,d4,1,99.0
14780,SYN002118,f1,2,249.0
14781,SYN002118,b4,2,599.0
14782,SYN002118,s2,1,249.0
14783,SYN002118,bv4,2,349.0
14784,SYN002118,f3,2,149.0
14785,SYN002118,f6,3,179.0
14786,SYN002118,b2,1,249.0
14787,SYN002118,v1,2,89.0
14788,SYN002118,d3,1,179.0
14789,SYN002119,v3,2,79.0
14790,SYN002119,v1,1,89.0
14791,SYN002119,s2,1,249.0
14792,SYN002119,b3,1,199.0
14793,SYN002119,f3,1,149.0
14794,SYN002119,d2,3,249.0
14795,SYN002119,s3,3,99.0
14796,SYN002119,d1,3,69.0
14797,SYN002119,bv3,1,199.0
14798,SYN002119,b4,3,599.0
14799,SYN002120,d4,2,99.0
14800,SYN002120,s1,1,399.0
14801,SYN002120,s5,2,199.0
14802,SYN002120,v6,2,29.0
14803,SYN002120,v4,1,39.0
14804,SYN002120,bv2,2,249.0
14805,SYN002120,d1,2,69.0
14806,SYN002120,b1,1,199.0
14807,SYN002120,bv3,2,199.0
14808,SYN002120,b3,3,199.0
14809,SYN002120,f6,3,179.0
14810,SYN002121,f3,2,149.0
14811,SYN002121,bv4,3,349.0
14812,SYN002121,v4,2,39.0
14813,SYN002121,bv3,3,199.0
14814,SYN002121,f1,3,249.0
14815,SYN002121,d5,2,249.0
14816,SYN002121,bv2,2,249.0
14817,SYN002121,v6,1,29.0
14818,SYN002121,v5,3,149.0
14819,SYN002122,f5,3,99.0
14820,SYN002122,v6,2,29.0
14821,SYN002122,bv1,1,149.0
14822,SYN002122,v3,3,79.0
14823,SYN002122,v4,2,39.0
14824,SYN002122,b1,1,199.0
14825,SYN002122,bv4,3,349.0
14826,SYN002122,d5,2,249.0
14827,SYN002122,d3,2,179.0
14828,SYN002122,s5,2,199.0
14829,SYN002123,f2,1,49.0
14830,SYN002123,v1,2,89.0
14831,SYN002123,b5,3,299.0
14832,SYN002123,s2,2,249.0
14833,SYN002123,b4,1,599.0
14834,SYN002123,v6,1,29.0
14835,SYN002123,s4,3,299.0
14836,SYN002123,d5,1,249.0
14837,SYN002123,v2,3,49.0
14838,SYN002123,b1,2,199.0
14839,SYN002124,b3,2,199.0
14840,SYN002124,f6,2,179.0
14841,SYN002124,b2,3,249.0
14842,SYN002124,f5,1,99.0
14843,SYN002124,s2,3,249.0
14844,SYN002124,b5,3,299.0
14845,SYN002124,bv2,3,249.0
14846,SYN002125,f2,3,49.0
14847,SYN002125,v4,1,39.0
14848,SYN002125,f1,2,249.0
14849,SYN002125,d3,3,179.0
14850,SYN002125,s5,2,199.0
14851,SYN002125,d5,2,249.0
14852,SYN002125,s3,3,99.0
14853,SYN002125,b3,3,199.0
14854,SYN002125,f3,1,149.0
14855,SYN002126,s2,2,249.0
14856,SYN002126,f4,2,199.0
14857,SYN002126,b2,2,249.0
14858,SYN002126,f2,3,49.0
14859,SYN002126,d5,1,249.0
14860,SYN002126,v3,3,79.0
14861,SYN002126,bv2,1,249.0
14862,SYN002126,b1,3,199.0
14863,SYN002126,v2,2,49.0
14864,SYN002127,b4,2,599.0
14865,SYN002127,d1,1,69.0
14866,SYN002127,f2,2,49.0
14867,SYN002127,d5,2,249.0
14868,SYN002127,s2,2,249.0
14869,SYN002127,f1,1,249.0
14870,SYN002127,s1,2,399.0
14871,SYN002127,d4,3,99.0
14872,SYN002127,v5,1,149.0
14873,SYN002128,d2,3,249.0
14874,SYN002128,bv2,3,249.0
14875,SYN002128,s3,3,99.0
14876,SYN002128,d5,2,249.0
14877,SYN002128,b2,1,249.0
14878,SYN002128,v1,2,89.0
14879,SYN002128,f5,2,99.0
14880,SYN002129,b4,2,599.0
14881,SYN002129,bv1,1,149.0
14882,SYN002129,b5,1,299.0
14883,SYN002129,bv2,1,249.0
14884,SYN002129,f6,3,179.0
14885,SYN002129,d4,2,99.0
14886,SYN002129,bv3,1,199.0
14887,SYN002130,v4,3,39.0
14888,SYN002130,d4,1,99.0
14889,SYN002130,s3,3,99.0
14890,SYN002130,s5,3,199.0
14891,SYN002130,b3,3,199.0
14892,SYN002130,bv3,2,199.0
14893,SYN002130,v1,2,89.0
14894,SYN002130,f6,2,179.0
14895,SYN002130,f2,3,49.0
14896,SYN002130,f5,1,99.0
14897,SYN002130,b5,2,299.0
14898,SYN002131,s1,2,399.0
14899,SYN002131,bv3,2,199.0
14900,SYN002131,b3,2,199.0
14901,SYN002131,b1,2,199.0
14902,SYN002131,f3,2,149.0
14903,SYN002131,s5,1,199.0
14904,SYN002131,s3,1,99.0
14905,SYN002131,b5,1,299.0
14906,SYN002131,v5,3,149.0
14907,SYN002132,s3,1,99.0
14908,SYN002132,v3,2,79.0
14909,SYN002132,bv3,2,199.0
14910,SYN002132,v4,1,39.0
14911,SYN002132,s1,3,399.0
14912,SYN002132,bv2,2,249.0
14913,SYN002132,b5,3,299.0
14914,SYN002132,v2,3,49.0
14915,SYN002132,b4,1,599.0
14916,SYN002132,d4,3,99.0
14917,SYN002132,f4,3,199.0
14918,SYN002133,d1,1,69.0
14919,SYN002133,b3,2,199.0
14920,SYN002133,f3,2,149.0
14921,SYN002133,bv3,1,199.0
14922,SYN002133,s3,2,99.0
14923,SYN002133,f6,3,179.0
14924,SYN002133,s5,2,199.0
14925,SYN002133,d3,1,179.0
14926,SYN002133,f2,1,49.0
14927,SYN002133,v6,2,29.0
14928,SYN002133,b5,3,299.0
14929,SYN002134,s4,3,299.0
14930,SYN002134,d5,3,249.0
14931,SYN002134,b3,2,199.0
14932,SYN002134,bv2,1,249.0
14933,SYN002134,s2,2,249.0
14934,SYN002134,f5,2,99.0
14935,SYN002134,b4,3,599.0
14936,SYN002134,s3,3,99.0
14937,SYN002134,v3,1,79.0
14938,SYN002134,v5,1,149.0
14939,SYN002134,v1,2,89.0
14940,SYN002134,d2,2,249.0
14941,SYN002135,v6,3,29.0
14942,SYN002135,f3,1,149.0
14943,SYN002135,v1,1,89.0
14944,SYN002135,b3,3,199.0
14945,SYN002135,b5,2,299.0
14946,SYN002135,v5,1,149.0
14947,SYN002136,v6,2,29.0
14948,SYN002136,d3,3,179.0
14949,SYN002136,bv1,1,149.0
14950,SYN002136,d2,2,249.0
14951,SYN002137,v4,1,39.0
14952,SYN002137,f6,2,179.0
14953,SYN002137,d4,2,99.0
14954,SYN002137,f4,2,199.0
14955,SYN002137,d1,1,69.0
14956,SYN002138,v3,3,79.0
14957,SYN002138,d4,2,99.0
14958,SYN002138,d1,1,69.0
14959,SYN002138,v1,1,89.0
14960,SYN002138,f3,2,149.0
14961,SYN002138,s1,1,399.0
14962,SYN002138,f5,1,99.0
14963,SYN002139,f1,3,249.0
14964,SYN002139,v6,2,29.0
14965,SYN002139,d5,3,249.0
14966,SYN002139,f3,3,149.0
14967,SYN002140,f2,1,49.0
14968,SYN002140,v2,2,49.0
14969,SYN002140,d4,2,99.0
14970,SYN002140,d2,1,249.0
14971,SYN002140,f3,1,149.0
14972,SYN002141,d3,2,179.0
14973,SYN002141,f6,3,179.0
14974,SYN002141,d5,3,249.0
14975,SYN002141,d4,2,99.0
14976,SYN002141,v3,2,79.0
14977,SYN002142,b5,2,299.0
14978,SYN002142,v3,3,79.0
14979,SYN002142,d1,1,69.0
14980,SYN002142,v5,2,149.0
14981,SYN002142,v2,3,49.0
14982,SYN002142,d3,3,179.0
14983,SYN002142,bv4,3,349.0
14984,SYN002142,d2,1,249.0
14985,SYN002143,d2,2,249.0
14986,SYN002143,v2,1,49.0
14987,SYN002143,d1,2,69.0
14988,SYN002143,d5,1,249.0
14989,SYN002144,d1,3,69.0
14990,SYN002144,b3,1,199.0
14991,SYN002144,v1,3,89.0
14992,SYN002144,b2,1,249.0
14993,SYN002144,f1,2,249.0
14994,SYN002145,d5,1,249.0
14995,SYN002145,v5,2,149.0
14996,SYN002145,f2,3,49.0
14997,SYN002145,v3,2,79.0
14998,SYN002145,v4,2,39.0
14999,SYN002145,b1,3,199.0
15000,SYN002146,s3,3,99.0
15001,SYN002146,b1,1,199.0
15002,SYN002146,d5,3,249.0
15003,SYN002146,d1,1,69.0
15004,SYN002146,d2,1,249.0
15005,SYN002146,v3,2,79.0
15006,SYN002147,d4,2,99.0
15007,SYN002147,v4,3,39.0
15008,SYN002147,s2,3,249.0
15009,SYN002147,b4,2,599.0
15010,SYN002147,v5,1,149.0
15011,SYN002147,v1,3,89.0
15012,SYN002147,d3,3,179.0
15013,SYN002147,f1,2,249.0
15014,SYN002148,f6,2,179.0
15015,SYN002148,v6,1,29.0
15016,SYN002148,d3,1,179.0
15017,SYN002148,f2,2,49.0
15018,SYN002148,bv1,1,149.0
15019,SYN002148,f1,2,249.0
15020,SYN002148,bv2,2,249.0
15021,SYN002148,f3,1,149.0
15022,SYN002149,d4,3,99.0
15023,SYN002149,v1,3,89.0
15024,SYN002149,bv1,1,149.0
15025,SYN002149,v4,2,39.0
15026,SYN002149,b1,3,199.0
15027,SYN002149,v5,1,149.0
15028,SYN002150,f2,1,49.0
15029,SYN002150,d5,3,249.0
15030,SYN002150,bv1,3,149.0
15031,SYN002150,f1,3,249.0
15032,SYN002150,v4,2,39.0
15033,SYN002150,d4,2,99.0
15034,SYN002151,f5,3,99.0
15035,SYN002151,d1,1,69.0
15036,SYN002151,d3,3,179.0
15037,SYN002151,bv3,1,199.0
15038,SYN002151,f6,3,179.0
15039,SYN002151,v5,3,149.0
15040,SYN002151,v1,2,89.0
15041,SYN002152,f1,2,249.0
15042,SYN002152,v2,3,49.0
15043,SYN002152,d3,2,179.0
15044,SYN002152,f3,1,149.0
15045,SYN002152,v3,3,79.0
15046,SYN002152,s3,2,99.0
15047,SYN002153,d1,1,69.0
15048,SYN002153,f2,3,49.0
15049,SYN002153,f5,3,99.0
15050,SYN002153,b2,3,249.0
15051,SYN002153,v2,2,49.0
15052,SYN002153,v1,2,89.0
15053,SYN002154,d3,3,179.0
15054,SYN002154,v5,1,149.0
15055,SYN002154,s2,3,249.0
15056,SYN002154,bv4,1,349.0
15057,SYN002154,v4,2,39.0
15058,SYN002154,s5,1,199.0
15059,SYN002154,v3,2,79.0
15060,SYN002154,f6,3,179.0
15061,SYN002155,f2,1,49.0
15062,SYN002155,bv2,3,249.0
15063,SYN002155,v6,3,29.0
15064,SYN002155,v5,2,149.0
15065,SYN002155,v2,1,49.0
15066,SYN002156,v6,3,29.0
15067,SYN002156,d5,3,249.0
15068,SYN002156,d4,2,99.0
15069,SYN002156,f5,2,99.0
15070,SYN002157,s4,1,299.0
15071,SYN002157,v2,3,49.0
15072,SYN002157,v3,3,79.0
15073,SYN002157,v4,1,39.0
15074,SYN002158,v1,2,89.0
15075,SYN002158,f3,2,149.0
15076,SYN002158,d1,1,69.0
15077,SYN002158,d3,2,179.0
15078,SYN002158,s4,2,299.0
15079,SYN002159,f3,1,149.0
15080,SYN002159,d3,1,179.0
15081,SYN002159,d4,2,99.0
15082,SYN002159,v4,1,39.0
15083,SYN002160,s1,2,399.0
15084,SYN002160,v4,1,39.0
15085,SYN002160,d3,2,179.0
15086,SYN002160,d1,1,69.0
15087,SYN002160,f2,2,49.0
15088,SYN002160,v2,1,49.0
15089,SYN002160,f4,3,199.0
15090,SYN002160,v5,3,149.0
15091,SYN002161,v4,3,39.0
15092,SYN002161,b5,3,299.0
15093,SYN002161,bv2,1,249.0
15094,SYN002161,v2,2,49.0
15095,SYN002161,f2,1,49.0
15096,SYN002162,v4,1,39.0
15097,SYN002162,f1,2,249.0
15098,SYN002162,d1,2,69.0
15099,SYN002162,v6,3,29.0
15100,SYN002162,f2,2,49.0
15101,SYN002162,d3,3,179.0
15102,SYN002162,d5,2,249.0
15103,SYN002162,f6,2,179.0
15104,SYN002163,b1,2,199.0
15105,SYN002163,b5,1,299.0
15106,SYN002163,v5,1,149.0
15107,SYN002163,f3,1,149.0
15108,SYN002163,d2,3,249.0
15109,SYN002163,f4,3,199.0
15110,SYN002163,f1,2,249.0
15111,SYN002163,f6,2,179.0
15112,SYN002164,f1,1,249.0
15113,SYN002164,f4,3,199.0
15114,SYN002164,v6,2,29.0
15115,SYN002164,bv1,1,149.0
15116,SYN002164,d3,2,179.0
15117,SYN002164,v3,3,79.0
15118,SYN002165,f1,1,249.0
15119,SYN002165,f3,3,149.0
15120,SYN002165,d5,1,249.0
15121,SYN002165,v5,3,149.0
15122,SYN002165,s4,3,299.0
15123,SYN002166,f1,3,249.0
15124,SYN002166,b1,2,199.0
15125,SYN002166,f5,1,99.0
15126,SYN002166,v4,2,39.0
15127,SYN002167,d1,2,69.0
15128,SYN002167,bv4,1,349.0
15129,SYN002167,s1,1,399.0
15130,SYN002167,f3,3,149.0
15131,SYN002167,s4,1,299.0
15132,SYN002167,v4,1,39.0
15133,SYN002167,d5,3,249.0
15134,SYN002168,d1,3,69.0
15135,SYN002168,b4,1,599.0
15136,SYN002168,f6,1,179.0
15137,SYN002168,f4,2,199.0
15138,SYN002169,f1,2,249.0
15139,SYN002169,v6,1,29.0
15140,SYN002169,d2,3,249.0
15141,SYN002169,d4,2,99.0
15142,SYN002170,bv4,3,349.0
15143,SYN002170,f5,2,99.0
15144,SYN002170,v6,2,29.0
15145,SYN002170,f4,2,199.0
15146,SYN002170,d4,1,99.0
15147,SYN002170,d5,1,249.0
15148,SYN002170,v5,2,149.0
15149,SYN002171,v4,1,39.0
15150,SYN002171,d4,3,99.0
15151,SYN002171,v5,2,149.0
15152,SYN002171,f1,3,249.0
15153,SYN002171,v2,3,49.0
15154,SYN002172,v1,3,89.0
15155,SYN002172,f5,2,99.0
15156,SYN002172,d4,3,99.0
15157,SYN002172,f3,3,149.0
15158,SYN002172,bv3,3,199.0
15159,SYN002172,d1,3,69.0
15160,SYN002173,d5,3,249.0
15161,SYN002173,f3,1,149.0
15162,SYN002173,f5,1,99.0
15163,SYN002173,v2,3,49.0
15164,SYN002173,v4,2,39.0
15165,SYN002173,bv2,3,249.0
15166,SYN002174,d3,2,179.0
15167,SYN002174,f5,1,99.0
15168,SYN002174,d5,2,249.0
15169,SYN002174,f4,3,199.0
15170,SYN002174,d1,3,69.0
15171,SYN002175,bv4,2,349.0
15172,SYN002175,f6,2,179.0
15173,SYN002175,v5,3,149.0
15174,SYN002175,v4,3,39.0
15175,SYN002175,v6,1,29.0
15176,SYN002176,bv2,1,249.0
15177,SYN002176,v1,3,89.0
15178,SYN002176,f2,2,49.0
15179,SYN002176,v6,3,29.0
15180,SYN002177,f6,1,179.0
15181,SYN002177,d5,2,249.0
15182,SYN002177,f2,3,49.0
15183,SYN002177,f3,1,149.0
15184,SYN002177,v3,3,79.0
15185,SYN002177,v5,1,149.0
15186,SYN002177,d1,3,69.0
15187,SYN002178,v2,3,49.0
15188,SYN002178,f4,2,199.0
15189,SYN002178,s3,1,99.0
15190,SYN002178,v5,3,149.0
15191,SYN002178,d4,1,99.0
15192,SYN002179,b4,1,599.0
15193,SYN002179,d5,1,249.0
15194,SYN002179,v6,3,29.0
15195,SYN002179,f5,2,99.0
15196,SYN002179,d4,1,99.0
15197,SYN002179,v1,1,89.0
15198,SYN002179,f3,1,149.0
15199,SYN002179,d1,3,69.0
15200,SYN002180,f3,1,149.0
15201,SYN002180,d2,1,249.0
15202,SYN002180,v6,3,29.0
15203,SYN002180,v3,2,79.0
15204,SYN002180,b5,3,299.0
15205,SYN002181,v6,3,29.0
15206,SYN002181,f5,1,99.0
15207,SYN002181,f1,3,249.0
15208,SYN002181,v5,3,149.0
15209,SYN002181,f4,1,199.0
15210,SYN002182,f6,3,179.0
15211,SYN002182,v1,1,89.0
15212,SYN002182,d1,1,69.0
15213,SYN002182,v4,3,39.0
15214,SYN002183,d4,2,99.0
15215,SYN002183,d5,3,249.0
15216,SYN002183,v5,2,149.0
15217,SYN002183,v1,2,89.0
15218,SYN002183,f4,3,199.0
15219,SYN002183,d1,2,69.0
15220,SYN002184,f1,1,249.0
15221,SYN002184,d2,2,249.0
15222,SYN002184,d1,1,69.0
15223,SYN002184,v6,1,29.0
15224,SYN002184,d5,1,249.0
15225,SYN002184,v2,3,49.0
15226,SYN002185,v4,3,39.0
15227,SYN002185,v2,1,49.0
15228,SYN002185,v1,2,89.0
15229,SYN002185,v6,1,29.0
15230,SYN002185,f3,1,149.0
15231,SYN002185,v3,1,79.0
15232,SYN002185,d2,2,249.0
15233,SYN002185,b3,3,199.0
15234,SYN002186,d3,3,179.0
15235,SYN002186,f4,3,199.0
15236,SYN002186,v4,1,39.0
15237,SYN002186,f2,3,49.0
15238,SYN002187,v3,1,79.0
15239,SYN002187,d4,3,99.0
15240,SYN002187,f4,2,199.0
15241,SYN002187,d2,2,249.0
15242,SYN002187,v2,2,49.0
15243,SYN002187,v6,3,29.0
15244,SYN002188,bv4,2,349.0
15245,SYN002188,f4,3,199.0
15246,SYN002188,d3,2,179.0
15247,SYN002188,f2,2,49.0
15248,SYN002188,v4,3,39.0
15249,SYN002188,bv1,3,149.0
15250,SYN002188,b2,1,249.0
15251,SYN002188,f6,3,179.0
15252,SYN002189,v1,2,89.0
15253,SYN002189,f1,2,249.0
15254,SYN002189,v2,3,49.0
15255,SYN002189,v3,1,79.0
15256,SYN002190,f2,1,49.0
15257,SYN002190,v3,2,79.0
15258,SYN002190,f6,1,179.0
15259,SYN002190,d1,3,69.0
15260,SYN002190,f4,3,199.0
15261,SYN002190,f5,2,99.0
15262,SYN002190,v5,1,149.0
15263,SYN002190,b5,3,299.0
15264,SYN002191,f2,3,49.0
15265,SYN002191,s2,2,249.0
15266,SYN002191,d4,3,99.0
15267,SYN002191,v6,1,29.0
15268,SYN002191,f1,1,249.0
15269,SYN002191,f3,3,149.0
15270,SYN002191,d3,1,179.0
15271,SYN002192,f5,3,99.0
15272,SYN002192,d2,2,249.0
15273,SYN002192,d1,3,69.0
15274,SYN002192,v6,1,29.0
15275,SYN002193,v3,2,79.0
15276,SYN002193,b2,2,249.0
15277,SYN002193,f4,2,199.0
15278,SYN002193,f6,3,179.0
15279,SYN002194,f6,1,179.0
15280,SYN002194,bv2,2,249.0
15281,SYN002194,s3,3,99.0
15282,SYN002194,v2,1,49.0
15283,SYN002194,f3,2,149.0
15284,SYN002194,f4,1,199.0
15285,SYN002195,v4,2,39.0
15286,SYN002195,f3,1,149.0
15287,SYN002195,v1,2,89.0
15288,SYN002195,v2,2,49.0
15289,SYN002195,bv4,3,349.0
15290,SYN002196,f1,2,249.0
15291,SYN002196,d4,3,99.0
15292,SYN002196,bv4,3,349.0
15293,SYN002196,v2,1,49.0
15294,SYN002196,d3,3,179.0
15295,SYN002196,v1,1,89.0
15296,SYN002197,d4,2,99.0
15297,SYN002197,v6,2,29.0
15298,SYN002197,d3,2,179.0
15299,SYN002197,f1,3,249.0
15300,SYN002197,f5,1,99.0
15301,SYN002198,v5,1,149.0
15302,SYN002198,d4,3,99.0
15303,SYN002198,bv1,3,149.0
15304,SYN002198,v1,2,89.0
15305,SYN002198,d2,1,249.0
15306,SYN002198,f3,3,149.0
15307,SYN002199,d4,1,99.0
15308,SYN002199,b4,3,599.0
15309,SYN002199,bv1,2,149.0
15310,SYN002199,d5,1,249.0
15311,SYN002199,v1,3,89.0
15312,SYN002200,d4,2,99.0
15313,SYN002200,f4,1,199.0
15314,SYN002200,d2,1,249.0
15315,SYN002200,f2,3,49.0
15316,SYN002200,f6,2,179.0
15317,SYN002200,s3,3,99.0
15318,SYN002200,bv1,2,149.0
15319,SYN002200,b1,2,199.0
15320,SYN002201,d2,3,249.0
15321,SYN002201,bv3,3,199.0
15322,SYN002201,f2,1,49.0
15323,SYN002201,f6,1,179.0
15324,SYN002201,s5,1,199.0
15325,SYN002201,s4,1,299.0
15326,SYN002201,v6,3,29.0
15327,SYN002202,f6,3,179.0
15328,SYN002202,f3,2,149.0
15329,SYN002202,bv2,3,249.0
15330,SYN002202,v4,2,39.0
15331,SYN002203,s1,2,399.0
15332,SYN002203,v3,2,79.0
15333,SYN002203,bv1,3,149.0
15334,SYN002203,v5,1,149.0
15335,SYN002203,f5,1,99.0
15336,SYN002204,f1,3,249.0
15337,SYN002204,v1,2,89.0
15338,SYN002204,f2,1,49.0
15339,SYN002204,v4,2,39.0
15340,SYN002205,bv1,1,149.0
15341,SYN002205,d3,3,179.0
15342,SYN002205,d4,2,99.0
15343,SYN002205,s1,3,399.0
15344,SYN002205,f4,2,199.0
15345,SYN002205,f1,1,249.0
15346,SYN002205,f5,3,99.0
15347,SYN002206,d4,1,99.0
15348,SYN002206,v4,3,39.0
15349,SYN002206,v6,1,29.0
15350,SYN002206,f2,3,49.0
15351,SYN002206,v3,2,79.0
15352,SYN002206,b4,2,599.0
15353,SYN002207,bv3,1,199.0
15354,SYN002207,v1,3,89.0
15355,SYN002207,v5,3,149.0
15356,SYN002207,b4,3,599.0
15357,SYN002207,f1,1,249.0
15358,SYN002207,d4,2,99.0
15359,SYN002207,v4,3,39.0
15360,SYN002207,b3,3,199.0
15361,SYN002208,d2,1,249.0
15362,SYN002208,v5,1,149.0
15363,SYN002208,d3,1,179.0
15364,SYN002208,v1,2,89.0
15365,SYN002208,s2,3,249.0
15366,SYN002208,v4,1,39.0
15367,SYN002208,f5,3,99.0
15368,SYN002209,b5,3,299.0
15369,SYN002209,f2,3,49.0
15370,SYN002209,v2,1,49.0
15371,SYN002209,d1,2,69.0
15372,SYN002210,f3,3,149.0
15373,SYN002210,f1,2,249.0
15374,SYN002210,d3,2,179.0
15375,SYN002210,b1,2,199.0
15376,SYN002210,f2,3,49.0
15377,SYN002211,f4,3,199.0
15378,SYN002211,v5,3,149.0
15379,SYN002211,d2,3,249.0
15380,SYN002211,d1,1,69.0
15381,SYN002211,v1,3,89.0
15382,SYN002211,d3,2,179.0
15383,SYN002211,f6,1,179.0
15384,SYN002212,d4,1,99.0
15385,SYN002212,v5,1,149.0
15386,SYN002212,f5,1,99.0
15387,SYN002212,b2,1,249.0
15388,SYN002212,v3,3,79.0
15389,SYN002212,f3,2,149.0
15390,SYN002213,f5,2,99.0
15391,SYN002213,f4,1,199.0
15392,SYN002213,v5,2,149.0
15393,SYN002213,d2,2,249.0
15394,SYN002214,d1,3,69.0
15395,SYN002214,d5,3,249.0
15396,SYN002214,f6,3,179.0
15397,SYN002214,f4,1,199.0
15398,SYN002214,f3,2,149.0
15399,SYN002215,d4,1,99.0
15400,SYN002215,b3,3,199.0
15401,SYN002215,bv2,2,249.0
15402,SYN002215,f6,2,179.0
15403,SYN002215,b2,1,249.0
15404,SYN002215,v3,3,79.0
15405,SYN002216,v5,3,149.0
15406,SYN002216,f4,1,199.0
15407,SYN002216,v1,1,89.0
15408,SYN002216,d5,1,249.0
15409,SYN002216,d3,1,179.0
15410,SYN002217,f2,3,49.0
15411,SYN002217,v2,3,49.0
15412,SYN002217,d2,2,249.0
15413,SYN002217,v4,1,39.0
15414,SYN002217,v6,2,29.0
15415,SYN002217,s4,1,299.0
15416,SYN002218,d1,1,69.0
15417,SYN002218,f3,1,149.0
15418,SYN002218,d2,1,249.0
15419,SYN002218,v5,3,149.0
15420,SYN002218,bv4,1,349.0
15421,SYN002218,d4,3,99.0
15422,SYN002218,f4,2,199.0
15423,SYN002218,b2,3,249.0
15424,SYN002219,v4,1,39.0
15425,SYN002219,bv2,2,249.0
15426,SYN002219,v1,3,89.0
15427,SYN002219,f2,3,49.0
15428,SYN002219,f1,3,249.0
15429,SYN002220,b4,1,599.0
15430,SYN002220,v1,1,89.0
15431,SYN002220,d2,2,249.0
15432,SYN002220,d1,1,69.0
15433,SYN002220,d3,3,179.0
15434,SYN002221,v6,1,29.0
15435,SYN002221,v2,1,49.0
15436,SYN002221,f6,2,179.0
15437,SYN002221,bv3,1,199.0
15438,SYN002221,d3,3,179.0
15439,SYN002222,b2,3,249.0
15440,SYN002222,f6,3,179.0
15441,SYN002222,d3,1,179.0
15442,SYN002222,s3,1,99.0
15443,SYN002222,d5,1,249.0
15444,SYN002222,b5,3,299.0
15445,SYN002222,v2,2,49.0
15446,SYN002222,d1,1,69.0
15447,SYN002223,d4,1,99.0
15448,SYN002223,f1,2,249.0
15449,SYN002223,v2,2,49.0
15450,SYN002223,f5,1,99.0
15451,SYN002223,s2,1,249.0
15452,SYN002223,f4,2,199.0
15453,SYN002223,f6,1,179.0
15454,SYN002223,f2,2,49.0
15455,SYN002224,v6,1,29.0
15456,SYN002224,v4,3,39.0
15457,SYN002224,f2,1,49.0
15458,SYN002224,b5,3,299.0
15459,SYN002224,f4,3,199.0
15460,SYN002225,v3,2,79.0
15461,SYN002225,v4,2,39.0
15462,SYN002225,d2,1,249.0
15463,SYN002225,d3,2,179.0
15464,SYN002225,f5,3,99.0
15465,SYN002225,v2,2,49.0
15466,SYN002226,f2,1,49.0
15467,SYN002226,d2,3,249.0
15468,SYN002226,f1,3,249.0
15469,SYN002226,d1,2,69.0
15470,SYN002226,v4,1,39.0
15471,SYN002226,v3,2,79.0
15472,SYN002227,f3,1,149.0
15473,SYN002227,v4,3,39.0
15474,SYN002227,f4,3,199.0
15475,SYN002227,v2,2,49.0
15476,SYN002228,f6,3,179.0
15477,SYN002228,f5,2,99.0
15478,SYN002228,f2,3,49.0
15479,SYN002228,d1,3,69.0
15480,SYN002228,d3,1,179.0
15481,SYN002228,v2,2,49.0
15482,SYN002228,v6,1,29.0
15483,SYN002229,d3,3,179.0
15484,SYN002229,f5,1,99.0
15485,SYN002229,f2,3,49.0
15486,SYN002229,v1,3,89.0
15487,SYN002229,f6,1,179.0
15488,SYN002230,f4,3,199.0
15489,SYN002230,v1,2,89.0
15490,SYN002230,v5,3,149.0
15491,SYN002230,v3,3,79.0
15492,SYN002230,bv4,2,349.0
15493,SYN002230,d1,3,69.0
15494,SYN002230,s2,1,249.0
15495,SYN002230,f6,1,179.0
15496,SYN002231,d2,1,249.0
15497,SYN002231,d3,2,179.0
15498,SYN002231,d1,1,69.0
15499,SYN002231,v4,3,39.0
15500,SYN002231,f3,2,149.0
15501,SYN002231,d4,3,99.0
15502,SYN002232,v4,3,39.0
15503,SYN002232,f4,3,199.0
15504,SYN002232,f3,1,149.0
15505,SYN002232,d1,2,69.0
15506,SYN002232,f1,1,249.0
15507,SYN002232,d4,1,99.0
15508,SYN002232,bv3,3,199.0
15509,SYN002232,s5,3,199.0
15510,SYN002233,f6,3,179.0
15511,SYN002233,v6,2,29.0
15512,SYN002233,v4,3,39.0
15513,SYN002233,d5,3,249.0
15514,SYN002233,d1,3,69.0
15515,SYN002233,d4,3,99.0
15516,SYN002233,s2,3,249.0
15517,SYN002234,bv4,3,349.0
15518,SYN002234,v1,3,89.0
15519,SYN002234,d1,1,69.0
15520,SYN002234,d2,2,249.0
15521,SYN002234,f3,2,149.0
15522,SYN002234,v2,2,49.0
15523,SYN002234,f2,2,49.0
15524,SYN002235,f5,2,99.0
15525,SYN002235,f4,3,199.0
15526,SYN002235,f1,1,249.0
15527,SYN002235,b1,3,199.0
15528,SYN002235,v1,3,89.0
15529,SYN002235,s2,2,249.0
15530,SYN002236,bv1,2,149.0
15531,SYN002236,s5,2,199.0
15532,SYN002236,bv2,1,249.0
15533,SYN002236,v2,3,49.0
15534,SYN002237,d3,1,179.0
15535,SYN002237,d4,2,99.0
15536,SYN002237,f1,3,249.0
15537,SYN002237,f5,2,99.0
15538,SYN002237,f6,1,179.0
15539,SYN002237,v6,1,29.0
15540,SYN002238,b2,3,249.0
15541,SYN002238,v4,2,39.0
15542,SYN002238,s2,1,249.0
15543,SYN002238,v2,1,49.0
15544,SYN002238,f4,1,199.0
15545,SYN002239,d1,2,69.0
15546,SYN002239,s4,3,299.0
15547,SYN002239,v1,1,89.0
15548,SYN002240,s2,3,249.0
15549,SYN002240,v1,1,89.0
15550,SYN002240,f1,2,249.0
15551,SYN002240,s5,3,199.0
15552,SYN002241,s3,2,99.0
15553,SYN002241,s4,2,299.0
15554,SYN002241,d5,2,249.0
15555,SYN002241,v6,1,29.0
15556,SYN002241,s1,1,399.0
15557,SYN002242,d5,2,249.0
15558,SYN002242,s1,1,399.0
15559,SYN002242,s3,1,99.0
15560,SYN002242,v5,1,149.0
15561,SYN002243,d4,2,99.0
15562,SYN002243,d2,2,249.0
15563,SYN002243,v1,3,89.0
15564,SYN002243,d1,1,69.0
15565,SYN002243,d5,2,249.0
15566,SYN002244,d4,3,99.0
15567,SYN002244,s1,1,399.0
15568,SYN002244,d1,3,69.0
15569,SYN002245,s3,3,99.0
15570,SYN002245,d2,3,249.0
15571,SYN002245,v1,1,89.0
15572,SYN002245,d3,3,179.0
15573,SYN002245,v3,2,79.0
15574,SYN002246,d1,2,69.0
15575,SYN002246,v2,1,49.0
15576,SYN002246,v1,2,89.0
15577,SYN002247,s5,2,199.0
15578,SYN002247,d4,3,99.0
15579,SYN002247,bv3,2,199.0
15580,SYN002247,s4,3,299.0
15581,SYN002247,f5,3,99.0
15582,SYN002247,d2,3,249.0
15583,SYN002248,bv1,2,149.0
15584,SYN002248,f3,2,149.0
15585,SYN002248,d1,1,69.0
15586,SYN002248,v6,1,29.0
15587,SYN002248,v3,2,79.0
15588,SYN002248,s3,1,99.0
15589,SYN002249,v3,2,79.0
15590,SYN002249,b3,3,199.0
15591,SYN002249,s1,2,399.0
15592,SYN002249,d4,2,99.0
15593,SYN002250,d4,1,99.0
15594,SYN002250,v1,1,89.0
15595,SYN002250,d5,3,249.0
15596,SYN002250,d3,1,179.0
15597,SYN002251,s3,1,99.0
15598,SYN002251,b5,1,299.0
15599,SYN002251,v5,1,149.0
15600,SYN002251,s4,2,299.0
15601,SYN002252,v3,2,79.0
15602,SYN002252,s2,1,249.0
15603,SYN002252,bv2,3,249.0
15604,SYN002252,v6,3,29.0
15605,SYN002253,s4,2,299.0
15606,SYN002253,s3,1,99.0
15607,SYN002253,d1,2,69.0
15608,SYN002254,d3,2,179.0
15609,SYN002254,d5,1,249.0
15610,SYN002254,s1,3,399.0
15611,SYN002254,s3,3,99.0
15612,SYN002254,v2,1,49.0
15613,SYN002255,d2,1,249.0
15614,SYN002255,d5,3,249.0
15615,SYN002255,d4,1,99.0
15616,SYN002256,d2,1,249.0
15617,SYN002256,bv1,3,149.0
15618,SYN002256,d1,1,69.0
15619,SYN002257,d2,2,249.0
15620,SYN002257,v5,3,149.0
15621,SYN002257,b2,2,249.0
15622,SYN002257,s4,1,299.0
15623,SYN002257,v2,2,49.0
15624,SYN002258,s2,1,249.0
15625,SYN002258,v6,3,29.0
15626,SYN002258,v1,1,89.0
15627,SYN002258,f3,1,149.0
15628,SYN002258,v3,2,79.0
15629,SYN002258,d5,3,249.0
15630,SYN002259,d5,1,249.0
15631,SYN002259,s2,1,249.0
15632,SYN002259,bv1,2,149.0
15633,SYN002260,v2,3,49.0
15634,SYN002260,d2,1,249.0
15635,SYN002260,bv4,1,349.0
15636,SYN002260,v5,3,149.0
15637,SYN002260,s1,1,399.0
15638,SYN002260,b3,1,199.0
15639,SYN002261,v3,1,79.0
15640,SYN002261,b3,1,199.0
15641,SYN002261,s1,3,399.0
15642,SYN002261,v6,1,29.0
15643,SYN002261,d4,3,99.0
15644,SYN002261,d5,1,249.0
15645,SYN002262,b4,3,599.0
15646,SYN002262,d5,3,249.0
15647,SYN002262,f6,3,179.0
15648,SYN002262,v2,2,49.0
15649,SYN002262,v1,3,89.0
15650,SYN002263,s5,1,199.0
15651,SYN002263,s1,3,399.0
15652,SYN002263,b1,3,199.0
15653,SYN002264,d5,2,249.0
15654,SYN002264,f2,1,49.0
15655,SYN002264,v5,1,149.0
15656,SYN002264,b5,2,299.0
15657,SYN002264,s1,2,399.0
15658,SYN002264,s4,1,299.0
15659,SYN002265,d1,3,69.0
15660,SYN002265,d4,1,99.0
15661,SYN002265,bv4,3,349.0
15662,SYN002265,d3,1,179.0
15663,SYN002265,s3,3,99.0
15664,SYN002265,bv2,3,249.0
15665,SYN002266,v4,1,39.0
15666,SYN002266,s4,1,299.0
15667,SYN002266,v3,3,79.0
15668,SYN002267,v6,2,29.0
15669,SYN002267,v4,2,39.0
15670,SYN002267,d4,1,99.0
15671,SYN002267,s5,2,199.0
15672,SYN002267,s4,3,299.0
15673,SYN002267,d3,2,179.0
15674,SYN002268,s5,2,199.0
15675,SYN002268,b1,1,199.0
15676,SYN002268,d2,2,249.0
15677,SYN002268,bv3,1,199.0
15678,SYN002268,v5,1,149.0
15679,SYN002268,d1,3,69.0
15680,SYN002269,s4,2,299.0
15681,SYN002269,d5,3,249.0
15682,SYN002269,s2,1,249.0
15683,SYN002269,v2,2,49.0
15684,SYN002270,s2,2,249.0
15685,SYN002270,s4,3,299.0
15686,SYN002270,d1,1,69.0
15687,SYN002271,v6,1,29.0
15688,SYN002271,v3,3,79.0
15689,SYN002271,f1,3,249.0
15690,SYN002271,d4,2,99.0
15691,SYN002271,d3,1,179.0
15692,SYN002271,s2,1,249.0
15693,SYN002272,bv2,3,249.0
15694,SYN002272,v4,3,39.0
15695,SYN002272,f5,2,99.0
15696,SYN002272,d1,1,69.0
15697,SYN002272,v3,2,79.0
15698,SYN002272,d4,3,99.0
15699,SYN002273,d1,2,69.0
15700,SYN002273,v3,2,79.0
15701,SYN002273,s1,2,399.0
15702,SYN002273,v1,2,89.0
15703,SYN002273,d5,3,249.0
15704,SYN002273,b2,2,249.0
15705,SYN002274,f3,2,149.0
15706,SYN002274,d4,3,99.0
15707,SYN002274,d3,2,179.0
15708,SYN002275,b4,1,599.0
15709,SYN002275,b5,3,299.0
15710,SYN002275,v4,2,39.0
15711,SYN002275,f2,1,49.0
15712,SYN002276,bv4,3,349.0
15713,SYN002276,d4,2,99.0
15714,SYN002276,v5,2,149.0
15715,SYN002276,v2,1,49.0
15716,SYN002277,d4,2,99.0
15717,SYN002277,f2,2,49.0
15718,SYN002277,v1,3,89.0
15719,SYN002277,d5,3,249.0
15720,SYN002278,d3,3,179.0
15721,SYN002278,f1,2,249.0
15722,SYN002278,s3,1,99.0
15723,SYN002278,v1,2,89.0
15724,SYN002278,s1,1,399.0
15725,SYN002278,d5,2,249.0
15726,SYN002279,d4,1,99.0
15727,SYN002279,v5,3,149.0
15728,SYN002279,s3,2,99.0
15729,SYN002280,d5,3,249.0
15730,SYN002280,b3,1,199.0
15731,SYN002280,s4,1,299.0
15732,SYN002280,d4,1,99.0
15733,SYN002280,s2,1,249.0
15734,SYN002280,d2,1,249.0
15735,SYN002281,s5,1,199.0
15736,SYN002281,b1,2,199.0
15737,SYN002281,v4,3,39.0
15738,SYN002281,d2,2,249.0
15739,SYN002281,d3,1,179.0
15740,SYN002282,v4,2,39.0
15741,SYN002282,v2,2,49.0
15742,SYN002282,s1,3,399.0
15743,SYN002282,bv2,3,249.0
15744,SYN002282,b3,1,199.0
15745,SYN002283,v2,1,49.0
15746,SYN002283,v1,3,89.0
15747,SYN002283,v5,1,149.0
15748,SYN002283,d4,3,99.0
15749,SYN002283,v3,1,79.0
15750,SYN002284,d3,2,179.0
15751,SYN002284,s3,2,99.0
15752,SYN002284,s5,1,199.0
15753,SYN002284,d4,2,99.0
15754,SYN002284,d1,3,69.0
15755,SYN002284,v1,3,89.0
15756,SYN002285,v3,2,79.0
15757,SYN002285,s4,1,299.0
15758,SYN002285,d3,2,179.0
15759,SYN002285,d1,1,69.0
15760,SYN002285,v6,2,29.0
15761,SYN002286,d4,2,99.0
15762,SYN002286,f3,1,149.0
15763,SYN002286,s4,1,299.0
15764,SYN002287,s4,3,299.0
15765,SYN002287,d5,3,249.0
15766,SYN002287,d1,3,69.0
15767,SYN002287,f6,3,179.0
15768,SYN002287,s3,1,99.0
15769,SYN002288,v3,1,79.0
15770,SYN002288,d2,1,249.0
15771,SYN002288,v1,1,89.0
15772,SYN002289,b3,2,199.0
15773,SYN002289,s2,2,249.0
15774,SYN002289,v4,3,39.0
15775,SYN002289,f3,1,149.0
15776,SYN002289,v3,2,79.0
15777,SYN002290,s3,2,99.0
15778,SYN002290,d5,1,249.0
15779,SYN002290,bv4,1,349.0
15780,SYN002290,s5,3,199.0
15781,SYN002290,d3,3,179.0
15782,SYN002291,s3,2,99.0
15783,SYN002291,d2,2,249.0
15784,SYN002291,v4,3,39.0
15785,SYN002291,s4,3,299.0
15786,SYN002291,b5,2,299.0
15787,SYN002291,s5,2,199.0
15788,SYN002292,v1,1,89.0
15789,SYN002292,d1,2,69.0
15790,SYN002292,b3,1,199.0
15791,SYN002292,v2,3,49.0
15792,SYN002292,b1,3,199.0
15793,SYN002293,d4,3,99.0
15794,SYN002293,s1,3,399.0
15795,SYN002293,s5,2,199.0
15796,SYN002293,b4,3,599.0
15797,SYN002294,v6,2,29.0
15798,SYN002294,v4,1,39.0
15799,SYN002294,d1,3,69.0
15800,SYN002294,d3,2,179.0
15801,SYN002294,b4,2,599.0
15802,SYN002294,d4,2,99.0
15803,SYN002295,v4,1,39.0
15804,SYN002295,d1,1,69.0
15805,SYN002295,s3,2,99.0
15806,SYN002296,v2,2,49.0
15807,SYN002296,d2,2,249.0
15808,SYN002296,s3,3,99.0
15809,SYN002296,d1,1,69.0
15810,SYN002296,bv1,3,149.0
15811,SYN002297,v6,3,29.0
15812,SYN002297,v3,2,79.0
15813,SYN002297,v1,1,89.0
15814,SYN002297,d4,3,99.0
15815,SYN002297,s5,1,199.0
15816,SYN002297,d1,2,69.0
15817,SYN002298,s1,2,399.0
15818,SYN002298,d5,2,249.0
15819,SYN002298,s5,3,199.0
15820,SYN002298,d1,3,69.0
15821,SYN002298,v2,2,49.0
15822,SYN002298,v5,1,149.0
15823,SYN002299,d2,2,249.0
15824,SYN002299,v6,1,29.0
15825,SYN002299,s3,2,99.0
15826,SYN002299,s1,2,399.0
15827,SYN002299,bv4,2,349.0
15828,SYN002299,d1,2,69.0
15829,SYN002300,v6,2,29.0
15830,SYN002300,f4,1,199.0
15831,SYN002300,b1,2,199.0
15832,SYN002300,d3,1,179.0
15833,SYN002300,f1,1,249.0
15834,SYN002300,bv3,2,199.0
15835,SYN002301,d1,1,69.0
15836,SYN002301,b1,2,199.0
15837,SYN002301,b4,3,599.0
15838,SYN002301,v6,1,29.0
15839,SYN002302,bv1,1,149.0
15840,SYN002302,s2,2,249.0
15841,SYN002302,v6,2,29.0
15842,SYN002303,bv1,2,149.0
15843,SYN002303,d5,3,249.0
15844,SYN002303,bv4,2,349.0
15845,SYN002303,v6,2,29.0
15846,SYN002304,v5,2,149.0
15847,SYN002304,d2,3,249.0
15848,SYN002304,s3,1,99.0
15849,SYN002305,v1,2,89.0
15850,SYN002305,v2,2,49.0
15851,SYN002305,s2,1,249.0
15852,SYN002305,s5,2,199.0
15853,SYN002305,v6,3,29.0
15854,SYN002306,d4,2,99.0
15855,SYN002306,v3,2,79.0
15856,SYN002306,v5,1,149.0
15857,SYN002307,d3,2,179.0
15858,SYN002307,s4,1,299.0
15859,SYN002307,v3,1,79.0
15860,SYN002307,s2,3,249.0
15861,SYN002307,s3,3,99.0
15862,SYN002308,s2,2,249.0
15863,SYN002308,s1,3,399.0
15864,SYN002308,d2,3,249.0
15865,SYN002308,v1,2,89.0
15866,SYN002308,d3,3,179.0
15867,SYN002309,s1,1,399.0
15868,SYN002309,d4,3,99.0
15869,SYN002309,s5,3,199.0
15870,SYN002310,d3,1,179.0
15871,SYN002310,b3,3,199.0
15872,SYN002310,bv1,1,149.0
15873,SYN002311,s5,3,199.0
15874,SYN002311,d2,3,249.0
15875,SYN002311,d1,1,69.0
15876,SYN002312,s1,3,399.0
15877,SYN002312,v4,1,39.0
15878,SYN002312,d3,1,179.0
15879,SYN002312,d5,1,249.0
15880,SYN002312,v1,3,89.0
15881,SYN002312,s2,2,249.0
15882,SYN002313,f3,2,149.0
15883,SYN002313,f1,3,249.0
15884,SYN002313,d4,3,99.0
15885,SYN002313,v5,2,149.0
15886,SYN002313,v1,1,89.0
15887,SYN002314,v4,3,39.0
15888,SYN002314,d3,2,179.0
15889,SYN002314,b2,3,249.0
15890,SYN002314,d5,1,249.0
15891,SYN002315,bv1,1,149.0
15892,SYN002315,v2,3,49.0
15893,SYN002315,d3,1,179.0
15894,SYN002315,v3,1,79.0
15895,SYN002315,s4,2,299.0
15896,SYN002315,d5,1,249.0
15897,SYN002316,s5,1,199.0
15898,SYN002316,v5,1,149.0
15899,SYN002316,v6,2,29.0
15900,SYN002316,d5,1,249.0
15901,SYN002316,v3,2,79.0
15902,SYN002317,s5,2,199.0
15903,SYN002317,v2,2,49.0
15904,SYN002317,f2,2,49.0
15905,SYN002317,v5,2,149.0
15906,SYN002317,s3,1,99.0
15907,SYN002317,s4,1,299.0
15908,SYN002318,d2,3,249.0
15909,SYN002318,b4,2,599.0
15910,SYN002318,d4,3,99.0
15911,SYN002318,v1,2,89.0
15912,SYN002318,v4,3,39.0
15913,SYN002318,d1,1,69.0
15914,SYN002319,d4,3,99.0
15915,SYN002319,s2,3,249.0
15916,SYN002319,v2,3,49.0
15917,SYN002319,d3,1,179.0
15918,SYN002320,s3,3,99.0
15919,SYN002320,d4,1,99.0
15920,SYN002320,d1,2,69.0
15921,SYN002320,v6,3,29.0
15922,SYN002321,b2,3,249.0
15923,SYN002321,v2,2,49.0
15924,SYN002321,v1,2,89.0
15925,SYN002321,s1,1,399.0
15926,SYN002321,f6,1,179.0
15927,SYN002321,d1,3,69.0
15928,SYN002322,v6,3,29.0
15929,SYN002322,v4,2,39.0
15930,SYN002322,f1,2,249.0
15931,SYN002323,s5,3,199.0
15932,SYN002323,d1,1,69.0
15933,SYN002323,v6,2,29.0
15934,SYN002323,d5,2,249.0
15935,SYN002323,d3,3,179.0
15936,SYN002324,v6,2,29.0
15937,SYN002324,v1,1,89.0
15938,SYN002324,s2,1,249.0
15939,SYN002324,v2,1,49.0
15940,SYN002324,d4,1,99.0
15941,SYN002324,v4,2,39.0
15942,SYN002325,s5,1,199.0
15943,SYN002325,s4,2,299.0
15944,SYN002325,s2,1,249.0
15945,SYN002325,d5,3,249.0
15946,SYN002325,d2,3,249.0
15947,SYN002326,s5,2,199.0
15948,SYN002326,f4,3,199.0
15949,SYN002326,v3,1,79.0
15950,SYN002327,v2,1,49.0
15951,SYN002327,s5,3,199.0
15952,SYN002327,v3,3,79.0
15953,SYN002327,v1,3,89.0
15954,SYN002328,v4,3,39.0
15955,SYN002328,v3,2,79.0
15956,SYN002328,d5,1,249.0
15957,SYN002328,d4,1,99.0
15958,SYN002329,s4,1,299.0
15959,SYN002329,d4,3,99.0
15960,SYN002329,d5,2,249.0
15961,SYN002329,v3,1,79.0
15962,SYN002330,b4,1,599.0
15963,SYN002330,v4,1,39.0
15964,SYN002330,s5,2,199.0
15965,SYN002330,v2,2,49.0
15966,SYN002331,v2,3,49.0
15967,SYN002331,d5,3,249.0
15968,SYN002331,d4,3,99.0
15969,SYN002332,s2,3,249.0
15970,SYN002332,d2,2,249.0
15971,SYN002332,s5,3,199.0
15972,SYN002332,v2,1,49.0
15973,SYN002332,d1,1,69.0
15974,SYN002333,s1,2,399.0
15975,SYN002333,v5,3,149.0
15976,SYN002333,b1,1,199.0
15977,SYN002333,b4,1,599.0
15978,SYN002333,v2,2,49.0
15979,SYN002334,v5,3,149.0
15980,SYN002334,s4,2,299.0
15981,SYN002334,d3,1,179.0
15982,SYN002335,b5,2,299.0
15983,SYN002335,v1,2,89.0
15984,SYN002335,v2,3,49.0
15985,SYN002335,bv4,1,349.0
15986,SYN002335,s1,3,399.0
15987,SYN002336,v3,3,79.0
15988,SYN002336,s1,1,399.0
15989,SYN002336,bv2,1,249.0
15990,SYN002337,s4,2,299.0
15991,SYN002337,v2,1,49.0
15992,SYN002337,f6,1,179.0
15993,SYN002338,f5,2,99.0
15994,SYN002338,d1,2,69.0
15995,SYN002338,d2,2,249.0
15996,SYN002339,d2,1,249.0
15997,SYN002339,s5,1,199.0
15998,SYN002339,d3,2,179.0
15999,SYN002339,d4,1,99.0
16000,SYN002339,d1,1,69.0
16001,SYN002339,v4,2,39.0
16002,SYN002340,b1,3,199.0
16003,SYN002340,b3,3,199.0
16004,SYN002340,f2,1,49.0
16005,SYN002340,b2,1,249.0
16006,SYN002340,bv1,1,149.0
16007,SYN002340,v6,2,29.0
16008,SYN002340,s5,2,199.0
16009,SYN002340,bv2,2,249.0
16010,SYN002340,bv3,1,199.0
16011,SYN002341,f2,1,49.0
16012,SYN002341,bv2,1,249.0
16013,SYN002341,f6,1,179.0
16014,SYN002341,bv4,2,349.0
16015,SYN002341,s5,1,199.0
16016,SYN002341,bv3,2,199.0
16017,SYN002341,d2,1,249.0
16018,SYN002341,d3,3,179.0
16019,SYN002342,s1,1,399.0
16020,SYN002342,v5,2,149.0
16021,SYN002342,bv1,2,149.0
16022,SYN002342,b1,2,199.0
16023,SYN002342,f5,3,99.0
16024,SYN002342,s5,3,199.0
16025,SYN002342,b3,3,199.0
16026,SYN002342,b5,1,299.0
16027,SYN002342,bv3,2,199.0
16028,SYN002343,s2,1,249.0
16029,SYN002343,s5,3,199.0
16030,SYN002343,b3,2,199.0
16031,SYN002343,s1,3,399.0
16032,SYN002343,s4,2,299.0
16033,SYN002343,f2,1,49.0
16034,SYN002343,v1,1,89.0
16035,SYN002343,bv2,3,249.0
16036,SYN002343,b5,1,299.0
16037,SYN002344,f1,1,249.0
16038,SYN002344,b1,2,199.0
16039,SYN002344,f5,3,99.0
16040,SYN002344,b3,1,199.0
16041,SYN002344,f3,2,149.0
16042,SYN002344,s5,1,199.0
16043,SYN002345,f3,1,149.0
16044,SYN002345,f5,1,99.0
16045,SYN002345,bv2,3,249.0
16046,SYN002345,f1,1,249.0
16047,SYN002345,s4,2,299.0
16048,SYN002345,s1,1,399.0
16049,SYN002345,bv4,2,349.0
16050,SYN002346,bv4,2,349.0
16051,SYN002346,b3,2,199.0
16052,SYN002346,f6,3,179.0
16053,SYN002346,v2,3,49.0
16054,SYN002346,f4,2,199.0
16055,SYN002346,b5,1,299.0
16056,SYN002347,bv1,2,149.0
16057,SYN002347,f3,1,149.0
16058,SYN002347,f4,3,199.0
16059,SYN002347,s1,1,399.0
16060,SYN002347,v2,3,49.0
16061,SYN002347,f1,3,249.0
16062,SYN002347,b1,3,199.0
16063,SYN002347,b4,3,599.0
16064,SYN002347,s2,1,249.0
16065,SYN002348,b1,3,199.0
16066,SYN002348,f4,3,199.0
16067,SYN002348,s4,2,299.0
16068,SYN002348,b3,1,199.0
16069,SYN002348,s2,3,249.0
16070,SYN002348,bv4,1,349.0
16071,SYN002348,b4,2,599.0
16072,SYN002349,bv1,2,149.0
16073,SYN002349,s1,3,399.0
16074,SYN002349,b1,3,199.0
16075,SYN002349,b3,3,199.0
16076,SYN002349,f5,1,99.0
16077,SYN002350,s2,3,249.0
16078,SYN002350,s1,2,399.0
16079,SYN002350,f6,1,179.0
16080,SYN002350,bv2,2,249.0
16081,SYN002350,f1,2,249.0
16082,SYN002350,s3,1,99.0
16083,SYN002350,bv4,3,349.0
16084,SYN002350,b2,3,249.0
16085,SYN002351,bv1,3,149.0
16086,SYN002351,f4,3,199.0
16087,SYN002351,b4,1,599.0
16088,SYN002351,f5,2,99.0
16089,SYN002351,f6,1,179.0
16090,SYN002351,b2,1,249.0
16091,SYN002351,bv3,3,199.0
16092,SYN002352,b3,2,199.0
16093,SYN002352,s3,1,99.0
16094,SYN002352,d4,1,99.0
16095,SYN002352,bv2,2,249.0
16096,SYN002352,f3,2,149.0
16097,SYN002352,f1,1,249.0
16098,SYN002352,f4,2,199.0
16099,SYN002353,f4,3,199.0
16100,SYN002353,s2,2,249.0
16101,SYN002353,v3,2,79.0
16102,SYN002353,s1,2,399.0
16103,SYN002353,b1,2,199.0
16104,SYN002353,bv3,3,199.0
16105,SYN002353,f6,3,179.0
16106,SYN002353,bv2,3,249.0
16107,SYN002353,s3,2,99.0
16108,SYN002354,f3,1,149.0
16109,SYN002354,b3,1,199.0
16110,SYN002354,f5,2,99.0
16111,SYN002354,d5,1,249.0
16112,SYN002354,f4,2,199.0
16113,SYN002354,s5,2,199.0
16114,SYN002354,f2,3,49.0
16115,SYN002354,b2,1,249.0
16116,SYN002354,s4,3,299.0
16117,SYN002355,b3,1,199.0
16118,SYN002355,f4,1,199.0
16119,SYN002355,s1,1,399.0
16120,SYN002355,s3,3,99.0
16121,SYN002355,bv3,1,199.0
16122,SYN002355,f6,1,179.0
16123,SYN002355,b2,2,249.0
16124,SYN002356,b2,2,249.0
16125,SYN002356,f3,1,149.0
16126,SYN002356,v1,3,89.0
16127,SYN002356,s5,3,199.0
16128,SYN002356,b4,2,599.0
16129,SYN002356,v3,2,79.0
16130,SYN002356,bv2,2,249.0
16131,SYN002357,s3,1,99.0
16132,SYN002357,f1,3,249.0
16133,SYN002357,b4,3,599.0
16134,SYN002357,bv1,3,149.0
16135,SYN002357,f4,1,199.0
16136,SYN002357,s2,2,249.0
16137,SYN002357,bv3,3,199.0
16138,SYN002357,f2,2,49.0
16139,SYN002358,v4,1,39.0
16140,SYN002358,bv3,1,199.0
16141,SYN002358,b4,2,599.0
16142,SYN002358,b3,2,199.0
16143,SYN002358,v5,2,149.0
16144,SYN002358,f2,3,49.0
16145,SYN002358,f1,2,249.0
16146,SYN002358,bv1,1,149.0
16147,SYN002358,b2,2,249.0
16148,SYN002359,b2,1,249.0
16149,SYN002359,bv2,3,249.0
16150,SYN002359,f1,2,249.0
16151,SYN002359,s3,3,99.0
16152,SYN002359,s4,2,299.0
16153,SYN002359,f3,3,149.0
16154,SYN002359,f2,1,49.0
16155,SYN002360,f2,1,49.0
16156,SYN002360,b4,2,599.0
16157,SYN002360,f4,3,199.0
16158,SYN002360,b2,2,249.0
16159,SYN002360,s3,1,99.0
16160,SYN002361,bv1,3,149.0
16161,SYN002361,f3,1,149.0
16162,SYN002361,f5,2,99.0
16163,SYN002361,s3,3,99.0
16164,SYN002361,b4,1,599.0
16165,SYN002361,v4,2,39.0
16166,SYN002361,s4,2,299.0
16167,SYN002361,d1,1,69.0
16168,SYN002362,s4,3,299.0
16169,SYN002362,s2,3,249.0
16170,SYN002362,f4,2,199.0
16171,SYN002362,v1,3,89.0
16172,SYN002362,b4,1,599.0
16173,SYN002362,bv4,2,349.0
16174,SYN002362,bv3,3,199.0
16175,SYN002363,f3,3,149.0
16176,SYN002363,bv2,2,249.0
16177,SYN002363,f5,3,99.0
16178,SYN002363,f4,2,199.0
16179,SYN002363,b4,1,599.0
16180,SYN002363,bv4,2,349.0
16181,SYN002363,d4,1,99.0
16182,SYN002364,v4,2,39.0
16183,SYN002364,f1,3,249.0
16184,SYN002364,s2,2,249.0
16185,SYN002364,s3,2,99.0
16186,SYN002364,f5,3,99.0
16187,SYN002364,f2,3,49.0
16188,SYN002364,d5,1,249.0
16189,SYN002364,bv1,1,149.0
16190,SYN002364,d2,1,249.0
16191,SYN002365,b4,1,599.0
16192,SYN002365,s4,1,299.0
16193,SYN002365,bv3,3,199.0
16194,SYN002365,s3,2,99.0
16195,SYN002365,f3,1,149.0
16196,SYN002365,f4,3,199.0
16197,SYN002365,v4,3,39.0
16198,SYN002365,bv4,2,349.0
16199,SYN002366,f2,1,49.0
16200,SYN002366,b1,2,199.0
16201,SYN002366,s5,3,199.0
16202,SYN002366,bv3,3,199.0
16203,SYN002366,s2,3,249.0
16204,SYN002366,b5,1,299.0
16205,SYN002366,f4,2,199.0
16206,SYN002366,bv4,3,349.0
16207,SYN002366,s1,1,399.0
16208,SYN002366,f6,3,179.0
16209,SYN002367,s2,2,249.0
16210,SYN002367,f3,3,149.0
16211,SYN002367,s3,3,99.0
16212,SYN002367,v4,3,39.0
16213,SYN002367,s4,1,299.0
16214,SYN002367,bv3,2,199.0
16215,SYN002367,d1,1,69.0
16216,SYN002367,v5,1,149.0
16217,SYN002367,f5,2,99.0
16218,SYN002367,s1,3,399.0
16219,SYN002368,f2,3,49.0
16220,SYN002368,v5,1,149.0
16221,SYN002368,s1,2,399.0
16222,SYN002368,bv3,1,199.0
16223,SYN002368,s4,3,299.0
16224,SYN002369,f3,1,149.0
16225,SYN002369,bv2,2,249.0
16226,SYN002369,v3,2,79.0
16227,SYN002369,f6,2,179.0
16228,SYN002369,bv4,1,349.0
16229,SYN002369,f5,2,99.0
16230,SYN002370,s1,1,399.0
16231,SYN002370,bv4,3,349.0
16232,SYN002370,b5,1,299.0
16233,SYN002370,f1,3,249.0
16234,SYN002370,f6,3,179.0
16235,SYN002370,s2,3,249.0
16236,SYN002370,f2,1,49.0
16237,SYN002370,v6,1,29.0
16238,SYN002370,s3,1,99.0
16239,SYN002371,f3,1,149.0
16240,SYN002371,s5,2,199.0
16241,SYN002371,b2,1,249.0
16242,SYN002371,f4,2,199.0
16243,SYN002371,s3,2,99.0
16244,SYN002371,f5,3,99.0
16245,SYN002371,b4,3,599.0
16246,SYN002371,f1,3,249.0
16247,SYN002371,d3,1,179.0
16248,SYN002372,b3,1,199.0
16249,SYN002372,s4,1,299.0
16250,SYN002372,bv2,2,249.0
16251,SYN002372,bv1,3,149.0
16252,SYN002372,f6,2,179.0
16253,SYN002372,b2,1,249.0
16254,SYN002372,s2,3,249.0
16255,SYN002372,b4,2,599.0
16256,SYN002373,b3,3,199.0
16257,SYN002373,s4,2,299.0
16258,SYN002373,bv1,2,149.0
16259,SYN002373,s3,3,99.0
16260,SYN002373,bv2,3,249.0
16261,SYN002373,f3,2,149.0
16262,SYN002374,b4,2,599.0
16263,SYN002374,s1,3,399.0
16264,SYN002374,s4,1,299.0
16265,SYN002374,b2,1,249.0
16266,SYN002374,f6,3,179.0
16267,SYN002374,bv2,2,249.0
16268,SYN002374,f2,3,49.0
16269,SYN002375,f1,1,249.0
16270,SYN002375,bv3,2,199.0
16271,SYN002375,bv1,2,149.0
16272,SYN002375,f6,1,179.0
16273,SYN002375,b5,1,299.0
16274,SYN002375,bv4,3,349.0
16275,SYN002375,d5,1,249.0
16276,SYN002375,s4,1,299.0
16277,SYN002375,s2,2,249.0
16278,SYN002376,s1,1,399.0
16279,SYN002376,bv2,2,249.0
16280,SYN002376,b3,3,199.0
16281,SYN002376,s3,1,99.0
16282,SYN002376,d3,1,179.0
16283,SYN002376,s2,1,249.0
16284,SYN002376,b1,1,199.0
16285,SYN002377,bv4,1,349.0
16286,SYN002377,f4,2,199.0
16287,SYN002377,b1,2,199.0
16288,SYN002377,b2,1,249.0
16289,SYN002377,bv2,1,249.0
16290,SYN002377,s1,3,399.0
16291,SYN002377,d5,3,249.0
16292,SYN002378,f2,2,49.0
16293,SYN002378,s2,1,249.0
16294,SYN002378,f6,3,179.0
16295,SYN002378,f5,2,99.0
16296,SYN002378,s3,2,99.0
16297,SYN002378,bv4,3,349.0
16298,SYN002378,v5,2,149.0
16299,SYN002378,bv3,1,199.0
16300,SYN002378,v6,3,29.0
16301,SYN002378,s5,3,199.0
16302,SYN002379,b2,2,249.0
16303,SYN002379,b3,2,199.0
16304,SYN002379,f4,3,199.0
16305,SYN002379,s3,2,99.0
16306,SYN002379,b5,3,299.0
16307,SYN002379,s5,3,199.0
16308,SYN002379,bv2,2,249.0
16309,SYN002380,f4,3,199.0
16310,SYN002380,f1,2,249.0
16311,SYN002380,s4,2,299.0
16312,SYN002380,b4,3,599.0
16313,SYN002380,s2,3,249.0
16314,SYN002381,b5,2,299.0
16315,SYN002381,bv1,1,149.0
16316,SYN002381,b3,3,199.0
16317,SYN002381,v3,3,79.0
16318,SYN002381,f2,2,49.0
16319,SYN002382,b5,3,299.0
16320,SYN002382,s3,1,99.0
16321,SYN002382,b1,2,199.0
16322,SYN002382,v4,2,39.0
16323,SYN002382,s4,1,299.0
16324,SYN002382,bv1,3,149.0
16325,SYN002382,b4,2,599.0
16326,SYN002382,f1,1,249.0
16327,SYN002383,s1,1,399.0
16328,SYN002383,bv4,1,349.0
16329,SYN002383,bv1,3,149.0
16330,SYN002383,d2,2,249.0
16331,SYN002383,f4,2,199.0
16332,SYN002383,f2,3,49.0
16333,SYN002383,b3,3,199.0
16334,SYN002383,d3,3,179.0
16335,SYN002383,b1,2,199.0
16336,SYN002383,s2,2,249.0
16337,SYN002384,f2,3,49.0
16338,SYN002384,s1,1,399.0
16339,SYN002384,b2,3,249.0
16340,SYN002384,f4,3,199.0
16341,SYN002384,bv1,3,149.0
16342,SYN002384,s5,3,199.0
16343,SYN002384,b4,1,599.0
16344,SYN002384,s2,1,249.0
16345,SYN002385,f2,3,49.0
16346,SYN002385,d1,3,69.0
16347,SYN002385,d4,1,99.0
16348,SYN002385,s2,1,249.0
16349,SYN002385,b4,2,599.0
16350,SYN002385,d5,3,249.0
16351,SYN002385,s3,2,99.0
16352,SYN002385,bv3,2,199.0
16353,SYN002386,f2,1,49.0
16354,SYN002386,b5,1,299.0
16355,SYN002386,bv3,2,199.0
16356,SYN002386,v2,2,49.0
16357,SYN002386,f1,2,249.0
16358,SYN002386,v5,3,149.0
16359,SYN002387,f3,1,149.0
16360,SYN002387,b4,2,599.0
16361,SYN002387,s4,3,299.0
16362,SYN002387,s2,2,249.0
16363,SYN002387,bv1,3,149.0
16364,SYN002388,f3,2,149.0
16365,SYN002388,b4,2,599.0
16366,SYN002388,b3,1,199.0
16367,SYN002388,s5,1,199.0
16368,SYN002388,s4,1,299.0
16369,SYN002388,bv2,3,249.0
16370,SYN002388,v3,1,79.0
16371,SYN002388,v4,2,39.0
16372,SYN002389,b3,2,199.0
16373,SYN002389,f2,3,49.0
16374,SYN002389,bv1,1,149.0
16375,SYN002389,v1,2,89.0
16376,SYN002389,d3,1,179.0
16377,SYN002389,s4,2,299.0
16378,SYN002389,bv3,2,199.0
16379,SYN002390,f1,3,249.0
16380,SYN002390,bv1,3,149.0
16381,SYN002390,d3,1,179.0
16382,SYN002390,f6,3,179.0
16383,SYN002390,f2,3,49.0
16384,SYN002390,s5,3,199.0
16385,SYN002390,b5,3,299.0
16386,SYN002391,f5,2,99.0
16387,SYN002391,f1,2,249.0
16388,SYN002391,b3,2,199.0
16389,SYN002391,b2,3,249.0
16390,SYN002391,b4,2,599.0
16391,SYN002391,f2,1,49.0
16392,SYN002391,b1,2,199.0
16393,SYN002391,bv1,1,149.0
16394,SYN002392,f2,1,49.0
16395,SYN002392,s2,2,249.0
16396,SYN002392,s5,3,199.0
16397,SYN002392,b2,3,249.0
16398,SYN002392,bv4,1,349.0
16399,SYN002392,d2,3,249.0
16400,SYN002393,v4,3,39.0
16401,SYN002393,bv1,3,149.0
16402,SYN002393,f4,2,199.0
16403,SYN002393,f2,1,49.0
16404,SYN002393,bv2,1,249.0
16405,SYN002393,s5,1,199.0
16406,SYN002393,s3,3,99.0
16407,SYN002393,b4,3,599.0
16408,SYN002393,v3,1,79.0
16409,SYN002394,b1,2,199.0
16410,SYN002394,f3,3,149.0
16411,SYN002394,bv2,3,249.0
16412,SYN002394,bv4,2,349.0
16413,SYN002394,s3,1,99.0
16414,SYN002394,f2,3,49.0
16415,SYN002395,f1,2,249.0
16416,SYN002395,bv1,2,149.0
16417,SYN002395,s5,3,199.0
16418,SYN002395,s4,1,299.0
16419,SYN002395,b2,1,249.0
16420,SYN002395,b5,2,299.0
16421,SYN002395,f5,2,99.0
16422,SYN002395,bv4,1,349.0
16423,SYN002395,s1,2,399.0
16424,SYN002396,bv1,2,149.0
16425,SYN002396,s5,3,199.0
16426,SYN002396,b3,2,199.0
16427,SYN002396,s4,2,299.0
16428,SYN002396,bv4,2,349.0
16429,SYN002397,b1,2,199.0
16430,SYN002397,f1,2,249.0
16431,SYN002397,s3,1,99.0
16432,SYN002397,b2,2,249.0
16433,SYN002397,s2,2,249.0
16434,SYN002397,s4,2,299.0
16435,SYN002398,v6,1,29.0
16436,SYN002398,v3,3,79.0
16437,SYN002398,bv4,3,349.0
16438,SYN002398,d1,3,69.0
16439,SYN002398,f5,1,99.0
16440,SYN002398,bv3,2,199.0
16441,SYN002398,v4,3,39.0
16442,SYN002398,s3,2,99.0
16443,SYN002398,s4,2,299.0
16444,SYN002398,d5,3,249.0
16445,SYN002398,d2,2,249.0
16446,SYN002398,d4,2,99.0
16447,SYN002398,v5,1,149.0
16448,SYN002399,bv2,1,249.0
16449,SYN002399,b3,3,199.0
16450,SYN002399,bv1,1,149.0
16451,SYN002399,s4,3,299.0
16452,SYN002399,v3,3,79.0
16453,SYN002399,s3,3,99.0
16454,SYN002399,f5,1,99.0
16455,SYN002399,bv4,2,349.0
16456,SYN002399,d4,1,99.0
16457,SYN002399,bv3,2,199.0
16458,SYN002399,v2,1,49.0
16459,SYN002399,s5,3,199.0
16460,SYN002399,v5,1,149.0
16461,SYN002400,s4,2,299.0
16462,SYN002400,bv2,1,249.0
16463,SYN002400,v1,1,89.0
16464,SYN002400,d3,1,179.0
16465,SYN002400,s5,1,199.0
16466,SYN002400,v2,3,49.0
16467,SYN002400,v6,1,29.0
16468,SYN002400,bv4,2,349.0
16469,SYN002400,bv3,2,199.0
16470,SYN002400,s1,2,399.0
16471,SYN002400,d5,2,249.0
16472,SYN002400,d4,2,99.0
16473,SYN002400,v4,1,39.0
16474,SYN002401,s2,1,249.0
16475,SYN002401,s3,2,99.0
16476,SYN002401,s1,1,399.0
16477,SYN002401,d2,1,249.0
16478,SYN002401,v4,3,39.0
16479,SYN002401,s4,1,299.0
16480,SYN002401,b3,3,199.0
16481,SYN002401,d4,2,99.0
16482,SYN002402,bv3,1,199.0
16483,SYN002402,d2,3,249.0
16484,SYN002402,v5,2,149.0
16485,SYN002402,d3,3,179.0
16486,SYN002402,f4,2,199.0
16487,SYN002402,bv2,1,249.0
16488,SYN002402,v2,2,49.0
16489,SYN002402,b5,3,299.0
16490,SYN002403,d5,2,249.0
16491,SYN002403,v6,2,29.0
16492,SYN002403,b4,3,599.0
16493,SYN002403,s3,1,99.0
16494,SYN002403,f4,1,199.0
16495,SYN002403,d3,3,179.0
16496,SYN002403,b5,1,299.0
16497,SYN002403,f5,1,99.0
16498,SYN002403,s1,1,399.0
16499,SYN002403,v5,2,149.0
16500,SYN002403,d4,3,99.0
16501,SYN002404,s5,3,199.0
16502,SYN002404,s3,2,99.0
16503,SYN002404,v4,1,39.0
16504,SYN002404,bv3,1,199.0
16505,SYN002404,d3,3,179.0
16506,SYN002404,s1,2,399.0
16507,SYN002404,v2,3,49.0
16508,SYN002404,d2,2,249.0
16509,SYN002404,d4,1,99.0
16510,SYN002404,f5,2,99.0
16511,SYN002404,b1,2,199.0
16512,SYN002404,f2,1,49.0
16513,SYN002404,bv1,1,149.0
16514,SYN002404,d5,1,249.0
16515,SYN002405,s2,1,249.0
16516,SYN002405,v5,1,149.0
16517,SYN002405,s4,3,299.0
16518,SYN002405,bv2,3,249.0
16519,SYN002405,d3,2,179.0
16520,SYN002405,d4,3,99.0
16521,SYN002405,d5,1,249.0
16522,SYN002405,v6,3,29.0
16523,SYN002406,bv3,3,199.0
16524,SYN002406,v2,2,49.0
16525,SYN002406,d1,1,69.0
16526,SYN002406,s2,3,249.0
16527,SYN002406,v3,2,79.0
16528,SYN002406,bv1,1,149.0
16529,SYN002406,f6,1,179.0
16530,SYN002406,s5,1,199.0
16531,SYN002406,s3,3,99.0
16532,SYN002406,d5,3,249.0
16533,SYN002406,v4,3,39.0
16534,SYN002406,d4,3,99.0
16535,SYN002407,v5,1,149.0
16536,SYN002407,s5,2,199.0
16537,SYN002407,s3,2,99.0
16538,SYN002407,bv4,2,349.0
16539,SYN002407,s4,3,299.0
16540,SYN002407,f1,2,249.0
16541,SYN002407,d4,3,99.0
16542,SYN002407,f5,3,99.0
16543,SYN002407,v1,2,89.0
16544,SYN002407,v3,2,79.0
16545,SYN002407,d1,3,69.0
16546,SYN002407,v6,3,29.0
16547,SYN002408,bv4,2,349.0
16548,SYN002408,v6,2,29.0
16549,SYN002408,s2,1,249.0
16550,SYN002408,d2,1,249.0
16551,SYN002408,d3,1,179.0
16552,SYN002408,s5,2,199.0
16553,SYN002408,d5,1,249.0
16554,SYN002408,v1,3,89.0
16555,SYN002408,v3,3,79.0
16556,SYN002408,d1,2,69.0
16557,SYN002408,v2,1,49.0
16558,SYN002408,v5,2,149.0
16559,SYN002408,v4,1,39.0
16560,SYN002409,v3,3,79.0
16561,SYN002409,d5,3,249.0
16562,SYN002409,s4,1,299.0
16563,SYN002409,v4,2,39.0
16564,SYN002409,d4,1,99.0
16565,SYN002409,s5,3,199.0
16566,SYN002409,d3,1,179.0
16567,SYN002409,s1,2,399.0
16568,SYN002409,d1,2,69.0
16569,SYN002409,v1,1,89.0
16570,SYN002409,v5,2,149.0
16571,SYN002409,v6,1,29.0
16572,SYN002410,bv3,2,199.0
16573,SYN002410,v6,2,29.0
16574,SYN002410,s4,3,299.0
16575,SYN002410,s1,2,399.0
16576,SYN002410,b1,3,199.0
16577,SYN002410,b2,2,249.0
16578,SYN002410,f5,3,99.0
16579,SYN002410,f4,3,199.0
16580,SYN002410,v2,2,49.0
16581,SYN002411,s4,3,299.0
16582,SYN002411,bv4,1,349.0
16583,SYN002411,bv3,3,199.0
16584,SYN002411,bv2,3,249.0
16585,SYN002411,v6,1,29.0
16586,SYN002411,v3,2,79.0
16587,SYN002411,d5,3,249.0
16588,SYN002411,d3,3,179.0
16589,SYN002411,v4,3,39.0
16590,SYN002412,s3,3,99.0
16591,SYN002412,d4,2,99.0
16592,SYN002412,v1,2,89.0
16593,SYN002412,d5,3,249.0
16594,SYN002412,s1,2,399.0
16595,SYN002412,v6,3,29.0
16596,SYN002412,d2,3,249.0
16597,SYN002412,f5,2,99.0
16598,SYN002412,d3,1,179.0
16599,SYN002412,b4,2,599.0
16600,SYN002413,v2,3,49.0
16601,SYN002413,b2,2,249.0
16602,SYN002413,d3,1,179.0
16603,SYN002413,bv3,1,199.0
16604,SYN002413,d1,1,69.0
16605,SYN002413,v5,3,149.0
16606,SYN002413,v3,1,79.0
16607,SYN002413,v6,2,29.0
16608,SYN002413,s5,1,199.0
16609,SYN002413,d5,3,249.0
16610,SYN002413,bv4,1,349.0
16611,SYN002413,bv2,3,249.0
16612,SYN002413,b1,2,199.0
16613,SYN002413,v1,2,89.0
16614,SYN002413,s3,2,99.0
16615,SYN002414,v1,2,89.0
16616,SYN002414,s1,1,399.0
16617,SYN002414,v5,1,149.0
16618,SYN002414,d3,1,179.0
16619,SYN002414,v6,3,29.0
16620,SYN002414,v2,3,49.0
16621,SYN002414,s2,3,249.0
16622,SYN002414,s3,2,99.0
16623,SYN002414,d5,3,249.0
16624,SYN002414,d2,3,249.0
16625,SYN002414,bv1,1,149.0
16626,SYN002414,d4,1,99.0
16627,SYN002414,bv3,2,199.0
16628,SYN002414,v4,2,39.0
16629,SYN002415,v3,1,79.0
16630,SYN002415,bv1,2,149.0
16631,SYN002415,bv4,1,349.0
16632,SYN002415,s4,1,299.0
16633,SYN002415,v5,3,149.0
16634,SYN002415,d5,1,249.0
16635,SYN002415,v2,3,49.0
16636,SYN002415,v1,2,89.0
16637,SYN002416,v1,2,89.0
16638,SYN002416,s4,3,299.0
16639,SYN002416,v6,3,29.0
16640,SYN002416,s1,2,399.0
16641,SYN002416,d4,2,99.0
16642,SYN002416,bv4,1,349.0
16643,SYN002416,d3,1,179.0
16644,SYN002416,b4,1,599.0
16645,SYN002417,bv2,1,249.0
16646,SYN002417,s2,3,249.0
16647,SYN002417,s3,3,99.0
16648,SYN002417,d2,1,249.0
16649,SYN002417,v3,1,79.0
16650,SYN002417,d5,3,249.0
16651,SYN002417,bv3,1,199.0
16652,SYN002417,s5,1,199.0
16653,SYN002417,v2,3,49.0
16654,SYN002417,bv1,2,149.0
16655,SYN002417,b2,3,249.0
16656,SYN002417,bv4,3,349.0
16657,SYN002417,v6,2,29.0
16658,SYN002417,v5,3,149.0
16659,SYN002418,v6,3,29.0
16660,SYN002418,b2,1,249.0
16661,SYN002418,b3,1,199.0
16662,SYN002418,v3,3,79.0
16663,SYN002418,bv3,1,199.0
16664,SYN002418,v5,3,149.0
16665,SYN002418,d4,1,99.0
16666,SYN002418,d5,1,249.0
16667,SYN002418,s1,2,399.0
16668,SYN002418,d1,1,69.0
16669,SYN002418,s2,1,249.0
16670,SYN002418,d3,3,179.0
16671,SYN002418,v1,1,89.0
16672,SYN002419,v3,3,79.0
16673,SYN002419,bv4,1,349.0
16674,SYN002419,f3,3,149.0
16675,SYN002419,v5,2,149.0
16676,SYN002419,f6,2,179.0
16677,SYN002419,d4,2,99.0
16678,SYN002419,s5,1,199.0
16679,SYN002419,v2,1,49.0
16680,SYN002419,bv3,2,199.0
16681,SYN002420,s2,2,249.0
16682,SYN002420,s4,2,299.0
16683,SYN002420,s3,1,99.0
16684,SYN002420,v1,3,89.0
16685,SYN002420,bv1,2,149.0
16686,SYN002420,d3,2,179.0
16687,SYN002420,f2,3,49.0
16688,SYN002420,bv4,3,349.0
16689,SYN002420,v4,1,39.0
16690,SYN002420,d1,2,69.0
16691,SYN002420,v5,3,149.0
16692,SYN002420,v3,2,79.0
16693,SYN002421,d5,3,249.0
16694,SYN002421,s1,3,399.0
16695,SYN002421,bv3,3,199.0
16696,SYN002421,bv4,3,349.0
16697,SYN002421,bv2,2,249.0
16698,SYN002421,v3,3,79.0
16699,SYN002421,d3,2,179.0
16700,SYN002421,d4,3,99.0
16701,SYN002421,f4,1,199.0
16702,SYN002421,s3,3,99.0
16703,SYN002421,s2,1,249.0
16704,SYN002421,f1,1,249.0
16705,SYN002421,d1,1,69.0
16706,SYN002422,v6,1,29.0
16707,SYN002422,v4,1,39.0
16708,SYN002422,v2,3,49.0
16709,SYN002422,bv4,3,349.0
16710,SYN002422,s4,1,299.0
16711,SYN002422,f4,3,199.0
16712,SYN002422,d2,3,249.0
16713,SYN002422,b4,1,599.0
16714,SYN002422,bv2,2,249.0
16715,SYN002422,s3,2,99.0
16716,SYN002423,f6,1,179.0
16717,SYN002423,v6,3,29.0
16718,SYN002423,d4,1,99.0
16719,SYN002423,bv1,1,149.0
16720,SYN002423,s2,1,249.0
16721,SYN002423,d3,3,179.0
16722,SYN002423,v1,1,89.0
16723,SYN002423,bv4,1,349.0
16724,SYN002423,bv3,1,199.0
16725,SYN002424,d1,3,69.0
16726,SYN002424,v6,3,29.0
16727,SYN002424,d4,1,99.0
16728,SYN002424,d3,3,179.0
16729,SYN002424,b4,2,599.0
16730,SYN002424,f2,1,49.0
16731,SYN002424,d2,3,249.0
16732,SYN002424,bv4,1,349.0
16733,SYN002425,v4,3,39.0
16734,SYN002425,s4,2,299.0
16735,SYN002425,d1,2,69.0
16736,SYN002425,d4,3,99.0
16737,SYN002425,bv2,3,249.0
16738,SYN002425,s3,3,99.0
16739,SYN002425,bv4,2,349.0
16740,SYN002425,bv1,2,149.0
16741,SYN002426,bv1,1,149.0
16742,SYN002426,s2,1,249.0
16743,SYN002426,d3,2,179.0
16744,SYN002426,d5,2,249.0
16745,SYN002426,bv4,2,349.0
16746,SYN002426,bv3,1,199.0
16747,SYN002426,f5,2,99.0
16748,SYN002426,s4,2,299.0
16749,SYN002426,v6,1,29.0
16750,SYN002427,s1,3,399.0
16751,SYN002427,f5,2,99.0
16752,SYN002427,bv2,2,249.0
16753,SYN002427,s4,2,299.0
16754,SYN002427,v3,2,79.0
16755,SYN002427,bv1,1,149.0
16756,SYN002427,d4,2,99.0
16757,SYN002427,v2,3,49.0
16758,SYN002428,s3,1,99.0
16759,SYN002428,s1,2,399.0
16760,SYN002428,bv3,2,199.0
16761,SYN002428,bv4,3,349.0
16762,SYN002428,d2,1,249.0
16763,SYN002428,s4,3,299.0
16764,SYN002428,s5,2,199.0
16765,SYN002428,b4,3,599.0
16766,SYN002429,bv1,2,149.0
16767,SYN002429,v3,3,79.0
16768,SYN002429,bv4,3,349.0
16769,SYN002429,v5,1,149.0
16770,SYN002429,s1,3,399.0
16771,SYN002429,bv3,2,199.0
16772,SYN002429,v2,1,49.0
16773,SYN002429,v6,2,29.0
16774,SYN002429,v1,3,89.0
16775,SYN002429,d2,1,249.0
16776,SYN002429,s5,3,199.0
16777,SYN002430,v4,1,39.0
16778,SYN002430,bv3,3,199.0
16779,SYN002430,s4,3,299.0
16780,SYN002430,d2,2,249.0
16781,SYN002430,v6,2,29.0
16782,SYN002430,s1,3,399.0
16783,SYN002430,bv1,3,149.0
16784,SYN002430,v3,3,79.0
16785,SYN002430,v5,1,149.0
16786,SYN002430,s3,1,99.0
16787,SYN002430,v1,1,89.0
16788,SYN002430,s5,3,199.0
16789,SYN002431,d2,1,249.0
16790,SYN002431,s5,3,199.0
16791,SYN002431,f1,2,249.0
16792,SYN002431,s4,2,299.0
16793,SYN002431,s2,3,249.0
16794,SYN002431,d1,2,69.0
16795,SYN002431,v6,2,29.0
16796,SYN002431,d3,2,179.0
16797,SYN002431,bv2,3,249.0
16798,SYN002432,d3,2,179.0
16799,SYN002432,d5,1,249.0
16800,SYN002432,s1,3,399.0
16801,SYN002432,v4,3,39.0
16802,SYN002432,v6,1,29.0
16803,SYN002432,v5,1,149.0
16804,SYN002432,d2,3,249.0
16805,SYN002432,bv3,3,199.0
16806,SYN002432,bv2,2,249.0
16807,SYN002432,bv1,1,149.0
16808,SYN002432,f3,3,149.0
16809,SYN002432,s5,3,199.0
16810,SYN002433,bv4,1,349.0
16811,SYN002433,d5,2,249.0
16812,SYN002433,s4,2,299.0
16813,SYN002433,v3,1,79.0
16814,SYN002433,bv1,2,149.0
16815,SYN002433,v5,2,149.0
16816,SYN002433,v4,3,39.0
16817,SYN002433,d1,3,69.0
16818,SYN002433,f5,3,99.0
16819,SYN002433,d3,1,179.0
16820,SYN002433,b5,1,299.0
16821,SYN002433,s5,3,199.0
16822,SYN002433,s3,3,99.0
16823,SYN002434,s1,3,399.0
16824,SYN002434,d4,3,99.0
16825,SYN002434,f5,1,99.0
16826,SYN002434,v6,1,29.0
16827,SYN002434,v5,1,149.0
16828,SYN002434,d3,3,179.0
16829,SYN002434,s2,2,249.0
16830,SYN002434,d2,1,249.0
16831,SYN002434,d1,3,69.0
16832,SYN002435,s3,3,99.0
16833,SYN002435,d3,1,179.0
16834,SYN002435,s5,2,199.0
16835,SYN002435,s2,3,249.0
16836,SYN002435,d1,1,69.0
16837,SYN002435,bv1,2,149.0
16838,SYN002435,v1,3,89.0
16839,SYN002435,bv3,1,199.0
16840,SYN002435,s4,1,299.0
16841,SYN002435,d5,3,249.0
16842,SYN002435,d2,2,249.0
16843,SYN002435,v3,3,79.0
16844,SYN002436,v6,2,29.0
16845,SYN002436,d2,3,249.0
16846,SYN002436,s2,3,249.0
16847,SYN002436,s4,1,299.0
16848,SYN002436,v2,1,49.0
16849,SYN002436,bv1,2,149.0
16850,SYN002436,bv3,3,199.0
16851,SYN002436,v1,3,89.0
16852,SYN002436,bv4,3,349.0
16853,SYN002436,f6,1,179.0
16854,SYN002436,bv2,2,249.0
16855,SYN002436,s3,3,99.0
16856,SYN002436,v5,3,149.0
16857,SYN002436,d5,3,249.0
16858,SYN002437,bv3,3,199.0
16859,SYN002437,f6,1,179.0
16860,SYN002437,d4,2,99.0
16861,SYN002437,b3,2,199.0
16862,SYN002437,s4,1,299.0
16863,SYN002437,d5,3,249.0
16864,SYN002437,bv2,1,249.0
16865,SYN002437,v6,1,29.0
16866,SYN002437,s3,2,99.0
16867,SYN002437,v2,3,49.0
16868,SYN002437,d1,3,69.0
16869,SYN002438,v2,2,49.0
16870,SYN002438,bv4,1,349.0
16871,SYN002438,bv1,2,149.0
16872,SYN002438,bv3,2,199.0
16873,SYN002438,b1,3,199.0
16874,SYN002438,f4,2,199.0
16875,SYN002438,d4,1,99.0
16876,SYN002438,v1,1,89.0
16877,SYN002438,v6,2,29.0
16878,SYN002439,d5,1,249.0
16879,SYN002439,s2,2,249.0
16880,SYN002439,b4,3,599.0
16881,SYN002439,f1,1,249.0
16882,SYN002439,s3,3,99.0
16883,SYN002439,d3,2,179.0
16884,SYN002439,s1,2,399.0
16885,SYN002439,s5,3,199.0
16886,SYN002439,bv1,1,149.0
16887,SYN002439,v1,1,89.0
16888,SYN002439,v6,1,29.0
16889,SYN002439,bv3,3,199.0
16890,SYN002439,bv2,3,249.0
16891,SYN002440,v5,3,149.0
16892,SYN002440,d2,3,249.0
16893,SYN002440,v4,2,39.0
16894,SYN002440,d1,2,69.0
16895,SYN002440,bv2,3,249.0
16896,SYN002440,b1,2,199.0
16897,SYN002440,b3,1,199.0
16898,SYN002440,f5,3,99.0
16899,SYN002440,s1,1,399.0
16900,SYN002441,v4,2,39.0
16901,SYN002441,v3,2,79.0
16902,SYN002441,bv1,3,149.0
16903,SYN002441,b1,3,199.0
16904,SYN002441,s4,3,299.0
16905,SYN002441,s3,3,99.0
16906,SYN002441,d4,3,99.0
16907,SYN002441,bv4,3,349.0
16908,SYN002441,v5,1,149.0
16909,SYN002441,d5,3,249.0
16910,SYN002441,v1,2,89.0
16911,SYN002441,v2,2,49.0
16912,SYN002441,s2,1,249.0
16913,SYN002441,d1,2,69.0
16914,SYN002442,bv4,1,349.0
16915,SYN002442,v4,2,39.0
16916,SYN002442,d4,1,99.0
16917,SYN002442,s1,3,399.0
16918,SYN002442,f6,1,179.0
16919,SYN002442,v5,3,149.0
16920,SYN002442,s5,1,199.0
16921,SYN002442,v6,2,29.0
16922,SYN002442,d2,1,249.0
16923,SYN002442,bv3,2,199.0
16924,SYN002442,s4,1,299.0
16925,SYN002442,f3,1,149.0
16926,SYN002443,bv3,2,199.0
16927,SYN002443,s3,3,99.0
16928,SYN002443,bv1,1,149.0
16929,SYN002443,s5,3,199.0
16930,SYN002443,d1,2,69.0
16931,SYN002443,d4,2,99.0
16932,SYN002443,v1,1,89.0
16933,SYN002443,bv4,2,349.0
16934,SYN002443,s1,2,399.0
16935,SYN002443,v6,2,29.0
16936,SYN002443,s2,1,249.0
16937,SYN002443,v3,2,79.0
16938,SYN002444,b1,1,199.0
16939,SYN002444,f1,3,249.0
16940,SYN002444,b5,2,299.0
16941,SYN002445,f1,1,249.0
16942,SYN002445,f5,3,99.0
16943,SYN002445,b1,2,199.0
16944,SYN002445,b3,3,199.0
16945,SYN002446,f5,2,99.0
16946,SYN002446,b3,2,199.0
16947,SYN002447,f5,2,99.0
16948,SYN002447,b1,3,199.0
16949,SYN002447,f4,2,199.0
16950,SYN002448,f5,3,99.0
16951,SYN002448,f3,3,149.0
16952,SYN002448,f1,3,249.0
16953,SYN002448,b1,3,199.0
16954,SYN002449,b1,2,199.0
16955,SYN002449,d5,3,249.0
16956,SYN002449,f1,3,249.0
16957,SYN002450,b4,3,599.0
16958,SYN002450,b5,3,299.0
16959,SYN002450,s5,2,199.0
16960,SYN002451,f6,1,179.0
16961,SYN002451,b2,1,249.0
16962,SYN002451,b4,3,599.0
16963,SYN002452,bv2,2,249.0
16964,SYN002452,f5,3,99.0
16965,SYN002452,v6,3,29.0
16966,SYN002453,f2,3,49.0
16967,SYN002453,b3,2,199.0
16968,SYN002453,f4,2,199.0
16969,SYN002453,f6,3,179.0
16970,SYN002454,s5,1,199.0
16971,SYN002454,f3,3,149.0
16972,SYN002454,b2,3,249.0
16973,SYN002455,b3,2,199.0
16974,SYN002455,f2,3,49.0
16975,SYN002455,b1,1,199.0
16976,SYN002456,bv3,2,199.0
16977,SYN002456,bv4,3,349.0
16978,SYN002457,b1,2,199.0
16979,SYN002457,d3,1,179.0
16980,SYN002457,v6,1,29.0
16981,SYN002457,b5,1,299.0
16982,SYN002458,b3,2,199.0
16983,SYN002458,b1,3,199.0
16984,SYN002459,b2,3,249.0
16985,SYN002459,s5,2,199.0
16986,SYN002460,b2,2,249.0
16987,SYN002460,f3,1,149.0
16988,SYN002460,s5,3,199.0
16989,SYN002461,f1,2,249.0
16990,SYN002461,f3,1,149.0
16991,SYN002461,b5,3,299.0
16992,SYN002461,b1,3,199.0
16993,SYN002462,b5,2,299.0
16994,SYN002462,f2,1,49.0
16995,SYN002462,b2,3,249.0
16996,SYN002463,b4,3,599.0
16997,SYN002463,d5,2,249.0
16998,SYN002463,f3,2,149.0
16999,SYN002464,f1,3,249.0
17000,SYN002464,s3,2,99.0
17001,SYN002464,b4,1,599.0
17002,SYN002465,s1,1,399.0
17003,SYN002465,f1,2,249.0
17004,SYN002466,v6,2,29.0
17005,SYN002466,v5,1,149.0
17006,SYN002466,b2,2,249.0
17007,SYN002466,d4,2,99.0
17008,SYN002466,b5,2,299.0
17009,SYN002466,v1,1,89.0
17010,SYN002467,v1,1,89.0
17011,SYN002467,v5,2,149.0
17012,SYN002467,d2,2,249.0
17013,SYN002467,f4,2,199.0
17014,SYN002467,v3,1,79.0
17015,SYN002467,d1,2,69.0
17016,SYN002467,f6,1,179.0
17017,SYN002467,f5,2,99.0
17018,SYN002467,b2,2,249.0
17019,SYN002467,v4,1,39.0
17020,SYN002467,d4,2,99.0
17021,SYN002467,b1,2,199.0
17022,SYN002468,s3,3,99.0
17023,SYN002468,f5,3,99.0
17024,SYN002468,b3,2,199.0
17025,SYN002468,v5,1,149.0
17026,SYN002468,d3,1,179.0
17027,SYN002468,d5,3,249.0
17028,SYN002468,v4,2,39.0
17029,SYN002468,b2,2,249.0
17030,SYN002468,b1,2,199.0
17031,SYN002469,f6,3,179.0
17032,SYN002469,b4,2,599.0
17033,SYN002469,b2,1,249.0
17034,SYN002469,v3,2,79.0
17035,SYN002469,b1,3,199.0
17036,SYN002469,bv3,2,199.0
17037,SYN002469,s1,3,399.0
17038,SYN002469,f4,1,199.0
17039,SYN002469,d2,2,249.0
17040,SYN002469,b3,3,199.0
17041,SYN002469,d5,3,249.0
17042,SYN002470,v3,3,79.0
17043,SYN002470,d2,3,249.0
17044,SYN002470,v1,2,89.0
17045,SYN002470,s5,1,199.0
17046,SYN002470,s2,3,249.0
17047,SYN002470,bv3,2,199.0
17048,SYN002471,f2,3,49.0
17049,SYN002471,s2,1,249.0
17050,SYN002471,f4,3,199.0
17051,SYN002471,d2,1,249.0
17052,SYN002471,v1,2,89.0
17053,SYN002471,b2,3,249.0
17054,SYN002471,v2,1,49.0
17055,SYN002471,v6,2,29.0
17056,SYN002471,f5,1,99.0
17057,SYN002471,f6,3,179.0
17058,SYN002471,bv3,2,199.0
17059,SYN002471,bv4,2,349.0
17060,SYN002472,f5,3,99.0
17061,SYN002472,v2,2,49.0
17062,SYN002472,b1,2,199.0
17063,SYN002472,bv4,1,349.0
17064,SYN002472,d1,2,69.0
17065,SYN002472,f1,2,249.0
17066,SYN002473,d3,2,179.0
17067,SYN002473,d5,2,249.0
17068,SYN002473,v3,2,79.0
17069,SYN002473,b1,3,199.0
17070,SYN002473,b5,2,299.0
17071,SYN002473,v4,2,39.0
17072,SYN002473,f1,2,249.0
17073,SYN002473,d1,1,69.0
17074,SYN002473,f6,3,179.0
17075,SYN002473,v5,3,149.0
17076,SYN002473,f5,1,99.0
17077,SYN002474,f4,1,199.0
17078,SYN002474,b4,2,599.0
17079,SYN002474,d3,1,179.0
17080,SYN002474,b2,3,249.0
17081,SYN002474,v5,2,149.0
17082,SYN002474,d1,3,69.0
17083,SYN002474,b3,2,199.0
17084,SYN002474,f5,1,99.0
17085,SYN002475,s1,1,399.0
17086,SYN002475,s2,3,249.0
17087,SYN002475,b5,2,299.0
17088,SYN002475,d5,3,249.0
17089,SYN002475,v2,3,49.0
17090,SYN002475,f2,1,49.0
17091,SYN002475,v3,2,79.0
17092,SYN002475,s3,3,99.0
17093,SYN002475,d2,3,249.0
17094,SYN002476,f2,2,49.0
17095,SYN002476,s5,2,199.0
17096,SYN002476,f4,2,199.0
17097,SYN002476,b4,2,599.0
17098,SYN002476,bv1,1,149.0
17099,SYN002476,b5,2,299.0
17100,SYN002476,s2,1,249.0
17101,SYN002476,d2,2,249.0
17102,SYN002476,b3,3,199.0
17103,SYN002476,v1,3,89.0
17104,SYN002477,s3,3,99.0
17105,SYN002477,v1,3,89.0
17106,SYN002477,d5,1,249.0
17107,SYN002477,d3,3,179.0
17108,SYN002477,s5,1,199.0
17109,SYN002477,v5,1,149.0
17110,SYN002477,f1,1,249.0
17111,SYN002477,f4,1,199.0
17112,SYN002477,v3,1,79.0
17113,SYN002477,bv2,3,249.0
17114,SYN002478,v2,3,49.0
17115,SYN002478,v3,2,79.0
17116,SYN002478,b3,3,199.0
17117,SYN002478,v4,1,39.0
17118,SYN002478,f5,3,99.0
17119,SYN002478,f3,3,149.0
17120,SYN002479,b4,1,599.0
17121,SYN002479,v6,3,29.0
17122,SYN002479,v2,2,49.0
17123,SYN002479,f1,3,249.0
17124,SYN002479,s5,1,199.0
17125,SYN002479,f4,3,199.0
17126,SYN002479,b2,3,249.0
17127,SYN002479,d3,3,179.0
17128,SYN002480,b1,3,199.0
17129,SYN002480,f1,3,249.0
17130,SYN002480,v5,3,149.0
17131,SYN002480,b3,1,199.0
17132,SYN002480,f3,2,149.0
17133,SYN002480,bv4,3,349.0
17134,SYN002480,d3,1,179.0
17135,SYN002480,v4,1,39.0
17136,SYN002480,b5,2,299.0
17137,SYN002480,s1,1,399.0
17138,SYN002480,d5,2,249.0
17139,SYN002481,v6,1,29.0
17140,SYN002481,bv2,3,249.0
17141,SYN002481,b3,2,199.0
17142,SYN002481,d5,1,249.0
17143,SYN002481,d3,2,179.0
17144,SYN002481,d1,1,69.0
17145,SYN002481,bv1,1,149.0
17146,SYN002481,s4,2,299.0
17147,SYN002481,v4,2,39.0
17148,SYN002481,s5,3,199.0
17149,SYN002481,s3,2,99.0
17150,SYN002482,b5,2,299.0
17151,SYN002482,bv3,3,199.0
17152,SYN002482,b1,2,199.0
17153,SYN002482,f5,2,99.0
17154,SYN002482,bv1,2,149.0
17155,SYN002482,f2,2,49.0
17156,SYN002482,b2,2,249.0
17157,SYN002482,bv4,1,349.0
17158,SYN002483,f4,3,199.0
17159,SYN002483,v2,3,49.0
17160,SYN002483,v6,2,29.0
17161,SYN002483,f2,2,49.0
17162,SYN002483,v1,1,89.0
17163,SYN002483,d1,3,69.0
17164,SYN002483,d2,3,249.0
17165,SYN002483,b5,2,299.0
17166,SYN002483,s5,1,199.0
17167,SYN002483,b1,1,199.0
17168,SYN002483,bv2,1,249.0
17169,SYN002483,bv3,3,199.0
17170,SYN002484,b2,1,249.0
17171,SYN002484,bv1,2,149.0
17172,SYN002484,s3,2,99.0
17173,SYN002484,v5,1,149.0
17174,SYN002484,v1,1,89.0
17175,SYN002484,f5,3,99.0
17176,SYN002484,f4,3,199.0
17177,SYN002484,s2,3,249.0
17178,SYN002484,bv4,1,349.0
17179,SYN002484,v4,2,39.0
17180,SYN002485,s1,1,399.0
17181,SYN002485,bv4,3,349.0
17182,SYN002485,d4,3,99.0
17183,SYN002485,f6,3,179.0
17184,SYN002485,b3,3,199.0
17185,SYN002485,v1,1,89.0
17186,SYN002485,v2,3,49.0
17187,SYN002485,d1,1,69.0
17188,SYN002485,v6,3,29.0
17189,SYN002485,f4,2,199.0
17190,SYN002486,v3,3,79.0
17191,SYN002486,f2,1,49.0
17192,SYN002486,v1,3,89.0
17193,SYN002486,f6,2,179.0
17194,SYN002486,bv1,3,149.0
17195,SYN002486,d2,1,249.0
17196,SYN002486,s1,1,399.0
17197,SYN002486,s5,3,199.0
17198,SYN002486,d5,3,249.0
17199,SYN002486,d1,1,69.0
17200,SYN002486,s2,2,249.0
17201,SYN002487,v4,2,39.0
17202,SYN002487,d2,1,249.0
17203,SYN002487,s5,2,199.0
17204,SYN002487,s4,3,299.0
17205,SYN002487,d1,3,69.0
17206,SYN002487,v1,3,89.0
17207,SYN002487,s1,2,399.0
17208,SYN002487,b3,2,199.0
17209,SYN002487,f6,3,179.0
17210,SYN002487,d5,3,249.0
17211,SYN002487,bv2,2,249.0
17212,SYN002487,f4,3,199.0
17213,SYN002488,f5,2,99.0
17214,SYN002488,b2,3,249.0
17215,SYN002488,d4,2,99.0
17216,SYN002488,bv4,1,349.0
17217,SYN002488,v5,3,149.0
17218,SYN002488,f1,1,249.0
17219,SYN002488,s3,2,99.0
17220,SYN002488,v3,2,79.0
17221,SYN002489,v5,1,149.0
17222,SYN002489,f4,1,199.0
17223,SYN002489,v6,3,29.0
17224,SYN002489,d2,1,249.0
17225,SYN002489,f6,3,179.0
17226,SYN002489,d5,1,249.0
17227,SYN002489,s5,2,199.0
17228,SYN002489,f1,3,249.0
17229,SYN002489,v4,3,39.0
17230,SYN002489,v3,2,79.0
17231,SYN002489,b1,1,199.0
17232,SYN002489,b3,2,199.0
17233,SYN002490,d1,1,69.0
17234,SYN002490,b5,2,299.0
17235,SYN002490,d5,2,249.0
17236,SYN002490,f5,1,99.0
17237,SYN002490,s3,2,99.0
17238,SYN002490,d2,1,249.0
17239,SYN002490,v2,1,49.0
17240,SYN002490,f1,2,249.0
17241,SYN002490,d4,1,99.0
17242,SYN002491,b3,2,199.0
17243,SYN002491,f1,2,249.0
17244,SYN002491,s4,1,299.0
17245,SYN002491,v1,1,89.0
17246,SYN002491,b1,3,199.0
17247,SYN002491,bv2,2,249.0
17248,SYN002491,f4,3,199.0
17249,SYN002491,b4,1,599.0
17250,SYN002492,b5,3,299.0
17251,SYN002492,s4,1,299.0
17252,SYN002492,v6,1,29.0
17253,SYN002492,b2,3,249.0
17254,SYN002492,bv1,2,149.0
17255,SYN002492,d3,3,179.0
17256,SYN002493,v5,1,149.0
17257,SYN002493,s2,2,249.0
17258,SYN002493,bv1,2,149.0
17259,SYN002493,f4,3,199.0
17260,SYN002493,d2,2,249.0
17261,SYN002493,v6,3,29.0
17262,SYN002493,bv3,2,199.0
17263,SYN002493,d4,1,99.0
17264,SYN002493,f2,1,49.0
17265,SYN002494,s5,3,199.0
17266,SYN002494,b5,3,299.0
17267,SYN002494,b2,1,249.0
17268,SYN002494,d4,2,99.0
17269,SYN002494,bv1,2,149.0
17270,SYN002494,s2,2,249.0
17271,SYN002494,f2,2,49.0
17272,SYN002494,f6,3,179.0
17273,SYN002495,d1,3,69.0
17274,SYN002495,f1,2,249.0
17275,SYN002495,v1,3,89.0
17276,SYN002495,f6,2,179.0
17277,SYN002495,v2,3,49.0
17278,SYN002495,s4,2,299.0
17279,SYN002495,v5,3,149.0
17280,SYN002495,f5,2,99.0
17281,SYN002495,b5,1,299.0
17282,SYN002495,f2,1,49.0
17283,SYN002496,d2,1,249.0
17284,SYN002496,b2,3,249.0
17285,SYN002496,d4,3,99.0
17286,SYN002496,b1,1,199.0
17287,SYN002496,v4,2,39.0
17288,SYN002496,v2,1,49.0
17289,SYN002496,s4,2,299.0
17290,SYN002496,v3,1,79.0
17291,SYN002496,bv1,1,149.0
17292,SYN002496,f2,2,49.0
17293,SYN002497,d2,2,249.0
17294,SYN002497,s1,3,399.0
17295,SYN002497,f5,1,99.0
17296,SYN002497,f3,2,149.0
17297,SYN002497,v6,1,29.0
17298,SYN002497,f6,2,179.0
17299,SYN002497,s2,1,249.0
17300,SYN002497,bv2,3,249.0
17301,SYN002497,b4,3,599.0
17302,SYN002497,bv1,1,149.0
17303,SYN002498,f4,3,199.0
17304,SYN002498,s4,1,299.0
17305,SYN002498,b4,3,599.0
17306,SYN002498,f2,3,49.0
17307,SYN002498,b1,1,199.0
17308,SYN002498,f5,3,99.0
17309,SYN002498,s2,2,249.0
17310,SYN002498,s5,3,199.0
17311,SYN002498,v4,3,39.0
17312,SYN002499,d5,1,249.0
17313,SYN002499,f3,2,149.0
17314,SYN002499,v2,2,49.0
17315,SYN002499,d3,1,179.0
17316,SYN002499,f6,2,179.0
17317,SYN002499,bv2,2,249.0
17318,SYN002499,b4,2,599.0
17319,SYN002499,v6,3,29.0
17320,SYN002500,b3,3,199.0
17321,SYN002500,d3,2,179.0
17322,SYN002500,f1,1,249.0
17323,SYN002500,bv1,3,149.0
17324,SYN002500,v3,1,79.0
17325,SYN002500,s4,1,299.0
17326,SYN002500,d5,3,249.0
17327,SYN002500,v4,1,39.0
17328,SYN002500,d1,1,69.0
17329,SYN002500,s3,1,99.0
17330,SYN002501,v1,2,89.0
17331,SYN002501,b2,3,249.0
17332,SYN002501,v6,1,29.0
17333,SYN002501,f5,1,99.0
17334,SYN002501,s2,1,249.0
17335,SYN002501,f4,3,199.0
17336,SYN002502,f4,2,199.0
17337,SYN002502,s1,3,399.0
17338,SYN002502,f3,2,149.0
17339,SYN002502,b3,3,199.0
17340,SYN002502,v4,1,39.0
17341,SYN002502,v6,2,29.0
17342,SYN002502,v1,2,89.0
17343,SYN002502,b4,2,599.0
17344,SYN002502,d5,3,249.0
17345,SYN002502,s5,3,199.0
17346,SYN002503,b4,2,599.0
17347,SYN002503,d2,2,249.0
17348,SYN002503,f5,3,99.0
17349,SYN002503,v1,3,89.0
17350,SYN002503,f4,2,199.0
17351,SYN002503,bv1,3,149.0
17352,SYN002503,s5,3,199.0
17353,SYN002503,s3,3,99.0
17354,SYN002503,d1,3,69.0
17355,SYN002503,d4,3,99.0
17356,SYN002503,f6,3,179.0
17357,SYN002503,f1,1,249.0
17358,SYN002504,v5,2,149.0
17359,SYN002504,s5,1,199.0
17360,SYN002504,s1,1,399.0
17361,SYN002504,s4,3,299.0
17362,SYN002504,v6,2,29.0
17363,SYN002504,v1,1,89.0
17364,SYN002504,f6,2,179.0
17365,SYN002504,bv4,3,349.0
17366,SYN002504,s3,2,99.0
17367,SYN002504,d4,1,99.0
17368,SYN002504,v4,1,39.0
17369,SYN002504,s2,2,249.0
17370,SYN002505,s5,2,199.0
17371,SYN002505,s3,1,99.0
17372,SYN002505,bv3,2,199.0
17373,SYN002505,b2,2,249.0
17374,SYN002505,v6,1,29.0
17375,SYN002505,v2,1,49.0
17376,SYN002505,bv2,2,249.0
17377,SYN002505,b1,1,199.0
17378,SYN002505,f3,1,149.0
17379,SYN002506,s5,2,199.0
17380,SYN002506,b1,1,199.0
17381,SYN002506,d5,3,249.0
17382,SYN002506,d3,3,179.0
17383,SYN002506,bv4,2,349.0
17384,SYN002506,b4,1,599.0
17385,SYN002506,v3,1,79.0
17386,SYN002507,d3,2,179.0
17387,SYN002507,b4,2,599.0
17388,SYN002507,v2,3,49.0
17389,SYN002507,s5,3,199.0
17390,SYN002507,b1,1,199.0
17391,SYN002507,b3,3,199.0
17392,SYN002507,v3,1,79.0
17393,SYN002507,s2,1,249.0
17394,SYN002507,bv1,2,149.0
17395,SYN002508,v5,3,149.0
17396,SYN002508,bv3,2,199.0
17397,SYN002508,s4,2,299.0
17398,SYN002508,f4,2,199.0
17399,SYN002508,s2,2,249.0
17400,SYN002508,b4,1,599.0
17401,SYN002508,d3,1,179.0
17402,SYN002508,d5,3,249.0
17403,SYN002508,d4,3,99.0
17404,SYN002508,v1,2,89.0
17405,SYN002508,bv2,3,249.0
17406,SYN002508,bv1,1,149.0
17407,SYN002509,b2,1,249.0
17408,SYN002509,s3,3,99.0
17409,SYN002509,v6,1,29.0
17410,SYN002509,b3,2,199.0
17411,SYN002509,f3,3,149.0
17412,SYN002509,v3,2,79.0
17413,SYN002510,f1,2,249.0
17414,SYN002510,bv4,3,349.0
17415,SYN002510,v1,3,89.0
17416,SYN002510,s4,1,299.0
17417,SYN002510,b1,3,199.0
17418,SYN002510,v5,2,149.0
17419,SYN002510,s3,2,99.0
17420,SYN002510,d1,3,69.0
17421,SYN002510,s1,2,399.0
17422,SYN002510,v3,1,79.0
17423,SYN002510,f4,3,199.0
17424,SYN002511,v2,3,49.0
17425,SYN002511,f5,1,99.0
17426,SYN002511,s1,2,399.0
17427,SYN002511,v1,3,89.0
17428,SYN002511,f1,3,249.0
17429,SYN002511,bv4,2,349.0
17430,SYN002511,f6,3,179.0
17431,SYN002511,s3,1,99.0
17432,SYN002511,s5,2,199.0
17433,SYN002511,d4,3,99.0
17434,SYN002512,b5,1,299.0
17435,SYN002512,d2,1,249.0
17436,SYN002512,v4,2,39.0
17437,SYN002512,d4,2,99.0
17438,SYN002512,f3,3,149.0
17439,SYN002512,bv4,3,349.0
17440,SYN002512,v2,2,49.0
17441,SYN002512,bv3,2,199.0
17442,SYN002512,v1,3,89.0
17443,SYN002512,b1,2,199.0
17444,SYN002512,bv1,2,149.0
17445,SYN002512,bv2,2,249.0
17446,SYN002513,bv1,2,149.0
17447,SYN002513,d3,2,179.0
17448,SYN002513,v5,3,149.0
17449,SYN002513,d1,3,69.0
17450,SYN002513,v6,1,29.0
17451,SYN002513,bv4,1,349.0
17452,SYN002513,s5,1,199.0
17453,SYN002513,v3,2,79.0
17454,SYN002513,f2,3,49.0
17455,SYN002514,f2,3,49.0
17456,SYN002514,bv4,2,349.0
17457,SYN002514,d5,3,249.0
17458,SYN002514,v2,3,49.0
17459,SYN002514,f3,1,149.0
17460,SYN002514,d3,2,179.0
17461,SYN002515,b1,2,199.0
17462,SYN002515,f4,2,199.0
17463,SYN002515,s3,3,99.0
17464,SYN002515,bv2,1,249.0
17465,SYN002515,d2,3,249.0
17466,SYN002515,f5,2,99.0
17467,SYN002515,bv3,3,199.0
17468,SYN002515,f6,2,179.0
17469,SYN002515,v2,3,49.0
17470,SYN002516,b4,1,599.0
17471,SYN002516,f1,2,249.0
17472,SYN002516,s2,1,249.0
17473,SYN002516,f5,1,99.0
17474,SYN002516,bv4,3,349.0
17475,SYN002516,b5,1,299.0
17476,SYN002516,s4,2,299.0
17477,SYN002516,v4,3,39.0
17478,SYN002516,d4,2,99.0
17479,SYN002516,b2,3,249.0
17480,SYN002516,s3,3,99.0
17481,SYN002517,f6,3,179.0
17482,SYN002517,s3,1,99.0
17483,SYN002517,bv3,2,199.0
17484,SYN002517,bv1,3,149.0
17485,SYN002517,b2,3,249.0
17486,SYN002517,v3,2,79.0
17487,SYN002517,s5,3,199.0
17488,SYN002517,f5,3,99.0
17489,SYN002517,b5,3,299.0
17490,SYN002517,f3,3,149.0
17491,SYN002517,v4,3,39.0
17492,SYN002517,bv4,1,349.0
17493,SYN002518,f5,3,99.0
17494,SYN002518,s5,2,199.0
17495,SYN002518,b4,2,599.0
17496,SYN002518,s3,1,99.0
17497,SYN002518,f2,2,49.0
17498,SYN002518,b5,1,299.0
17499,SYN002518,f6,1,179.0
17500,SYN002518,f3,3,149.0
17501,SYN002519,f2,1,49.0
17502,SYN002519,f3,2,149.0
17503,SYN002519,b4,2,599.0
17504,SYN002519,v1,2,89.0
17505,SYN002519,s5,1,199.0
17506,SYN002519,b5,2,299.0
17507,SYN002519,f5,3,99.0
17508,SYN002519,s4,2,299.0
17509,SYN002520,f5,1,99.0
17510,SYN002520,b4,1,599.0
17511,SYN002520,bv2,2,249.0
17512,SYN002520,d4,1,99.0
17513,SYN002520,v6,1,29.0
17514,SYN002520,b5,3,299.0
17515,SYN002520,b3,1,199.0
17516,SYN002520,f4,3,199.0
17517,SYN002520,s4,3,299.0
17518,SYN002520,d1,3,69.0
17519,SYN002520,d5,1,249.0
17520,SYN002520,bv4,2,349.0
17521,SYN002521,b4,1,599.0
17522,SYN002521,f1,2,249.0
17523,SYN002521,v3,3,79.0
17524,SYN002521,b3,1,199.0
17525,SYN002521,f3,3,149.0
17526,SYN002521,d2,1,249.0
17527,SYN002521,f4,1,199.0
17528,SYN002521,v6,3,29.0
17529,SYN002521,d4,1,99.0
17530,SYN002521,bv1,2,149.0
17531,SYN002521,bv3,3,199.0
17532,SYN002521,v1,1,89.0
17533,SYN002522,d1,3,69.0
17534,SYN002522,b1,2,199.0
17535,SYN002522,s2,2,249.0
17536,SYN002522,s5,3,199.0
17537,SYN002522,bv1,2,149.0
17538,SYN002522,s1,1,399.0
17539,SYN002522,bv2,3,249.0
17540,SYN002522,s4,1,299.0
17541,SYN002522,d4,3,99.0
17542,SYN002522,b4,3,599.0
17543,SYN002522,b5,2,299.0
17544,SYN002523,f3,3,149.0
17545,SYN002523,d2,1,249.0
17546,SYN002523,f6,3,179.0
17547,SYN002523,b1,3,199.0
17548,SYN002523,f1,3,249.0
17549,SYN002523,s3,3,99.0
17550,SYN002523,v1,2,89.0
17551,SYN002524,d4,1,99.0
17552,SYN002524,s1,1,399.0
17553,SYN002524,f3,3,149.0
17554,SYN002524,v6,3,29.0
17555,SYN002524,v5,1,149.0
17556,SYN002524,b2,2,249.0
17557,SYN002525,bv2,3,249.0
17558,SYN002525,f5,3,99.0
17559,SYN002525,s3,2,99.0
17560,SYN002525,b5,1,299.0
17561,SYN002525,s4,1,299.0
17562,SYN002525,v6,2,29.0
17563,SYN002526,v3,2,79.0
17564,SYN002526,v5,3,149.0
17565,SYN002526,b3,1,199.0
17566,SYN002526,bv2,2,249.0
17567,SYN002526,bv4,2,349.0
17568,SYN002526,v1,1,89.0
17569,SYN002526,s5,2,199.0
17570,SYN002527,b5,1,299.0
17571,SYN002527,s2,3,249.0
17572,SYN002527,v5,1,149.0
17573,SYN002527,f2,1,49.0
17574,SYN002527,f6,1,179.0
17575,SYN002527,b3,2,199.0
17576,SYN002527,bv3,2,199.0
17577,SYN002527,bv4,1,349.0
17578,SYN002527,b2,1,249.0
17579,SYN002527,b1,2,199.0
17580,SYN002527,f3,3,149.0
17581,SYN002528,s4,1,299.0
17582,SYN002528,f2,3,49.0
17583,SYN002528,f1,2,249.0
17584,SYN002528,b2,1,249.0
17585,SYN002528,v5,1,149.0
17586,SYN002528,f4,1,199.0
17587,SYN002528,b5,2,299.0
17588,SYN002529,v5,2,149.0
17589,SYN002529,d4,3,99.0
17590,SYN002529,f5,3,99.0
17591,SYN002529,s2,3,249.0
17592,SYN002529,s4,3,299.0
17593,SYN002529,bv1,2,149.0
17594,SYN002529,s5,3,199.0
17595,SYN002529,v3,1,79.0
17596,SYN002529,d1,2,69.0
17597,SYN002529,f2,3,49.0
17598,SYN002529,v4,1,39.0
17599,SYN002530,s1,2,399.0
17600,SYN002530,d2,3,249.0
17601,SYN002530,f3,2,149.0
17602,SYN002530,f2,3,49.0
17603,SYN002530,d1,3,69.0
17604,SYN002530,v6,1,29.0
17605,SYN002530,b5,2,299.0
17606,SYN002530,b2,2,249.0
17607,SYN002531,d5,3,249.0
17608,SYN002531,s5,3,199.0
17609,SYN002531,b2,3,249.0
17610,SYN002531,s2,3,249.0
17611,SYN002531,bv3,1,199.0
17612,SYN002531,f2,1,49.0
17613,SYN002531,bv4,3,349.0
17614,SYN002531,f3,3,149.0
17615,SYN002532,v5,1,149.0
17616,SYN002532,v2,3,49.0
17617,SYN002532,v6,1,29.0
17618,SYN002532,bv4,1,349.0
17619,SYN002532,s1,2,399.0
17620,SYN002532,d3,1,179.0
17621,SYN002532,d1,3,69.0
17622,SYN002533,v1,1,89.0
17623,SYN002533,b4,1,599.0
17624,SYN002533,b1,2,199.0
17625,SYN002533,v4,3,39.0
17626,SYN002533,bv3,1,199.0
17627,SYN002533,f1,2,249.0
17628,SYN002533,bv2,3,249.0
17629,SYN002533,b3,3,199.0
17630,SYN002534,f5,3,99.0
17631,SYN002534,v5,3,149.0
17632,SYN002534,s1,3,399.0
17633,SYN002534,s2,3,249.0
17634,SYN002534,d1,2,69.0
17635,SYN002534,b5,3,299.0
17636,SYN002534,b4,3,599.0
17637,SYN002534,d2,2,249.0
17638,SYN002534,v1,2,89.0
17639,SYN002534,v4,1,39.0
17640,SYN002535,d2,1,249.0
17641,SYN002535,bv4,3,349.0
17642,SYN002535,s1,2,399.0
17643,SYN002535,v4,3,39.0
17644,SYN002535,bv3,1,199.0
17645,SYN002535,v1,2,89.0
17646,SYN002535,v5,1,149.0
17647,SYN002536,bv2,3,249.0
17648,SYN002536,f2,2,49.0
17649,SYN002536,f4,1,199.0
17650,SYN002536,v6,1,29.0
17651,SYN002536,s2,1,249.0
17652,SYN002536,v4,2,39.0
17653,SYN002536,b2,1,249.0
17654,SYN002536,f5,1,99.0
17655,SYN002537,f5,1,99.0
17656,SYN002537,d2,3,249.0
17657,SYN002537,s3,3,99.0
17658,SYN002537,d3,3,179.0
17659,SYN002537,b5,2,299.0
17660,SYN002537,s4,1,299.0
17661,SYN002537,f1,1,249.0
17662,SYN002537,v5,3,149.0
17663,SYN002537,f6,1,179.0
17664,SYN002537,s1,2,399.0
17665,SYN002537,b4,3,599.0
17666,SYN002538,b3,1,199.0
17667,SYN002538,f2,1,49.0
17668,SYN002538,bv3,1,199.0
17669,SYN002538,s1,1,399.0
17670,SYN002538,b1,1,199.0
17671,SYN002538,d5,3,249.0
17672,SYN002538,b5,3,299.0
17673,SYN002538,s2,2,249.0
17674,SYN002539,s3,3,99.0
17675,SYN002539,d3,2,179.0
17676,SYN002539,v5,1,149.0
17677,SYN002539,v4,2,39.0
17678,SYN002539,bv3,1,199.0
17679,SYN002539,v6,2,29.0
17680,SYN002539,bv1,3,149.0
17681,SYN002539,f5,2,99.0
17682,SYN002539,v1,2,89.0
17683,SYN002540,d1,1,69.0
17684,SYN002540,b4,2,599.0
17685,SYN002540,f6,1,179.0
17686,SYN002540,bv3,2,199.0
17687,SYN002540,s1,3,399.0
17688,SYN002540,b3,3,199.0
17689,SYN002540,d3,1,179.0
17690,SYN002540,s2,1,249.0
17691,SYN002540,b1,1,199.0
17692,SYN002540,s3,1,99.0
17693,SYN002540,f5,2,99.0
17694,SYN002540,v4,2,39.0
17695,SYN002541,v5,1,149.0
17696,SYN002541,s5,3,199.0
17697,SYN002541,f1,1,249.0
17698,SYN002541,d3,1,179.0
17699,SYN002541,d5,3,249.0
17700,SYN002541,f5,3,99.0
17701,SYN002541,f3,1,149.0
17702,SYN002541,v4,1,39.0
17703,SYN002541,v6,1,29.0
17704,SYN002541,s4,1,299.0
17705,SYN002542,f6,1,179.0
17706,SYN002542,b4,2,599.0
17707,SYN002542,f2,3,49.0
17708,SYN002542,d3,1,179.0
17709,SYN002542,d4,2,99.0
17710,SYN002542,b2,1,249.0
17711,SYN002542,s3,2,99.0
17712,SYN002542,v5,2,149.0
17713,SYN002543,bv4,1,349.0
17714,SYN002543,s3,2,99.0
17715,SYN002543,v6,1,29.0
17716,SYN002543,d4,1,99.0
17717,SYN002543,v3,3,79.0
17718,SYN002543,s1,2,399.0
17719,SYN002543,d1,1,69.0
17720,SYN002543,f6,2,179.0
17721,SYN002543,v5,1,149.0
17722,SYN002543,d3,1,179.0
17723,SYN002543,bv3,1,199.0
17724,SYN002544,b4,1,599.0
17725,SYN002544,v5,2,149.0
17726,SYN002544,d5,2,249.0
17727,SYN002544,bv4,3,349.0
17728,SYN002544,v6,3,29.0
17729,SYN002544,s1,1,399.0
17730,SYN002544,v3,3,79.0
17731,SYN002544,d4,2,99.0
17732,SYN002544,bv1,3,149.0
17733,SYN002544,b5,3,299.0
17734,SYN002544,v1,3,89.0
17735,SYN002545,s2,2,249.0
17736,SYN002545,v2,3,49.0
17737,SYN002545,f2,2,49.0
17738,SYN002545,s3,1,99.0
17739,SYN002545,v4,1,39.0
17740,SYN002545,b3,3,199.0
17741,SYN002546,v3,1,79.0
17742,SYN002546,f1,1,249.0
17743,SYN002546,f5,3,99.0
17744,SYN002546,d1,2,69.0
17745,SYN002546,b1,3,199.0
17746,SYN002546,f6,2,179.0
17747,SYN002546,s1,2,399.0
17748,SYN002546,v6,1,29.0
17749,SYN002547,s3,3,99.0
17750,SYN002547,v1,2,89.0
17751,SYN002547,b3,3,199.0
17752,SYN002547,b5,2,299.0
17753,SYN002547,v3,2,79.0
17754,SYN002547,bv3,1,199.0
17755,SYN002547,f3,2,149.0
17756,SYN002547,bv2,3,249.0
17757,SYN002547,v2,2,49.0
17758,SYN002547,v5,1,149.0
17759,SYN002547,f2,2,49.0
17760,SYN002547,d5,3,249.0
17761,SYN002548,s5,2,199.0
17762,SYN002548,d5,2,249.0
17763,SYN002548,v5,3,149.0
17764,SYN002548,d2,1,249.0
17765,SYN002548,bv3,3,199.0
17766,SYN002548,d4,1,99.0
17767,SYN002549,f3,1,149.0
17768,SYN002549,v4,2,39.0
17769,SYN002549,bv2,1,249.0
17770,SYN002549,d5,3,249.0
17771,SYN002549,b1,2,199.0
17772,SYN002549,v1,1,89.0
17773,SYN002549,d2,2,249.0
17774,SYN002549,f5,2,99.0
17775,SYN002549,s2,3,249.0
17776,SYN002550,bv1,2,149.0
17777,SYN002550,v5,3,149.0
17778,SYN002550,f4,1,199.0
17779,SYN002550,b4,2,599.0
17780,SYN002550,f6,2,179.0
17781,SYN002550,f1,3,249.0
17782,SYN002550,b1,3,199.0
17783,SYN002550,s1,3,399.0
17784,SYN002551,d4,3,99.0
17785,SYN002551,v5,2,149.0
17786,SYN002551,bv4,3,349.0
17787,SYN002551,v1,2,89.0
17788,SYN002551,bv3,1,199.0
17789,SYN002551,d2,1,249.0
17790,SYN002551,bv1,1,149.0
17791,SYN002551,s5,3,199.0
17792,SYN002552,v1,3,89.0
17793,SYN002552,v3,2,79.0
17794,SYN002552,d2,1,249.0
17795,SYN002552,f5,3,99.0
17796,SYN002552,s2,3,249.0
17797,SYN002552,s4,1,299.0
17798,SYN002552,bv1,1,149.0
17799,SYN002553,f3,2,149.0
17800,SYN002553,bv1,3,149.0
17801,SYN002553,v1,1,89.0
17802,SYN002553,f4,1,199.0
17803,SYN002553,v2,2,49.0
17804,SYN002553,bv3,3,199.0
17805,SYN002553,b5,1,299.0
17806,SYN002553,f6,2,179.0
17807,SYN002553,d2,3,249.0
17808,SYN002553,v4,3,39.0
17809,SYN002554,b1,1,199.0
17810,SYN002554,v5,1,149.0
17811,SYN002554,bv2,2,249.0
17812,SYN002554,d3,1,179.0
17813,SYN002554,v3,2,79.0
17814,SYN002554,f5,1,99.0
17815,SYN002554,b2,1,249.0
17816,SYN002554,f1,2,249.0
17817,SYN002554,s1,1,399.0
17818,SYN002555,b4,3,599.0
17819,SYN002555,v2,3,49.0
17820,SYN002555,v6,2,29.0
17821,SYN002555,d5,3,249.0
17822,SYN002555,s2,2,249.0
17823,SYN002555,b1,1,199.0
17824,SYN002556,s3,1,99.0
17825,SYN002556,v4,1,39.0
17826,SYN002556,f6,2,179.0
17827,SYN002556,b5,3,299.0
17828,SYN002556,d1,3,69.0
17829,SYN002556,b1,3,199.0
17830,SYN002557,bv3,3,199.0
17831,SYN002557,f4,2,199.0
17832,SYN002557,v2,1,49.0
17833,SYN002557,b3,3,199.0
17834,SYN002557,b4,1,599.0
17835,SYN002557,v6,3,29.0
17836,SYN002558,s2,2,249.0
17837,SYN002558,v4,2,39.0
17838,SYN002558,b5,3,299.0
17839,SYN002558,b3,3,199.0
17840,SYN002558,v6,1,29.0
17841,SYN002558,f1,2,249.0
17842,SYN002558,f2,3,49.0
17843,SYN002559,d5,1,249.0
17844,SYN002559,v1,3,89.0
17845,SYN002559,d3,3,179.0
17846,SYN002559,v4,2,39.0
17847,SYN002559,s3,2,99.0
17848,SYN002559,s4,3,299.0
17849,SYN002559,b1,1,199.0
17850,SYN002559,f6,2,179.0
17851,SYN002559,f3,3,149.0
17852,SYN002560,d5,1,249.0
17853,SYN002560,d3,3,179.0
17854,SYN002560,bv3,2,199.0
17855,SYN002560,s4,2,299.0
17856,SYN002560,bv2,2,249.0
17857,SYN002560,f1,2,249.0
17858,SYN002560,b5,3,299.0
17859,SYN002561,v1,1,89.0
17860,SYN002561,d5,3,249.0
17861,SYN002561,f3,3,149.0
17862,SYN002561,f2,2,49.0
17863,SYN002561,b2,1,249.0
17864,SYN002561,v2,3,49.0
17865,SYN002561,v3,3,79.0
17866,SYN002562,f5,1,99.0
17867,SYN002562,d2,2,249.0
17868,SYN002562,d1,2,69.0
17869,SYN002562,b1,1,199.0
17870,SYN002562,s1,2,399.0
17871,SYN002562,v1,1,89.0
17872,SYN002562,b3,1,199.0
17873,SYN002562,bv1,3,149.0
17874,SYN002562,f6,2,179.0
17875,SYN002562,b4,2,599.0
17876,SYN002562,d3,2,179.0
17877,SYN002562,f2,1,49.0
17878,SYN002563,v3,2,79.0
17879,SYN002563,d3,1,179.0
17880,SYN002563,s5,1,199.0
17881,SYN002563,b3,1,199.0
17882,SYN002563,v2,1,49.0
17883,SYN002563,s3,1,99.0
17884,SYN002563,f3,3,149.0
17885,SYN002563,f1,2,249.0
17886,SYN002564,d3,2,179.0
17887,SYN002564,s1,3,399.0
17888,SYN002564,d4,2,99.0
17889,SYN002564,s4,3,299.0
17890,SYN002564,b1,3,199.0
17891,SYN002564,v6,2,29.0
17892,SYN002564,b2,1,249.0
17893,SYN002564,s5,1,199.0
17894,SYN002564,f2,2,49.0
17895,SYN002565,f5,2,99.0
17896,SYN002565,b2,1,249.0
17897,SYN002565,s1,3,399.0
17898,SYN002565,v1,1,89.0
17899,SYN002565,v6,3,29.0
17900,SYN002565,s4,2,299.0
17901,SYN002565,b4,3,599.0
17902,SYN002565,v4,3,39.0
17903,SYN002565,d3,2,179.0
17904,SYN002565,f6,3,179.0
17905,SYN002565,v3,1,79.0
17906,SYN002566,b5,1,299.0
17907,SYN002566,v2,3,49.0
17908,SYN002566,b4,3,599.0
17909,SYN002566,s1,1,399.0
17910,SYN002566,b3,2,199.0
17911,SYN002566,v3,1,79.0
17912,SYN002566,b1,3,199.0
17913,SYN002566,s3,2,99.0
17914,SYN002566,d2,1,249.0
17915,SYN002566,b2,3,249.0
17916,SYN002566,f1,3,249.0
17917,SYN002567,bv4,3,349.0
17918,SYN002567,b3,2,199.0
17919,SYN002567,d1,1,69.0
17920,SYN002567,s3,1,99.0
17921,SYN002567,f1,3,249.0
17922,SYN002567,bv2,2,249.0
17923,SYN002567,d5,3,249.0
17924,SYN002567,f5,3,99.0
17925,SYN002567,s2,1,249.0
17926,SYN002567,s4,1,299.0
17927,SYN002567,v2,2,49.0
17928,SYN002568,b1,2,199.0
17929,SYN002568,d4,1,99.0
17930,SYN002568,v5,3,149.0
17931,SYN002568,v3,3,79.0
17932,SYN002568,v1,3,89.0
17933,SYN002568,d1,3,69.0
17934,SYN002568,f5,1,99.0
17935,SYN002568,f1,3,249.0
17936,SYN002568,f3,2,149.0
17937,SYN002569,v2,2,49.0
17938,SYN002569,d5,3,249.0
17939,SYN002569,f5,1,99.0
17940,SYN002569,b5,3,299.0
17941,SYN002569,f2,2,49.0
17942,SYN002569,s4,3,299.0
17943,SYN002569,bv3,2,199.0
17944,SYN002569,d4,2,99.0
17945,SYN002569,s1,3,399.0
17946,SYN002569,f4,3,199.0
17947,SYN002569,s5,2,199.0
17948,SYN002570,f5,2,99.0
17949,SYN002570,v3,2,79.0
17950,SYN002570,d4,2,99.0
17951,SYN002570,bv2,1,249.0
17952,SYN002570,v2,3,49.0
17953,SYN002570,f4,1,199.0
17954,SYN002570,f2,3,49.0
17955,SYN002570,s5,1,199.0
17956,SYN002570,d1,2,69.0
17957,SYN002570,f3,1,149.0
17958,SYN002570,b5,3,299.0
17959,SYN002570,d3,1,179.0
17960,SYN002571,d1,2,69.0
17961,SYN002571,b3,1,199.0
17962,SYN002571,v4,3,39.0
17963,SYN002571,f4,3,199.0
17964,SYN002571,v2,2,49.0
17965,SYN002571,d2,1,249.0
17966,SYN002571,v6,2,29.0
17967,SYN002572,b2,2,249.0
17968,SYN002572,bv1,1,149.0
17969,SYN002572,f1,2,249.0
17970,SYN002572,b3,3,199.0
17971,SYN002572,b1,2,199.0
17972,SYN002572,d5,3,249.0
17973,SYN002572,d4,1,99.0
17974,SYN002572,b5,3,299.0
17975,SYN002572,f2,2,49.0
17976,SYN002573,b1,3,199.0
17977,SYN002573,b3,3,199.0
17978,SYN002573,s3,1,99.0
17979,SYN002573,d5,3,249.0
17980,SYN002573,v5,1,149.0
17981,SYN002573,d3,3,179.0
17982,SYN002574,f1,1,249.0
17983,SYN002574,d1,2,69.0
17984,SYN002574,f2,2,49.0
17985,SYN002574,bv1,2,149.0
17986,SYN002574,b3,3,199.0
17987,SYN002574,v6,2,29.0
17988,SYN002574,f4,2,199.0
17989,SYN002574,s3,2,99.0
17990,SYN002574,s5,3,199.0
17991,SYN002574,bv3,2,199.0
17992,SYN002574,bv4,1,349.0
17993,SYN002575,bv4,3,349.0
17994,SYN002575,s1,1,399.0
17995,SYN002575,b3,3,199.0
17996,SYN002575,v5,3,149.0
17997,SYN002575,s4,1,299.0
17998,SYN002575,bv3,2,199.0
17999,SYN002575,d5,2,249.0
18000,SYN002576,v5,2,149.0
18001,SYN002576,v1,2,89.0
18002,SYN002576,b3,1,199.0
18003,SYN002576,bv2,2,249.0
18004,SYN002576,d3,1,179.0
18005,SYN002576,d4,1,99.0
18006,SYN002576,f2,1,49.0
18007,SYN002576,d2,1,249.0
18008,SYN002577,v4,1,39.0
18009,SYN002577,f4,2,199.0
18010,SYN002577,d3,3,179.0
18011,SYN002577,f6,2,179.0
18012,SYN002577,v6,3,29.0
18013,SYN002577,f2,3,49.0
18014,SYN002578,d1,3,69.0
18015,SYN002578,v2,2,49.0
18016,SYN002578,b3,3,199.0
18017,SYN002578,s5,1,199.0
18018,SYN002578,d5,1,249.0
18019,SYN002578,v5,1,149.0
18020,SYN002578,bv3,2,199.0
18021,SYN002578,bv2,3,249.0
18022,SYN002579,v6,3,29.0
18023,SYN002579,f5,2,99.0
18024,SYN002579,bv1,3,149.0
18025,SYN002579,f6,2,179.0
18026,SYN002579,f1,2,249.0
18027,SYN002579,v2,3,49.0
18028,SYN002580,f2,2,49.0
18029,SYN002580,f6,2,179.0
18030,SYN002580,v5,2,149.0
18031,SYN002580,v3,3,79.0
18032,SYN002580,v2,3,49.0
18033,SYN002580,f3,2,149.0
18034,SYN002581,d1,1,69.0
18035,SYN002581,d4,2,99.0
18036,SYN002581,f4,2,199.0
18037,SYN002581,d2,1,249.0
18038,SYN002582,f1,3,249.0
18039,SYN002582,s5,3,199.0
18040,SYN002582,d5,1,249.0
18041,SYN002582,d4,3,99.0
18042,SYN002582,f3,2,149.0
18043,SYN002582,d1,3,69.0
18044,SYN002582,v3,2,79.0
18045,SYN002583,s4,1,299.0
18046,SYN002583,d1,1,69.0
18047,SYN002583,f1,3,249.0
18048,SYN002583,v4,2,39.0
18049,SYN002583,bv3,1,199.0
18050,SYN002583,f6,3,179.0
18051,SYN002583,d4,1,99.0
18052,SYN002584,v1,3,89.0
18053,SYN002584,b5,2,299.0
18054,SYN002584,v6,2,29.0
18055,SYN002584,f1,2,249.0
18056,SYN002585,f6,3,179.0
18057,SYN002585,v1,2,89.0
18058,SYN002585,v6,3,29.0
18059,SYN002585,f2,2,49.0
18060,SYN002585,f3,1,149.0
18061,SYN002585,d4,1,99.0
18062,SYN002585,f1,3,249.0
18063,SYN002586,f3,3,149.0
18064,SYN002586,v6,3,29.0
18065,SYN002586,d4,1,99.0
18066,SYN002586,f5,1,99.0
18067,SYN002586,d5,2,249.0
18068,SYN002587,v2,3,49.0
18069,SYN002587,f5,3,99.0
18070,SYN002587,v6,3,29.0
18071,SYN002587,f4,3,199.0
18072,SYN002587,d3,1,179.0
18073,SYN002588,bv2,3,249.0
18074,SYN002588,v4,3,39.0
18075,SYN002588,s3,1,99.0
18076,SYN002588,d3,2,179.0
18077,SYN002588,s2,3,249.0
18078,SYN002589,v2,3,49.0
18079,SYN002589,f3,3,149.0
18080,SYN002589,v3,1,79.0
18081,SYN002589,v6,3,29.0
18082,SYN002589,f2,2,49.0
18083,SYN002589,v1,1,89.0
18084,SYN002589,d1,2,69.0
18085,SYN002589,d2,2,249.0
18086,SYN002590,v4,3,39.0
18087,SYN002590,s5,1,199.0
18088,SYN002590,v6,2,29.0
18089,SYN002590,d3,1,179.0
18090,SYN002590,v1,1,89.0
18091,SYN002590,f3,1,149.0
18092,SYN002591,d4,2,99.0
18093,SYN002591,f4,1,199.0
18094,SYN002591,f2,3,49.0
18095,SYN002591,d5,3,249.0
18096,SYN002592,f5,1,99.0
18097,SYN002592,v6,2,29.0
18098,SYN002592,f3,1,149.0
18099,SYN002592,d2,1,249.0
18100,SYN002592,v3,2,79.0
18101,SYN002592,d3,2,179.0
18102,SYN002592,bv4,2,349.0
18103,SYN002592,v4,1,39.0
18104,SYN002593,b4,1,599.0
18105,SYN002593,v3,3,79.0
18106,SYN002593,s3,1,99.0
18107,SYN002593,f2,1,49.0
18108,SYN002593,f6,1,179.0
18109,SYN002593,f5,3,99.0
18110,SYN002594,v4,3,39.0
18111,SYN002594,f1,1,249.0
18112,SYN002594,f3,2,149.0
18113,SYN002594,bv3,2,199.0
18114,SYN002594,d5,2,249.0
18115,SYN002594,v6,1,29.0
18116,SYN002595,d3,1,179.0
18117,SYN002595,v6,1,29.0
18118,SYN002595,d1,3,69.0
18119,SYN002595,d4,3,99.0
18120,SYN002595,d2,1,249.0
18121,SYN002595,v4,2,39.0
18122,SYN002595,d5,1,249.0
18123,SYN002595,f4,3,199.0
18124,SYN002596,v1,2,89.0
18125,SYN002596,v2,3,49.0
18126,SYN002596,d4,3,99.0
18127,SYN002596,d2,2,249.0
18128,SYN002596,f5,3,99.0
18129,SYN002597,d1,1,69.0
18130,SYN002597,f5,2,99.0
18131,SYN002597,b1,2,199.0
18132,SYN002597,v4,3,39.0
18133,SYN002597,v2,1,49.0
18134,SYN002598,v6,2,29.0
18135,SYN002598,b4,3,599.0
18136,SYN002598,d4,2,99.0
18137,SYN002598,f4,2,199.0
18138,SYN002598,d5,3,249.0
18139,SYN002598,bv1,3,149.0
18140,SYN002598,s3,1,99.0
18141,SYN002599,f5,3,99.0
18142,SYN002599,b3,2,199.0
18143,SYN002599,v3,2,79.0
18144,SYN002599,f1,3,249.0
18145,SYN002599,v6,1,29.0
18146,SYN002599,v1,3,89.0
18147,SYN002600,v1,2,89.0
18148,SYN002600,v3,2,79.0
18149,SYN002600,d5,3,249.0
18150,SYN002600,d1,1,69.0
18151,SYN002600,f4,3,199.0
18152,SYN002601,f2,1,49.0
18153,SYN002601,f1,1,249.0
18154,SYN002601,d1,3,69.0
18155,SYN002601,v2,2,49.0
18156,SYN002602,v2,1,49.0
18157,SYN002602,f1,1,249.0
18158,SYN002602,d5,3,249.0
18159,SYN002602,d3,3,179.0
18160,SYN002602,v1,1,89.0
18161,SYN002602,f6,1,179.0
18162,SYN002602,d1,2,69.0
18163,SYN002603,f5,2,99.0
18164,SYN002603,d1,2,69.0
18165,SYN002603,v2,2,49.0
18166,SYN002603,v4,1,39.0
18167,SYN002603,b2,2,249.0
18168,SYN002603,d3,3,179.0
18169,SYN002603,f2,2,49.0
18170,SYN002604,v3,3,79.0
18171,SYN002604,b5,1,299.0
18172,SYN002604,v5,2,149.0
18173,SYN002604,d3,2,179.0
18174,SYN002604,v1,2,89.0
18175,SYN002604,v4,3,39.0
18176,SYN002604,d1,1,69.0
18177,SYN002605,f1,1,249.0
18178,SYN002605,v5,1,149.0
18179,SYN002605,f6,2,179.0
18180,SYN002605,d3,2,179.0
18181,SYN002605,d4,3,99.0
18182,SYN002606,f2,2,49.0
18183,SYN002606,v5,3,149.0
18184,SYN002606,d4,2,99.0
18185,SYN002606,d1,3,69.0
18186,SYN002606,v3,1,79.0
18187,SYN002607,v3,3,79.0
18188,SYN002607,bv1,2,149.0
18189,SYN002607,f1,1,249.0
18190,SYN002607,v4,3,39.0
18191,SYN002607,d2,2,249.0
18192,SYN002607,b1,2,199.0
18193,SYN002607,d1,1,69.0
18194,SYN002608,d4,2,99.0
18195,SYN002608,f5,1,99.0
18196,SYN002608,f6,1,179.0
18197,SYN002608,v6,3,29.0
18198,SYN002608,v2,2,49.0
18199,SYN002608,f3,1,149.0
18200,SYN002609,bv2,2,249.0
18201,SYN002609,b5,2,299.0
18202,SYN002609,v1,3,89.0
18203,SYN002609,f6,1,179.0
18204,SYN002609,v2,3,49.0
18205,SYN002609,f4,3,199.0
18206,SYN002610,v5,3,149.0
18207,SYN002610,f4,3,199.0
18208,SYN002610,f5,3,99.0
18209,SYN002610,f6,1,179.0
18210,SYN002610,v6,1,29.0
18211,SYN002610,v1,1,89.0
18212,SYN002611,d1,2,69.0
18213,SYN002611,v2,2,49.0
18214,SYN002611,v3,1,79.0
18215,SYN002611,f2,3,49.0
18216,SYN002611,d2,2,249.0
18217,SYN002611,d5,2,249.0
18218,SYN002611,v4,3,39.0
18219,SYN002612,b4,3,599.0
18220,SYN002612,d4,3,99.0
18221,SYN002612,bv2,2,249.0
18222,SYN002612,v5,3,149.0
18223,SYN002612,v3,2,79.0
18224,SYN002613,f4,3,199.0
18225,SYN002613,f1,1,249.0
18226,SYN002613,d5,1,249.0
18227,SYN002613,v3,1,79.0
18228,SYN002614,f6,3,179.0
18229,SYN002614,d4,2,99.0
18230,SYN002614,f3,1,149.0
18231,SYN002614,f1,3,249.0
18232,SYN002614,d3,2,179.0
18233,SYN002614,s4,3,299.0
18234,SYN002614,f2,2,49.0
18235,SYN002614,v6,1,29.0
18236,SYN002615,f3,2,149.0
18237,SYN002615,d1,2,69.0
18238,SYN002615,v1,2,89.0
18239,SYN002615,f6,3,179.0
18240,SYN002616,v5,3,149.0
18241,SYN002616,f4,3,199.0
18242,SYN002616,f5,1,99.0
18243,SYN002616,bv3,2,199.0
18244,SYN002616,b2,3,249.0
18245,SYN002617,v5,1,149.0
18246,SYN002617,d5,3,249.0
18247,SYN002617,d1,3,69.0
18248,SYN002617,f3,1,149.0
18249,SYN002617,s3,1,99.0
18250,SYN002618,d3,2,179.0
18251,SYN002618,f1,3,249.0
18252,SYN002618,v2,3,49.0
18253,SYN002618,v3,1,79.0
18254,SYN002619,v3,3,79.0
18255,SYN002619,f1,3,249.0
18256,SYN002619,v6,2,29.0
18257,SYN002619,b1,3,199.0
18258,SYN002619,d2,2,249.0
18259,SYN002619,d3,1,179.0
18260,SYN002619,f4,2,199.0
18261,SYN002620,f4,2,199.0
18262,SYN002620,f5,3,99.0
18263,SYN002620,bv3,3,199.0
18264,SYN002620,d5,1,249.0
18265,SYN002620,f3,3,149.0
18266,SYN002620,d1,1,69.0
18267,SYN002620,d2,3,249.0
18268,SYN002621,d2,2,249.0
18269,SYN002621,b2,3,249.0
18270,SYN002621,d1,3,69.0
18271,SYN002621,d5,2,249.0
18272,SYN002622,d2,3,249.0
18273,SYN002622,d1,3,69.0
18274,SYN002622,f5,1,99.0
18275,SYN002622,v5,3,149.0
18276,SYN002622,bv3,1,199.0
18277,SYN002622,s3,3,99.0
18278,SYN002623,f5,1,99.0
18279,SYN002623,v3,3,79.0
18280,SYN002623,v4,3,39.0
18281,SYN002623,f4,2,199.0
18282,SYN002623,f3,2,149.0
18283,SYN002623,d5,3,249.0
18284,SYN002623,d2,2,249.0
18285,SYN002623,f2,3,49.0
18286,SYN002624,d3,1,179.0
18287,SYN002624,f3,3,149.0
18288,SYN002624,d4,2,99.0
18289,SYN002624,f4,3,199.0
18290,SYN002624,v6,2,29.0
18291,SYN002625,f4,2,199.0
18292,SYN002625,f1,3,249.0
18293,SYN002625,v4,3,39.0
18294,SYN002625,v6,1,29.0
18295,SYN002625,v3,3,79.0
18296,SYN002626,f6,1,179.0
18297,SYN002626,v4,1,39.0
18298,SYN002626,v1,2,89.0
18299,SYN002626,f1,1,249.0
18300,SYN002626,v3,1,79.0
18301,SYN002627,d2,1,249.0
18302,SYN002627,f1,1,249.0
18303,SYN002627,bv2,3,249.0
18304,SYN002627,bv3,3,199.0
18305,SYN002627,f3,3,149.0
18306,SYN002628,f6,1,179.0
18307,SYN002628,f5,1,99.0
18308,SYN002628,v1,1,89.0
18309,SYN002628,f1,1,249.0
18310,SYN002628,v6,3,29.0
18311,SYN002628,v2,2,49.0
18312,SYN002629,f3,1,149.0
18313,SYN002629,d5,3,249.0
18314,SYN002629,f5,1,99.0
18315,SYN002629,bv1,2,149.0
18316,SYN002629,f2,3,49.0
18317,SYN002629,f1,2,249.0
18318,SYN002629,v4,2,39.0
18319,SYN002630,v2,3,49.0
18320,SYN002630,v4,3,39.0
18321,SYN002630,b4,3,599.0
18322,SYN002630,s5,1,199.0
18323,SYN002630,v3,2,79.0
18324,SYN002630,v1,1,89.0
18325,SYN002630,bv2,1,249.0
18326,SYN002630,d5,2,249.0
18327,SYN002631,f5,2,99.0
18328,SYN002631,b2,2,249.0
18329,SYN002631,d5,3,249.0
18330,SYN002631,s3,3,99.0
18331,SYN002631,v1,2,89.0
18332,SYN002631,f4,1,199.0
18333,SYN002631,b4,2,599.0
18334,SYN002631,v5,2,149.0
18335,SYN002632,f1,2,249.0
18336,SYN002632,d1,2,69.0
18337,SYN002632,f5,1,99.0
18338,SYN002632,f3,1,149.0
18339,SYN002633,d1,3,69.0
18340,SYN002633,v5,3,149.0
18341,SYN002633,d2,1,249.0
18342,SYN002633,bv2,3,249.0
18343,SYN002633,f1,1,249.0
18344,SYN002633,b5,2,299.0
18345,SYN002633,s4,1,299.0
18346,SYN002634,f4,3,199.0
18347,SYN002634,v4,2,39.0
18348,SYN002634,d1,2,69.0
18349,SYN002634,d2,2,249.0
18350,SYN002635,f6,3,179.0
18351,SYN002635,d1,3,69.0
18352,SYN002635,d2,2,249.0
18353,SYN002635,d5,1,249.0
18354,SYN002635,f5,1,99.0
18355,SYN002635,v5,3,149.0
18356,SYN002635,s2,2,249.0
18357,SYN002635,v2,2,49.0
18358,SYN002636,d2,1,249.0
18359,SYN002636,f5,3,99.0
18360,SYN002636,v2,1,49.0
18361,SYN002636,d1,1,69.0
18362,SYN002636,f4,1,199.0
18363,SYN002637,v4,3,39.0
18364,SYN002637,v1,2,89.0
18365,SYN002637,d4,3,99.0
18366,SYN002637,v3,1,79.0
18367,SYN002637,v2,1,49.0
18368,SYN002637,d1,1,69.0
18369,SYN002637,f3,2,149.0
18370,SYN002638,d5,1,249.0
18371,SYN002638,f6,2,179.0
18372,SYN002638,v5,1,149.0
18373,SYN002638,v2,1,49.0
18374,SYN002638,d3,2,179.0
18375,SYN002638,f5,1,99.0
18376,SYN002638,v4,2,39.0
18377,SYN002639,v6,2,29.0
18378,SYN002639,f2,3,49.0
18379,SYN002639,d4,1,99.0
18380,SYN002639,d2,2,249.0
18381,SYN002639,v4,3,39.0
18382,SYN002639,f6,3,179.0
18383,SYN002639,d1,1,69.0
18384,SYN002639,bv1,1,149.0
18385,SYN002640,v1,2,89.0
18386,SYN002640,f5,2,99.0
18387,SYN002640,bv4,3,349.0
18388,SYN002640,v4,2,39.0
18389,SYN002640,d5,3,249.0
18390,SYN002640,f1,2,249.0
18391,SYN002641,v3,2,79.0
18392,SYN002641,v6,2,29.0
18393,SYN002641,f6,3,179.0
18394,SYN002641,v5,2,149.0
18395,SYN002641,d4,1,99.0
18396,SYN002641,f4,2,199.0
18397,SYN002641,f3,1,149.0
18398,SYN002642,v5,3,149.0
18399,SYN002642,f1,3,249.0
18400,SYN002642,s2,2,249.0
18401,SYN002642,d5,3,249.0
18402,SYN002643,b1,3,199.0
18403,SYN002643,v5,3,149.0
18404,SYN002643,v4,2,39.0
18405,SYN002643,d1,3,69.0
18406,SYN002643,d4,3,99.0
18407,SYN002643,v1,2,89.0
18408,SYN002644,v4,2,39.0
18409,SYN002644,b3,1,199.0
18410,SYN002644,d3,1,179.0
18411,SYN002644,f5,1,99.0
18412,SYN002645,v2,3,49.0
18413,SYN002645,v4,2,39.0
18414,SYN002645,v1,1,89.0
18415,SYN002645,d1,2,69.0
18416,SYN002645,f6,1,179.0
18417,SYN002646,f3,2,149.0
18418,SYN002646,v5,2,149.0
18419,SYN002646,bv4,3,349.0
18420,SYN002646,d3,1,179.0
18421,SYN002646,v4,3,39.0
18422,SYN002646,d4,1,99.0
18423,SYN002647,f2,1,49.0
18424,SYN002647,v1,2,89.0
18425,SYN002647,bv2,1,249.0
18426,SYN002647,v5,1,149.0
18427,SYN002647,d1,3,69.0
18428,SYN002647,f1,1,249.0
18429,SYN002647,v6,3,29.0
18430,SYN002648,v4,1,39.0
18431,SYN002648,b4,1,599.0
18432,SYN002648,f3,1,149.0
18433,SYN002648,v6,1,29.0
18434,SYN002648,d2,1,249.0
18435,SYN002648,v3,3,79.0
18436,SYN002648,s5,2,199.0
18437,SYN002648,f5,3,99.0
18438,SYN002649,d4,3,99.0
18439,SYN002649,d2,3,249.0
18440,SYN002649,v1,2,89.0
18441,SYN002649,f2,1,49.0
18442,SYN002649,f5,1,99.0
18443,SYN002650,f3,3,149.0
18444,SYN002650,d1,1,69.0
18445,SYN002650,f6,3,179.0
18446,SYN002650,v4,3,39.0
18447,SYN002650,f2,1,49.0
18448,SYN002651,f5,1,99.0
18449,SYN002651,f6,2,179.0
18450,SYN002651,v1,2,89.0
18451,SYN002651,f3,3,149.0
18452,SYN002652,f6,3,179.0
18453,SYN002652,f4,3,199.0
18454,SYN002652,d4,2,99.0
18455,SYN002652,v1,3,89.0
18456,SYN002652,d2,3,249.0
18457,SYN002652,v3,2,79.0
18458,SYN002652,f2,3,49.0
18459,SYN002653,f4,2,199.0
18460,SYN002653,v2,2,49.0
18461,SYN002653,v1,2,89.0
18462,SYN002653,v3,3,79.0
18463,SYN002653,f1,2,249.0
18464,SYN002653,s4,1,299.0
18465,SYN002654,bv1,2,149.0
18466,SYN002654,f3,2,149.0
18467,SYN002654,f1,2,249.0
18468,SYN002654,f4,3,199.0
18469,SYN002655,d5,1,249.0
18470,SYN002655,d3,1,179.0
18471,SYN002655,f4,1,199.0
18472,SYN002655,v2,1,49.0
18473,SYN002655,v4,2,39.0
18474,SYN002655,s3,1,99.0
18475,SYN002655,v5,3,149.0
18476,SYN002655,f1,3,249.0
18477,SYN002656,d1,1,69.0
18478,SYN002656,v5,1,149.0
18479,SYN002656,f1,3,249.0
18480,SYN002656,b1,1,199.0
18481,SYN002656,v4,2,39.0
18482,SYN002656,b2,1,249.0
18483,SYN002657,v5,1,149.0
18484,SYN002657,d5,3,249.0
18485,SYN002657,f2,2,49.0
18486,SYN002657,v3,3,79.0
18487,SYN002658,v5,2,149.0
18488,SYN002658,s4,2,299.0
18489,SYN002658,v2,1,49.0
18490,SYN002658,d3,2,179.0
18491,SYN002658,s3,3,99.0
18492,SYN002659,f3,2,149.0
18493,SYN002659,f6,1,179.0
18494,SYN002659,v6,2,29.0
18495,SYN002659,d4,2,99.0
18496,SYN002659,v1,2,89.0
18497,SYN002659,d3,3,179.0
18498,SYN002660,v3,3,79.0
18499,SYN002660,f5,1,99.0
18500,SYN002660,d5,3,249.0
18501,SYN002660,d3,3,179.0
18502,SYN002661,f6,2,179.0
18503,SYN002661,v2,2,49.0
18504,SYN002661,d2,3,249.0
18505,SYN002661,v6,2,29.0
18506,SYN002661,bv4,2,349.0
18507,SYN002661,f3,1,149.0
18508,SYN002662,d3,3,179.0
18509,SYN002662,f2,1,49.0
18510,SYN002662,d1,2,69.0
18511,SYN002662,f1,2,249.0
18512,SYN002662,b2,2,249.0
18513,SYN002662,v1,3,89.0
18514,SYN002663,b1,2,199.0
18515,SYN002663,s1,3,399.0
18516,SYN002663,v5,2,149.0
18517,SYN002663,f2,3,49.0
18518,SYN002663,bv4,3,349.0
18519,SYN002664,f4,1,199.0
18520,SYN002664,f1,2,249.0
18521,SYN002664,v1,2,89.0
18522,SYN002664,f5,2,99.0
18523,SYN002664,b1,3,199.0
18524,SYN002664,b4,2,599.0
18525,SYN002664,d2,2,249.0
18526,SYN002664,d4,2,99.0
18527,SYN002665,v6,3,29.0
18528,SYN002665,v5,1,149.0
18529,SYN002665,s4,3,299.0
18530,SYN002665,f5,2,99.0
18531,SYN002665,f3,1,149.0
18532,SYN002666,f5,2,99.0
18533,SYN002666,d3,3,179.0
18534,SYN002666,f2,1,49.0
18535,SYN002666,s1,2,399.0
18536,SYN002666,v2,3,49.0
18537,SYN002667,f4,2,199.0
18538,SYN002667,v6,1,29.0
18539,SYN002667,f1,3,249.0
18540,SYN002667,v4,2,39.0
18541,SYN002667,d2,2,249.0
18542,SYN002667,bv3,3,199.0
18543,SYN002667,bv4,1,349.0
18544,SYN002667,s2,3,249.0
18545,SYN002668,f1,3,249.0
18546,SYN002668,v6,1,29.0
18547,SYN002668,v5,3,149.0
18548,SYN002668,f5,2,99.0
18549,SYN002668,d4,1,99.0
18550,SYN002668,f3,1,149.0
18551,SYN002669,d2,3,249.0
18552,SYN002669,f2,2,49.0
18553,SYN002669,f5,2,99.0
18554,SYN002669,f6,2,179.0
18555,SYN002669,f1,3,249.0
18556,SYN002669,v6,2,29.0
18557,SYN002670,v3,2,79.0
18558,SYN002670,f5,3,99.0
18559,SYN002670,d2,2,249.0
18560,SYN002670,bv3,3,199.0
18561,SYN002670,f4,3,199.0
18562,SYN002671,v5,2,149.0
18563,SYN002671,s5,2,199.0
18564,SYN002671,d3,3,179.0
18565,SYN002671,b3,3,199.0
18566,SYN002671,f5,1,99.0
18567,SYN002671,s1,2,399.0
18568,SYN002672,v5,3,149.0
18569,SYN002672,v2,3,49.0
18570,SYN002672,v4,1,39.0
18571,SYN002672,v1,1,89.0
18572,SYN002672,v6,1,29.0
18573,SYN002673,d5,3,249.0
18574,SYN002673,s3,3,99.0
18575,SYN002673,s1,2,399.0
18576,SYN002674,f1,3,249.0
18577,SYN002674,f2,3,49.0
18578,SYN002674,s1,1,399.0
18579,SYN002674,f5,1,99.0
18580,SYN002675,d1,2,69.0
18581,SYN002675,s1,1,399.0
18582,SYN002675,s5,3,199.0
18583,SYN002676,s5,2,199.0
18584,SYN002676,v2,2,49.0
18585,SYN002676,d4,2,99.0
18586,SYN002676,v6,3,29.0
18587,SYN002676,d2,2,249.0
18588,SYN002677,b1,3,199.0
18589,SYN002677,v3,3,79.0
18590,SYN002677,d2,1,249.0
18591,SYN002677,d3,1,179.0
18592,SYN002677,d1,3,69.0
18593,SYN002677,d4,2,99.0
18594,SYN002678,d3,1,179.0
18595,SYN002678,s1,1,399.0
18596,SYN002678,s3,1,99.0
18597,SYN002679,bv2,3,249.0
18598,SYN002679,v2,1,49.0
18599,SYN002679,s1,3,399.0
18600,SYN002680,v3,2,79.0
18601,SYN002680,s4,2,299.0
18602,SYN002680,f5,3,99.0
18603,SYN002680,d2,3,249.0
18604,SYN002681,v2,1,49.0
18605,SYN002681,s1,3,399.0
18606,SYN002681,v3,2,79.0
18607,SYN002681,s3,2,99.0
18608,SYN002681,d2,3,249.0
18609,SYN002681,s2,1,249.0
18610,SYN002682,v4,3,39.0
18611,SYN002682,d2,1,249.0
18612,SYN002682,b5,1,299.0
18613,SYN002682,d1,2,69.0
18614,SYN002682,s5,1,199.0
18615,SYN002683,d3,3,179.0
18616,SYN002683,s1,2,399.0
18617,SYN002683,d1,2,69.0
18618,SYN002683,s2,2,249.0
18619,SYN002684,v1,3,89.0
18620,SYN002684,f2,2,49.0
18621,SYN002684,d5,1,249.0
18622,SYN002685,s3,3,99.0
18623,SYN002685,v5,2,149.0
18624,SYN002685,d4,3,99.0
18625,SYN002685,d1,2,69.0
18626,SYN002685,v4,2,39.0
18627,SYN002685,s2,2,249.0
18628,SYN002686,d4,1,99.0
18629,SYN002686,f5,3,99.0
18630,SYN002686,s1,2,399.0
18631,SYN002687,v6,1,29.0
18632,SYN002687,s4,2,299.0
18633,SYN002687,s2,2,249.0
18634,SYN002688,v2,1,49.0
18635,SYN002688,d3,3,179.0
18636,SYN002688,v1,1,89.0
18637,SYN002689,s1,3,399.0
18638,SYN002689,d2,3,249.0
18639,SYN002689,v1,1,89.0
18640,SYN002690,d5,3,249.0
18641,SYN002690,d3,2,179.0
18642,SYN002690,s5,1,199.0
18643,SYN002690,v5,3,149.0
18644,SYN002690,s1,3,399.0
18645,SYN002690,v1,1,89.0
18646,SYN002691,v5,3,149.0
18647,SYN002691,s4,2,299.0
18648,SYN002691,s2,1,249.0
18649,SYN002692,v4,1,39.0
18650,SYN002692,s5,3,199.0
18651,SYN002692,b3,3,199.0
18652,SYN002692,v2,1,49.0
18653,SYN002692,d3,3,179.0
18654,SYN002692,v3,1,79.0
18655,SYN002693,f4,1,199.0
18656,SYN002693,v5,2,149.0
18657,SYN002693,v6,2,29.0
18658,SYN002693,d2,3,249.0
18659,SYN002694,s2,2,249.0
18660,SYN002694,b5,1,299.0
18661,SYN002694,f4,3,199.0
18662,SYN002694,s4,1,299.0
18663,SYN002694,s3,1,99.0
18664,SYN002694,v3,3,79.0
18665,SYN002695,d1,3,69.0
18666,SYN002695,v6,3,29.0
18667,SYN002695,v2,3,49.0
18668,SYN002695,v1,3,89.0
18669,SYN002695,v3,3,79.0
18670,SYN002695,b4,2,599.0
18671,SYN002696,s2,2,249.0
18672,SYN002696,s5,2,199.0
18673,SYN002696,v1,2,89.0
18674,SYN002697,v6,3,29.0
18675,SYN002697,b5,2,299.0
18676,SYN002697,bv3,2,199.0
18677,SYN002697,v4,3,39.0
18678,SYN002698,d1,1,69.0
18679,SYN002698,s1,3,399.0
18680,SYN002698,b1,3,199.0
18681,SYN002698,d5,2,249.0
18682,SYN002699,v4,1,39.0
18683,SYN002699,d1,3,69.0
18684,SYN002699,d2,2,249.0
18685,SYN002699,d5,1,249.0
18686,SYN002699,v3,2,79.0
18687,SYN002700,s4,1,299.0
18688,SYN002700,s1,3,399.0
18689,SYN002700,v1,1,89.0
18690,SYN002700,s3,3,99.0
18691,SYN002701,v6,1,29.0
18692,SYN002701,s4,1,299.0
18693,SYN002701,d5,3,249.0
18694,SYN002701,s3,2,99.0
18695,SYN002702,v3,3,79.0
18696,SYN002702,v6,1,29.0
18697,SYN002702,v4,3,39.0
18698,SYN002703,v4,1,39.0
18699,SYN002703,v1,2,89.0
18700,SYN002703,v6,2,29.0
18701,SYN002703,v5,1,149.0
18702,SYN002704,d3,2,179.0
18703,SYN002704,s5,3,199.0
18704,SYN002704,v6,3,29.0
18705,SYN002704,s4,1,299.0
18706,SYN002705,v1,1,89.0
18707,SYN002705,d4,2,99.0
18708,SYN002705,s4,1,299.0
18709,SYN002705,bv3,3,199.0
18710,SYN002705,b5,1,299.0
18711,SYN002706,s4,1,299.0
18712,SYN002706,s3,2,99.0
18713,SYN002706,d5,3,249.0
18714,SYN002706,d1,3,69.0
18715,SYN002707,s4,2,299.0
18716,SYN002707,s1,3,399.0
18717,SYN002707,v4,1,39.0
18718,SYN002707,v1,1,89.0
18719,SYN002708,d1,2,69.0
18720,SYN002708,v4,3,39.0
18721,SYN002708,f6,3,179.0
18722,SYN002709,f1,3,249.0
18723,SYN002709,v1,3,89.0
18724,SYN002709,s5,2,199.0
18725,SYN002709,v5,2,149.0
18726,SYN002709,s4,1,299.0
18727,SYN002709,d1,1,69.0
18728,SYN002710,s5,3,199.0
18729,SYN002710,v5,2,149.0
18730,SYN002710,f3,1,149.0
18731,SYN002710,v4,2,39.0
18732,SYN002710,d3,3,179.0
18733,SYN002711,f5,3,99.0
18734,SYN002711,s4,2,299.0
18735,SYN002711,d1,3,69.0
18736,SYN002712,v1,3,89.0
18737,SYN002712,s3,1,99.0
18738,SYN002712,s2,3,249.0
18739,SYN002712,d3,1,179.0
18740,SYN002712,b1,3,199.0
18741,SYN002713,s4,2,299.0
18742,SYN002713,v5,1,149.0
18743,SYN002713,v6,2,29.0
18744,SYN002713,f5,1,99.0
18745,SYN002713,s2,1,249.0
18746,SYN002714,s5,3,199.0
18747,SYN002714,s2,2,249.0
18748,SYN002714,b4,3,599.0
18749,SYN002714,v1,1,89.0
18750,SYN002715,d4,3,99.0
18751,SYN002715,v4,2,39.0
18752,SYN002715,s4,2,299.0
18753,SYN002715,d2,2,249.0
18754,SYN002715,v6,2,29.0
18755,SYN002716,d3,1,179.0
18756,SYN002716,d1,2,69.0
18757,SYN002716,v3,2,79.0
18758,SYN002716,d2,3,249.0
18759,SYN002717,v1,3,89.0
18760,SYN002717,d3,2,179.0
18761,SYN002717,s5,2,199.0
18762,SYN002717,v5,3,149.0
18763,SYN002718,f4,1,199.0
18764,SYN002718,v3,3,79.0
18765,SYN002718,d4,2,99.0
18766,SYN002718,b4,3,599.0
18767,SYN002718,f1,3,249.0
18768,SYN002718,s3,1,99.0
18769,SYN002719,f2,3,49.0
18770,SYN002719,s2,2,249.0
18771,SYN002719,b4,3,599.0
18772,SYN002719,d4,3,99.0
18773,SYN002719,d5,2,249.0
18774,SYN002720,d2,2,249.0
18775,SYN002720,s1,2,399.0
18776,SYN002720,v2,2,49.0
18777,SYN002720,d3,2,179.0
18778,SYN002720,s3,1,99.0
18779,SYN002721,s1,1,399.0
18780,SYN002721,s4,1,299.0
18781,SYN002721,v3,1,79.0
18782,SYN002722,s1,2,399.0
18783,SYN002722,s3,3,99.0
18784,SYN002722,v5,2,149.0
18785,SYN002722,d3,2,179.0
18786,SYN002722,d1,1,69.0
18787,SYN002722,d5,3,249.0
18788,SYN002723,s5,3,199.0
18789,SYN002723,d5,3,249.0
18790,SYN002723,v5,3,149.0
18791,SYN002723,v4,2,39.0
18792,SYN002723,s4,3,299.0
18793,SYN002724,d3,2,179.0
18794,SYN002724,v4,2,39.0
18795,SYN002724,d1,2,69.0
18796,SYN002724,d5,2,249.0
18797,SYN002724,s2,2,249.0
18798,SYN002724,v1,1,89.0
18799,SYN002725,s5,3,199.0
18800,SYN002725,f2,1,49.0
18801,SYN002725,s1,1,399.0
18802,SYN002725,v6,2,29.0
18803,SYN002726,f1,1,249.0
18804,SYN002726,f2,1,49.0
18805,SYN002726,s3,2,99.0
18806,SYN002727,s4,3,299.0
18807,SYN002727,v3,1,79.0
18808,SYN002727,d1,1,69.0
18809,SYN002727,d5,1,249.0
18810,SYN002727,b4,3,599.0
18811,SYN002728,v2,1,49.0
18812,SYN002728,f4,1,199.0
18813,SYN002728,s2,1,249.0
18814,SYN002728,s3,1,99.0
18815,SYN002728,v1,2,89.0
18816,SYN002728,v4,2,39.0
18817,SYN002729,v5,3,149.0
18818,SYN002729,d3,2,179.0
18819,SYN002729,f2,3,49.0
18820,SYN002729,f5,2,99.0
18821,SYN002729,v1,2,89.0
18822,SYN002730,s3,1,99.0
18823,SYN002730,v3,3,79.0
18824,SYN002730,b5,1,299.0
18825,SYN002731,d1,1,69.0
18826,SYN002731,s5,3,199.0
18827,SYN002731,v4,2,39.0
18828,SYN002731,f4,3,199.0
18829,SYN002731,d5,3,249.0
18830,SYN002731,bv3,1,199.0
18831,SYN002732,v2,3,49.0
18832,SYN002732,v6,3,29.0
18833,SYN002732,bv1,2,149.0
18834,SYN002732,s2,2,249.0
18835,SYN002732,b3,3,199.0
18836,SYN002732,s4,1,299.0
18837,SYN002733,d2,1,249.0
18838,SYN002733,d4,3,99.0
18839,SYN002733,d3,1,179.0
18840,SYN002733,bv3,1,199.0
18841,SYN002733,s1,1,399.0
18842,SYN002733,s4,1,299.0
18843,SYN002734,v3,3,79.0
18844,SYN002734,d1,2,69.0
18845,SYN002734,d3,1,179.0
18846,SYN002734,v5,1,149.0
18847,SYN002735,v1,2,89.0
18848,SYN002735,d2,1,249.0
18849,SYN002735,s4,2,299.0
18850,SYN002735,s3,2,99.0
18851,SYN002735,v3,2,79.0
18852,SYN002735,d3,3,179.0
18853,SYN002736,v1,2,89.0
18854,SYN002736,s4,1,299.0
18855,SYN002736,s3,1,99.0
18856,SYN002736,v2,3,49.0
18857,SYN002736,s2,3,249.0
18858,SYN002736,b2,3,249.0
18859,SYN002737,v4,1,39.0
18860,SYN002737,v5,2,149.0
18861,SYN002737,s1,3,399.0
18862,SYN002738,v4,1,39.0
18863,SYN002738,d3,2,179.0
18864,SYN002738,d2,2,249.0
18865,SYN002738,bv2,2,249.0
18866,SYN002738,s2,1,249.0
18867,SYN002739,s4,1,299.0
18868,SYN002739,v6,2,29.0
18869,SYN002739,s3,3,99.0
18870,SYN002739,v1,3,89.0
18871,SYN002740,d2,1,249.0
18872,SYN002740,s3,3,99.0
18873,SYN002740,v1,3,89.0
18874,SYN002741,v2,3,49.0
18875,SYN002741,v6,2,29.0
18876,SYN002741,s3,1,99.0
18877,SYN002741,v4,2,39.0
18878,SYN002741,d2,2,249.0
18879,SYN002742,d5,1,249.0
18880,SYN002742,v1,3,89.0
18881,SYN002742,s2,2,249.0
18882,SYN002742,d2,1,249.0
18883,SYN002743,d4,1,99.0
18884,SYN002743,d5,2,249.0
18885,SYN002743,b4,1,599.0
18886,SYN002743,s4,3,299.0
18887,SYN002744,v2,2,49.0
18888,SYN002744,d2,1,249.0
18889,SYN002744,s5,2,199.0
18890,SYN002744,v6,1,29.0
18891,SYN002745,v4,1,39.0
18892,SYN002745,v1,2,89.0
18893,SYN002745,s1,1,399.0
18894,SYN002745,d4,1,99.0
18895,SYN002745,d1,2,69.0
18896,SYN002746,f3,1,149.0
18897,SYN002746,s1,1,399.0
18898,SYN002746,v1,3,89.0
18899,SYN002746,d2,2,249.0
18900,SYN002746,d5,3,249.0
18901,SYN002746,v3,2,79.0
18902,SYN002747,bv4,3,349.0
18903,SYN002747,s4,3,299.0
18904,SYN002747,d2,3,249.0
18905,SYN002747,v6,1,29.0
18906,SYN002748,s2,1,249.0
18907,SYN002748,d1,2,69.0
18908,SYN002748,bv3,3,199.0
18909,SYN002749,s5,3,199.0
18910,SYN002749,s2,2,249.0
18911,SYN002749,v3,2,79.0
18912,SYN002749,d3,1,179.0
18913,SYN002749,v5,1,149.0
18914,SYN002749,b3,2,199.0
18915,SYN002750,v5,2,149.0
18916,SYN002750,v4,1,39.0
18917,SYN002750,d5,1,249.0
18918,SYN002750,v2,1,49.0
18919,SYN002750,d2,3,249.0
18920,SYN002751,s5,3,199.0
18921,SYN002751,s2,1,249.0
18922,SYN002751,s1,2,399.0
18923,SYN002751,d2,1,249.0
18924,SYN002751,v6,3,29.0
18925,SYN002752,d4,1,99.0
18926,SYN002752,s1,3,399.0
18927,SYN002752,s4,2,299.0
18928,SYN002753,v4,3,39.0
18929,SYN002753,d2,1,249.0
18930,SYN002753,v5,3,149.0
18931,SYN002753,d3,2,179.0
18932,SYN002753,s4,1,299.0
18933,SYN002753,d5,3,249.0
18934,SYN002754,s1,2,399.0
18935,SYN002754,v4,2,39.0
18936,SYN002754,d4,3,99.0
18937,SYN002754,d5,3,249.0
18938,SYN002754,v5,2,149.0
18939,SYN002755,v6,1,29.0
18940,SYN002755,f2,3,49.0
18941,SYN002755,d1,3,69.0
18942,SYN002755,d4,2,99.0
18943,SYN002755,v2,1,49.0
18944,SYN002756,d4,1,99.0
18945,SYN002756,d5,1,249.0
18946,SYN002756,s1,2,399.0
18947,SYN002756,d3,1,179.0
18948,SYN002756,b1,2,199.0
18949,SYN002756,s5,1,199.0
18950,SYN002757,bv3,2,199.0
18951,SYN002757,v4,2,39.0
18952,SYN002757,d5,3,249.0
18953,SYN002757,v3,1,79.0
18954,SYN002758,v2,1,49.0
18955,SYN002758,bv4,2,349.0
18956,SYN002758,v6,3,29.0
18957,SYN002758,d4,2,99.0
18958,SYN002759,d5,2,249.0
18959,SYN002759,s2,3,249.0
18960,SYN002759,d3,3,179.0
18961,SYN002759,v4,2,39.0
18962,SYN002760,d3,2,179.0
18963,SYN002760,d2,1,249.0
18964,SYN002760,s2,2,249.0
18965,SYN002760,s3,1,99.0
18966,SYN002760,d5,2,249.0
18967,SYN002760,v6,3,29.0
18968,SYN002761,s2,2,249.0
18969,SYN002761,b4,1,599.0
18970,SYN002761,s3,1,99.0
18971,SYN002761,v2,2,49.0
18972,SYN002761,d3,2,179.0
18973,SYN002761,f6,3,179.0
18974,SYN002762,v4,2,39.0
18975,SYN002762,s4,1,299.0
18976,SYN002762,v5,3,149.0
18977,SYN002763,s2,2,249.0
18978,SYN002763,s1,2,399.0
18979,SYN002763,v3,3,79.0
18980,SYN002763,v4,2,39.0
18981,SYN002764,d3,3,179.0
18982,SYN002764,v1,1,89.0
18983,SYN002764,v3,2,79.0
18984,SYN002764,d1,3,69.0
18985,SYN002764,s2,1,249.0
18986,SYN002765,s4,1,299.0
18987,SYN002765,s5,1,199.0
18988,SYN002765,d4,1,99.0
18989,SYN002765,v6,2,29.0
18990,SYN002765,f5,1,99.0
18991,SYN002766,v4,3,39.0
18992,SYN002766,d5,3,249.0
18993,SYN002766,v1,2,89.0
18994,SYN002766,s5,1,199.0
18995,SYN002766,d4,3,99.0
18996,SYN002767,d1,2,69.0
18997,SYN002767,d5,1,249.0
18998,SYN002767,bv4,2,349.0
18999,SYN002768,s4,1,299.0
19000,SYN002768,v1,1,89.0
19001,SYN002768,v6,1,29.0
19002,SYN002768,d3,2,179.0
19003,SYN002768,d2,2,249.0
19004,SYN002768,v5,3,149.0
19005,SYN002769,d1,3,69.0
19006,SYN002769,b3,1,199.0
19007,SYN002769,b1,3,199.0
19008,SYN002769,v6,2,29.0
19009,SYN002769,f6,3,179.0
19010,SYN002770,v4,2,39.0
19011,SYN002770,s1,1,399.0
19012,SYN002770,s4,1,299.0
19013,SYN002770,d2,3,249.0
19014,SYN002770,v6,1,29.0
19015,SYN002771,s2,2,249.0
19016,SYN002771,f1,2,249.0
19017,SYN002771,b1,1,199.0
19018,SYN002771,f5,1,99.0
19019,SYN002771,b2,3,249.0
19020,SYN002772,d3,2,179.0
19021,SYN002772,v6,2,29.0
19022,SYN002772,v4,3,39.0
19023,SYN002773,s4,2,299.0
19024,SYN002773,bv1,3,149.0
19025,SYN002773,v2,2,49.0
19026,SYN002773,d5,2,249.0
19027,SYN002774,d3,2,179.0
19028,SYN002774,d5,2,249.0
19029,SYN002774,s3,1,99.0
19030,SYN002775,v6,1,29.0
19031,SYN002775,d4,1,99.0
19032,SYN002775,s4,3,299.0
19033,SYN002775,s3,1,99.0
19034,SYN002775,b1,2,199.0
19035,SYN002776,s3,1,99.0
19036,SYN002776,f5,1,99.0
19037,SYN002776,d5,3,249.0
19038,SYN002776,s4,2,299.0
19039,SYN002776,s5,3,199.0
19040,SYN002776,s1,1,399.0
19041,SYN002777,s1,1,399.0
19042,SYN002777,d1,2,69.0
19043,SYN002777,v5,2,149.0
19044,SYN002777,s2,2,249.0
19045,SYN002777,f6,2,179.0
19046,SYN002778,f3,1,149.0
19047,SYN002778,d4,2,99.0
19048,SYN002778,b3,2,199.0
19049,SYN002779,v5,1,149.0
19050,SYN002779,v1,2,89.0
19051,SYN002779,v6,1,29.0
19052,SYN002779,s3,2,99.0
19053,SYN002779,d5,3,249.0
19054,SYN002780,bv2,1,249.0
19055,SYN002780,d3,3,179.0
19056,SYN002780,v3,1,79.0
19057,SYN002780,d2,1,249.0
19058,SYN002780,v6,2,29.0
19059,SYN002781,d4,2,99.0
19060,SYN002781,d1,3,69.0
19061,SYN002781,bv3,3,199.0
19062,SYN002781,s5,1,199.0
19063,SYN002781,v2,1,49.0
19064,SYN002782,s2,2,249.0
19065,SYN002782,d2,1,249.0
19066,SYN002782,bv3,1,199.0
19067,SYN002782,b1,2,199.0
19068,SYN002782,s3,1,99.0
19069,SYN002782,v5,2,149.0
19070,SYN002783,b3,2,199.0
19071,SYN002783,v1,3,89.0
19072,SYN002783,v6,2,29.0
19073,SYN002783,f5,3,99.0
19074,SYN002784,s1,2,399.0
19075,SYN002784,b2,1,249.0
19076,SYN002784,s3,1,99.0
19077,SYN002784,v3,2,79.0
19078,SYN002785,s1,2,399.0
19079,SYN002785,v2,3,49.0
19080,SYN002785,v1,2,89.0
19081,SYN002785,s5,1,199.0
19082,SYN002785,d5,2,249.0
19083,SYN002786,d1,1,69.0
19084,SYN002786,d3,3,179.0
19085,SYN002786,b4,2,599.0
19086,SYN002786,s4,2,299.0
19087,SYN002786,d5,1,249.0
19088,SYN002786,f1,3,249.0
19089,SYN002787,s3,3,99.0
19090,SYN002787,d4,2,99.0
19091,SYN002787,s5,3,199.0
19092,SYN002787,v5,2,149.0
19093,SYN002787,v2,2,49.0
19094,SYN002787,d3,3,179.0
19095,SYN002788,bv1,2,149.0
19096,SYN002788,v1,1,89.0
19097,SYN002788,s3,2,99.0
19098,SYN002789,d4,3,99.0
19099,SYN002789,d1,2,69.0
19100,SYN002789,v5,3,149.0
19101,SYN002789,b4,3,599.0
19102,SYN002790,d5,1,249.0
19103,SYN002790,s4,1,299.0
19104,SYN002790,s1,2,399.0
19105,SYN002790,v6,3,29.0
19106,SYN002790,s2,2,249.0
19107,SYN002790,d4,2,99.0
19108,SYN002791,d4,3,99.0
19109,SYN002791,s2,3,249.0
19110,SYN002791,s4,2,299.0
19111,SYN002792,s5,2,199.0
19112,SYN002792,d3,1,179.0
19113,SYN002792,v1,1,89.0
19114,SYN002792,d5,3,249.0
19115,SYN002792,bv1,2,149.0
19116,SYN002793,v5,2,149.0
19117,SYN002793,v4,1,39.0
19118,SYN002793,v2,1,49.0
19119,SYN002793,s5,2,199.0
19120,SYN002793,f5,2,99.0
19121,SYN002793,s1,2,399.0
19122,SYN002794,v2,1,49.0
19123,SYN002794,d3,1,179.0
19124,SYN002794,d4,2,99.0
19125,SYN002794,v1,3,89.0
19126,SYN002794,s5,3,199.0
19127,SYN002795,v2,2,49.0
19128,SYN002795,d5,2,249.0
19129,SYN002795,d1,3,69.0
19130,SYN002795,s3,3,99.0
19131,SYN002796,d1,1,69.0
19132,SYN002796,s5,2,199.0
19133,SYN002796,v6,1,29.0
19134,SYN002796,d3,3,179.0
19135,SYN002797,v1,2,89.0
19136,SYN002797,d1,2,69.0
19137,SYN002797,d5,3,249.0
19138,SYN002798,v6,1,29.0
19139,SYN002798,v2,3,49.0
19140,SYN002798,v1,2,89.0
19141,SYN002798,v4,3,39.0
19142,SYN002798,b5,1,299.0
19143,SYN002798,bv4,1,349.0
19144,SYN002799,d1,1,69.0
19145,SYN002799,s1,3,399.0
19146,SYN002799,s2,3,249.0
19147,SYN002799,s3,1,99.0
19148,SYN002799,v3,1,79.0
19149,SYN002800,s2,3,249.0
19150,SYN002800,d4,1,99.0
19151,SYN002800,v1,3,89.0
19152,SYN002800,s5,1,199.0
19153,SYN002800,v4,3,39.0
19154,SYN002801,s4,2,299.0
19155,SYN002801,d1,3,69.0
19156,SYN002801,s3,1,99.0
19157,SYN002801,v2,1,49.0
19158,SYN002801,d3,1,179.0
19159,SYN002801,d4,3,99.0
19160,SYN002802,v5,3,149.0
19161,SYN002802,b1,2,199.0
19162,SYN002802,v4,1,39.0
19163,SYN002802,s1,1,399.0
19164,SYN002802,s5,3,199.0
19165,SYN002803,s3,1,99.0
19166,SYN002803,v1,1,89.0
19167,SYN002803,s2,2,249.0
19168,SYN002804,d2,3,249.0
19169,SYN002804,s5,2,199.0
19170,SYN002804,v3,3,79.0
19171,SYN002804,d4,1,99.0
19172,SYN002804,d3,3,179.0
19173,SYN002804,s3,3,99.0
19174,SYN002805,s5,2,199.0
19175,SYN002805,f3,2,149.0
19176,SYN002805,b1,1,199.0
19177,SYN002805,s2,3,249.0
19178,SYN002805,d1,1,69.0
19179,SYN002805,v5,3,149.0
19180,SYN002806,s4,1,299.0
19181,SYN002806,d3,1,179.0
19182,SYN002806,v6,1,29.0
19183,SYN002806,s5,3,199.0
19184,SYN002806,d1,1,69.0
19185,SYN002806,s1,1,399.0
19186,SYN002807,s1,2,399.0
19187,SYN002807,d1,1,69.0
19188,SYN002807,v6,2,29.0
19189,SYN002807,bv2,3,249.0
19190,SYN002807,d5,2,249.0
19191,SYN002808,v3,3,79.0
19192,SYN002808,d1,1,69.0
19193,SYN002808,s3,3,99.0
19194,SYN002808,v5,2,149.0
19195,SYN002808,v2,1,49.0
19196,SYN002808,d2,3,249.0
19197,SYN002809,s4,3,299.0
19198,SYN002809,v5,2,149.0
19199,SYN002809,b4,3,599.0
19200,SYN002809,d1,2,69.0
19201,SYN002810,v6,2,29.0
19202,SYN002810,d2,3,249.0
19203,SYN002810,d4,3,99.0
19204,SYN002811,v1,2,89.0
19205,SYN002811,s5,2,199.0
19206,SYN002811,d3,2,179.0
19207,SYN002811,d4,2,99.0
19208,SYN002811,s1,3,399.0
19209,SYN002811,v6,1,29.0
19210,SYN002812,v1,2,89.0
19211,SYN002812,v3,1,79.0
19212,SYN002812,v6,1,29.0
19213,SYN002812,s1,2,399.0
19214,SYN002813,s3,1,99.0
19215,SYN002813,d1,2,69.0
19216,SYN002813,bv1,1,149.0
19217,SYN002814,bv2,1,249.0
19218,SYN002814,f5,2,99.0
19219,SYN002814,b1,1,199.0
19220,SYN002814,bv1,2,149.0
19221,SYN002814,f6,3,179.0
19222,SYN002814,s5,2,199.0
19223,SYN002815,bv1,1,149.0
19224,SYN002815,d1,2,69.0
19225,SYN002815,f6,2,179.0
19226,SYN002815,f1,3,249.0
19227,SYN002815,bv2,3,249.0
19228,SYN002816,b2,3,249.0
19229,SYN002816,f1,2,249.0
19230,SYN002816,s5,2,199.0
19231,SYN002816,d4,2,99.0
19232,SYN002816,b5,3,299.0
19233,SYN002816,s2,2,249.0
19234,SYN002816,s4,1,299.0
19235,SYN002817,f1,1,249.0
19236,SYN002817,s5,2,199.0
19237,SYN002817,s3,1,99.0
19238,SYN002817,f4,1,199.0
19239,SYN002817,b3,3,199.0
19240,SYN002817,b2,1,249.0
19241,SYN002818,f3,1,149.0
19242,SYN002818,bv4,3,349.0
19243,SYN002818,b2,2,249.0
19244,SYN002818,f2,2,49.0
19245,SYN002818,s3,3,99.0
19246,SYN002818,d3,3,179.0
19247,SYN002818,b1,2,199.0
19248,SYN002819,s3,3,99.0
19249,SYN002819,b2,1,249.0
19250,SYN002819,b1,1,199.0
19251,SYN002819,bv1,1,149.0
19252,SYN002819,bv4,3,349.0
19253,SYN002819,f1,1,249.0
19254,SYN002819,b4,3,599.0
19255,SYN002819,s2,2,249.0
19256,SYN002820,f5,2,99.0
19257,SYN002820,bv2,1,249.0
19258,SYN002820,f4,3,199.0
19259,SYN002820,f1,3,249.0
19260,SYN002820,v2,1,49.0
19261,SYN002820,v5,1,149.0
19262,SYN002820,bv4,1,349.0
19263,SYN002821,d2,1,249.0
19264,SYN002821,bv3,1,199.0
19265,SYN002821,bv2,3,249.0
19266,SYN002821,b2,1,249.0
19267,SYN002821,s5,2,199.0
19268,SYN002821,f6,3,179.0
19269,SYN002821,f5,1,99.0
19270,SYN002821,b4,3,599.0
19271,SYN002822,bv3,3,199.0
19272,SYN002822,f5,1,99.0
19273,SYN002822,b3,2,199.0
19274,SYN002822,b1,2,199.0
19275,SYN002822,v5,1,149.0
19276,SYN002823,bv2,3,249.0
19277,SYN002823,v2,3,49.0
19278,SYN002823,s1,1,399.0
19279,SYN002823,b4,2,599.0
19280,SYN002823,bv1,3,149.0
19281,SYN002823,s3,1,99.0
19282,SYN002823,b5,2,299.0
19283,SYN002823,bv3,2,199.0
19284,SYN002823,s4,1,299.0
19285,SYN002823,b2,3,249.0
19286,SYN002824,s5,1,199.0
19287,SYN002824,b3,3,199.0
19288,SYN002824,f4,2,199.0
19289,SYN002824,bv4,3,349.0
19290,SYN002824,v3,1,79.0
19291,SYN002825,b2,1,249.0
19292,SYN002825,s5,2,199.0
19293,SYN002825,bv4,1,349.0
19294,SYN002825,d5,3,249.0
19295,SYN002825,b1,2,199.0
19296,SYN002826,b3,3,199.0
19297,SYN002826,f4,2,199.0
19298,SYN002826,f5,1,99.0
19299,SYN002826,s2,3,249.0
19300,SYN002826,b5,3,299.0
19301,SYN002827,bv4,3,349.0
19302,SYN002827,b3,2,199.0
19303,SYN002827,f3,2,149.0
19304,SYN002827,s4,1,299.0
19305,SYN002827,f4,1,199.0
19306,SYN002827,f5,3,99.0
19307,SYN002828,bv3,3,199.0
19308,SYN002828,bv1,3,149.0
19309,SYN002828,d3,3,179.0
19310,SYN002828,f6,3,179.0
19311,SYN002828,d2,3,249.0
19312,SYN002828,f2,2,49.0
19313,SYN002828,v3,1,79.0
19314,SYN002828,b5,3,299.0
19315,SYN002828,b2,2,249.0
19316,SYN002829,f6,2,179.0
19317,SYN002829,f1,1,249.0
19318,SYN002829,bv3,2,199.0
19319,SYN002829,b2,3,249.0
19320,SYN002829,b3,3,199.0
19321,SYN002829,d3,2,179.0
19322,SYN002830,s3,1,99.0
19323,SYN002830,s5,3,199.0
19324,SYN002830,bv4,2,349.0
19325,SYN002830,v3,1,79.0
19326,SYN002830,bv1,3,149.0
19327,SYN002830,b4,1,599.0
19328,SYN002830,d1,3,69.0
19329,SYN002831,bv1,3,149.0
19330,SYN002831,f6,2,179.0
19331,SYN002831,v4,3,39.0
19332,SYN002831,v6,1,29.0
19333,SYN002831,bv2,1,249.0
19334,SYN002831,f4,2,199.0
19335,SYN002832,b2,3,249.0
19336,SYN002832,f6,3,179.0
19337,SYN002832,s5,2,199.0
19338,SYN002832,bv3,1,199.0
19339,SYN002832,d1,1,69.0
19340,SYN002832,f5,3,99.0
19341,SYN002832,b3,1,199.0
19342,SYN002833,b4,2,599.0
19343,SYN002833,f6,3,179.0
19344,SYN002833,s4,2,299.0
19345,SYN002833,v5,1,149.0
19346,SYN002833,b2,2,249.0
19347,SYN002833,s2,3,249.0
19348,SYN002833,f1,1,249.0
19349,SYN002834,bv4,3,349.0
19350,SYN002834,b2,1,249.0
19351,SYN002834,f6,1,179.0
19352,SYN002834,f5,2,99.0
19353,SYN002834,f4,2,199.0
19354,SYN002834,s2,2,249.0
19355,SYN002834,b3,2,199.0
19356,SYN002835,s2,3,249.0
19357,SYN002835,s3,2,99.0
19358,SYN002835,f6,2,179.0
19359,SYN002835,b5,2,299.0
19360,SYN002835,d4,3,99.0
19361,SYN002835,s5,3,199.0
19362,SYN002836,d5,1,249.0
19363,SYN002836,d3,2,179.0
19364,SYN002836,bv2,3,249.0
19365,SYN002836,d4,3,99.0
19366,SYN002836,s3,1,99.0
19367,SYN002836,f6,3,179.0
19368,SYN002836,b2,3,249.0
19369,SYN002837,d5,1,249.0
19370,SYN002837,b1,2,199.0
19371,SYN002837,v2,3,49.0
19372,SYN002837,f1,1,249.0
19373,SYN002837,f5,2,99.0
19374,SYN002837,f4,3,199.0
19375,SYN002837,bv2,1,249.0
19376,SYN002837,bv1,3,149.0
19377,SYN002837,s2,1,249.0
19378,SYN002837,s4,1,299.0
19379,SYN002838,f3,1,149.0
19380,SYN002838,v3,2,79.0
19381,SYN002838,bv3,1,199.0
19382,SYN002838,v2,2,49.0
19383,SYN002838,s1,2,399.0
19384,SYN002839,f5,1,99.0
19385,SYN002839,s1,1,399.0
19386,SYN002839,f1,2,249.0
19387,SYN002839,v1,3,89.0
19388,SYN002839,bv2,1,249.0
19389,SYN002839,b1,3,199.0
19390,SYN002840,f5,3,99.0
19391,SYN002840,d5,1,249.0
19392,SYN002840,f3,1,149.0
19393,SYN002840,s5,2,199.0
19394,SYN002840,f1,3,249.0
19395,SYN002840,s1,1,399.0
19396,SYN002840,v6,1,29.0
19397,SYN002840,f2,2,49.0
19398,SYN002840,v3,3,79.0
19399,SYN002840,bv3,2,199.0
19400,SYN002841,bv3,1,199.0
19401,SYN002841,f5,3,99.0
19402,SYN002841,s2,1,249.0
19403,SYN002841,s5,1,199.0
19404,SYN002841,bv4,2,349.0
19405,SYN002842,bv4,1,349.0
19406,SYN002842,f3,3,149.0
19407,SYN002842,f1,2,249.0
19408,SYN002842,f5,1,99.0
19409,SYN002842,b1,2,199.0
19410,SYN002842,f6,3,179.0
19411,SYN002842,s3,3,99.0
19412,SYN002842,b4,1,599.0
19413,SYN002843,bv2,2,249.0
19414,SYN002843,f5,1,99.0
19415,SYN002843,s1,1,399.0
19416,SYN002843,d5,2,249.0
19417,SYN002843,b5,1,299.0
19418,SYN002843,f6,1,179.0
19419,SYN002843,bv3,1,199.0
19420,SYN002843,b1,3,199.0
19421,SYN002844,f1,1,249.0
19422,SYN002844,b2,1,249.0
19423,SYN002844,b3,3,199.0
19424,SYN002844,f5,3,99.0
19425,SYN002844,v5,1,149.0
19426,SYN002844,s5,1,199.0
19427,SYN002844,bv1,2,149.0
19428,SYN002845,s4,3,299.0
19429,SYN002845,b5,2,299.0
19430,SYN002845,b1,1,199.0
19431,SYN002845,f3,3,149.0
19432,SYN002845,f2,1,49.0
19433,SYN002845,s2,3,249.0
19434,SYN002845,f4,1,199.0
19435,SYN002846,b5,2,299.0
19436,SYN002846,d3,2,179.0
19437,SYN002846,f5,3,99.0
19438,SYN002846,bv3,3,199.0
19439,SYN002846,d4,3,99.0
19440,SYN002846,b1,1,199.0
19441,SYN002847,b2,2,249.0
19442,SYN002847,b5,3,299.0
19443,SYN002847,v4,2,39.0
19444,SYN002847,s2,1,249.0
19445,SYN002847,s5,3,199.0
19446,SYN002848,s3,1,99.0
19447,SYN002848,d2,1,249.0
19448,SYN002848,bv3,1,199.0
19449,SYN002848,b1,2,199.0
19450,SYN002848,s2,3,249.0
19451,SYN002848,bv4,2,349.0
19452,SYN002849,bv2,2,249.0
19453,SYN002849,s4,1,299.0
19454,SYN002849,b5,1,299.0
19455,SYN002849,b4,3,599.0
19456,SYN002849,d4,1,99.0
19457,SYN002849,b1,1,199.0
19458,SYN002849,f1,2,249.0
19459,SYN002850,f3,3,149.0
19460,SYN002850,bv2,2,249.0
19461,SYN002850,b3,1,199.0
19462,SYN002850,b1,2,199.0
19463,SYN002850,bv3,3,199.0
19464,SYN002851,b4,3,599.0
19465,SYN002851,s4,2,299.0
19466,SYN002851,f3,1,149.0
19467,SYN002851,b5,2,299.0
19468,SYN002851,bv1,3,149.0
19469,SYN002852,b3,1,199.0
19470,SYN002852,s2,3,249.0
19471,SYN002852,b1,3,199.0
19472,SYN002852,bv4,2,349.0
19473,SYN002852,s3,2,99.0
19474,SYN002852,d1,3,69.0
19475,SYN002852,b4,3,599.0
19476,SYN002853,f3,2,149.0
19477,SYN002853,b5,1,299.0
19478,SYN002853,bv3,2,199.0
19479,SYN002853,bv1,2,149.0
19480,SYN002853,s3,3,99.0
19481,SYN002853,f1,3,249.0
19482,SYN002853,f5,3,99.0
19483,SYN002853,s2,3,249.0
19484,SYN002853,f6,1,179.0
19485,SYN002854,f1,1,249.0
19486,SYN002854,s1,2,399.0
19487,SYN002854,v1,3,89.0
19488,SYN002854,v4,1,39.0
19489,SYN002854,f6,3,179.0
19490,SYN002854,d4,1,99.0
19491,SYN002854,d2,2,249.0
19492,SYN002854,f4,2,199.0
19493,SYN002855,s5,1,199.0
19494,SYN002855,d3,3,179.0
19495,SYN002855,f3,1,149.0
19496,SYN002855,bv4,3,349.0
19497,SYN002855,b3,1,199.0
19498,SYN002855,s3,2,99.0
19499,SYN002855,b1,1,199.0
19500,SYN002856,s3,1,99.0
19501,SYN002856,b1,3,199.0
19502,SYN002856,s1,2,399.0
19503,SYN002856,f1,3,249.0
19504,SYN002856,bv1,1,149.0
19505,SYN002856,f5,1,99.0
19506,SYN002856,d1,2,69.0
19507,SYN002857,b5,2,299.0
19508,SYN002857,s1,1,399.0
19509,SYN002857,s2,2,249.0
19510,SYN002857,f4,3,199.0
19511,SYN002857,b1,1,199.0
19512,SYN002857,f5,3,99.0
19513,SYN002857,s5,3,199.0
19514,SYN002857,b2,3,249.0
19515,SYN002857,s4,2,299.0
19516,SYN002858,bv3,3,199.0
19517,SYN002858,d4,3,99.0
19518,SYN002858,f4,2,199.0
19519,SYN002858,d1,3,69.0
19520,SYN002858,b1,2,199.0
19521,SYN002858,b4,3,599.0
19522,SYN002859,f2,1,49.0
19523,SYN002859,b4,3,599.0
19524,SYN002859,f6,1,179.0
19525,SYN002859,f3,3,149.0
19526,SYN002859,v6,2,29.0
19527,SYN002859,s5,1,199.0
19528,SYN002860,s1,1,399.0
19529,SYN002860,bv4,2,349.0
19530,SYN002860,b2,3,249.0
19531,SYN002860,b5,3,299.0
19532,SYN002860,bv1,2,149.0
19533,SYN002861,f3,3,149.0
19534,SYN002861,d4,3,99.0
19535,SYN002861,s4,3,299.0
19536,SYN002861,bv4,2,349.0
19537,SYN002861,f1,2,249.0
19538,SYN002861,bv2,3,249.0
19539,SYN002861,f2,2,49.0
19540,SYN002861,b1,1,199.0
19541,SYN002861,f6,2,179.0
19542,SYN002862,bv3,1,199.0
19543,SYN002862,f2,1,49.0
19544,SYN002862,d1,2,69.0
19545,SYN002862,f4,3,199.0
19546,SYN002862,b1,1,199.0
19547,SYN002862,f5,2,99.0
19548,SYN002863,bv1,2,149.0
19549,SYN002863,b4,1,599.0
19550,SYN002863,f5,2,99.0
19551,SYN002863,f1,1,249.0
19552,SYN002863,s1,1,399.0
19553,SYN002863,v3,3,79.0
19554,SYN002863,bv4,3,349.0
19555,SYN002863,b1,2,199.0
19556,SYN002864,b4,2,599.0
19557,SYN002864,bv1,2,149.0
19558,SYN002864,b2,2,249.0
19559,SYN002864,b1,3,199.0
19560,SYN002864,s5,1,199.0
19561,SYN002864,f6,3,179.0
19562,SYN002864,v3,1,79.0
19563,SYN002864,b5,3,299.0
19564,SYN002865,f6,3,179.0
19565,SYN002865,s4,3,299.0
19566,SYN002865,s5,2,199.0
19567,SYN002865,b1,1,199.0
19568,SYN002865,f3,1,149.0
19569,SYN002865,v4,1,39.0
19570,SYN002865,s3,2,99.0
19571,SYN002865,v1,1,89.0
19572,SYN002865,f1,3,249.0
19573,SYN002865,b4,2,599.0
19574,SYN002866,b5,2,299.0
19575,SYN002866,b3,1,199.0
19576,SYN002866,bv4,3,349.0
19577,SYN002866,s2,3,249.0
19578,SYN002866,v1,3,89.0
19579,SYN002867,b1,2,199.0
19580,SYN002867,f5,1,99.0
19581,SYN002867,f1,3,249.0
19582,SYN002867,s2,1,249.0
19583,SYN002867,b5,2,299.0
19584,SYN002867,f3,3,149.0
19585,SYN002867,b2,3,249.0
19586,SYN002867,v3,3,79.0
19587,SYN002867,bv1,2,149.0
19588,SYN002867,s1,3,399.0
19589,SYN002868,bv3,2,199.0
19590,SYN002868,f3,2,149.0
19591,SYN002868,b1,2,199.0
19592,SYN002868,s5,2,199.0
19593,SYN002868,s1,1,399.0
19594,SYN002868,s3,1,99.0
19595,SYN002869,s3,2,99.0
19596,SYN002869,b3,3,199.0
19597,SYN002869,f2,1,49.0
19598,SYN002869,b4,3,599.0
19599,SYN002869,b1,1,199.0
19600,SYN002869,b5,2,299.0
19601,SYN002869,b2,1,249.0
19602,SYN002869,bv4,3,349.0
19603,SYN002869,f5,3,99.0
19604,SYN002869,bv1,1,149.0
19605,SYN002870,v1,1,89.0
19606,SYN002870,b4,2,599.0
19607,SYN002870,f1,3,249.0
19608,SYN002870,f6,1,179.0
19609,SYN002870,d2,1,249.0
19610,SYN002870,bv1,3,149.0
19611,SYN002871,b4,1,599.0
19612,SYN002871,s2,3,249.0
19613,SYN002871,f1,2,249.0
19614,SYN002871,bv1,1,149.0
19615,SYN002871,s1,2,399.0
19616,SYN002871,b2,1,249.0
19617,SYN002871,bv4,2,349.0
19618,SYN002871,f5,3,99.0
19619,SYN002871,f6,2,179.0
19620,SYN002871,f2,2,49.0
19621,SYN002872,s3,2,99.0
19622,SYN002872,b3,3,199.0
19623,SYN002872,bv3,1,199.0
19624,SYN002872,d5,3,249.0
19625,SYN002872,f3,1,149.0
19626,SYN002872,f5,3,99.0
19627,SYN002872,s5,2,199.0
19628,SYN002872,s1,3,399.0
19629,SYN002873,f6,3,179.0
19630,SYN002873,s1,3,399.0
19631,SYN002873,b3,3,199.0
19632,SYN002873,bv2,1,249.0
19633,SYN002873,b1,1,199.0
19634,SYN002873,f5,3,99.0
19635,SYN002873,s4,1,299.0
19636,SYN002873,f4,2,199.0
19637,SYN002874,v1,1,89.0
19638,SYN002874,bv1,3,149.0
19639,SYN002874,bv3,3,199.0
19640,SYN002874,s1,1,399.0
19641,SYN002874,f1,2,249.0
19642,SYN002874,b3,1,199.0
19643,SYN002874,s2,3,249.0
19644,SYN002874,f2,3,49.0
19645,SYN002874,b1,3,199.0
19646,SYN002874,s5,1,199.0
19647,SYN002875,f4,2,199.0
19648,SYN002875,s2,3,249.0
19649,SYN002875,bv2,2,249.0
19650,SYN002875,s3,3,99.0
19651,SYN002875,f3,2,149.0
19652,SYN002875,bv1,1,149.0
19653,SYN002876,s3,1,99.0
19654,SYN002876,b3,3,199.0
19655,SYN002876,bv2,2,249.0
19656,SYN002876,f5,1,99.0
19657,SYN002876,b2,1,249.0
19658,SYN002877,f5,2,99.0
19659,SYN002877,f2,3,49.0
19660,SYN002877,b2,1,249.0
19661,SYN002877,d1,3,69.0
19662,SYN002877,b3,3,199.0
19663,SYN002877,s3,3,99.0
19664,SYN002877,bv4,2,349.0
19665,SYN002878,b3,3,199.0
19666,SYN002878,s4,2,299.0
19667,SYN002878,f3,3,149.0
19668,SYN002878,b2,2,249.0
19669,SYN002878,bv3,2,199.0
19670,SYN002878,bv4,3,349.0
19671,SYN002878,s5,3,199.0
19672,SYN002879,s5,1,199.0
19673,SYN002879,b4,2,599.0
19674,SYN002879,f2,2,49.0
19675,SYN002879,d3,2,179.0
19676,SYN002879,f4,1,199.0
19677,SYN002880,v5,3,149.0
19678,SYN002880,s1,2,399.0
19679,SYN002880,bv3,1,199.0
19680,SYN002880,d2,1,249.0
19681,SYN002880,s2,1,249.0
19682,SYN002880,f1,3,249.0
19683,SYN002881,b4,2,599.0
19684,SYN002881,f6,3,179.0
19685,SYN002881,bv3,3,199.0
19686,SYN002881,b5,3,299.0
19687,SYN002881,s5,3,199.0
19688,SYN002881,b1,2,199.0
19689,SYN002881,bv2,2,249.0
19690,SYN002881,f4,1,199.0
19691,SYN002881,v5,1,149.0
19692,SYN002882,bv2,3,249.0
19693,SYN002882,b4,1,599.0
19694,SYN002882,s4,3,299.0
19695,SYN002882,v2,3,49.0
19696,SYN002882,b1,2,199.0
19697,SYN002882,f2,1,49.0
19698,SYN002882,f4,1,199.0
19699,SYN002882,bv3,2,199.0
19700,SYN002882,f1,3,249.0
19701,SYN002882,bv4,1,349.0
19702,SYN002883,bv4,2,349.0
19703,SYN002883,bv2,1,249.0
19704,SYN002883,s5,2,199.0
19705,SYN002883,b1,2,199.0
19706,SYN002883,s1,3,399.0
19707,SYN002883,s4,1,299.0
19708,SYN002883,d1,1,69.0
19709,SYN002883,b4,2,599.0
19710,SYN002883,b2,2,249.0
19711,SYN002884,b2,3,249.0
19712,SYN002884,s2,1,249.0
19713,SYN002884,s5,1,199.0
19714,SYN002884,f1,3,249.0
19715,SYN002884,s3,1,99.0
19716,SYN002885,s4,2,299.0
19717,SYN002885,b2,3,249.0
19718,SYN002885,f4,2,199.0
19719,SYN002885,s5,1,199.0
19720,SYN002885,f1,3,249.0
19721,SYN002885,f2,2,49.0
19722,SYN002885,bv3,1,199.0
19723,SYN002886,s3,2,99.0
19724,SYN002886,s5,2,199.0
19725,SYN002886,bv4,3,349.0
19726,SYN002886,f2,3,49.0
19727,SYN002886,bv2,3,249.0
19728,SYN002886,d2,1,249.0
19729,SYN002887,d5,3,249.0
19730,SYN002887,b2,3,249.0
19731,SYN002887,v5,2,149.0
19732,SYN002887,f2,3,49.0
19733,SYN002887,d1,1,69.0
19734,SYN002887,v2,3,49.0
19735,SYN002887,d4,2,99.0
19736,SYN002887,v6,2,29.0
19737,SYN002887,s5,2,199.0
19738,SYN002887,d3,2,179.0
19739,SYN002887,f4,1,199.0
19740,SYN002887,s1,1,399.0
19741,SYN002888,v4,1,39.0
19742,SYN002888,f3,3,149.0
19743,SYN002888,v6,1,29.0
19744,SYN002888,d5,2,249.0
19745,SYN002888,bv4,2,349.0
19746,SYN002888,s1,2,399.0
19747,SYN002888,v2,1,49.0
19748,SYN002888,v1,2,89.0
19749,SYN002888,d3,2,179.0
19750,SYN002888,bv3,3,199.0
19751,SYN002888,s3,2,99.0
19752,SYN002888,bv2,3,249.0
19753,SYN002889,d4,3,99.0
19754,SYN002889,bv2,2,249.0
19755,SYN002889,b4,2,599.0
19756,SYN002889,v6,2,29.0
19757,SYN002889,v2,2,49.0
19758,SYN002889,d5,3,249.0
19759,SYN002889,s5,3,199.0
19760,SYN002889,s1,2,399.0
19761,SYN002889,d2,3,249.0
19762,SYN002889,v1,2,89.0
19763,SYN002889,bv3,1,199.0
19764,SYN002889,b5,1,299.0
19765,SYN002890,d2,3,249.0
19766,SYN002890,v1,1,89.0
19767,SYN002890,v5,2,149.0
19768,SYN002890,bv1,2,149.0
19769,SYN002890,d5,2,249.0
19770,SYN002890,s2,1,249.0
19771,SYN002890,s5,1,199.0
19772,SYN002890,s1,3,399.0
19773,SYN002890,v4,1,39.0
19774,SYN002890,s3,2,99.0
19775,SYN002890,bv3,3,199.0
19776,SYN002890,f6,2,179.0
19777,SYN002891,bv4,3,349.0
19778,SYN002891,v6,2,29.0
19779,SYN002891,b1,2,199.0
19780,SYN002891,bv3,1,199.0
19781,SYN002891,s5,1,199.0
19782,SYN002891,d3,2,179.0
19783,SYN002891,bv2,2,249.0
19784,SYN002891,v2,2,49.0
19785,SYN002892,v1,1,89.0
19786,SYN002892,bv1,1,149.0
19787,SYN002892,v3,2,79.0
19788,SYN002892,s1,1,399.0
19789,SYN002892,d5,3,249.0
19790,SYN002892,v5,2,149.0
19791,SYN002892,d3,1,179.0
19792,SYN002892,v6,1,29.0
19793,SYN002892,d2,1,249.0
19794,SYN002892,v2,1,49.0
19795,SYN002892,d1,2,69.0
19796,SYN002892,d4,1,99.0
19797,SYN002892,bv4,3,349.0
19798,SYN002892,s2,2,249.0
19799,SYN002892,f5,3,99.0
19800,SYN002893,s1,3,399.0
19801,SYN002893,d4,3,99.0
19802,SYN002893,bv3,1,199.0
19803,SYN002893,f3,3,149.0
19804,SYN002893,s2,3,249.0
19805,SYN002893,d2,1,249.0
19806,SYN002893,bv2,3,249.0
19807,SYN002893,d3,2,179.0
19808,SYN002893,s3,3,99.0
19809,SYN002893,bv4,1,349.0
19810,SYN002893,d5,3,249.0
19811,SYN002893,bv1,2,149.0
19812,SYN002893,d1,3,69.0
19813,SYN002893,f4,1,199.0
19814,SYN002894,v2,2,49.0
19815,SYN002894,s4,3,299.0
19816,SYN002894,d4,1,99.0
19817,SYN002894,b3,1,199.0
19818,SYN002894,f1,1,249.0
19819,SYN002894,v6,1,29.0
19820,SYN002894,v1,1,89.0
19821,SYN002894,s3,1,99.0
19822,SYN002894,v3,3,79.0
19823,SYN002894,d3,3,179.0
19824,SYN002894,f4,2,199.0
19825,SYN002894,bv4,2,349.0
19826,SYN002894,bv2,1,249.0
19827,SYN002894,d2,1,249.0
19828,SYN002895,v1,1,89.0
19829,SYN002895,s4,3,299.0
19830,SYN002895,d4,1,99.0
19831,SYN002895,bv1,2,149.0
19832,SYN002895,bv2,3,249.0
19833,SYN002895,d5,3,249.0
19834,SYN002895,bv3,3,199.0
19835,SYN002895,v2,1,49.0
19836,SYN002895,s5,2,199.0
19837,SYN002895,v5,3,149.0
19838,SYN002895,d2,3,249.0
19839,SYN002895,s1,2,399.0
19840,SYN002896,b2,2,249.0
19841,SYN002896,bv4,3,349.0
19842,SYN002896,d4,2,99.0
19843,SYN002896,v6,2,29.0
19844,SYN002896,d5,2,249.0
19845,SYN002896,v5,3,149.0
19846,SYN002896,bv3,1,199.0
19847,SYN002896,d2,2,249.0
19848,SYN002896,s2,3,249.0
19849,SYN002896,s5,2,199.0
19850,SYN002896,d3,1,179.0
19851,SYN002896,s4,1,299.0
19852,SYN002896,bv2,2,249.0
19853,SYN002896,v3,2,79.0
19854,SYN002897,s4,2,299.0
19855,SYN002897,v2,1,49.0
19856,SYN002897,b5,1,299.0
19857,SYN002897,d2,2,249.0
19858,SYN002897,s2,2,249.0
19859,SYN002897,v3,1,79.0
19860,SYN002897,v5,1,149.0
19861,SYN002897,d3,3,179.0
19862,SYN002897,f1,2,249.0
19863,SYN002898,d3,3,179.0
19864,SYN002898,d5,3,249.0
19865,SYN002898,bv3,1,199.0
19866,SYN002898,f1,3,249.0
19867,SYN002898,v1,3,89.0
19868,SYN002898,v5,2,149.0
19869,SYN002898,s1,2,399.0
19870,SYN002898,s5,2,199.0
19871,SYN002898,bv1,1,149.0
19872,SYN002898,d1,1,69.0
19873,SYN002898,v2,1,49.0
19874,SYN002898,d4,1,99.0
19875,SYN002898,b4,3,599.0
19876,SYN002898,d2,2,249.0
19877,SYN002898,bv2,1,249.0
19878,SYN002899,v1,2,89.0
19879,SYN002899,d4,1,99.0
19880,SYN002899,d1,1,69.0
19881,SYN002899,b4,1,599.0
19882,SYN002899,bv1,2,149.0
19883,SYN002899,d5,1,249.0
19884,SYN002899,v6,3,29.0
19885,SYN002899,s1,1,399.0
19886,SYN002899,bv4,2,349.0
19887,SYN002899,d3,2,179.0
19888,SYN002900,d5,3,249.0
19889,SYN002900,f3,3,149.0
19890,SYN002900,v1,2,89.0
19891,SYN002900,s1,1,399.0
19892,SYN002900,b4,1,599.0
19893,SYN002900,bv1,3,149.0
19894,SYN002900,v2,3,49.0
19895,SYN002900,s4,1,299.0
19896,SYN002900,s3,2,99.0
19897,SYN002900,bv4,1,349.0
19898,SYN002901,d2,3,249.0
19899,SYN002901,bv1,2,149.0
19900,SYN002901,s3,2,99.0
19901,SYN002901,d4,2,99.0
19902,SYN002901,s5,2,199.0
19903,SYN002901,d3,1,179.0
19904,SYN002901,s4,3,299.0
19905,SYN002901,v4,3,39.0
19906,SYN002901,v5,3,149.0
19907,SYN002901,bv3,3,199.0
19908,SYN002901,v2,1,49.0
19909,SYN002901,v6,3,29.0
19910,SYN002901,bv2,3,249.0
19911,SYN002902,f1,1,249.0
19912,SYN002902,d1,2,69.0
19913,SYN002902,v5,1,149.0
19914,SYN002902,d4,2,99.0
19915,SYN002902,bv1,3,149.0
19916,SYN002902,f4,3,199.0
19917,SYN002902,b4,3,599.0
19918,SYN002902,v6,2,29.0
19919,SYN002902,bv3,2,199.0
19920,SYN002903,d5,1,249.0
19921,SYN002903,bv1,1,149.0
19922,SYN002903,b5,3,299.0
19923,SYN002903,s1,3,399.0
19924,SYN002903,bv4,2,349.0
19925,SYN002903,bv2,1,249.0
19926,SYN002903,d3,3,179.0
19927,SYN002903,d1,1,69.0
19928,SYN002903,v2,2,49.0
19929,SYN002903,v3,1,79.0
19930,SYN002903,v1,2,89.0
19931,SYN002903,s4,3,299.0
19932,SYN002904,bv3,3,199.0
19933,SYN002904,s3,2,99.0
19934,SYN002904,d1,2,69.0
19935,SYN002904,s4,3,299.0
19936,SYN002904,d3,3,179.0
19937,SYN002904,d4,1,99.0
19938,SYN002904,v5,3,149.0
19939,SYN002904,b2,2,249.0
19940,SYN002904,v6,2,29.0
19941,SYN002904,v3,3,79.0
19942,SYN002904,v4,2,39.0
19943,SYN002904,f5,1,99.0
19944,SYN002905,f3,2,149.0
19945,SYN002905,v6,1,29.0
19946,SYN002905,d1,3,69.0
19947,SYN002905,s4,1,299.0
19948,SYN002905,bv1,3,149.0
19949,SYN002905,v3,3,79.0
19950,SYN002905,bv3,3,199.0
19951,SYN002905,s1,2,399.0
19952,SYN002906,v3,3,79.0
19953,SYN002906,v4,2,39.0
19954,SYN002906,d3,3,179.0
19955,SYN002906,d1,2,69.0
19956,SYN002906,s1,2,399.0
19957,SYN002906,d2,2,249.0
19958,SYN002906,s3,2,99.0
19959,SYN002906,d4,3,99.0
19960,SYN002906,d5,1,249.0
19961,SYN002906,f1,1,249.0
19962,SYN002906,f2,3,49.0
19963,SYN002906,v1,1,89.0
19964,SYN002906,v5,3,149.0
19965,SYN002906,s4,2,299.0
19966,SYN002906,b2,3,249.0
19967,SYN002907,s1,1,399.0
19968,SYN002907,v2,2,49.0
19969,SYN002907,d2,1,249.0
19970,SYN002907,v6,1,29.0
19971,SYN002907,b4,1,599.0
19972,SYN002907,s2,2,249.0
19973,SYN002907,bv4,2,349.0
19974,SYN002907,s4,1,299.0
19975,SYN002907,b2,2,249.0
19976,SYN002907,d5,3,249.0
19977,SYN002907,d4,3,99.0
19978,SYN002907,v5,2,149.0
19979,SYN002907,bv3,1,199.0
19980,SYN002908,d2,2,249.0
19981,SYN002908,v1,1,89.0
19982,SYN002908,v2,2,49.0
19983,SYN002908,b2,2,249.0
19984,SYN002908,b1,3,199.0
19985,SYN002908,d4,2,99.0
19986,SYN002908,s5,2,199.0
19987,SYN002908,v3,1,79.0
19988,SYN002909,s2,2,249.0
19989,SYN002909,d1,1,69.0
19990,SYN002909,bv4,2,349.0
19991,SYN002909,s5,3,199.0
19992,SYN002909,v4,1,39.0
19993,SYN002909,f5,2,99.0
19994,SYN002909,d4,3,99.0
19995,SYN002909,bv2,1,249.0
19996,SYN002910,v5,3,149.0
19997,SYN002910,d4,2,99.0
19998,SYN002910,s5,3,199.0
19999,SYN002910,s3,2,99.0
20000,SYN002910,v1,1,89.0
20001,SYN002910,b1,3,199.0
20002,SYN002910,s4,3,299.0
20003,SYN002910,s1,2,399.0
20004,SYN002910,v6,1,29.0
20005,SYN002910,v2,2,49.0
20006,SYN002910,bv3,2,199.0
20007,SYN002910,d2,3,249.0
20008,SYN002910,f3,1,149.0
20009,SYN002910,s2,2,249.0
20010,SYN002911,v5,2,149.0
20011,SYN002911,s4,3,299.0
20012,SYN002911,d2,2,249.0
20013,SYN002911,d1,2,69.0
20014,SYN002911,s1,2,399.0
20015,SYN002911,bv1,3,149.0
20016,SYN002911,s5,3,199.0
20017,SYN002911,d4,2,99.0
20018,SYN002911,d5,2,249.0
20019,SYN002911,v6,2,29.0
20020,SYN002911,s2,1,249.0
20021,SYN002911,bv3,3,199.0
20022,SYN002911,v4,3,39.0
20023,SYN002911,v3,3,79.0
20024,SYN002911,v2,3,49.0
20025,SYN002912,s4,1,299.0
20026,SYN002912,s1,2,399.0
20027,SYN002912,v6,1,29.0
20028,SYN002912,d3,2,179.0
20029,SYN002912,f2,3,49.0
20030,SYN002912,v3,3,79.0
20031,SYN002912,bv2,2,249.0
20032,SYN002912,d4,2,99.0
20033,SYN002912,d2,3,249.0
20034,SYN002912,bv1,3,149.0
20035,SYN002912,bv3,1,199.0
20036,SYN002912,d1,1,69.0
20037,SYN002912,s5,3,199.0
20038,SYN002912,s2,3,249.0
20039,SYN002912,f1,1,249.0
20040,SYN002913,v3,2,79.0
20041,SYN002913,bv3,2,199.0
20042,SYN002913,d2,1,249.0
20043,SYN002913,s5,1,199.0
20044,SYN002913,v6,1,29.0
20045,SYN002913,v4,1,39.0
20046,SYN002913,d1,2,69.0
20047,SYN002913,s1,3,399.0
20048,SYN002913,bv4,3,349.0
20049,SYN002913,s2,3,249.0
20050,SYN002913,s4,1,299.0
20051,SYN002913,v5,2,149.0
20052,SYN002913,bv1,3,149.0
20053,SYN002913,d4,1,99.0
20054,SYN002914,v4,3,39.0
20055,SYN002914,v6,2,29.0
20056,SYN002914,v1,1,89.0
20057,SYN002914,bv2,3,249.0
20058,SYN002914,bv3,2,199.0
20059,SYN002914,f3,1,149.0
20060,SYN002914,b4,3,599.0
20061,SYN002914,f4,2,199.0
20062,SYN002915,v3,3,79.0
20063,SYN002915,v2,1,49.0
20064,SYN002915,bv3,3,199.0
20065,SYN002915,d5,2,249.0
20066,SYN002915,b5,3,299.0
20067,SYN002915,f6,1,179.0
20068,SYN002915,s3,1,99.0
20069,SYN002915,f3,3,149.0
20070,SYN002915,v4,1,39.0
20071,SYN002915,bv4,1,349.0
20072,SYN002915,d1,2,69.0
20073,SYN002915,s2,1,249.0
20074,SYN002916,v5,1,149.0
20075,SYN002916,d4,2,99.0
20076,SYN002916,v1,3,89.0
20077,SYN002916,v6,3,29.0
20078,SYN002916,s4,2,299.0
20079,SYN002916,f4,3,199.0
20080,SYN002916,v3,1,79.0
20081,SYN002916,v4,1,39.0
20082,SYN002916,s2,1,249.0
20083,SYN002916,b2,1,249.0
20084,SYN002916,bv1,3,149.0
20085,SYN002916,d2,3,249.0
20086,SYN002916,s5,1,199.0
20087,SYN002917,f1,2,249.0
20088,SYN002917,s4,3,299.0
20089,SYN002917,v6,3,29.0
20090,SYN002917,v1,1,89.0
20091,SYN002917,d5,1,249.0
20092,SYN002917,d3,2,179.0
20093,SYN002917,s5,1,199.0
20094,SYN002917,f2,2,49.0
20095,SYN002917,bv2,1,249.0
20096,SYN002917,s2,2,249.0
20097,SYN002917,s3,3,99.0
20098,SYN002917,f3,1,149.0
20099,SYN002917,d4,1,99.0
20100,SYN002918,d3,1,179.0
20101,SYN002918,bv3,1,199.0
20102,SYN002918,v1,2,89.0
20103,SYN002918,v5,1,149.0
20104,SYN002918,s1,2,399.0
20105,SYN002918,v4,3,39.0
20106,SYN002918,s5,1,199.0
20107,SYN002918,bv4,3,349.0
20108,SYN002918,d1,1,69.0
20109,SYN002918,v6,1,29.0
20110,SYN002918,s3,2,99.0
20111,SYN002918,f2,2,49.0
20112,SYN002918,d2,3,249.0
20113,SYN002918,bv2,2,249.0
20114,SYN002918,bv1,2,149.0
20115,SYN002919,bv3,2,199.0
20116,SYN002919,d3,1,179.0
20117,SYN002919,b3,2,199.0
20118,SYN002919,v4,1,39.0
20119,SYN002919,d4,3,99.0
20120,SYN002919,b1,3,199.0
20121,SYN002919,d2,3,249.0
20122,SYN002919,s2,1,249.0
20123,SYN002919,f1,3,249.0
20124,SYN002919,b4,3,599.0
20125,SYN002919,s3,2,99.0
20126,SYN002919,v6,1,29.0
20127,SYN002919,s4,3,299.0
20128,SYN002919,bv2,1,249.0
20129,SYN002919,v5,2,149.0
20130,SYN002920,s5,1,199.0
20131,SYN002920,v5,1,149.0
20132,SYN002920,s1,1,399.0
20133,SYN002920,d1,1,69.0
20134,SYN002920,b1,3,199.0
20135,SYN002920,s2,2,249.0
20136,SYN002920,bv3,2,199.0
20137,SYN002920,s4,2,299.0
20138,SYN002920,v4,1,39.0
20139,SYN002920,s3,1,99.0
20140,SYN002920,d3,3,179.0
20141,SYN002920,bv1,1,149.0
20142,SYN002920,bv4,3,349.0
20143,SYN002921,s4,3,299.0
20144,SYN002921,b2,3,249.0
20145,SYN002921,v4,1,39.0
20146,SYN002921,v5,2,149.0
20147,SYN002921,v6,2,29.0
20148,SYN002921,s2,1,249.0
20149,SYN002921,bv1,3,149.0
20150,SYN002921,d5,2,249.0
20151,SYN002921,bv2,3,249.0
20152,SYN002921,v3,2,79.0
20153,SYN002922,bv3,1,199.0
20154,SYN002922,f4,1,199.0
20155,SYN002922,f6,1,179.0
20156,SYN002923,f5,2,99.0
20157,SYN002923,d3,1,179.0
20158,SYN002923,b1,2,199.0
20159,SYN002923,f2,2,49.0
20160,SYN002924,f5,1,99.0
20161,SYN002924,f4,1,199.0
20162,SYN002925,f1,3,249.0
20163,SYN002925,f2,3,49.0
20164,SYN002925,f5,1,99.0
20165,SYN002925,f6,2,179.0
20166,SYN002926,f5,2,99.0
20167,SYN002926,b3,3,199.0
20168,SYN002926,f1,3,249.0
20169,SYN002927,bv4,3,349.0
20170,SYN002927,f1,1,249.0
20171,SYN002927,b1,3,199.0
20172,SYN002928,b2,2,249.0
20173,SYN002928,d5,1,249.0
20174,SYN002928,d4,3,99.0
20175,SYN002929,b5,2,299.0
20176,SYN002929,f2,2,49.0
20177,SYN002929,f3,2,149.0
20178,SYN002929,b3,1,199.0
20179,SYN002930,v1,2,89.0
20180,SYN002930,v2,2,49.0
20181,SYN002930,f4,2,199.0
20182,SYN002931,bv1,2,149.0
20183,SYN002931,f2,2,49.0
20184,SYN002931,f4,1,199.0
20185,SYN002932,b1,2,199.0
20186,SYN002932,bv4,3,349.0
20187,SYN002932,b2,1,249.0
20188,SYN002932,b3,3,199.0
20189,SYN002933,b1,1,199.0
20190,SYN002933,s2,2,249.0
20191,SYN002933,f2,2,49.0
20192,SYN002934,f5,1,99.0
20193,SYN002934,b2,1,249.0
20194,SYN002935,f2,1,49.0
20195,SYN002935,b1,2,199.0
20196,SYN002935,f4,1,199.0
20197,SYN002935,b4,3,599.0
20198,SYN002936,f2,1,49.0
20199,SYN002936,f6,3,179.0
20200,SYN002936,v3,3,79.0
20201,SYN002937,f6,2,179.0
20202,SYN002937,b3,1,199.0
20203,SYN002937,f1,3,249.0
20204,SYN002938,b5,2,299.0
20205,SYN002938,b2,3,249.0
20206,SYN002938,f4,2,199.0
20207,SYN002939,b2,1,249.0
20208,SYN002939,s4,1,299.0
20209,SYN002939,f1,1,249.0
20210,SYN002939,b5,2,299.0
20211,SYN002940,b5,1,299.0
20212,SYN002940,s3,2,99.0
20213,SYN002940,b4,1,599.0
20214,SYN002941,f6,2,179.0
20215,SYN002941,f2,2,49.0
20216,SYN002941,b4,2,599.0
20217,SYN002941,b3,3,199.0
20218,SYN002942,s5,1,199.0
20219,SYN002942,s3,1,99.0
20220,SYN002942,f2,1,49.0
20221,SYN002943,f5,3,99.0
20222,SYN002943,b5,1,299.0
20223,SYN002943,f6,3,179.0
20224,SYN002943,f4,2,199.0
20225,SYN002944,b3,2,199.0
20226,SYN002944,b1,1,199.0
20227,SYN002945,bv2,2,249.0
20228,SYN002945,b1,1,199.0
20229,SYN002945,v1,1,89.0
20230,SYN002945,f5,1,99.0
20231,SYN002946,v3,1,79.0
20232,SYN002946,d5,1,249.0
20233,SYN002946,b5,2,299.0
20234,SYN002946,f5,3,99.0
20235,SYN002946,f3,1,149.0
20236,SYN002946,v1,2,89.0
20237,SYN002946,s1,1,399.0
20238,SYN002947,s1,3,399.0
20239,SYN002947,f4,2,199.0
20240,SYN002947,f3,2,149.0
20241,SYN002947,v1,2,89.0
20242,SYN002947,bv4,2,349.0
20243,SYN002947,b1,1,199.0
20244,SYN002947,v3,2,79.0
20245,SYN002947,s3,1,99.0
20246,SYN002947,f6,1,179.0
20247,SYN002948,bv2,3,249.0
20248,SYN002948,d2,1,249.0
20249,SYN002948,f4,1,199.0
20250,SYN002948,v3,1,79.0
20251,SYN002948,f3,1,149.0
20252,SYN002948,v6,1,29.0
20253,SYN002948,d3,1,179.0
20254,SYN002948,b3,1,199.0
20255,SYN002948,bv3,2,199.0
20256,SYN002948,v1,2,89.0
20257,SYN002948,f6,3,179.0
20258,SYN002949,b2,1,249.0
20259,SYN002949,b4,1,599.0
20260,SYN002949,d3,2,179.0
20261,SYN002949,d4,1,99.0
20262,SYN002949,s2,2,249.0
20263,SYN002949,d1,1,69.0
20264,SYN002949,v4,1,39.0
20265,SYN002949,bv3,2,199.0
20266,SYN002949,f1,2,249.0
20267,SYN002950,s1,2,399.0
20268,SYN002950,f6,2,179.0
20269,SYN002950,d5,3,249.0
20270,SYN002950,d2,2,249.0
20271,SYN002950,b5,2,299.0
20272,SYN002950,d4,3,99.0
20273,SYN002950,d3,3,179.0
20274,SYN002951,b4,1,599.0
20275,SYN002951,v2,1,49.0
20276,SYN002951,d4,2,99.0
20277,SYN002951,v4,3,39.0
20278,SYN002951,s2,3,249.0
20279,SYN002951,f5,3,99.0
20280,SYN002951,b5,1,299.0
20281,SYN002952,bv1,3,149.0
20282,SYN002952,f6,3,179.0
20283,SYN002952,d3,3,179.0
20284,SYN002952,v1,3,89.0
20285,SYN002952,s1,2,399.0
20286,SYN002952,s2,2,249.0
20287,SYN002952,d1,3,69.0
20288,SYN002952,b2,1,249.0
20289,SYN002953,v1,1,89.0
20290,SYN002953,f6,3,179.0
20291,SYN002953,s4,2,299.0
20292,SYN002953,f5,1,99.0
20293,SYN002953,v3,2,79.0
20294,SYN002953,bv3,1,199.0
20295,SYN002953,bv2,3,249.0
20296,SYN002953,d1,3,69.0
20297,SYN002954,f6,1,179.0
20298,SYN002954,s3,3,99.0
20299,SYN002954,d3,3,179.0
20300,SYN002954,d5,3,249.0
20301,SYN002954,b3,3,199.0
20302,SYN002954,b4,3,599.0
20303,SYN002954,v6,1,29.0
20304,SYN002954,f4,1,199.0
20305,SYN002955,v4,1,39.0
20306,SYN002955,d5,1,249.0
20307,SYN002955,f2,1,49.0
20308,SYN002955,v5,1,149.0
20309,SYN002955,v6,3,29.0
20310,SYN002955,s2,2,249.0
20311,SYN002955,b4,1,599.0
20312,SYN002955,bv3,3,199.0
20313,SYN002955,d4,3,99.0
20314,SYN002955,bv2,2,249.0
20315,SYN002955,d3,2,179.0
20316,SYN002956,v6,3,29.0
20317,SYN002956,f2,2,49.0
20318,SYN002956,s3,2,99.0
20319,SYN002956,f5,1,99.0
20320,SYN002956,b4,3,599.0
20321,SYN002956,v3,3,79.0
20322,SYN002956,f4,2,199.0
20323,SYN002956,f3,1,149.0
20324,SYN002956,v1,1,89.0
20325,SYN002956,bv1,3,149.0
20326,SYN002957,v6,3,29.0
20327,SYN002957,f1,2,249.0
20328,SYN002957,d1,3,69.0
20329,SYN002957,s2,2,249.0
20330,SYN002957,b4,1,599.0
20331,SYN002957,v2,1,49.0
20332,SYN002957,f4,2,199.0
20333,SYN002957,v4,1,39.0
20334,SYN002958,f1,1,249.0
20335,SYN002958,f2,1,49.0
20336,SYN002958,f6,3,179.0
20337,SYN002958,s5,2,199.0
20338,SYN002958,v6,2,29.0
20339,SYN002958,bv1,3,149.0
20340,SYN002958,f4,1,199.0
20341,SYN002958,s4,2,299.0
20342,SYN002959,d4,2,99.0
20343,SYN002959,v3,3,79.0
20344,SYN002959,f4,3,199.0
20345,SYN002959,f2,1,49.0
20346,SYN002959,bv1,2,149.0
20347,SYN002959,s4,1,299.0
20348,SYN002959,s5,2,199.0
20349,SYN002960,f5,3,99.0
20350,SYN002960,v5,2,149.0
20351,SYN002960,d1,3,69.0
20352,SYN002960,b5,2,299.0
20353,SYN002960,v3,3,79.0
20354,SYN002960,f3,2,149.0
20355,SYN002960,s5,3,199.0
20356,SYN002960,s4,1,299.0
20357,SYN002960,f4,3,199.0
20358,SYN002960,b3,3,199.0
20359,SYN002960,s3,1,99.0
20360,SYN002960,b1,2,199.0
20361,SYN002961,bv4,2,349.0
20362,SYN002961,s3,1,99.0
20363,SYN002961,v4,1,39.0
20364,SYN002961,b5,3,299.0
20365,SYN002961,s2,2,249.0
20366,SYN002961,f4,2,199.0
20367,SYN002961,b4,2,599.0
20368,SYN002961,bv3,2,199.0
20369,SYN002962,bv3,1,199.0
20370,SYN002962,f3,3,149.0
20371,SYN002962,f4,2,199.0
20372,SYN002962,bv1,3,149.0
20373,SYN002962,d5,3,249.0
20374,SYN002962,v5,2,149.0
20375,SYN002962,d1,2,69.0
20376,SYN002962,v4,1,39.0
20377,SYN002962,d3,3,179.0
20378,SYN002962,b3,2,199.0
20379,SYN002963,f4,1,199.0
20380,SYN002963,v5,2,149.0
20381,SYN002963,v3,1,79.0
20382,SYN002963,v1,1,89.0
20383,SYN002963,v6,3,29.0
20384,SYN002963,d3,3,179.0
20385,SYN002963,s4,2,299.0
20386,SYN002964,d3,3,179.0
20387,SYN002964,b3,1,199.0
20388,SYN002964,f6,2,179.0
20389,SYN002964,b5,1,299.0
20390,SYN002964,f1,1,249.0
20391,SYN002964,b4,2,599.0
20392,SYN002964,v3,1,79.0
20393,SYN002965,b2,3,249.0
20394,SYN002965,v4,2,39.0
20395,SYN002965,s2,2,249.0
20396,SYN002965,f4,2,199.0
20397,SYN002965,f1,2,249.0
20398,SYN002965,bv1,3,149.0
20399,SYN002965,v6,1,29.0
20400,SYN002966,b3,3,199.0
20401,SYN002966,d3,2,179.0
20402,SYN002966,b1,2,199.0
20403,SYN002966,f5,2,99.0
20404,SYN002966,v6,3,29.0
20405,SYN002966,bv1,2,149.0
20406,SYN002967,d5,2,249.0
20407,SYN002967,f6,3,179.0
20408,SYN002967,v1,1,89.0
20409,SYN002967,s3,3,99.0
20410,SYN002967,bv2,2,249.0
20411,SYN002967,v3,2,79.0
20412,SYN002967,b4,1,599.0
20413,SYN002967,s2,3,249.0
20414,SYN002967,s5,3,199.0
20415,SYN002967,f2,2,49.0
20416,SYN002967,f5,3,99.0
20417,SYN002967,d3,3,179.0
20418,SYN002968,f2,1,49.0
20419,SYN002968,f6,2,179.0
20420,SYN002968,b5,1,299.0
20421,SYN002968,s4,3,299.0
20422,SYN002968,b4,1,599.0
20423,SYN002968,s1,2,399.0
20424,SYN002968,v4,3,39.0
20425,SYN002968,d5,1,249.0
20426,SYN002968,b2,2,249.0
20427,SYN002968,v1,1,89.0
20428,SYN002968,bv1,3,149.0
20429,SYN002968,d1,3,69.0
20430,SYN002969,f5,1,99.0
20431,SYN002969,v1,1,89.0
20432,SYN002969,v5,1,149.0
20433,SYN002969,d3,2,179.0
20434,SYN002969,f1,2,249.0
20435,SYN002969,b1,3,199.0
20436,SYN002969,s4,3,299.0
20437,SYN002969,bv4,1,349.0
20438,SYN002969,d1,1,69.0
20439,SYN002969,s1,3,399.0
20440,SYN002970,f5,1,99.0
20441,SYN002970,f6,3,179.0
20442,SYN002970,d1,3,69.0
20443,SYN002970,b1,3,199.0
20444,SYN002970,s4,2,299.0
20445,SYN002970,v3,2,79.0
20446,SYN002970,b5,2,299.0
20447,SYN002970,s3,3,99.0
20448,SYN002970,v1,1,89.0
20449,SYN002970,s2,3,249.0
20450,SYN002971,s1,3,399.0
20451,SYN002971,bv3,3,199.0
20452,SYN002971,f3,1,149.0
20453,SYN002971,bv2,2,249.0
20454,SYN002971,v3,3,79.0
20455,SYN002971,f6,2,179.0
20456,SYN002971,f1,1,249.0
20457,SYN002971,s3,3,99.0
20458,SYN002971,d4,3,99.0
20459,SYN002972,bv1,3,149.0
20460,SYN002972,f4,3,199.0
20461,SYN002972,v4,3,39.0
20462,SYN002972,s2,1,249.0
20463,SYN002972,s3,1,99.0
20464,SYN002972,d2,3,249.0
20465,SYN002972,bv4,3,349.0
20466,SYN002972,b2,2,249.0
20467,SYN002972,v6,2,29.0
20468,SYN002972,f2,3,49.0
20469,SYN002972,s4,1,299.0
20470,SYN002972,s5,1,199.0
20471,SYN002973,b5,1,299.0
20472,SYN002973,f4,2,199.0
20473,SYN002973,f5,3,99.0
20474,SYN002973,v3,2,79.0
20475,SYN002973,v1,3,89.0
20476,SYN002973,bv1,2,149.0
20477,SYN002973,s2,1,249.0
20478,SYN002973,d2,2,249.0
20479,SYN002973,s3,3,99.0
20480,SYN002973,v4,1,39.0
20481,SYN002973,s4,3,299.0
20482,SYN002973,bv4,1,349.0
20483,SYN002974,v2,3,49.0
20484,SYN002974,b2,3,249.0
20485,SYN002974,d3,2,179.0
20486,SYN002974,bv3,3,199.0
20487,SYN002974,v3,2,79.0
20488,SYN002974,f6,3,179.0
20489,SYN002974,f3,1,149.0
20490,SYN002975,f1,3,249.0
20491,SYN002975,bv4,1,349.0
20492,SYN002975,d5,1,249.0
20493,SYN002975,v5,3,149.0
20494,SYN002975,d3,2,179.0
20495,SYN002975,b1,1,199.0
20496,SYN002975,bv1,1,149.0
20497,SYN002975,s2,3,249.0
20498,SYN002975,d2,2,249.0
20499,SYN002976,d1,1,69.0
20500,SYN002976,v1,3,89.0
20501,SYN002976,f4,3,199.0
20502,SYN002976,f2,3,49.0
20503,SYN002976,s4,3,299.0
20504,SYN002976,v6,2,29.0
20505,SYN002977,s4,2,299.0
20506,SYN002977,v5,3,149.0
20507,SYN002977,f6,3,179.0
20508,SYN002977,bv4,2,349.0
20509,SYN002977,f4,1,199.0
20510,SYN002977,d5,3,249.0
20511,SYN002977,v3,1,79.0
20512,SYN002977,d4,2,99.0
20513,SYN002977,s3,2,99.0
20514,SYN002978,v2,1,49.0
20515,SYN002978,f1,1,249.0
20516,SYN002978,v5,2,149.0
20517,SYN002978,s3,1,99.0
20518,SYN002978,f2,3,49.0
20519,SYN002978,b2,1,249.0
20520,SYN002978,f5,1,99.0
20521,SYN002979,f3,2,149.0
20522,SYN002979,b2,3,249.0
20523,SYN002979,v6,2,29.0
20524,SYN002979,f2,3,49.0
20525,SYN002979,b4,1,599.0
20526,SYN002979,bv2,3,249.0
20527,SYN002979,b1,2,199.0
20528,SYN002979,d4,1,99.0
20529,SYN002979,s2,2,249.0
20530,SYN002979,v5,3,149.0
20531,SYN002979,f4,1,199.0
20532,SYN002979,f1,3,249.0
20533,SYN002980,b5,1,299.0
20534,SYN002980,d5,1,249.0
20535,SYN002980,f1,1,249.0
20536,SYN002980,bv2,2,249.0
20537,SYN002980,b4,3,599.0
20538,SYN002980,s2,1,249.0
20539,SYN002980,bv4,2,349.0
20540,SYN002981,s4,1,299.0
20541,SYN002981,d2,3,249.0
20542,SYN002981,v6,3,29.0
20543,SYN002981,b4,3,599.0
20544,SYN002981,s5,1,199.0
20545,SYN002981,d5,3,249.0
20546,SYN002981,v3,3,79.0
20547,SYN002981,d4,3,99.0
20548,SYN002982,s4,3,299.0
20549,SYN002982,v3,3,79.0
20550,SYN002982,b1,3,199.0
20551,SYN002982,d5,1,249.0
20552,SYN002982,v5,1,149.0
20553,SYN002982,v6,3,29.0
20554,SYN002982,b5,3,299.0
20555,SYN002982,bv4,2,349.0
20556,SYN002982,d4,3,99.0
20557,SYN002983,d4,2,99.0
20558,SYN002983,v1,3,89.0
20559,SYN002983,bv1,2,149.0
20560,SYN002983,s1,1,399.0
20561,SYN002983,f3,3,149.0
20562,SYN002983,v2,2,49.0
20563,SYN002983,v5,1,149.0
20564,SYN002984,b3,3,199.0
20565,SYN002984,s1,2,399.0
20566,SYN002984,s2,3,249.0
20567,SYN002984,b5,1,299.0
20568,SYN002984,d5,2,249.0
20569,SYN002984,d2,3,249.0
20570,SYN002984,v2,1,49.0
20571,SYN002984,v6,1,29.0
20572,SYN002984,v5,3,149.0
20573,SYN002984,bv2,2,249.0
20574,SYN002985,f5,1,99.0
20575,SYN002985,d5,2,249.0
20576,SYN002985,d4,2,99.0
20577,SYN002985,f1,1,249.0
20578,SYN002985,v2,1,49.0
20579,SYN002985,bv4,2,349.0
20580,SYN002986,d4,3,99.0
20581,SYN002986,d2,3,249.0
20582,SYN002986,d1,3,69.0
20583,SYN002986,f1,1,249.0
20584,SYN002986,f6,3,179.0
20585,SYN002986,d5,2,249.0
20586,SYN002986,bv1,3,149.0
20587,SYN002987,b1,3,199.0
20588,SYN002987,f1,2,249.0
20589,SYN002987,v3,3,79.0
20590,SYN002987,f4,2,199.0
20591,SYN002987,bv3,3,199.0
20592,SYN002987,s4,1,299.0
20593,SYN002987,v5,2,149.0
20594,SYN002987,v6,2,29.0
20595,SYN002987,bv4,2,349.0
20596,SYN002987,b2,3,249.0
20597,SYN002987,s1,2,399.0
20598,SYN002988,f4,2,199.0
20599,SYN002988,b5,3,299.0
20600,SYN002988,v6,1,29.0
20601,SYN002988,f3,2,149.0
20602,SYN002988,s5,1,199.0
20603,SYN002988,d3,1,179.0
20604,SYN002988,f1,1,249.0
20605,SYN002988,bv1,1,149.0
20606,SYN002988,b2,3,249.0
20607,SYN002988,b3,3,199.0
20608,SYN002988,s2,2,249.0
20609,SYN002988,d4,1,99.0
20610,SYN002989,f2,2,49.0
20611,SYN002989,v6,2,29.0
20612,SYN002989,f3,2,149.0
20613,SYN002989,s1,2,399.0
20614,SYN002989,b2,3,249.0
20615,SYN002989,b3,3,199.0
20616,SYN002989,bv4,2,349.0
20617,SYN002989,v4,3,39.0
20618,SYN002990,bv2,3,249.0
20619,SYN002990,d2,1,249.0
20620,SYN002990,v4,2,39.0
20621,SYN002990,d1,3,69.0
20622,SYN002990,s1,3,399.0
20623,SYN002990,d3,2,179.0
20624,SYN002990,bv1,1,149.0
20625,SYN002990,b1,3,199.0
20626,SYN002990,f6,3,179.0
20627,SYN002990,f4,3,199.0
20628,SYN002991,s3,3,99.0
20629,SYN002991,v4,2,39.0
20630,SYN002991,v1,3,89.0
20631,SYN002991,bv4,3,349.0
20632,SYN002991,bv2,1,249.0
20633,SYN002991,d4,3,99.0
20634,SYN002991,f4,1,199.0
20635,SYN002991,s1,1,399.0
20636,SYN002991,b5,2,299.0
20637,SYN002991,b1,2,199.0
20638,SYN002991,s2,2,249.0
20639,SYN002992,b1,1,199.0
20640,SYN002992,f4,3,199.0
20641,SYN002992,b3,2,199.0
20642,SYN002992,v2,1,49.0
20643,SYN002992,b5,2,299.0
20644,SYN002992,v4,2,39.0
20645,SYN002992,s3,2,99.0
20646,SYN002992,f1,2,249.0
20647,SYN002992,v3,1,79.0
20648,SYN002992,s4,1,299.0
20649,SYN002992,f6,3,179.0
20650,SYN002993,v5,1,149.0
20651,SYN002993,bv1,1,149.0
20652,SYN002993,d4,2,99.0
20653,SYN002993,b5,2,299.0
20654,SYN002993,b2,1,249.0
20655,SYN002993,b3,2,199.0
20656,SYN002993,f1,1,249.0
20657,SYN002993,f3,3,149.0
20658,SYN002994,b2,2,249.0
20659,SYN002994,f3,2,149.0
20660,SYN002994,v4,3,39.0
20661,SYN002994,b1,2,199.0
20662,SYN002994,b4,3,599.0
20663,SYN002994,s5,2,199.0
20664,SYN002994,d1,3,69.0
20665,SYN002994,f5,2,99.0
20666,SYN002994,f6,2,179.0
20667,SYN002994,v2,2,49.0
20668,SYN002994,bv3,2,199.0
20669,SYN002994,v1,2,89.0
20670,SYN002995,s2,3,249.0
20671,SYN002995,b3,1,199.0
20672,SYN002995,d1,1,69.0
20673,SYN002995,bv1,2,149.0
20674,SYN002995,f4,1,199.0
20675,SYN002995,bv4,3,349.0
20676,SYN002995,b4,2,599.0
20677,SYN002995,f2,1,49.0
20678,SYN002996,b4,2,599.0
20679,SYN002996,v2,1,49.0
20680,SYN002996,d5,3,249.0
20681,SYN002996,d4,2,99.0
20682,SYN002996,f1,1,249.0
20683,SYN002996,v4,1,39.0
20684,SYN002996,d2,1,249.0
20685,SYN002996,v6,3,29.0
20686,SYN002996,s5,3,199.0
20687,SYN002997,b2,2,249.0
20688,SYN002997,f2,1,49.0
20689,SYN002997,bv1,3,149.0
20690,SYN002997,f3,1,149.0
20691,SYN002997,v2,1,49.0
20692,SYN002997,v3,1,79.0
20693,SYN002997,s1,3,399.0
20694,SYN002997,v4,2,39.0
20695,SYN002997,d4,1,99.0
20696,SYN002997,f5,3,99.0
20697,SYN002997,bv3,3,199.0
20698,SYN002997,f1,1,249.0
20699,SYN002998,s2,2,249.0
20700,SYN002998,b1,1,199.0
20701,SYN002998,v6,1,29.0
20702,SYN002998,b2,3,249.0
20703,SYN002998,b5,3,299.0
20704,SYN002998,b3,1,199.0
20705,SYN002998,d4,2,99.0
20706,SYN002998,s4,2,299.0
20707,SYN002998,d3,3,179.0
20708,SYN002999,f6,1,179.0
20709,SYN002999,v6,3,29.0
20710,SYN002999,f1,3,249.0
20711,SYN002999,d4,1,99.0
20712,SYN002999,bv2,1,249.0
20713,SYN002999,b1,2,199.0
20714,SYN003000,v6,2,29.0
20715,SYN003000,f6,2,179.0
20716,SYN003000,v4,1,39.0
20717,SYN003000,bv1,2,149.0
20718,SYN003000,v2,1,49.0
20719,SYN003000,f4,3,199.0
20720,SYN003000,s5,3,199.0
20721,SYN003000,b2,3,249.0
20722,SYN003000,bv2,2,249.0
20723,SYN003000,b5,3,299.0
20724,SYN003001,b1,2,199.0
20725,SYN003001,s3,2,99.0
20726,SYN003001,f5,3,99.0
20727,SYN003001,d3,3,179.0
20728,SYN003001,f1,2,249.0
20729,SYN003001,b5,3,299.0
20730,SYN003001,v2,3,49.0
20731,SYN003001,bv2,1,249.0
20732,SYN003001,s4,2,299.0
20733,SYN003001,bv1,2,149.0
20734,SYN003001,s1,3,399.0
20735,SYN003001,f4,3,199.0
20736,SYN003002,d1,2,69.0
20737,SYN003002,f2,1,49.0
20738,SYN003002,f6,1,179.0
20739,SYN003002,v2,2,49.0
20740,SYN003002,bv3,1,199.0
20741,SYN003002,s1,2,399.0
20742,SYN003002,f3,3,149.0
20743,SYN003002,d4,3,99.0
20744,SYN003002,b2,3,249.0
20745,SYN003002,bv2,2,249.0
20746,SYN003002,f4,1,199.0
20747,SYN003003,d5,3,249.0
20748,SYN003003,b5,2,299.0
20749,SYN003003,bv4,3,349.0
20750,SYN003003,bv1,1,149.0
20751,SYN003003,f6,3,179.0
20752,SYN003003,d2,1,249.0
20753,SYN003003,b4,1,599.0
20754,SYN003003,v4,3,39.0
20755,SYN003003,b2,1,249.0
20756,SYN003003,v6,2,29.0
20757,SYN003004,s2,3,249.0
20758,SYN003004,v4,3,39.0
20759,SYN003004,bv4,1,349.0
20760,SYN003004,f4,3,199.0
20761,SYN003004,v5,1,149.0
20762,SYN003004,f1,3,249.0
20763,SYN003004,b2,2,249.0
20764,SYN003004,d5,2,249.0
20765,SYN003004,s1,2,399.0
20766,SYN003004,v1,2,89.0
20767,SYN003004,b4,2,599.0
20768,SYN003004,f6,1,179.0
20769,SYN003005,f3,1,149.0
20770,SYN003005,v3,3,79.0
20771,SYN003005,s4,3,299.0
20772,SYN003005,f1,3,249.0
20773,SYN003005,v5,2,149.0
20774,SYN003005,d3,3,179.0
20775,SYN003005,f6,2,179.0
20776,SYN003005,bv1,3,149.0
20777,SYN003005,s5,3,199.0
20778,SYN003006,v1,2,89.0
20779,SYN003006,f6,2,179.0
20780,SYN003006,s5,3,199.0
20781,SYN003006,s4,1,299.0
20782,SYN003006,f1,3,249.0
20783,SYN003006,f5,1,99.0
20784,SYN003007,b5,3,299.0
20785,SYN003007,b2,3,249.0
20786,SYN003007,s1,1,399.0
20787,SYN003007,b4,3,599.0
20788,SYN003007,v1,2,89.0
20789,SYN003007,b3,3,199.0
20790,SYN003007,s4,2,299.0
20791,SYN003007,d1,1,69.0
20792,SYN003007,v4,3,39.0
20793,SYN003007,bv3,1,199.0
20794,SYN003007,bv2,3,249.0
20795,SYN003007,f3,1,149.0
20796,SYN003008,b5,2,299.0
20797,SYN003008,v4,3,39.0
20798,SYN003008,s4,2,299.0
20799,SYN003008,bv3,2,199.0
20800,SYN003008,s2,2,249.0
20801,SYN003008,bv2,2,249.0
20802,SYN003008,f4,3,199.0
20803,SYN003009,f2,3,49.0
20804,SYN003009,f1,2,249.0
20805,SYN003009,v2,3,49.0
20806,SYN003009,bv1,1,149.0
20807,SYN003009,bv3,2,199.0
20808,SYN003009,f3,3,149.0
20809,SYN003009,f5,1,99.0
20810,SYN003009,b1,2,199.0
20811,SYN003010,f4,3,199.0
20812,SYN003010,f5,3,99.0
20813,SYN003010,s5,2,199.0
20814,SYN003010,d3,3,179.0
20815,SYN003010,d4,3,99.0
20816,SYN003010,bv1,1,149.0
20817,SYN003010,f2,2,49.0
20818,SYN003010,s3,1,99.0
20819,SYN003010,s4,2,299.0
20820,SYN003010,d1,2,69.0
20821,SYN003010,b4,1,599.0
20822,SYN003010,v4,3,39.0
20823,SYN003011,bv4,2,349.0
20824,SYN003011,bv1,3,149.0
20825,SYN003011,s3,3,99.0
20826,SYN003011,s1,3,399.0
20827,SYN003011,s2,1,249.0
20828,SYN003011,v2,3,49.0
20829,SYN003012,bv1,3,149.0
20830,SYN003012,v1,1,89.0
20831,SYN003012,v3,2,79.0
20832,SYN003012,f4,2,199.0
20833,SYN003012,f6,3,179.0
20834,SYN003012,b1,3,199.0
20835,SYN003012,v5,3,149.0
20836,SYN003012,s5,2,199.0
20837,SYN003012,d2,1,249.0
20838,SYN003012,d3,3,179.0
20839,SYN003012,f3,3,149.0
20840,SYN003013,bv3,3,199.0
20841,SYN003013,v3,2,79.0
20842,SYN003013,f2,1,49.0
20843,SYN003013,v6,1,29.0
20844,SYN003013,b5,3,299.0
20845,SYN003013,f6,3,179.0
20846,SYN003013,d3,3,179.0
20847,SYN003013,s3,1,99.0
20848,SYN003013,b3,1,199.0
20849,SYN003013,b4,1,599.0
20850,SYN003013,b1,2,199.0
20851,SYN003013,v2,3,49.0
20852,SYN003014,b1,2,199.0
20853,SYN003014,v3,3,79.0
20854,SYN003014,bv4,3,349.0
20855,SYN003014,bv2,2,249.0
20856,SYN003014,bv1,3,149.0
20857,SYN003014,v1,1,89.0
20858,SYN003014,b4,1,599.0
20859,SYN003014,s2,3,249.0
20860,SYN003014,d5,3,249.0
20861,SYN003014,f6,2,179.0
20862,SYN003014,b2,3,249.0
20863,SYN003014,f3,3,149.0
20864,SYN003015,s5,2,199.0
20865,SYN003015,f2,1,49.0
20866,SYN003015,d2,2,249.0
20867,SYN003015,bv4,1,349.0
20868,SYN003015,b4,2,599.0
20869,SYN003015,s2,2,249.0
20870,SYN003015,b5,1,299.0
20871,SYN003015,bv2,2,249.0
20872,SYN003016,s3,1,99.0
20873,SYN003016,b4,3,599.0
20874,SYN003016,v5,1,149.0
20875,SYN003016,d2,2,249.0
20876,SYN003016,b5,3,299.0
20877,SYN003016,f1,2,249.0
20878,SYN003017,d2,2,249.0
20879,SYN003017,bv2,2,249.0
20880,SYN003017,bv4,3,349.0
20881,SYN003017,b3,3,199.0
20882,SYN003017,b4,3,599.0
20883,SYN003017,f2,3,49.0
20884,SYN003017,s5,2,199.0
20885,SYN003017,v2,3,49.0
20886,SYN003017,v5,3,149.0
20887,SYN003018,bv4,1,349.0
20888,SYN003018,v1,1,89.0
20889,SYN003018,bv3,3,199.0
20890,SYN003018,v2,1,49.0
20891,SYN003018,b1,2,199.0
20892,SYN003018,d5,1,249.0
20893,SYN003019,v6,3,29.0
20894,SYN003019,v4,2,39.0
20895,SYN003019,bv1,1,149.0
20896,SYN003019,bv4,1,349.0
20897,SYN003019,d5,1,249.0
20898,SYN003019,b1,3,199.0
20899,SYN003020,d4,1,99.0
20900,SYN003020,bv2,2,249.0
20901,SYN003020,b2,3,249.0
20902,SYN003020,v1,1,89.0
20903,SYN003020,f2,2,49.0
20904,SYN003020,bv4,3,349.0
20905,SYN003020,s2,2,249.0
20906,SYN003020,bv3,1,199.0
20907,SYN003020,f5,3,99.0
20908,SYN003020,b5,3,299.0
20909,SYN003020,d1,1,69.0
20910,SYN003021,v4,3,39.0
20911,SYN003021,f2,2,49.0
20912,SYN003021,b5,3,299.0
20913,SYN003021,v2,3,49.0
20914,SYN003021,d3,1,179.0
20915,SYN003021,d5,3,249.0
20916,SYN003022,f6,1,179.0
20917,SYN003022,bv2,3,249.0
20918,SYN003022,v6,1,29.0
20919,SYN003022,d3,1,179.0
20920,SYN003022,d4,2,99.0
20921,SYN003022,b1,1,199.0
20922,SYN003022,bv1,1,149.0
20923,SYN003022,f3,1,149.0
20924,SYN003022,f1,3,249.0
20925,SYN003023,bv2,3,249.0
20926,SYN003023,f6,2,179.0
20927,SYN003023,d3,3,179.0
20928,SYN003023,d2,2,249.0
20929,SYN003023,bv1,1,149.0
20930,SYN003023,f4,2,199.0
20931,SYN003023,bv3,2,199.0
20932,SYN003023,v4,2,39.0
20933,SYN003023,b2,1,249.0
20934,SYN003023,f3,3,149.0
20935,SYN003024,v6,2,29.0
20936,SYN003024,d1,1,69.0
20937,SYN003024,s5,2,199.0
20938,SYN003024,d4,3,99.0
20939,SYN003024,v2,1,49.0
20940,SYN003024,d3,3,179.0
20941,SYN003024,v1,1,89.0
20942,SYN003024,v5,3,149.0
20943,SYN003025,b4,3,599.0
20944,SYN003025,bv2,3,249.0
20945,SYN003025,d3,3,179.0
20946,SYN003025,b5,2,299.0
20947,SYN003025,s2,1,249.0
20948,SYN003025,v3,2,79.0
20949,SYN003025,bv1,3,149.0
20950,SYN003025,d5,3,249.0
20951,SYN003025,f2,2,49.0
20952,SYN003026,bv4,3,349.0
20953,SYN003026,s5,3,199.0
20954,SYN003026,d1,2,69.0
20955,SYN003026,f1,3,249.0
20956,SYN003026,b5,1,299.0
20957,SYN003026,v1,3,89.0
20958,SYN003026,f5,3,99.0
20959,SYN003027,b1,1,199.0
20960,SYN003027,f5,2,99.0
20961,SYN003027,d1,1,69.0
20962,SYN003027,v3,2,79.0
20963,SYN003027,b5,3,299.0
20964,SYN003027,s5,1,199.0
20965,SYN003027,d4,1,99.0
20966,SYN003027,f1,1,249.0
20967,SYN003028,d3,1,179.0
20968,SYN003028,f1,2,249.0
20969,SYN003028,bv3,1,199.0
20970,SYN003028,f2,3,49.0
20971,SYN003028,b3,1,199.0
20972,SYN003028,s1,1,399.0
20973,SYN003028,bv2,3,249.0
20974,SYN003028,v1,2,89.0
20975,SYN003028,bv1,1,149.0
20976,SYN003028,f5,1,99.0
20977,SYN003028,s4,1,299.0
20978,SYN003029,f4,2,199.0
20979,SYN003029,f6,2,179.0
20980,SYN003029,b1,3,199.0
20981,SYN003029,f3,1,149.0
20982,SYN003029,d3,3,179.0
20983,SYN003029,v4,3,39.0
20984,SYN003029,b5,1,299.0
20985,SYN003030,f6,2,179.0
20986,SYN003030,b3,2,199.0
20987,SYN003030,v6,2,29.0
20988,SYN003030,v5,1,149.0
20989,SYN003030,d2,1,249.0
20990,SYN003030,s5,2,199.0
20991,SYN003031,s3,1,99.0
20992,SYN003031,d3,1,179.0
20993,SYN003031,s4,2,299.0
20994,SYN003031,f5,3,99.0
20995,SYN003031,v2,1,49.0
20996,SYN003031,d1,2,69.0
20997,SYN003031,bv3,1,199.0
20998,SYN003031,v3,3,79.0
20999,SYN003031,b5,2,299.0
21000,SYN003031,f1,2,249.0
21001,SYN003031,b1,1,199.0
21002,SYN003031,v4,1,39.0
21003,SYN003032,v5,2,149.0
21004,SYN003032,v1,2,89.0
21005,SYN003032,d1,1,69.0
21006,SYN003032,b3,1,199.0
21007,SYN003032,f2,1,49.0
21008,SYN003032,s2,2,249.0
21009,SYN003032,v6,1,29.0
21010,SYN003032,b1,1,199.0
21011,SYN003032,f3,1,149.0
21012,SYN003032,d2,3,249.0
21013,SYN003032,s1,2,399.0
21014,SYN003033,v6,1,29.0
21015,SYN003033,s5,3,199.0
21016,SYN003033,v5,1,149.0
21017,SYN003033,b5,2,299.0
21018,SYN003033,v1,2,89.0
21019,SYN003033,d1,3,69.0
21020,SYN003033,s4,3,299.0
21021,SYN003033,v3,2,79.0
21022,SYN003033,d2,3,249.0
21023,SYN003034,f6,2,179.0
21024,SYN003034,f4,1,199.0
21025,SYN003034,bv3,2,199.0
21026,SYN003034,s3,3,99.0
21027,SYN003034,s1,3,399.0
21028,SYN003034,f1,1,249.0
21029,SYN003034,f3,2,149.0
21030,SYN003034,v5,1,149.0
21031,SYN003034,s4,1,299.0
21032,SYN003035,f3,2,149.0
21033,SYN003035,s3,1,99.0
21034,SYN003035,d1,2,69.0
21035,SYN003035,bv2,2,249.0
21036,SYN003035,b4,2,599.0
21037,SYN003035,b3,1,199.0
21038,SYN003035,v6,3,29.0
21039,SYN003035,s4,3,299.0
21040,SYN003035,v1,2,89.0
21041,SYN003036,b1,1,199.0
21042,SYN003036,f5,2,99.0
21043,SYN003036,f2,3,49.0
21044,SYN003036,s3,3,99.0
21045,SYN003036,s2,1,249.0
21046,SYN003036,f3,1,149.0
21047,SYN003036,b5,3,299.0
21048,SYN003037,b2,1,249.0
21049,SYN003037,b5,3,299.0
21050,SYN003037,v3,2,79.0
21051,SYN003037,b3,1,199.0
21052,SYN003037,bv4,2,349.0
21053,SYN003037,s4,1,299.0
21054,SYN003038,v1,2,89.0
21055,SYN003038,bv3,2,199.0
21056,SYN003038,v4,2,39.0
21057,SYN003038,v2,3,49.0
21058,SYN003038,f3,3,149.0
21059,SYN003038,f1,2,249.0
21060,SYN003039,b3,3,199.0
21061,SYN003039,d5,3,249.0
21062,SYN003039,b2,1,249.0
21063,SYN003039,bv4,1,349.0
21064,SYN003039,v5,3,149.0
21065,SYN003039,s1,3,399.0
21066,SYN003039,f3,1,149.0
21067,SYN003039,b1,3,199.0
21068,SYN003040,b2,1,249.0
21069,SYN003040,d5,2,249.0
21070,SYN003040,s1,1,399.0
21071,SYN003040,v5,2,149.0
21072,SYN003040,d4,3,99.0
21073,SYN003040,b1,2,199.0
21074,SYN003041,bv2,3,249.0
21075,SYN003041,v4,1,39.0
21076,SYN003041,b5,2,299.0
21077,SYN003041,bv3,1,199.0
21078,SYN003041,b2,3,249.0
21079,SYN003041,f5,2,99.0
21080,SYN003041,s4,1,299.0
21081,SYN003041,v1,2,89.0
21082,SYN003041,s5,2,199.0
21083,SYN003041,d5,2,249.0
21084,SYN003041,s3,2,99.0
21085,SYN003042,v4,2,39.0
21086,SYN003042,b5,1,299.0
21087,SYN003042,f1,1,249.0
21088,SYN003042,s2,3,249.0
21089,SYN003042,f4,2,199.0
21090,SYN003042,b2,3,249.0
21091,SYN003042,f6,3,179.0
21092,SYN003042,s4,2,299.0
21093,SYN003043,d5,2,249.0
21094,SYN003043,s2,2,249.0
21095,SYN003043,bv3,2,199.0
21096,SYN003043,d4,1,99.0
21097,SYN003043,f2,1,49.0
21098,SYN003043,v4,1,39.0
21099,SYN003043,f3,1,149.0
21100,SYN003043,d3,1,179.0
21101,SYN003043,v1,3,89.0
21102,SYN003043,bv2,2,249.0
21103,SYN003043,d1,3,69.0
21104,SYN003044,d5,3,249.0
21105,SYN003044,v3,2,79.0
21106,SYN003044,v6,2,29.0
21107,SYN003044,b3,2,199.0
21108,SYN003044,f2,3,49.0
21109,SYN003044,bv1,1,149.0
21110,SYN003044,f3,3,149.0
21111,SYN003044,s3,1,99.0
21112,SYN003044,v2,1,49.0
21113,SYN003044,v4,2,39.0
21114,SYN003045,bv4,2,349.0
21115,SYN003045,s5,2,199.0
21116,SYN003045,b3,2,199.0
21117,SYN003045,s3,1,99.0
21118,SYN003045,d5,2,249.0
21119,SYN003045,f4,1,199.0
21120,SYN003046,bv1,3,149.0
21121,SYN003046,b3,1,199.0
21122,SYN003046,d2,2,249.0
21123,SYN003046,f1,2,249.0
21124,SYN003046,f6,2,179.0
21125,SYN003046,bv2,1,249.0
21126,SYN003047,s2,2,249.0
21127,SYN003047,b4,3,599.0
21128,SYN003047,d4,3,99.0
21129,SYN003047,v3,3,79.0
21130,SYN003047,b3,2,199.0
21131,SYN003047,d3,1,179.0
21132,SYN003047,s5,2,199.0
21133,SYN003047,bv2,1,249.0
21134,SYN003047,s3,3,99.0
21135,SYN003048,f6,1,179.0
21136,SYN003048,bv1,2,149.0
21137,SYN003048,b4,2,599.0
21138,SYN003048,s3,3,99.0
21139,SYN003048,bv2,1,249.0
21140,SYN003048,bv4,1,349.0
21141,SYN003049,d5,2,249.0
21142,SYN003049,f4,1,199.0
21143,SYN003049,v5,1,149.0
21144,SYN003049,bv1,2,149.0
21145,SYN003049,b1,1,199.0
21146,SYN003049,bv3,3,199.0
21147,SYN003049,f2,1,49.0
21148,SYN003049,s1,2,399.0
21149,SYN003049,d3,3,179.0
21150,SYN003049,v2,3,49.0
21151,SYN003049,s2,1,249.0
21152,SYN003050,bv1,2,149.0
21153,SYN003050,v4,3,39.0
21154,SYN003050,s1,1,399.0
21155,SYN003050,b5,1,299.0
21156,SYN003050,f1,1,249.0
21157,SYN003050,d2,2,249.0
21158,SYN003050,bv2,3,249.0
21159,SYN003050,s2,1,249.0
21160,SYN003050,bv3,1,199.0
21161,SYN003051,s2,1,249.0
21162,SYN003051,d1,1,69.0
21163,SYN003051,b5,3,299.0
21164,SYN003051,v2,1,49.0
21165,SYN003051,v6,3,29.0
21166,SYN003051,b3,3,199.0
21167,SYN003051,b4,1,599.0
21168,SYN003051,s1,1,399.0
21169,SYN003051,d3,3,179.0
21170,SYN003051,v4,2,39.0
21171,SYN003052,v3,2,79.0
21172,SYN003052,f5,2,99.0
21173,SYN003052,f6,2,179.0
21174,SYN003052,d4,1,99.0
21175,SYN003052,b3,2,199.0
21176,SYN003052,s4,3,299.0
21177,SYN003052,b4,3,599.0
21178,SYN003052,d3,2,179.0
21179,SYN003052,b1,2,199.0
21180,SYN003053,s2,3,249.0
21181,SYN003053,d3,1,179.0
21182,SYN003053,bv1,2,149.0
21183,SYN003053,s3,1,99.0
21184,SYN003053,b3,2,199.0
21185,SYN003053,v2,1,49.0
21186,SYN003053,f1,3,249.0
21187,SYN003054,bv3,1,199.0
21188,SYN003054,v5,1,149.0
21189,SYN003054,b5,3,299.0
21190,SYN003054,bv2,3,249.0
21191,SYN003054,s5,1,199.0
21192,SYN003054,d4,2,99.0
21193,SYN003054,f2,3,49.0
21194,SYN003054,f5,1,99.0
21195,SYN003054,s4,1,299.0
21196,SYN003054,v2,1,49.0
21197,SYN003055,s2,1,249.0
21198,SYN003055,bv3,3,199.0
21199,SYN003055,d2,3,249.0
21200,SYN003055,b5,3,299.0
21201,SYN003055,v2,3,49.0
21202,SYN003055,b4,1,599.0
21203,SYN003055,bv4,2,349.0
21204,SYN003055,v5,3,149.0
21205,SYN003055,d1,3,69.0
21206,SYN003055,b3,2,199.0
21207,SYN003056,bv3,1,199.0
21208,SYN003056,f1,3,249.0
21209,SYN003056,d3,3,179.0
21210,SYN003056,v4,3,39.0
21211,SYN003056,b3,1,199.0
21212,SYN003056,v2,2,49.0
21213,SYN003057,d4,3,99.0
21214,SYN003057,v6,3,29.0
21215,SYN003057,bv2,2,249.0
21216,SYN003057,f4,3,199.0
21217,SYN003057,s4,3,299.0
21218,SYN003057,b3,2,199.0
21219,SYN003057,bv3,1,199.0
21220,SYN003057,v3,3,79.0
21221,SYN003058,s4,3,299.0
21222,SYN003058,f2,3,49.0
21223,SYN003058,f6,2,179.0
21224,SYN003058,d1,2,69.0
21225,SYN003058,bv1,1,149.0
21226,SYN003058,v4,2,39.0
21227,SYN003058,d4,3,99.0
21228,SYN003059,d2,1,249.0
21229,SYN003059,d3,3,179.0
21230,SYN003059,f6,1,179.0
21231,SYN003059,s3,3,99.0
21232,SYN003059,v6,3,29.0
21233,SYN003059,v4,2,39.0
21234,SYN003059,v3,3,79.0
21235,SYN003060,f5,1,99.0
21236,SYN003060,v2,2,49.0
21237,SYN003060,v5,2,149.0
21238,SYN003060,v3,1,79.0
21239,SYN003060,d4,1,99.0
21240,SYN003060,d1,1,69.0
21241,SYN003060,b5,2,299.0
21242,SYN003061,d2,1,249.0
21243,SYN003061,v6,3,29.0
21244,SYN003061,f6,2,179.0
21245,SYN003061,d3,2,179.0
21246,SYN003061,bv1,3,149.0
21247,SYN003061,d4,2,99.0
21248,SYN003061,d1,1,69.0
21249,SYN003062,f2,3,49.0
21250,SYN003062,v5,3,149.0
21251,SYN003062,bv2,2,249.0
21252,SYN003062,f6,1,179.0
21253,SYN003062,d2,3,249.0
21254,SYN003062,v3,3,79.0
21255,SYN003063,f1,2,249.0
21256,SYN003063,f4,2,199.0
21257,SYN003063,d2,2,249.0
21258,SYN003063,v3,1,79.0
21259,SYN003064,f1,2,249.0
21260,SYN003064,b3,3,199.0
21261,SYN003064,v2,1,49.0
21262,SYN003064,d1,2,69.0
21263,SYN003064,f4,3,199.0
21264,SYN003064,d2,3,249.0
21265,SYN003064,v3,2,79.0
21266,SYN003064,v1,2,89.0
21267,SYN003065,d1,1,69.0
21268,SYN003065,s5,1,199.0
21269,SYN003065,f5,1,99.0
21270,SYN003065,v2,3,49.0
21271,SYN003065,f6,2,179.0
21272,SYN003065,d3,2,179.0
21273,SYN003066,d1,1,69.0
21274,SYN003066,d3,2,179.0
21275,SYN003066,v6,2,29.0
21276,SYN003066,f2,3,49.0
21277,SYN003066,f6,2,179.0
21278,SYN003066,f1,3,249.0
21279,SYN003066,v5,2,149.0
21280,SYN003067,f6,3,179.0
21281,SYN003067,b2,3,249.0
21282,SYN003067,d4,1,99.0
21283,SYN003067,f4,2,199.0
21284,SYN003067,v3,3,79.0
21285,SYN003068,d1,2,69.0
21286,SYN003068,f4,1,199.0
21287,SYN003068,v5,1,149.0
21288,SYN003068,d4,3,99.0
21289,SYN003068,f1,3,249.0
21290,SYN003069,d4,3,99.0
21291,SYN003069,v6,2,29.0
21292,SYN003069,v4,1,39.0
21293,SYN003069,f3,1,149.0
21294,SYN003069,bv2,2,249.0
21295,SYN003070,v2,1,49.0
21296,SYN003070,b1,2,199.0
21297,SYN003070,d4,1,99.0
21298,SYN003070,d2,2,249.0
21299,SYN003070,v3,1,79.0
21300,SYN003070,f2,3,49.0
21301,SYN003071,s2,3,249.0
21302,SYN003071,v2,3,49.0
21303,SYN003071,v5,2,149.0
21304,SYN003071,bv2,3,249.0
21305,SYN003072,v6,1,29.0
21306,SYN003072,f3,2,149.0
21307,SYN003072,f2,2,49.0
21308,SYN003072,d2,3,249.0
21309,SYN003072,v5,3,149.0
21310,SYN003072,d5,1,249.0
21311,SYN003072,v3,1,79.0
21312,SYN003072,f6,3,179.0
21313,SYN003073,f1,1,249.0
21314,SYN003073,v1,1,89.0
21315,SYN003073,d3,3,179.0
21316,SYN003073,f4,3,199.0
21317,SYN003073,f6,2,179.0
21318,SYN003073,v6,2,29.0
21319,SYN003074,v6,2,29.0
21320,SYN003074,f3,3,149.0
21321,SYN003074,v3,1,79.0
21322,SYN003074,d4,2,99.0
21323,SYN003074,f4,2,199.0
21324,SYN003074,bv4,2,349.0
21325,SYN003074,v2,1,49.0
21326,SYN003074,d5,2,249.0
21327,SYN003075,v4,2,39.0
21328,SYN003075,f1,3,249.0
21329,SYN003075,d2,3,249.0
21330,SYN003075,f3,1,149.0
21331,SYN003075,v5,3,149.0
21332,SYN003076,d4,2,99.0
21333,SYN003076,v2,3,49.0
21334,SYN003076,d5,2,249.0
21335,SYN003076,v5,3,149.0
21336,SYN003076,d2,3,249.0
21337,SYN003077,d5,3,249.0
21338,SYN003077,f6,3,179.0
21339,SYN003077,v6,3,29.0
21340,SYN003077,f4,2,199.0
21341,SYN003077,v5,3,149.0
21342,SYN003077,f2,3,49.0
21343,SYN003077,v2,2,49.0
21344,SYN003077,d4,2,99.0
21345,SYN003078,v1,1,89.0
21346,SYN003078,v5,2,149.0
21347,SYN003078,f6,2,179.0
21348,SYN003078,f4,1,199.0
21349,SYN003078,v3,1,79.0
21350,SYN003079,d5,1,249.0
21351,SYN003079,b2,1,249.0
21352,SYN003079,f2,1,49.0
21353,SYN003079,d2,1,249.0
21354,SYN003079,v6,1,29.0
21355,SYN003080,v3,2,79.0
21356,SYN003080,v1,3,89.0
21357,SYN003080,d1,2,69.0
21358,SYN003080,s2,3,249.0
21359,SYN003080,s3,2,99.0
21360,SYN003081,f6,3,179.0
21361,SYN003081,v1,3,89.0
21362,SYN003081,d4,3,99.0
21363,SYN003081,v3,3,79.0
21364,SYN003081,v6,2,29.0
21365,SYN003081,v5,3,149.0
21366,SYN003081,b2,2,249.0
21367,SYN003082,s3,2,99.0
21368,SYN003082,d3,1,179.0
21369,SYN003082,d1,3,69.0
21370,SYN003082,v1,3,89.0
21371,SYN003082,d4,2,99.0
21372,SYN003082,f3,2,149.0
21373,SYN003082,v6,1,29.0
21374,SYN003083,d2,3,249.0
21375,SYN003083,f2,3,49.0
21376,SYN003083,v4,2,39.0
21377,SYN003083,d1,1,69.0
21378,SYN003083,f6,2,179.0
21379,SYN003084,v6,2,29.0
21380,SYN003084,v4,3,39.0
21381,SYN003084,v1,3,89.0
21382,SYN003084,f5,2,99.0
21383,SYN003084,d5,2,249.0
21384,SYN003084,d4,1,99.0
21385,SYN003084,s1,3,399.0
21386,SYN003084,f3,3,149.0
21387,SYN003085,v2,3,49.0
21388,SYN003085,d4,1,99.0
21389,SYN003085,d3,2,179.0
21390,SYN003085,d5,2,249.0
21391,SYN003085,v6,3,29.0
21392,SYN003085,f4,1,199.0
21393,SYN003085,f2,3,49.0
21394,SYN003085,v3,3,79.0
21395,SYN003086,d1,2,69.0
21396,SYN003086,d3,1,179.0
21397,SYN003086,v5,1,149.0
21398,SYN003086,v3,2,79.0
21399,SYN003087,d4,2,99.0
21400,SYN003087,f1,2,249.0
21401,SYN003087,v3,2,79.0
21402,SYN003087,v1,2,89.0
21403,SYN003087,f2,3,49.0
21404,SYN003087,d3,1,179.0
21405,SYN003087,s3,3,99.0
21406,SYN003088,v3,2,79.0
21407,SYN003088,d3,3,179.0
21408,SYN003088,f1,2,249.0
21409,SYN003088,b1,2,199.0
21410,SYN003088,v2,1,49.0
21411,SYN003088,d2,2,249.0
21412,SYN003089,v3,1,79.0
21413,SYN003089,f3,2,149.0
21414,SYN003089,f5,1,99.0
21415,SYN003089,b1,3,199.0
21416,SYN003089,f6,1,179.0
21417,SYN003089,v4,3,39.0
21418,SYN003089,d5,3,249.0
21419,SYN003089,d1,3,69.0
21420,SYN003090,f4,2,199.0
21421,SYN003090,v4,3,39.0
21422,SYN003090,b5,3,299.0
21423,SYN003090,d5,2,249.0
21424,SYN003090,f5,1,99.0
21425,SYN003090,d1,3,69.0
21426,SYN003090,d2,2,249.0
21427,SYN003090,f2,2,49.0
21428,SYN003091,f1,2,249.0
21429,SYN003091,f5,1,99.0
21430,SYN003091,v4,1,39.0
21431,SYN003091,d3,3,179.0
21432,SYN003091,f6,1,179.0
21433,SYN003091,v1,1,89.0
21434,SYN003091,b2,1,249.0
21435,SYN003091,d2,1,249.0
21436,SYN003092,s4,1,299.0
21437,SYN003092,s3,1,99.0
21438,SYN003092,v2,3,49.0
21439,SYN003092,s5,2,199.0
21440,SYN003092,d1,3,69.0
21441,SYN003092,b2,1,249.0
21442,SYN003093,f4,3,199.0
21443,SYN003093,f6,3,179.0
21444,SYN003093,f3,2,149.0
21445,SYN003093,f2,3,49.0
21446,SYN003093,d5,3,249.0
21447,SYN003094,v6,1,29.0
21448,SYN003094,f6,3,179.0
21449,SYN003094,f2,2,49.0
21450,SYN003094,v5,2,149.0
21451,SYN003095,f5,2,99.0
21452,SYN003095,f3,2,149.0
21453,SYN003095,d2,1,249.0
21454,SYN003095,f4,2,199.0
21455,SYN003095,bv1,1,149.0
21456,SYN003096,f5,3,99.0
21457,SYN003096,f6,2,179.0
21458,SYN003096,f3,1,149.0
21459,SYN003096,v6,2,29.0
21460,SYN003096,f4,2,199.0
21461,SYN003096,d2,2,249.0
21462,SYN003097,f5,1,99.0
21463,SYN003097,v5,2,149.0
21464,SYN003097,s5,1,199.0
21465,SYN003097,d3,2,179.0
21466,SYN003097,v6,3,29.0
21467,SYN003097,f3,3,149.0
21468,SYN003098,d1,2,69.0
21469,SYN003098,s1,2,399.0
21470,SYN003098,v2,3,49.0
21471,SYN003098,f3,3,149.0
21472,SYN003098,d5,1,249.0
21473,SYN003098,f4,2,199.0
21474,SYN003098,v4,3,39.0
21475,SYN003098,b5,1,299.0
21476,SYN003099,v5,2,149.0
21477,SYN003099,f1,3,249.0
21478,SYN003099,f5,3,99.0
21479,SYN003099,f3,3,149.0
21480,SYN003100,s1,3,399.0
21481,SYN003100,v2,3,49.0
21482,SYN003100,v3,1,79.0
21483,SYN003100,v1,2,89.0
21484,SYN003101,f6,2,179.0
21485,SYN003101,v2,2,49.0
21486,SYN003101,v5,2,149.0
21487,SYN003101,v1,2,89.0
21488,SYN003101,v6,2,29.0
21489,SYN003101,d4,2,99.0
21490,SYN003101,f3,2,149.0
21491,SYN003101,v4,3,39.0
21492,SYN003102,v4,2,39.0
21493,SYN003102,f4,1,199.0
21494,SYN003102,f2,1,49.0
21495,SYN003102,f6,2,179.0
21496,SYN003103,v3,3,79.0
21497,SYN003103,bv1,1,149.0
21498,SYN003103,d2,3,249.0
21499,SYN003103,v1,3,89.0
21500,SYN003103,v2,1,49.0
21501,SYN003103,f6,1,179.0
21502,SYN003103,d1,1,69.0
21503,SYN003104,v5,3,149.0
21504,SYN003104,f1,1,249.0
21505,SYN003104,f6,3,179.0
21506,SYN003104,v2,3,49.0
21507,SYN003104,bv3,1,199.0
21508,SYN003104,v4,1,39.0
21509,SYN003104,d3,2,179.0
21510,SYN003105,v5,3,149.0
21511,SYN003105,d2,2,249.0
21512,SYN003105,v4,3,39.0
21513,SYN003105,d4,1,99.0
21514,SYN003105,d5,3,249.0
21515,SYN003105,f2,1,49.0
21516,SYN003105,d1,3,69.0
21517,SYN003105,v6,3,29.0
21518,SYN003106,f1,3,249.0
21519,SYN003106,f4,3,199.0
21520,SYN003106,s2,2,249.0
21521,SYN003106,d4,2,99.0
21522,SYN003107,d4,1,99.0
21523,SYN003107,d1,3,69.0
21524,SYN003107,f1,1,249.0
21525,SYN003107,f4,1,199.0
21526,SYN003107,v1,2,89.0
21527,SYN003107,f2,1,49.0
21528,SYN003107,d3,1,179.0
21529,SYN003108,f5,3,99.0
21530,SYN003108,d4,1,99.0
21531,SYN003108,v2,3,49.0
21532,SYN003108,d2,1,249.0
21533,SYN003108,f1,3,249.0
21534,SYN003108,v3,1,79.0
21535,SYN003109,f3,3,149.0
21536,SYN003109,f6,1,179.0
21537,SYN003109,v6,2,29.0
21538,SYN003109,s3,3,99.0
21539,SYN003109,v2,1,49.0
21540,SYN003109,d5,1,249.0
21541,SYN003109,v5,2,149.0
21542,SYN003109,v1,3,89.0
21543,SYN003110,d1,1,69.0
21544,SYN003110,f5,1,99.0
21545,SYN003110,d4,3,99.0
21546,SYN003110,v2,2,49.0
21547,SYN003110,v4,1,39.0
21548,SYN003111,d1,2,69.0
21549,SYN003111,v6,3,29.0
21550,SYN003111,d2,1,249.0
21551,SYN003111,f1,1,249.0
21552,SYN003111,f4,3,199.0
21553,SYN003111,f2,1,49.0
21554,SYN003111,v2,3,49.0
21555,SYN003112,d5,1,249.0
21556,SYN003112,v4,2,39.0
21557,SYN003112,f1,1,249.0
21558,SYN003112,f4,1,199.0
21559,SYN003112,v2,3,49.0
21560,SYN003112,d3,2,179.0
21561,SYN003112,f6,2,179.0
21562,SYN003113,v4,2,39.0
21563,SYN003113,v3,3,79.0
21564,SYN003113,f1,3,249.0
21565,SYN003113,d4,2,99.0
21566,SYN003113,v2,3,49.0
21567,SYN003114,bv2,2,249.0
21568,SYN003114,v3,3,79.0
21569,SYN003114,f2,3,49.0
21570,SYN003114,v6,2,29.0
21571,SYN003114,d2,1,249.0
21572,SYN003114,d3,1,179.0
21573,SYN003114,d1,1,69.0
21574,SYN003114,f3,2,149.0
21575,SYN003115,bv2,2,249.0
21576,SYN003115,v6,2,29.0
21577,SYN003115,f1,2,249.0
21578,SYN003115,d1,1,69.0
21579,SYN003115,v4,3,39.0
21580,SYN003115,f3,2,149.0
21581,SYN003116,d3,2,179.0
21582,SYN003116,v4,2,39.0
21583,SYN003116,f3,1,149.0
21584,SYN003116,f6,1,179.0
21585,SYN003117,f3,1,149.0
21586,SYN003117,f1,1,249.0
21587,SYN003117,v5,1,149.0
21588,SYN003117,d3,3,179.0
21589,SYN003118,d3,1,179.0
21590,SYN003118,v4,1,39.0
21591,SYN003118,b5,3,299.0
21592,SYN003118,d5,1,249.0
21593,SYN003118,f3,2,149.0
21594,SYN003118,d1,2,69.0
21595,SYN003118,v6,3,29.0
21596,SYN003118,v1,3,89.0
21597,SYN003119,v2,3,49.0
21598,SYN003119,v4,2,39.0
21599,SYN003119,d1,2,69.0
21600,SYN003119,d3,2,179.0
21601,SYN003119,v5,3,149.0
21602,SYN003120,d4,1,99.0
21603,SYN003120,f2,3,49.0
21604,SYN003120,v5,3,149.0
21605,SYN003120,d2,1,249.0
21606,SYN003121,bv2,2,249.0
21607,SYN003121,f4,3,199.0
21608,SYN003121,s5,1,199.0
21609,SYN003121,v4,2,39.0
21610,SYN003122,f2,3,49.0
21611,SYN003122,f5,1,99.0
21612,SYN003122,d5,1,249.0
21613,SYN003122,d1,3,69.0
21614,SYN003122,v3,2,79.0
21615,SYN003122,d3,1,179.0
21616,SYN003123,d2,2,249.0
21617,SYN003123,d3,1,179.0
21618,SYN003123,d5,2,249.0
21619,SYN003123,f2,3,49.0
21620,SYN003123,v6,1,29.0
21621,SYN003123,v1,3,89.0
21622,SYN003123,f4,1,199.0
21623,SYN003124,f5,1,99.0
21624,SYN003124,d4,3,99.0
21625,SYN003124,d2,1,249.0
21626,SYN003124,f4,3,199.0
21627,SYN003124,d3,2,179.0
21628,SYN003124,s2,1,249.0
21629,SYN003125,v3,2,79.0
21630,SYN003125,d5,1,249.0
21631,SYN003125,v2,2,49.0
21632,SYN003125,d1,3,69.0
21633,SYN003125,v1,3,89.0
21634,SYN003125,v5,2,149.0
21635,SYN003125,f3,1,149.0
21636,SYN003125,d3,3,179.0
21637,SYN003126,v2,2,49.0
21638,SYN003126,v1,2,89.0
21639,SYN003126,v5,2,149.0
21640,SYN003126,f6,2,179.0
21641,SYN003126,d3,2,179.0
21642,SYN003127,v1,1,89.0
21643,SYN003127,s2,2,249.0
21644,SYN003127,v5,3,149.0
21645,SYN003127,d1,2,69.0
21646,SYN003127,f6,2,179.0
21647,SYN003128,v5,1,149.0
21648,SYN003128,v1,3,89.0
21649,SYN003128,d1,2,69.0
21650,SYN003128,f6,1,179.0
21651,SYN003128,v6,3,29.0
21652,SYN003129,v2,1,49.0
21653,SYN003129,bv4,3,349.0
21654,SYN003129,d2,1,249.0
21655,SYN003129,d4,3,99.0
21656,SYN003129,f4,1,199.0
21657,SYN003130,d1,2,69.0
21658,SYN003130,f6,3,179.0
21659,SYN003130,d2,2,249.0
21660,SYN003130,d5,1,249.0
21661,SYN003130,b5,2,299.0
21662,SYN003130,f4,2,199.0
21663,SYN003131,f5,3,99.0
21664,SYN003131,d2,3,249.0
21665,SYN003131,d1,3,69.0
21666,SYN003131,f4,2,199.0
21667,SYN003131,bv1,3,149.0
21668,SYN003131,v2,2,49.0
21669,SYN003132,v5,2,149.0
21670,SYN003132,f2,2,49.0
21671,SYN003132,v2,1,49.0
21672,SYN003132,f6,2,179.0
21673,SYN003132,d2,1,249.0
21674,SYN003132,d1,1,69.0
21675,SYN003132,bv1,1,149.0
21676,SYN003133,bv2,1,249.0
21677,SYN003133,v1,2,89.0
21678,SYN003133,d4,1,99.0
21679,SYN003133,v2,3,49.0
21680,SYN003134,b4,3,599.0
21681,SYN003134,v5,2,149.0
21682,SYN003134,v2,2,49.0
21683,SYN003134,v6,1,29.0
21684,SYN003135,s4,2,299.0
21685,SYN003135,d1,3,69.0
21686,SYN003135,f6,2,179.0
21687,SYN003135,v1,2,89.0
21688,SYN003135,v5,3,149.0
21689,SYN003135,f1,1,249.0
21690,SYN003136,v4,3,39.0
21691,SYN003136,v5,1,149.0
21692,SYN003136,f1,1,249.0
21693,SYN003136,v1,1,89.0
21694,SYN003136,d1,1,69.0
21695,SYN003136,f6,2,179.0
21696,SYN003136,d3,3,179.0
21697,SYN003136,v2,3,49.0
21698,SYN003137,v3,2,79.0
21699,SYN003137,f4,3,199.0
21700,SYN003137,bv1,1,149.0
21701,SYN003137,f5,3,99.0
21702,SYN003138,s2,1,249.0
21703,SYN003138,s5,2,199.0
21704,SYN003138,d1,3,69.0
21705,SYN003138,d3,1,179.0
21706,SYN003138,f6,2,179.0
21707,SYN003138,f1,3,249.0
21708,SYN003138,f5,1,99.0
21709,SYN003139,f4,2,199.0
21710,SYN003139,f5,2,99.0
21711,SYN003139,v1,1,89.0
21712,SYN003139,d5,3,249.0
21713,SYN003140,d1,2,69.0
21714,SYN003140,s4,1,299.0
21715,SYN003140,f1,3,249.0
21716,SYN003140,v4,2,39.0
21717,SYN003141,v4,2,39.0
21718,SYN003141,v6,1,29.0
21719,SYN003141,v1,1,89.0
21720,SYN003141,v3,3,79.0
21721,SYN003142,d5,1,249.0
21722,SYN003142,d4,1,99.0
21723,SYN003142,s2,2,249.0
21724,SYN003142,v6,2,29.0
21725,SYN003142,f1,1,249.0
21726,SYN003142,v5,1,149.0
21727,SYN003142,f5,1,99.0
21728,SYN003143,v2,2,49.0
21729,SYN003143,v4,2,39.0
21730,SYN003143,d4,1,99.0
21731,SYN003143,f4,3,199.0
21732,SYN003143,v6,1,29.0
21733,SYN003143,v5,1,149.0
21734,SYN003143,v3,1,79.0
21735,SYN003143,bv2,2,249.0
21736,SYN003144,d4,2,99.0
21737,SYN003144,d1,3,69.0
21738,SYN003144,d2,1,249.0
21739,SYN003144,d3,1,179.0
21740,SYN003144,s2,2,249.0
21741,SYN003144,v3,3,79.0
21742,SYN003144,f2,3,49.0
21743,SYN003145,v3,2,79.0
21744,SYN003145,v6,1,29.0
21745,SYN003145,bv2,2,249.0
21746,SYN003145,f5,1,99.0
21747,SYN003145,v4,3,39.0
21748,SYN003145,d1,3,69.0
21749,SYN003145,d4,1,99.0
21750,SYN003145,v5,3,149.0
21751,SYN003146,d2,1,249.0
21752,SYN003146,f1,2,249.0
21753,SYN003146,v1,2,89.0
21754,SYN003146,f4,2,199.0
21755,SYN003146,b1,2,199.0
21756,SYN003146,v3,1,79.0
21757,SYN003146,v4,1,39.0
21758,SYN003147,f2,1,49.0
21759,SYN003147,d2,1,249.0
21760,SYN003147,d5,2,249.0
21761,SYN003147,d3,1,179.0
21762,SYN003148,v3,3,79.0
21763,SYN003148,v2,1,49.0
21764,SYN003148,d4,3,99.0
21765,SYN003148,s5,2,199.0
21766,SYN003148,d1,3,69.0
21767,SYN003148,v1,2,89.0
21768,SYN003149,d2,2,249.0
21769,SYN003149,s4,2,299.0
21770,SYN003149,d5,2,249.0
21771,SYN003149,v6,2,29.0
21772,SYN003150,d2,2,249.0
21773,SYN003150,s5,3,199.0
21774,SYN003150,f5,2,99.0
21775,SYN003151,v2,3,49.0
21776,SYN003151,d2,3,249.0
21777,SYN003151,d1,1,69.0
21778,SYN003151,f2,3,49.0
21779,SYN003151,d4,1,99.0
21780,SYN003152,bv1,1,149.0
21781,SYN003152,s2,1,249.0
21782,SYN003152,v5,1,149.0
21783,SYN003152,v1,1,89.0
21784,SYN003152,d2,1,249.0
21785,SYN003152,d5,2,249.0
21786,SYN003153,v5,3,149.0
21787,SYN003153,f2,1,49.0
21788,SYN003153,f3,3,149.0
21789,SYN003153,s1,1,399.0
21790,SYN003153,b5,3,299.0
21791,SYN003154,d1,2,69.0
21792,SYN003154,v5,1,149.0
21793,SYN003154,v1,3,89.0
21794,SYN003155,s1,3,399.0
21795,SYN003155,v6,3,29.0
21796,SYN003155,d2,1,249.0
21797,SYN003155,s4,2,299.0
21798,SYN003155,v2,2,49.0
21799,SYN003156,v1,1,89.0
21800,SYN003156,s4,3,299.0
21801,SYN003156,s5,1,199.0
21802,SYN003157,s3,3,99.0
21803,SYN003157,v6,2,29.0
21804,SYN003157,v3,1,79.0
21805,SYN003158,s2,3,249.0
21806,SYN003158,d5,3,249.0
21807,SYN003158,d3,2,179.0
21808,SYN003158,d2,3,249.0
21809,SYN003158,s5,1,199.0
21810,SYN003159,v2,1,49.0
21811,SYN003159,s4,2,299.0
21812,SYN003159,d4,1,99.0
21813,SYN003159,s3,2,99.0
21814,SYN003159,v3,2,79.0
21815,SYN003159,v1,1,89.0
21816,SYN003160,d2,1,249.0
21817,SYN003160,s3,1,99.0
21818,SYN003160,d1,1,69.0
21819,SYN003160,d4,3,99.0
21820,SYN003161,s1,3,399.0
21821,SYN003161,d2,1,249.0
21822,SYN003161,s2,2,249.0
21823,SYN003161,v3,3,79.0
21824,SYN003161,v1,1,89.0
21825,SYN003161,s3,3,99.0
21826,SYN003162,v1,2,89.0
21827,SYN003162,bv4,3,349.0
21828,SYN003162,v6,2,29.0
21829,SYN003162,v4,3,39.0
21830,SYN003163,v6,3,29.0
21831,SYN003163,d5,1,249.0
21832,SYN003163,v3,1,79.0
21833,SYN003163,b2,1,249.0
21834,SYN003163,d1,3,69.0
21835,SYN003163,v2,1,49.0
21836,SYN003164,b3,1,199.0
21837,SYN003164,s4,2,299.0
21838,SYN003164,v4,3,39.0
21839,SYN003164,bv1,1,149.0
21840,SYN003164,d2,1,249.0
21841,SYN003165,d2,1,249.0
21842,SYN003165,v6,3,29.0
21843,SYN003165,v3,1,79.0
21844,SYN003165,d5,3,249.0
21845,SYN003165,s2,2,249.0
21846,SYN003166,s3,1,99.0
21847,SYN003166,v6,3,29.0
21848,SYN003166,bv2,3,249.0
21849,SYN003167,v1,3,89.0
21850,SYN003167,s1,2,399.0
21851,SYN003167,v2,3,49.0
21852,SYN003167,d2,1,249.0
21853,SYN003168,v1,3,89.0
21854,SYN003168,f3,3,149.0
21855,SYN003168,v3,1,79.0
21856,SYN003168,d3,1,179.0
21857,SYN003168,v4,3,39.0
21858,SYN003168,d4,2,99.0
21859,SYN003169,d5,3,249.0
21860,SYN003169,v6,2,29.0
21861,SYN003169,v3,3,79.0
21862,SYN003169,s2,3,249.0
21863,SYN003169,d1,1,69.0
21864,SYN003169,v5,3,149.0
21865,SYN003170,d2,3,249.0
21866,SYN003170,d4,2,99.0
21867,SYN003170,v6,2,29.0
21868,SYN003170,v1,2,89.0
21869,SYN003170,d1,1,69.0
21870,SYN003171,f4,2,199.0
21871,SYN003171,v5,2,149.0
21872,SYN003171,d4,1,99.0
21873,SYN003171,v1,2,89.0
21874,SYN003171,s5,2,199.0
21875,SYN003171,d1,1,69.0
21876,SYN003172,d4,3,99.0
21877,SYN003172,f3,3,149.0
21878,SYN003172,b1,2,199.0
21879,SYN003172,b5,2,299.0
21880,SYN003172,v6,1,29.0
21881,SYN003173,v1,1,89.0
21882,SYN003173,v6,3,29.0
21883,SYN003173,s5,2,199.0
21884,SYN003173,s3,2,99.0
21885,SYN003174,v5,3,149.0
21886,SYN003174,v2,1,49.0
21887,SYN003174,d2,2,249.0
21888,SYN003174,s4,1,299.0
21889,SYN003174,v1,2,89.0
21890,SYN003174,s5,2,199.0
21891,SYN003175,s2,3,249.0
21892,SYN003175,d5,2,249.0
21893,SYN003175,d2,3,249.0
21894,SYN003175,v2,1,49.0
21895,SYN003176,d1,2,69.0
21896,SYN003176,s5,3,199.0
21897,SYN003176,s1,1,399.0
21898,SYN003176,d4,2,99.0
21899,SYN003177,d1,1,69.0
21900,SYN003177,s1,1,399.0
21901,SYN003177,s2,3,249.0
21902,SYN003177,v3,1,79.0
21903,SYN003177,v1,1,89.0
21904,SYN003177,v6,3,29.0
21905,SYN003178,d4,1,99.0
21906,SYN003178,s4,3,299.0
21907,SYN003178,d3,3,179.0
21908,SYN003178,d1,3,69.0
21909,SYN003179,v3,1,79.0
21910,SYN003179,v4,3,39.0
21911,SYN003179,s4,1,299.0
21912,SYN003179,s5,1,199.0
21913,SYN003180,v2,1,49.0
21914,SYN003180,v5,1,149.0
21915,SYN003180,d2,1,249.0
21916,SYN003180,bv1,2,149.0
21917,SYN003180,v1,3,89.0
21918,SYN003180,v4,2,39.0
21919,SYN003181,s2,3,249.0
21920,SYN003181,v6,2,29.0
21921,SYN003181,v3,2,79.0
21922,SYN003181,s3,3,99.0
21923,SYN003181,d4,3,99.0
21924,SYN003182,d1,3,69.0
21925,SYN003182,b5,2,299.0
21926,SYN003182,s4,3,299.0
21927,SYN003182,s2,3,249.0
21928,SYN003183,s3,1,99.0
21929,SYN003183,v6,1,29.0
21930,SYN003183,d3,2,179.0
21931,SYN003183,s5,2,199.0
21932,SYN003183,s1,3,399.0
21933,SYN003183,v5,3,149.0
21934,SYN003184,s3,1,99.0
21935,SYN003184,d5,2,249.0
21936,SYN003184,d3,1,179.0
21937,SYN003184,d4,1,99.0
21938,SYN003184,s2,2,249.0
21939,SYN003185,v6,1,29.0
21940,SYN003185,v2,1,49.0
21941,SYN003185,bv1,1,149.0
21942,SYN003186,s1,2,399.0
21943,SYN003186,f6,2,179.0
21944,SYN003186,d4,1,99.0
21945,SYN003186,v5,1,149.0
21946,SYN003186,s3,1,99.0
21947,SYN003186,d2,2,249.0
21948,SYN003187,f4,2,199.0
21949,SYN003187,v4,1,39.0
21950,SYN003187,v2,1,49.0
21951,SYN003187,d5,1,249.0
21952,SYN003187,v6,3,29.0
21953,SYN003187,v1,3,89.0
21954,SYN003188,s5,3,199.0
21955,SYN003188,v2,3,49.0
21956,SYN003188,s3,3,99.0
21957,SYN003188,s4,1,299.0
21958,SYN003188,v1,2,89.0
21959,SYN003188,d2,3,249.0
21960,SYN003189,s1,3,399.0
21961,SYN003189,v5,1,149.0
21962,SYN003189,b2,1,249.0
21963,SYN003189,d5,2,249.0
21964,SYN003189,s2,3,249.0
21965,SYN003189,d2,1,249.0
21966,SYN003190,b5,3,299.0
21967,SYN003190,d3,2,179.0
21968,SYN003190,d1,2,69.0
21969,SYN003190,s1,2,399.0
21970,SYN003190,d2,1,249.0
21971,SYN003190,v4,1,39.0
21972,SYN003191,d5,1,249.0
21973,SYN003191,v2,2,49.0
21974,SYN003191,s3,1,99.0
21975,SYN003191,v6,1,29.0
21976,SYN003191,bv3,3,199.0
21977,SYN003192,d5,2,249.0
21978,SYN003192,s2,3,249.0
21979,SYN003192,s3,1,99.0
21980,SYN003193,s5,1,199.0
21981,SYN003193,s1,2,399.0
21982,SYN003193,v2,2,49.0
21983,SYN003193,d3,3,179.0
21984,SYN003193,s3,1,99.0
21985,SYN003193,v6,3,29.0
21986,SYN003194,s4,3,299.0
21987,SYN003194,s2,1,249.0
21988,SYN003194,v1,1,89.0
21989,SYN003195,d1,1,69.0
21990,SYN003195,v1,2,89.0
21991,SYN003195,f1,3,249.0
21992,SYN003195,bv4,2,349.0
21993,SYN003195,s2,3,249.0
21994,SYN003195,f5,1,99.0
21995,SYN003196,s5,3,199.0
21996,SYN003196,v6,1,29.0
21997,SYN003196,d2,3,249.0
21998,SYN003196,d3,2,179.0
21999,SYN003196,s3,1,99.0
22000,SYN003196,f5,3,99.0
22001,SYN003197,s2,3,249.0
22002,SYN003197,d5,2,249.0
22003,SYN003197,b3,1,199.0
22004,SYN003198,s3,3,99.0
22005,SYN003198,d5,1,249.0
22006,SYN003198,d2,3,249.0
22007,SYN003199,v3,2,79.0
22008,SYN003199,b3,1,199.0
22009,SYN003199,s2,2,249.0
22010,SYN003200,d4,2,99.0
22011,SYN003200,v3,3,79.0
22012,SYN003200,b4,2,599.0
22013,SYN003200,d3,2,179.0
22014,SYN003200,b2,3,249.0
22015,SYN003200,s5,2,199.0
22016,SYN003201,d2,2,249.0
22017,SYN003201,s2,3,249.0
22018,SYN003201,s4,2,299.0
22019,SYN003201,s5,2,199.0
22020,SYN003202,d2,3,249.0
22021,SYN003202,v4,2,39.0
22022,SYN003202,v3,1,79.0
22023,SYN003202,v1,2,89.0
22024,SYN003202,v6,1,29.0
22025,SYN003202,bv3,1,199.0
22026,SYN003203,s5,2,199.0
22027,SYN003203,s1,1,399.0
22028,SYN003203,v6,1,29.0
22029,SYN003204,v5,2,149.0
22030,SYN003204,f5,3,99.0
22031,SYN003204,v2,3,49.0
22032,SYN003204,f2,3,49.0
22033,SYN003204,s4,3,299.0
22034,SYN003204,s2,1,249.0
22035,SYN003205,v4,2,39.0
22036,SYN003205,v6,1,29.0
22037,SYN003205,s4,3,299.0
22038,SYN003206,v1,2,89.0
22039,SYN003206,s4,1,299.0
22040,SYN003206,d2,2,249.0
22041,SYN003206,d4,2,99.0
22042,SYN003206,v3,3,79.0
22043,SYN003207,s1,1,399.0
22044,SYN003207,v2,3,49.0
22045,SYN003207,s5,1,199.0
22046,SYN003208,v1,1,89.0
22047,SYN003208,bv2,2,249.0
22048,SYN003208,v2,1,49.0
22049,SYN003208,b4,3,599.0
22050,SYN003208,v3,1,79.0
22051,SYN003208,bv4,3,349.0
22052,SYN003209,d5,3,249.0
22053,SYN003209,v5,3,149.0
22054,SYN003209,v2,1,49.0
22055,SYN003209,bv1,1,149.0
22056,SYN003209,d2,2,249.0
22057,SYN003210,v3,2,79.0
22058,SYN003210,s5,2,199.0
22059,SYN003210,s2,3,249.0
22060,SYN003211,v3,1,79.0
22061,SYN003211,bv3,1,199.0
22062,SYN003211,s1,3,399.0
22063,SYN003211,v1,1,89.0
22064,SYN003211,f4,1,199.0
22065,SYN003212,d2,3,249.0
22066,SYN003212,s5,1,199.0
22067,SYN003212,d1,1,69.0
22068,SYN003213,s1,2,399.0
22069,SYN003213,v1,2,89.0
22070,SYN003213,f6,3,179.0
22071,SYN003213,b2,1,249.0
22072,SYN003214,d4,2,99.0
22073,SYN003214,bv2,2,249.0
22074,SYN003214,d3,3,179.0
22075,SYN003214,v4,3,39.0
22076,SYN003214,f5,3,99.0
22077,SYN003215,v4,1,39.0
22078,SYN003215,d1,3,69.0
22079,SYN003215,s1,1,399.0
22080,SYN003215,d2,1,249.0
22081,SYN003215,s2,3,249.0
22082,SYN003216,d5,2,249.0
22083,SYN003216,d4,1,99.0
22084,SYN003216,v4,1,39.0
22085,SYN003216,d3,1,179.0
22086,SYN003216,v1,2,89.0
22087,SYN003217,f6,1,179.0
22088,SYN003217,d5,2,249.0
22089,SYN003217,v2,3,49.0
22090,SYN003217,s5,1,199.0
22091,SYN003217,s2,3,249.0
22092,SYN003218,d5,2,249.0
22093,SYN003218,s5,3,199.0
22094,SYN003218,v1,1,89.0
22095,SYN003218,v4,3,39.0
22096,SYN003218,d3,1,179.0
22097,SYN003218,s3,1,99.0
22098,SYN003219,v1,2,89.0
22099,SYN003219,d4,3,99.0
22100,SYN003219,v2,1,49.0
22101,SYN003220,s4,1,299.0
22102,SYN003220,d5,1,249.0
22103,SYN003220,d2,3,249.0
22104,SYN003220,d3,2,179.0
22105,SYN003221,d3,2,179.0
22106,SYN003221,s1,1,399.0
22107,SYN003221,bv2,2,249.0
22108,SYN003221,v2,2,49.0
22109,SYN003222,s5,2,199.0
22110,SYN003222,s4,3,299.0
22111,SYN003222,v3,1,79.0
22112,SYN003222,d1,3,69.0
22113,SYN003222,v2,3,49.0
22114,SYN003222,b3,2,199.0
22115,SYN003223,s5,3,199.0
22116,SYN003223,v4,2,39.0
22117,SYN003223,d3,1,179.0
22118,SYN003223,d1,2,69.0
22119,SYN003223,v1,1,89.0
22120,SYN003223,v6,3,29.0
22121,SYN003224,v3,1,79.0
22122,SYN003224,f5,1,99.0
22123,SYN003224,d3,2,179.0
22124,SYN003224,s3,2,99.0
22125,SYN003225,v6,1,29.0
22126,SYN003225,d1,3,69.0
22127,SYN003225,b3,2,199.0
22128,SYN003226,d3,3,179.0
22129,SYN003226,d2,1,249.0
22130,SYN003226,s2,1,249.0
22131,SYN003226,v2,2,49.0
22132,SYN003226,v6,2,29.0
22133,SYN003227,d3,3,179.0
22134,SYN003227,v4,3,39.0
22135,SYN003227,v5,1,149.0
22136,SYN003227,s3,3,99.0
22137,SYN003227,s4,2,299.0
22138,SYN003228,v1,1,89.0
22139,SYN003228,v2,1,49.0
22140,SYN003228,d5,3,249.0
22141,SYN003228,d1,2,69.0
22142,SYN003228,d4,1,99.0
22143,SYN003229,s1,2,399.0
22144,SYN003229,d1,3,69.0
22145,SYN003229,b1,2,199.0
22146,SYN003229,s5,2,199.0
22147,SYN003229,d3,1,179.0
22148,SYN003229,f2,2,49.0
22149,SYN003230,v2,2,49.0
22150,SYN003230,v3,3,79.0
22151,SYN003230,b3,2,199.0
22152,SYN003231,s4,1,299.0
22153,SYN003231,v4,3,39.0
22154,SYN003231,d1,3,69.0
22155,SYN003231,d4,2,99.0
22156,SYN003231,d5,2,249.0
22157,SYN003231,s1,1,399.0
22158,SYN003232,v6,1,29.0
22159,SYN003232,v4,1,39.0
22160,SYN003232,d1,3,69.0
22161,SYN003232,s3,2,99.0
22162,SYN003232,d2,2,249.0
22163,SYN003233,v5,1,149.0
22164,SYN003233,d1,1,69.0
22165,SYN003233,s3,1,99.0
22166,SYN003234,s2,2,249.0
22167,SYN003234,s5,3,199.0
22168,SYN003234,v2,1,49.0
22169,SYN003234,b5,2,299.0
22170,SYN003234,d4,3,99.0
22171,SYN003235,s5,2,199.0
22172,SYN003235,v5,3,149.0
22173,SYN003235,v3,2,79.0
22174,SYN003235,v2,2,49.0
22175,SYN003235,s3,3,99.0
22176,SYN003235,v1,1,89.0
22177,SYN003236,d1,1,69.0
22178,SYN003236,d3,2,179.0
22179,SYN003236,b1,1,199.0
22180,SYN003236,s3,3,99.0
22181,SYN003236,v1,2,89.0
22182,SYN003236,s5,3,199.0
22183,SYN003237,v1,1,89.0
22184,SYN003237,d4,3,99.0
22185,SYN003237,d3,3,179.0
22186,SYN003238,d1,3,69.0
22187,SYN003238,d5,2,249.0
22188,SYN003238,bv1,3,149.0
22189,SYN003238,v5,1,149.0
22190,SYN003238,s5,2,199.0
22191,SYN003238,b3,2,199.0
22192,SYN003239,s5,3,199.0
22193,SYN003239,d2,3,249.0
22194,SYN003239,s4,3,299.0
22195,SYN003239,s2,1,249.0
22196,SYN003239,d3,2,179.0
22197,SYN003240,d2,1,249.0
22198,SYN003240,v2,3,49.0
22199,SYN003240,s1,1,399.0
22200,SYN003240,f1,1,249.0
22201,SYN003240,v5,1,149.0
22202,SYN003240,f3,3,149.0
22203,SYN003241,f6,1,179.0
22204,SYN003241,v3,3,79.0
22205,SYN003241,s4,2,299.0
22206,SYN003241,v1,2,89.0
22207,SYN003241,bv2,2,249.0
22208,SYN003241,s5,1,199.0
22209,SYN003242,d2,2,249.0
22210,SYN003242,b4,1,599.0
22211,SYN003242,s2,3,249.0
22212,SYN003243,d5,3,249.0
22213,SYN003243,d3,1,179.0
22214,SYN003243,s5,3,199.0
22215,SYN003244,bv1,3,149.0
22216,SYN003244,b2,1,249.0
22217,SYN003244,b5,2,299.0
22218,SYN003244,bv2,3,249.0
22219,SYN003244,f2,2,49.0
22220,SYN003244,s5,2,199.0
22221,SYN003244,b4,1,599.0
22222,SYN003244,f4,3,199.0
22223,SYN003244,s3,2,99.0
22224,SYN003245,bv1,1,149.0
22225,SYN003245,b1,1,199.0
22226,SYN003245,b5,1,299.0
22227,SYN003245,bv3,1,199.0
22228,SYN003245,f5,1,99.0
22229,SYN003245,s3,1,99.0
22230,SYN003245,s4,1,299.0
22231,SYN003246,s1,1,399.0
22232,SYN003246,v3,3,79.0
22233,SYN003246,f4,1,199.0
22234,SYN003246,f3,3,149.0
22235,SYN003246,s5,2,199.0
22236,SYN003246,bv4,1,349.0
22237,SYN003246,b4,3,599.0
22238,SYN003247,s3,2,99.0
22239,SYN003247,b4,1,599.0
22240,SYN003247,b2,1,249.0
22241,SYN003247,f2,1,49.0
22242,SYN003247,f4,3,199.0
22243,SYN003247,f1,2,249.0
22244,SYN003248,s5,1,199.0
22245,SYN003248,s3,1,99.0
22246,SYN003248,f4,1,199.0
22247,SYN003248,s2,2,249.0
22248,SYN003248,b4,1,599.0
22249,SYN003248,f2,2,49.0
22250,SYN003249,s4,1,299.0
22251,SYN003249,s3,3,99.0
22252,SYN003249,v6,3,29.0
22253,SYN003249,bv2,1,249.0
22254,SYN003249,d5,1,249.0
22255,SYN003250,s1,2,399.0
22256,SYN003250,s4,3,299.0
22257,SYN003250,bv2,1,249.0
22258,SYN003250,b3,3,199.0
22259,SYN003250,s3,2,99.0
22260,SYN003250,bv4,1,349.0
22261,SYN003250,b4,2,599.0
22262,SYN003250,b5,1,299.0
22263,SYN003250,f2,1,49.0
22264,SYN003251,b1,2,199.0
22265,SYN003251,bv3,3,199.0
22266,SYN003251,d5,2,249.0
22267,SYN003251,d4,1,99.0
22268,SYN003251,s5,3,199.0
22269,SYN003252,b1,3,199.0
22270,SYN003252,s3,1,99.0
22271,SYN003252,b4,2,599.0
22272,SYN003252,f1,3,249.0
22273,SYN003252,f5,1,99.0
22274,SYN003252,f3,2,149.0
22275,SYN003252,s4,1,299.0
22276,SYN003252,f4,2,199.0
22277,SYN003253,s3,3,99.0
22278,SYN003253,v1,1,89.0
22279,SYN003253,bv2,3,249.0
22280,SYN003253,bv3,2,199.0
22281,SYN003253,bv1,1,149.0
22282,SYN003253,b1,2,199.0
22283,SYN003253,f5,2,99.0
22284,SYN003253,b4,2,599.0
22285,SYN003253,b3,3,199.0
22286,SYN003254,s1,1,399.0
22287,SYN003254,f4,3,199.0
22288,SYN003254,f1,1,249.0
22289,SYN003254,f2,3,49.0
22290,SYN003254,bv4,1,349.0
22291,SYN003254,b5,1,299.0
22292,SYN003254,f6,2,179.0
22293,SYN003255,bv1,2,149.0
22294,SYN003255,s1,2,399.0
22295,SYN003255,b2,1,249.0
22296,SYN003255,b1,2,199.0
22297,SYN003255,f1,3,249.0
22298,SYN003255,s3,3,99.0
22299,SYN003255,b3,2,199.0
22300,SYN003255,f5,3,99.0
22301,SYN003256,f2,3,49.0
22302,SYN003256,bv4,1,349.0
22303,SYN003256,bv3,2,199.0
22304,SYN003256,b1,3,199.0
22305,SYN003256,f4,3,199.0
22306,SYN003256,s3,2,99.0
22307,SYN003256,b2,3,249.0
22308,SYN003256,f1,1,249.0
22309,SYN003256,s5,3,199.0
22310,SYN003257,bv1,3,149.0
22311,SYN003257,s1,2,399.0
22312,SYN003257,s3,2,99.0
22313,SYN003257,bv2,2,249.0
22314,SYN003257,b4,2,599.0
22315,SYN003258,bv2,1,249.0
22316,SYN003258,f5,3,99.0
22317,SYN003258,b5,1,299.0
22318,SYN003258,bv4,2,349.0
22319,SYN003258,b2,1,249.0
22320,SYN003258,b4,2,599.0
22321,SYN003258,s4,2,299.0
22322,SYN003258,s3,3,99.0
22323,SYN003259,f3,2,149.0
22324,SYN003259,f5,1,99.0
22325,SYN003259,f4,2,199.0
22326,SYN003259,s3,3,99.0
22327,SYN003259,bv1,2,149.0
22328,SYN003259,bv2,2,249.0
22329,SYN003260,f5,2,99.0
22330,SYN003260,b3,3,199.0
22331,SYN003260,f2,1,49.0
22332,SYN003260,b2,2,249.0
22333,SYN003260,f6,2,179.0
22334,SYN003260,v1,2,89.0
22335,SYN003261,f2,1,49.0
22336,SYN003261,s5,2,199.0
22337,SYN003261,f6,1,179.0
22338,SYN003261,b1,2,199.0
22339,SYN003261,f5,2,99.0
22340,SYN003261,s2,2,249.0
22341,SYN003261,bv2,2,249.0
22342,SYN003261,f3,3,149.0
22343,SYN003261,v4,2,39.0
22344,SYN003261,b4,1,599.0
22345,SYN003262,f4,2,199.0
22346,SYN003262,bv1,3,149.0
22347,SYN003262,v5,2,149.0
22348,SYN003262,f1,2,249.0
22349,SYN003262,f3,3,149.0
22350,SYN003263,s1,1,399.0
22351,SYN003263,b5,2,299.0
22352,SYN003263,v5,2,149.0
22353,SYN003263,b2,1,249.0
22354,SYN003263,d4,3,99.0
22355,SYN003263,f5,1,99.0
22356,SYN003264,b1,2,199.0
22357,SYN003264,f2,2,49.0
22358,SYN003264,bv1,3,149.0
22359,SYN003264,s1,2,399.0
22360,SYN003264,s2,2,249.0
22361,SYN003264,bv2,1,249.0
22362,SYN003264,d3,3,179.0
22363,SYN003265,f4,3,199.0
22364,SYN003265,s2,3,249.0
22365,SYN003265,s4,2,299.0
22366,SYN003265,b4,1,599.0
22367,SYN003265,s3,1,99.0
22368,SYN003265,s5,1,199.0
22369,SYN003265,v1,1,89.0
22370,SYN003265,s1,1,399.0
22371,SYN003265,f2,2,49.0
22372,SYN003265,f1,3,249.0
22373,SYN003266,s1,3,399.0
22374,SYN003266,s2,2,249.0
22375,SYN003266,f5,2,99.0
22376,SYN003266,b3,1,199.0
22377,SYN003266,f2,3,49.0
22378,SYN003266,bv4,3,349.0
22379,SYN003266,s5,3,199.0
22380,SYN003266,b4,1,599.0
22381,SYN003266,f6,1,179.0
22382,SYN003267,f6,3,179.0
22383,SYN003267,b3,2,199.0
22384,SYN003267,b5,1,299.0
22385,SYN003267,b4,2,599.0
22386,SYN003267,s5,3,199.0
22387,SYN003267,f2,3,49.0
22388,SYN003268,bv3,1,199.0
22389,SYN003268,bv4,3,349.0
22390,SYN003268,s4,1,299.0
22391,SYN003268,f1,3,249.0
22392,SYN003268,d4,3,99.0
22393,SYN003268,f4,2,199.0
22394,SYN003269,s5,1,199.0
22395,SYN003269,bv4,1,349.0
22396,SYN003269,f1,2,249.0
22397,SYN003269,f4,2,199.0
22398,SYN003269,s3,3,99.0
22399,SYN003270,bv3,2,199.0
22400,SYN003270,s1,2,399.0
22401,SYN003270,bv2,1,249.0
22402,SYN003270,f1,3,249.0
22403,SYN003270,b3,3,199.0
22404,SYN003270,f5,2,99.0
22405,SYN003271,f5,1,99.0
22406,SYN003271,bv4,2,349.0
22407,SYN003271,f4,2,199.0
22408,SYN003271,b5,3,299.0
22409,SYN003271,s2,2,249.0
22410,SYN003271,bv1,1,149.0
22411,SYN003271,d5,2,249.0
22412,SYN003271,bv3,3,199.0
22413,SYN003271,f2,1,49.0
22414,SYN003272,s4,1,299.0
22415,SYN003272,b4,2,599.0
22416,SYN003272,f4,1,199.0
22417,SYN003272,s3,3,99.0
22418,SYN003272,f5,2,99.0
22419,SYN003272,d3,1,179.0
22420,SYN003272,bv4,3,349.0
22421,SYN003272,bv3,1,199.0
22422,SYN003272,bv1,3,149.0
22423,SYN003273,b3,3,199.0
22424,SYN003273,b2,1,249.0
22425,SYN003273,s2,2,249.0
22426,SYN003273,s3,2,99.0
22427,SYN003273,f3,3,149.0
22428,SYN003274,f5,1,99.0
22429,SYN003274,s1,1,399.0
22430,SYN003274,f1,2,249.0
22431,SYN003274,bv1,3,149.0
22432,SYN003274,f4,2,199.0
22433,SYN003274,f6,3,179.0
22434,SYN003274,bv4,2,349.0
22435,SYN003274,bv3,3,199.0
22436,SYN003274,f2,2,49.0
22437,SYN003275,f4,1,199.0
22438,SYN003275,v1,1,89.0
22439,SYN003275,v2,2,49.0
22440,SYN003275,bv2,2,249.0
22441,SYN003275,s1,2,399.0
22442,SYN003275,bv1,1,149.0
22443,SYN003275,d4,3,99.0
22444,SYN003275,v4,2,39.0
22445,SYN003275,f3,1,149.0
22446,SYN003275,v3,2,79.0
22447,SYN003276,b4,3,599.0
22448,SYN003276,b5,1,299.0
22449,SYN003276,f6,1,179.0
22450,SYN003276,d2,3,249.0
22451,SYN003276,f4,1,199.0
22452,SYN003276,d5,2,249.0
22453,SYN003276,s1,3,399.0
22454,SYN003277,f3,1,149.0
22455,SYN003277,d3,3,179.0
22456,SYN003277,d4,2,99.0
22457,SYN003277,s1,1,399.0
22458,SYN003277,bv4,2,349.0
22459,SYN003277,b3,1,199.0
22460,SYN003277,d2,1,249.0
22461,SYN003277,b4,3,599.0
22462,SYN003278,b3,3,199.0
22463,SYN003278,bv3,1,199.0
22464,SYN003278,b5,1,299.0
22465,SYN003278,s2,2,249.0
22466,SYN003278,f3,1,149.0
22467,SYN003279,s4,1,299.0
22468,SYN003279,bv4,2,349.0
22469,SYN003279,v3,1,79.0
22470,SYN003279,f1,2,249.0
22471,SYN003279,d5,3,249.0
22472,SYN003279,v4,1,39.0
22473,SYN003279,f4,1,199.0
22474,SYN003279,b4,2,599.0
22475,SYN003279,d3,2,179.0
22476,SYN003279,bv2,2,249.0
22477,SYN003280,v6,2,29.0
22478,SYN003280,f6,2,179.0
22479,SYN003280,bv3,3,199.0
22480,SYN003280,s1,3,399.0
22481,SYN003280,s2,3,249.0
22482,SYN003280,f4,1,199.0
22483,SYN003281,f4,2,199.0
22484,SYN003281,b1,3,199.0
22485,SYN003281,bv1,1,149.0
22486,SYN003281,b5,2,299.0
22487,SYN003281,s4,3,299.0
22488,SYN003281,bv3,2,199.0
22489,SYN003282,f2,1,49.0
22490,SYN003282,s1,1,399.0
22491,SYN003282,s2,2,249.0
22492,SYN003282,b2,1,249.0
22493,SYN003282,b5,1,299.0
22494,SYN003282,f5,3,99.0
22495,SYN003282,f3,2,149.0
22496,SYN003282,s4,3,299.0
22497,SYN003283,f4,3,199.0
22498,SYN003283,f6,2,179.0
22499,SYN003283,bv3,3,199.0
22500,SYN003283,s3,2,99.0
22501,SYN003283,b5,2,299.0
22502,SYN003283,d4,1,99.0
22503,SYN003283,f2,1,49.0
22504,SYN003283,d1,2,69.0
22505,SYN003283,b2,3,249.0
22506,SYN003283,d3,3,179.0
22507,SYN003284,f4,1,199.0
22508,SYN003284,f1,2,249.0
22509,SYN003284,b3,2,199.0
22510,SYN003284,b2,3,249.0
22511,SYN003284,b4,1,599.0
22512,SYN003284,s3,1,99.0
22513,SYN003284,d2,2,249.0
22514,SYN003284,bv1,3,149.0
22515,SYN003285,f3,1,149.0
22516,SYN003285,f2,3,49.0
22517,SYN003285,b1,1,199.0
22518,SYN003285,bv2,2,249.0
22519,SYN003285,f6,2,179.0
22520,SYN003285,s3,1,99.0
22521,SYN003285,bv3,1,199.0
22522,SYN003285,bv4,2,349.0
22523,SYN003286,v1,2,89.0
22524,SYN003286,d3,2,179.0
22525,SYN003286,s5,3,199.0
22526,SYN003286,s1,3,399.0
22527,SYN003286,bv4,2,349.0
22528,SYN003286,d4,2,99.0
22529,SYN003286,bv1,1,149.0
22530,SYN003287,f3,1,149.0
22531,SYN003287,v5,1,149.0
22532,SYN003287,s2,3,249.0
22533,SYN003287,f5,3,99.0
22534,SYN003287,d4,1,99.0
22535,SYN003288,d5,1,249.0
22536,SYN003288,f4,1,199.0
22537,SYN003288,b2,1,249.0
22538,SYN003288,b5,1,299.0
22539,SYN003288,f3,1,149.0
22540,SYN003288,s3,2,99.0
22541,SYN003288,b4,3,599.0
22542,SYN003289,b1,1,199.0
22543,SYN003289,b3,2,199.0
22544,SYN003289,s1,2,399.0
22545,SYN003289,d4,1,99.0
22546,SYN003289,s5,2,199.0
22547,SYN003289,d2,1,249.0
22548,SYN003289,b5,1,299.0
22549,SYN003289,s3,1,99.0
22550,SYN003289,f1,1,249.0
22551,SYN003290,f5,3,99.0
22552,SYN003290,b5,1,299.0
22553,SYN003290,f1,1,249.0
22554,SYN003290,bv4,2,349.0
22555,SYN003290,s1,2,399.0
22556,SYN003290,v5,3,149.0
22557,SYN003290,bv2,2,249.0
22558,SYN003291,f5,3,99.0
22559,SYN003291,f1,1,249.0
22560,SYN003291,b2,1,249.0
22561,SYN003291,f3,2,149.0
22562,SYN003291,s4,3,299.0
22563,SYN003291,s2,3,249.0
22564,SYN003291,s3,3,99.0
22565,SYN003291,b4,2,599.0
22566,SYN003291,b5,1,299.0
22567,SYN003291,bv3,1,199.0
22568,SYN003292,bv3,1,199.0
22569,SYN003292,f5,2,99.0
22570,SYN003292,f2,2,49.0
22571,SYN003292,s5,2,199.0
22572,SYN003292,f1,1,249.0
22573,SYN003293,f2,3,49.0
22574,SYN003293,b1,1,199.0
22575,SYN003293,d3,2,179.0
22576,SYN003293,s3,3,99.0
22577,SYN003293,bv4,1,349.0
22578,SYN003293,f6,1,179.0
22579,SYN003294,f1,3,249.0
22580,SYN003294,s1,2,399.0
22581,SYN003294,b5,3,299.0
22582,SYN003294,f3,2,149.0
22583,SYN003294,f4,2,199.0
22584,SYN003294,b4,3,599.0
22585,SYN003295,s3,2,99.0
22586,SYN003295,bv2,3,249.0
22587,SYN003295,bv1,1,149.0
22588,SYN003295,f4,2,199.0
22589,SYN003295,s1,1,399.0
22590,SYN003295,f5,2,99.0
22591,SYN003295,s2,3,249.0
22592,SYN003295,f6,1,179.0
22593,SYN003296,bv2,2,249.0
22594,SYN003296,f1,2,249.0
22595,SYN003296,s2,2,249.0
22596,SYN003296,b5,1,299.0
22597,SYN003296,d1,1,69.0
22598,SYN003297,s1,2,399.0
22599,SYN003297,bv4,2,349.0
22600,SYN003297,s5,3,199.0
22601,SYN003297,b3,2,199.0
22602,SYN003297,v3,2,79.0
22603,SYN003298,b1,3,199.0
22604,SYN003298,bv4,1,349.0
22605,SYN003298,f6,2,179.0
22606,SYN003298,v2,2,49.0
22607,SYN003298,b2,2,249.0
22608,SYN003298,bv3,3,199.0
22609,SYN003298,f4,1,199.0
22610,SYN003299,b4,3,599.0
22611,SYN003299,bv2,3,249.0
22612,SYN003299,b3,2,199.0
22613,SYN003299,f2,3,49.0
22614,SYN003299,bv4,3,349.0
22615,SYN003299,b1,1,199.0
22616,SYN003299,s2,3,249.0
22617,SYN003299,s1,1,399.0
22618,SYN003299,s4,1,299.0
22619,SYN003299,v5,2,149.0
22620,SYN003300,b1,3,199.0
22621,SYN003300,bv3,1,199.0
22622,SYN003300,f5,1,99.0
22623,SYN003300,bv4,1,349.0
22624,SYN003300,f2,1,49.0
22625,SYN003300,bv2,1,249.0
22626,SYN003300,v5,2,149.0
22627,SYN003300,b5,1,299.0
22628,SYN003300,b3,3,199.0
22629,SYN003301,f3,2,149.0
22630,SYN003301,b5,1,299.0
22631,SYN003301,f5,2,99.0
22632,SYN003301,s3,2,99.0
22633,SYN003301,bv1,1,149.0
22634,SYN003301,s4,2,299.0
22635,SYN003301,bv4,2,349.0
22636,SYN003302,b1,1,199.0
22637,SYN003302,s3,1,99.0
22638,SYN003302,b5,3,299.0
22639,SYN003302,f6,1,179.0
22640,SYN003302,s2,3,249.0
22641,SYN003302,b4,3,599.0
22642,SYN003302,f2,2,49.0
22643,SYN003302,s4,3,299.0
22644,SYN003303,f5,3,99.0
22645,SYN003303,bv1,3,149.0
22646,SYN003303,f1,1,249.0
22647,SYN003303,b4,3,599.0
22648,SYN003303,s5,1,199.0
22649,SYN003304,b3,2,199.0
22650,SYN003304,s5,2,199.0
22651,SYN003304,b2,3,249.0
22652,SYN003304,f1,2,249.0
22653,SYN003304,bv2,1,249.0
22654,SYN003304,f4,1,199.0
22655,SYN003304,s1,2,399.0
22656,SYN003304,bv3,1,199.0
22657,SYN003304,f6,3,179.0
22658,SYN003304,v4,1,39.0
22659,SYN003305,f6,3,179.0
22660,SYN003305,bv4,2,349.0
22661,SYN003305,bv2,2,249.0
22662,SYN003305,b2,3,249.0
22663,SYN003305,f3,1,149.0
22664,SYN003305,bv3,2,199.0
22665,SYN003305,s1,1,399.0
22666,SYN003305,f4,1,199.0
22667,SYN003305,s5,2,199.0
22668,SYN003305,bv1,1,149.0
22669,SYN003306,s2,3,249.0
22670,SYN003306,f4,2,199.0
22671,SYN003306,s3,3,99.0
22672,SYN003306,f1,1,249.0
22673,SYN003306,bv4,1,349.0
22674,SYN003306,bv1,1,149.0
22675,SYN003306,v3,1,79.0
22676,SYN003306,d1,3,69.0
22677,SYN003307,f4,3,199.0
22678,SYN003307,bv1,1,149.0
22679,SYN003307,f5,2,99.0
22680,SYN003307,v5,3,149.0
22681,SYN003307,f2,1,49.0
22682,SYN003307,bv3,3,199.0
22683,SYN003308,s1,3,399.0
22684,SYN003308,bv1,2,149.0
22685,SYN003308,b3,3,199.0
22686,SYN003308,v6,1,29.0
22687,SYN003308,b4,2,599.0
22688,SYN003308,bv3,1,199.0
22689,SYN003308,f6,1,179.0
22690,SYN003308,f1,3,249.0
22691,SYN003308,b2,2,249.0
22692,SYN003309,s5,2,199.0
22693,SYN003309,bv1,2,149.0
22694,SYN003309,b5,1,299.0
22695,SYN003309,b1,3,199.0
22696,SYN003309,s1,3,399.0
22697,SYN003309,d5,2,249.0
22698,SYN003309,s3,2,99.0
22699,SYN003309,v4,1,39.0
22700,SYN003310,bv3,1,199.0
22701,SYN003310,s4,2,299.0
22702,SYN003310,f4,1,199.0
22703,SYN003310,f2,3,49.0
22704,SYN003310,bv4,2,349.0
22705,SYN003310,f5,1,99.0
22706,SYN003310,f6,2,179.0
22707,SYN003310,b3,1,199.0
22708,SYN003310,bv1,1,149.0
22709,SYN003311,s5,1,199.0
22710,SYN003311,d3,2,179.0
22711,SYN003311,f5,3,99.0
22712,SYN003311,b5,2,299.0
22713,SYN003311,b2,1,249.0
22714,SYN003312,v1,3,89.0
22715,SYN003312,f1,3,249.0
22716,SYN003312,f5,1,99.0
22717,SYN003312,s4,2,299.0
22718,SYN003312,b1,1,199.0
22719,SYN003312,f4,1,199.0
22720,SYN003312,b4,2,599.0
22721,SYN003313,s1,2,399.0
22722,SYN003313,b2,3,249.0
22723,SYN003313,b5,3,299.0
22724,SYN003313,s5,1,199.0
22725,SYN003313,b3,3,199.0
22726,SYN003313,f3,2,149.0
22727,SYN003314,v1,3,89.0
22728,SYN003314,s5,3,199.0
22729,SYN003314,d4,3,99.0
22730,SYN003314,bv3,2,199.0
22731,SYN003314,f6,3,179.0
22732,SYN003314,s4,2,299.0
22733,SYN003314,v2,2,49.0
22734,SYN003315,bv4,2,349.0
22735,SYN003315,s1,1,399.0
22736,SYN003315,bv1,2,149.0
22737,SYN003315,f5,1,99.0
22738,SYN003315,d1,2,69.0
22739,SYN003316,s4,1,299.0
22740,SYN003316,b3,3,199.0
22741,SYN003316,s3,1,99.0
22742,SYN003316,f4,1,199.0
22743,SYN003316,s2,2,249.0
22744,SYN003316,f2,3,49.0
22745,SYN003317,bv1,1,149.0
22746,SYN003317,s1,1,399.0
22747,SYN003317,f4,3,199.0
22748,SYN003317,s3,3,99.0
22749,SYN003317,b4,3,599.0
22750,SYN003317,bv4,3,349.0
22751,SYN003317,b1,2,199.0
22752,SYN003317,bv2,3,249.0
22753,SYN003318,s2,1,249.0
22754,SYN003318,bv2,1,249.0
22755,SYN003318,bv1,1,149.0
22756,SYN003318,f5,1,99.0
22757,SYN003318,s3,2,99.0
22758,SYN003318,b2,3,249.0
22759,SYN003318,s5,3,199.0
22760,SYN003319,b1,2,199.0
22761,SYN003319,v2,2,49.0
22762,SYN003319,f5,2,99.0
22763,SYN003319,v1,3,89.0
22764,SYN003319,b4,2,599.0
22765,SYN003319,bv1,3,149.0
22766,SYN003319,s5,1,199.0
22767,SYN003320,f2,3,49.0
22768,SYN003320,s4,2,299.0
22769,SYN003320,bv2,2,249.0
22770,SYN003320,s5,2,199.0
22771,SYN003320,s1,1,399.0
22772,SYN003320,v5,2,149.0
22773,SYN003320,b4,3,599.0
22774,SYN003320,f4,1,199.0
22775,SYN003321,f1,1,249.0
22776,SYN003321,bv4,2,349.0
22777,SYN003321,b1,2,199.0
22778,SYN003321,d3,2,179.0
22779,SYN003321,f5,1,99.0
22780,SYN003321,s1,3,399.0
22781,SYN003321,v3,2,79.0
22782,SYN003321,bv2,2,249.0
22783,SYN003321,b5,3,299.0
22784,SYN003322,v1,3,89.0
22785,SYN003322,v4,2,39.0
22786,SYN003322,v2,2,49.0
22787,SYN003322,v5,1,149.0
22788,SYN003322,bv3,3,199.0
22789,SYN003322,b3,3,199.0
22790,SYN003322,d3,3,179.0
22791,SYN003322,b2,3,249.0
22792,SYN003322,bv1,1,149.0
22793,SYN003322,d4,3,99.0
22794,SYN003322,bv4,3,349.0
22795,SYN003322,f6,3,179.0
22796,SYN003322,s5,1,199.0
22797,SYN003322,b4,2,599.0
22798,SYN003323,v3,2,79.0
22799,SYN003323,f1,2,249.0
22800,SYN003323,d3,2,179.0
22801,SYN003323,v1,2,89.0
22802,SYN003323,s3,2,99.0
22803,SYN003323,d4,2,99.0
22804,SYN003323,d1,3,69.0
22805,SYN003323,bv3,3,199.0
22806,SYN003323,s5,1,199.0
22807,SYN003323,bv1,3,149.0
22808,SYN003323,bv4,2,349.0
22809,SYN003323,v4,3,39.0
22810,SYN003323,v6,2,29.0
22811,SYN003323,s1,1,399.0
22812,SYN003323,v2,2,49.0
22813,SYN003324,d2,3,249.0
22814,SYN003324,s3,2,99.0
22815,SYN003324,f5,3,99.0
22816,SYN003324,bv4,2,349.0
22817,SYN003324,bv3,2,199.0
22818,SYN003324,f3,3,149.0
22819,SYN003324,s5,2,199.0
22820,SYN003324,s4,2,299.0
22821,SYN003324,v3,3,79.0
22822,SYN003324,d5,3,249.0
22823,SYN003324,v5,2,149.0
22824,SYN003324,d4,2,99.0
22825,SYN003324,s1,2,399.0
22826,SYN003324,f6,1,179.0
22827,SYN003325,d3,3,179.0
22828,SYN003325,bv4,2,349.0
22829,SYN003325,v4,2,39.0
22830,SYN003325,bv1,3,149.0
22831,SYN003325,v6,1,29.0
22832,SYN003325,v5,2,149.0
22833,SYN003325,d5,1,249.0
22834,SYN003325,f1,3,249.0
22835,SYN003325,d2,2,249.0
22836,SYN003325,s5,3,199.0
22837,SYN003326,s1,2,399.0
22838,SYN003326,v1,1,89.0
22839,SYN003326,d3,1,179.0
22840,SYN003326,s4,2,299.0
22841,SYN003326,bv3,3,199.0
22842,SYN003326,d4,2,99.0
22843,SYN003326,s3,2,99.0
22844,SYN003326,v5,1,149.0
22845,SYN003326,b5,1,299.0
22846,SYN003326,d5,3,249.0
22847,SYN003326,v2,1,49.0
22848,SYN003326,v6,2,29.0
22849,SYN003327,s3,2,99.0
22850,SYN003327,v2,3,49.0
22851,SYN003327,s5,3,199.0
22852,SYN003327,v6,2,29.0
22853,SYN003327,s4,2,299.0
22854,SYN003327,bv2,3,249.0
22855,SYN003327,b2,3,249.0
22856,SYN003327,d5,2,249.0
22857,SYN003327,d3,2,179.0
22858,SYN003327,bv4,3,349.0
22859,SYN003328,d2,1,249.0
22860,SYN003328,v2,2,49.0
22861,SYN003328,s4,2,299.0
22862,SYN003328,v5,2,149.0
22863,SYN003328,bv1,2,149.0
22864,SYN003328,s5,1,199.0
22865,SYN003328,s1,2,399.0
22866,SYN003328,s3,1,99.0
22867,SYN003328,d4,2,99.0
22868,SYN003328,s2,1,249.0
22869,SYN003328,d5,2,249.0
22870,SYN003329,d2,1,249.0
22871,SYN003329,s3,3,99.0
22872,SYN003329,s5,3,199.0
22873,SYN003329,d1,1,69.0
22874,SYN003329,d5,3,249.0
22875,SYN003329,b2,1,249.0
22876,SYN003329,d4,3,99.0
22877,SYN003329,bv3,2,199.0
22878,SYN003330,s2,2,249.0
22879,SYN003330,s1,3,399.0
22880,SYN003330,s3,3,99.0
22881,SYN003330,b2,1,249.0
22882,SYN003330,d3,3,179.0
22883,SYN003330,s4,1,299.0
22884,SYN003330,v5,3,149.0
22885,SYN003330,v6,3,29.0
22886,SYN003330,b1,3,199.0
22887,SYN003330,v3,1,79.0
22888,SYN003330,b5,3,299.0
22889,SYN003330,v2,3,49.0
22890,SYN003331,s5,1,199.0
22891,SYN003331,v5,1,149.0
22892,SYN003331,b1,3,199.0
22893,SYN003331,s2,3,249.0
22894,SYN003331,bv1,3,149.0
22895,SYN003331,v2,3,49.0
22896,SYN003331,d5,3,249.0
22897,SYN003331,v1,3,89.0
22898,SYN003331,f5,2,99.0
22899,SYN003331,v6,3,29.0
22900,SYN003331,s3,1,99.0
22901,SYN003332,v6,2,29.0
22902,SYN003332,bv2,1,249.0
22903,SYN003332,d5,3,249.0
22904,SYN003332,s1,1,399.0
22905,SYN003332,d1,2,69.0
22906,SYN003332,f2,2,49.0
22907,SYN003332,d2,2,249.0
22908,SYN003332,v3,1,79.0
22909,SYN003332,s2,1,249.0
22910,SYN003332,s5,2,199.0
22911,SYN003333,s4,1,299.0
22912,SYN003333,d1,1,69.0
22913,SYN003333,d3,2,179.0
22914,SYN003333,bv2,1,249.0
22915,SYN003333,f5,2,99.0
22916,SYN003333,v1,2,89.0
22917,SYN003333,v2,1,49.0
22918,SYN003333,v3,2,79.0
22919,SYN003333,f4,2,199.0
22920,SYN003333,bv4,1,349.0
22921,SYN003333,f2,3,49.0
22922,SYN003333,v5,2,149.0
22923,SYN003333,s1,1,399.0
22924,SYN003333,d5,3,249.0
22925,SYN003333,v6,3,29.0
22926,SYN003334,v4,2,39.0
22927,SYN003334,f6,2,179.0
22928,SYN003334,d2,3,249.0
22929,SYN003334,bv4,2,349.0
22930,SYN003334,bv3,3,199.0
22931,SYN003334,s5,1,199.0
22932,SYN003334,d5,2,249.0
22933,SYN003334,bv2,3,249.0
22934,SYN003334,d4,1,99.0
22935,SYN003334,s4,2,299.0
22936,SYN003335,d1,3,69.0
22937,SYN003335,s1,2,399.0
22938,SYN003335,bv4,1,349.0
22939,SYN003335,s3,3,99.0
22940,SYN003335,s5,2,199.0
22941,SYN003335,bv2,1,249.0
22942,SYN003335,d2,3,249.0
22943,SYN003335,s4,3,299.0
22944,SYN003335,d4,2,99.0
22945,SYN003335,v1,2,89.0
22946,SYN003335,v2,1,49.0
22947,SYN003335,d5,2,249.0
22948,SYN003335,b2,1,249.0
22949,SYN003336,d3,2,179.0
22950,SYN003336,v2,2,49.0
22951,SYN003336,s2,1,249.0
22952,SYN003336,v5,1,149.0
22953,SYN003336,v3,2,79.0
22954,SYN003336,d4,2,99.0
22955,SYN003336,s1,1,399.0
22956,SYN003336,d2,2,249.0
22957,SYN003336,v1,1,89.0
22958,SYN003336,bv1,1,149.0
22959,SYN003336,b3,3,199.0
22960,SYN003336,bv4,2,349.0
22961,SYN003336,v4,1,39.0
22962,SYN003336,d1,2,69.0
22963,SYN003336,s5,1,199.0
22964,SYN003337,d5,2,249.0
22965,SYN003337,v2,3,49.0
22966,SYN003337,s5,3,199.0
22967,SYN003337,d4,1,99.0
22968,SYN003337,bv2,1,249.0
22969,SYN003337,bv3,3,199.0
22970,SYN003337,v5,1,149.0
22971,SYN003337,d3,2,179.0
22972,SYN003337,s4,1,299.0
22973,SYN003337,v1,2,89.0
22974,SYN003337,d2,2,249.0
22975,SYN003337,s2,1,249.0
22976,SYN003338,s3,3,99.0
22977,SYN003338,f6,3,179.0
22978,SYN003338,d4,2,99.0
22979,SYN003338,d5,3,249.0
22980,SYN003338,v6,2,29.0
22981,SYN003338,f4,3,199.0
22982,SYN003338,bv3,1,199.0
22983,SYN003338,s5,1,199.0
22984,SYN003338,s2,3,249.0
22985,SYN003338,s4,2,299.0
22986,SYN003338,s1,2,399.0
22987,SYN003339,v3,2,79.0
22988,SYN003339,s2,1,249.0
22989,SYN003339,s5,2,199.0
22990,SYN003339,d3,2,179.0
22991,SYN003339,f5,1,99.0
22992,SYN003339,d4,3,99.0
22993,SYN003339,bv4,2,349.0
22994,SYN003339,d2,1,249.0
22995,SYN003339,d1,1,69.0
22996,SYN003339,s4,3,299.0
22997,SYN003339,bv1,1,149.0
22998,SYN003340,v4,2,39.0
22999,SYN003340,d3,2,179.0
23000,SYN003340,f1,2,249.0
23001,SYN003340,bv3,3,199.0
23002,SYN003340,v2,1,49.0
23003,SYN003340,v5,2,149.0
23004,SYN003340,d5,1,249.0
23005,SYN003340,bv2,1,249.0
23006,SYN003340,v6,1,29.0
23007,SYN003340,s4,3,299.0
23008,SYN003340,s5,1,199.0
23009,SYN003340,bv1,2,149.0
23010,SYN003340,f6,1,179.0
23011,SYN003341,bv2,2,249.0
23012,SYN003341,bv1,2,149.0
23013,SYN003341,d2,3,249.0
23014,SYN003341,v1,3,89.0
23015,SYN003341,s3,3,99.0
23016,SYN003341,bv4,3,349.0
23017,SYN003341,d5,1,249.0
23018,SYN003341,d4,2,99.0
23019,SYN003341,v6,2,29.0
23020,SYN003341,s1,1,399.0
23021,SYN003341,s2,1,249.0
23022,SYN003341,v2,1,49.0
23023,SYN003342,d2,3,249.0
23024,SYN003342,s5,1,199.0
23025,SYN003342,f2,1,49.0
23026,SYN003342,bv4,3,349.0
23027,SYN003342,s4,3,299.0
23028,SYN003342,bv2,1,249.0
23029,SYN003342,d4,2,99.0
23030,SYN003342,bv3,3,199.0
23031,SYN003342,d5,2,249.0
23032,SYN003343,v6,1,29.0
23033,SYN003343,d2,2,249.0
23034,SYN003343,s2,3,249.0
23035,SYN003343,v3,2,79.0
23036,SYN003343,d5,3,249.0
23037,SYN003343,d1,2,69.0
23038,SYN003343,v4,2,39.0
23039,SYN003343,bv2,3,249.0
23040,SYN003343,v2,3,49.0
23041,SYN003343,bv1,2,149.0
23042,SYN003344,s3,2,99.0
23043,SYN003344,v5,3,149.0
23044,SYN003344,v4,2,39.0
23045,SYN003344,v2,2,49.0
23046,SYN003344,d1,2,69.0
23047,SYN003344,s1,1,399.0
23048,SYN003344,s2,1,249.0
23049,SYN003344,d4,3,99.0
23050,SYN003344,d2,2,249.0
23051,SYN003344,bv3,3,199.0
23052,SYN003344,s4,3,299.0
23053,SYN003344,v1,2,89.0
23054,SYN003344,bv1,2,149.0
23055,SYN003344,b4,1,599.0
23056,SYN003344,f2,2,49.0
23057,SYN003345,d5,3,249.0
23058,SYN003345,d4,1,99.0
23059,SYN003345,s3,1,99.0
23060,SYN003345,s1,2,399.0
23061,SYN003345,bv2,1,249.0
23062,SYN003345,bv3,2,199.0
23063,SYN003345,f4,1,199.0
23064,SYN003345,s5,2,199.0
23065,SYN003345,v6,3,29.0
23066,SYN003345,bv4,3,349.0
23067,SYN003345,d2,1,249.0
23068,SYN003345,d1,3,69.0
23069,SYN003345,d3,3,179.0
23070,SYN003346,d4,3,99.0
23071,SYN003346,d1,2,69.0
23072,SYN003346,d5,3,249.0
23073,SYN003346,bv3,2,199.0
23074,SYN003346,v6,2,29.0
23075,SYN003346,bv2,3,249.0
23076,SYN003346,v2,3,49.0
23077,SYN003346,f5,2,99.0
23078,SYN003346,bv1,3,149.0
23079,SYN003346,s4,3,299.0
23080,SYN003346,d2,3,249.0
23081,SYN003346,b3,1,199.0
23082,SYN003346,v4,2,39.0
23083,SYN003346,v5,3,149.0
23084,SYN003346,f4,3,199.0
23085,SYN003347,d3,2,179.0
23086,SYN003347,d4,2,99.0
23087,SYN003347,f6,2,179.0
23088,SYN003347,bv3,3,199.0
23089,SYN003347,d2,1,249.0
23090,SYN003347,s3,1,99.0
23091,SYN003347,s5,1,199.0
23092,SYN003347,v1,3,89.0
23093,SYN003347,s1,1,399.0
23094,SYN003347,v3,3,79.0
23095,SYN003347,v2,1,49.0
23096,SYN003348,bv2,2,249.0
23097,SYN003348,s1,3,399.0
23098,SYN003348,v6,2,29.0
23099,SYN003348,d1,1,69.0
23100,SYN003348,s2,3,249.0
23101,SYN003348,bv3,3,199.0
23102,SYN003348,d4,3,99.0
23103,SYN003348,d5,1,249.0
23104,SYN003348,v1,1,89.0
23105,SYN003348,v2,3,49.0
23106,SYN003348,s3,3,99.0
23107,SYN003348,d3,1,179.0
23108,SYN003348,s4,3,299.0
23109,SYN003348,v5,3,149.0
23110,SYN003348,s5,1,199.0
23111,SYN003349,v3,3,79.0
23112,SYN003349,bv4,1,349.0
23113,SYN003349,d2,1,249.0
23114,SYN003349,s2,1,249.0
23115,SYN003349,f3,2,149.0
23116,SYN003349,d5,1,249.0
23117,SYN003349,b4,3,599.0
23118,SYN003349,v6,2,29.0
23119,SYN003350,v5,3,149.0
23120,SYN003350,v6,3,29.0
23121,SYN003350,s1,2,399.0
23122,SYN003350,bv1,3,149.0
23123,SYN003350,s3,2,99.0
23124,SYN003350,d3,1,179.0
23125,SYN003350,v3,1,79.0
23126,SYN003350,v1,2,89.0
23127,SYN003350,bv3,2,199.0
23128,SYN003351,v3,1,79.0
23129,SYN003351,bv3,3,199.0
23130,SYN003351,s1,3,399.0
23131,SYN003351,b2,2,249.0
23132,SYN003351,d5,3,249.0
23133,SYN003351,d4,2,99.0
23134,SYN003351,v6,1,29.0
23135,SYN003351,bv4,1,349.0
23136,SYN003352,d2,1,249.0
23137,SYN003352,b3,3,199.0
23138,SYN003352,d3,1,179.0
23139,SYN003352,d4,1,99.0
23140,SYN003352,v5,2,149.0
23141,SYN003352,s5,3,199.0
23142,SYN003352,bv1,2,149.0
23143,SYN003352,s2,2,249.0
23144,SYN003352,d1,3,69.0
23145,SYN003353,v2,2,49.0
23146,SYN003353,d3,2,179.0
23147,SYN003353,b2,2,249.0
23148,SYN003353,s4,1,299.0
23149,SYN003353,d4,1,99.0
23150,SYN003353,f1,1,249.0
23151,SYN003353,bv1,3,149.0
23152,SYN003353,bv3,2,199.0
23153,SYN003353,s1,1,399.0
23154,SYN003353,d1,2,69.0
23155,SYN003353,s5,1,199.0
23156,SYN003353,d5,3,249.0
23157,SYN003353,v5,1,149.0
23158,SYN003354,bv4,2,349.0
23159,SYN003354,d1,3,69.0
23160,SYN003354,s2,2,249.0
23161,SYN003354,v4,2,39.0
23162,SYN003354,bv1,3,149.0
23163,SYN003354,d3,1,179.0
23164,SYN003354,bv2,1,249.0
23165,SYN003354,d4,1,99.0
23166,SYN003354,s5,2,199.0
23167,SYN003354,b1,1,199.0
23168,SYN003354,v3,3,79.0
23169,SYN003354,s1,2,399.0
23170,SYN003354,f1,1,249.0
23171,SYN003354,bv3,2,199.0
23172,SYN003354,v6,3,29.0
23173,SYN003355,v4,2,39.0
23174,SYN003355,d4,1,99.0
23175,SYN003355,v3,2,79.0
23176,SYN003355,s5,2,199.0
23177,SYN003355,s4,1,299.0
23178,SYN003355,d5,2,249.0
23179,SYN003355,v6,1,29.0
23180,SYN003355,d1,3,69.0
23181,SYN003355,f3,2,149.0
23182,SYN003355,v5,2,149.0
23183,SYN003355,f5,3,99.0
23184,SYN003355,bv3,2,199.0
23185,SYN003356,bv3,3,199.0
23186,SYN003356,d2,1,249.0
23187,SYN003356,s2,1,249.0
23188,SYN003356,d1,2,69.0
23189,SYN003356,v1,3,89.0
23190,SYN003356,s5,3,199.0
23191,SYN003356,v5,1,149.0
23192,SYN003356,v2,1,49.0
23193,SYN003356,f1,2,249.0
23194,SYN003356,v4,1,39.0
23195,SYN003356,v3,2,79.0
23196,SYN003356,s3,2,99.0
23197,SYN003356,bv1,3,149.0
23198,SYN003357,s2,3,249.0
23199,SYN003357,b1,3,199.0
23200,SYN003357,s3,1,99.0
23201,SYN003357,bv1,3,149.0
23202,SYN003357,d4,2,99.0
23203,SYN003357,v2,2,49.0
23204,SYN003357,b4,3,599.0
23205,SYN003357,d1,3,69.0
23206,SYN003357,bv3,2,199.0
23207,SYN003357,bv2,3,249.0
23208,SYN003358,bv4,1,349.0
23209,SYN003358,s2,2,249.0
23210,SYN003358,d1,3,69.0
23211,SYN003358,d2,1,249.0
23212,SYN003358,v4,3,39.0
23213,SYN003358,bv3,3,199.0
23214,SYN003358,bv1,3,149.0
23215,SYN003358,v6,2,29.0
23216,SYN003358,d3,2,179.0
23217,SYN003358,v5,2,149.0
23218,SYN003358,v1,3,89.0
23219,SYN003358,bv2,2,249.0
23220,SYN003359,v3,2,79.0
23221,SYN003359,v2,3,49.0
23222,SYN003359,bv4,1,349.0
23223,SYN003359,v5,1,149.0
23224,SYN003359,d1,1,69.0
23225,SYN003359,d3,2,179.0
23226,SYN003359,f5,2,99.0
23227,SYN003359,v6,3,29.0
23228,SYN003359,bv2,1,249.0
23229,SYN003359,f2,1,49.0
23230,SYN003359,v1,3,89.0
23231,SYN003359,s5,2,199.0
23232,SYN003359,s1,1,399.0
23233,SYN003359,s2,3,249.0
23234,SYN003359,d4,1,99.0
23235,SYN003360,d2,2,249.0
23236,SYN003360,d3,3,179.0
23237,SYN003360,s5,2,199.0
23238,SYN003360,v3,2,79.0
23239,SYN003360,s4,1,299.0
23240,SYN003360,v6,1,29.0
23241,SYN003360,v1,2,89.0
23242,SYN003360,s1,2,399.0
23243,SYN003360,b3,3,199.0
23244,SYN003360,bv1,3,149.0
23245,SYN003360,v5,2,149.0
23246,SYN003360,b5,3,299.0
23247,SYN003361,f3,2,149.0
23248,SYN003361,v4,1,39.0
23249,SYN003361,v2,2,49.0
23250,SYN003361,s5,1,199.0
23251,SYN003361,v1,2,89.0
23252,SYN003361,d2,3,249.0
23253,SYN003361,s4,3,299.0
23254,SYN003361,bv3,2,199.0
23255,SYN003362,s1,2,399.0
23256,SYN003362,v4,3,39.0
23257,SYN003362,bv2,3,249.0
23258,SYN003362,v1,3,89.0
23259,SYN003362,v3,1,79.0
23260,SYN003362,d4,2,99.0
23261,SYN003362,bv1,2,149.0
23262,SYN003362,s4,3,299.0
23263,SYN003363,s5,2,199.0
23264,SYN003363,d5,3,249.0
23265,SYN003363,bv1,2,149.0
23266,SYN003363,d3,2,179.0
23267,SYN003363,s2,3,249.0
23268,SYN003363,d1,3,69.0
23269,SYN003363,v5,2,149.0
23270,SYN003363,d2,1,249.0
23271,SYN003363,s1,2,399.0
23272,SYN003363,v3,3,79.0
23273,SYN003363,bv2,3,249.0
23274,SYN003363,v1,1,89.0
23275,SYN003363,f1,1,249.0
23276,SYN003363,bv3,3,199.0
23277,SYN003363,v2,1,49.0
23278,SYN003364,d3,1,179.0
23279,SYN003364,d2,3,249.0
23280,SYN003364,bv4,3,349.0
23281,SYN003364,s4,2,299.0
23282,SYN003364,v1,2,89.0
23283,SYN003364,v5,1,149.0
23284,SYN003364,b4,1,599.0
23285,SYN003364,v4,1,39.0
23286,SYN003364,bv3,2,199.0
23287,SYN003365,d1,2,69.0
23288,SYN003365,bv3,3,199.0
23289,SYN003365,v2,1,49.0
23290,SYN003365,f2,1,49.0
23291,SYN003365,s5,1,199.0
23292,SYN003365,bv2,1,249.0
23293,SYN003365,d3,2,179.0
23294,SYN003365,v3,2,79.0
23295,SYN003365,d4,3,99.0
23296,SYN003365,v4,1,39.0
23297,SYN003365,v1,1,89.0
23298,SYN003365,b1,1,199.0
23299,SYN003366,f3,2,149.0
23300,SYN003366,s1,1,399.0
23301,SYN003366,bv3,3,199.0
23302,SYN003366,bv2,1,249.0
23303,SYN003366,v1,2,89.0
23304,SYN003366,d5,1,249.0
23305,SYN003366,bv1,3,149.0
23306,SYN003366,d2,1,249.0
23307,SYN003366,s2,3,249.0
23308,SYN003366,v4,3,39.0
23309,SYN003366,d3,2,179.0
23310,SYN003366,v2,3,49.0
23311,SYN003366,s5,2,199.0
23312,SYN003366,s3,1,99.0
23313,SYN003367,s2,3,249.0
23314,SYN003367,f3,2,149.0
23315,SYN003367,d2,3,249.0
23316,SYN003367,s4,2,299.0
23317,SYN003367,d1,2,69.0
23318,SYN003367,v3,2,79.0
23319,SYN003367,v2,3,49.0
23320,SYN003367,s5,3,199.0
23321,SYN003368,s4,2,299.0
23322,SYN003368,bv3,1,199.0
23323,SYN003368,f5,2,99.0
23324,SYN003368,s2,1,249.0
23325,SYN003368,bv1,2,149.0
23326,SYN003368,d5,1,249.0
23327,SYN003368,v3,2,79.0
23328,SYN003368,v2,3,49.0
23329,SYN003368,v5,1,149.0
23330,SYN003368,v1,3,89.0
23331,SYN003368,bv2,1,249.0
23332,SYN003368,d3,3,179.0
23333,SYN003368,f1,2,249.0
23334,SYN003368,v4,1,39.0
23335,SYN003368,d4,1,99.0
23336,SYN003369,v1,1,89.0
23337,SYN003369,s4,1,299.0
23338,SYN003369,bv2,3,249.0
23339,SYN003369,d2,2,249.0
23340,SYN003369,v6,1,29.0
23341,SYN003369,v2,3,49.0
23342,SYN003369,s1,2,399.0
23343,SYN003369,f5,3,99.0
23344,SYN003369,v5,2,149.0
23345,SYN003369,s5,2,199.0
23346,SYN003370,d2,2,249.0
23347,SYN003370,bv4,1,349.0
23348,SYN003370,bv2,1,249.0
23349,SYN003370,bv3,3,199.0
23350,SYN003370,d3,2,179.0
23351,SYN003370,v4,1,39.0
23352,SYN003370,bv1,2,149.0
23353,SYN003370,s4,1,299.0
23354,SYN003370,s5,3,199.0
23355,SYN003370,f1,1,249.0
23356,SYN003370,v2,3,49.0
23357,SYN003370,s1,3,399.0
23358,SYN003370,b3,3,199.0
23359,SYN003370,d4,3,99.0
23360,SYN003371,s3,1,99.0
23361,SYN003371,v3,3,79.0
23362,SYN003371,v5,2,149.0
23363,SYN003371,bv2,1,249.0
23364,SYN003371,d4,3,99.0
23365,SYN003371,v2,1,49.0
23366,SYN003371,d2,2,249.0
23367,SYN003371,d5,1,249.0
23368,SYN003371,f6,3,179.0
23369,SYN003371,v4,2,39.0
23370,SYN003371,s1,1,399.0
23371,SYN003371,v1,3,89.0
23372,SYN003372,f6,1,179.0
23373,SYN003372,s3,3,99.0
23374,SYN003372,v4,1,39.0
23375,SYN003372,f1,2,249.0
23376,SYN003372,v2,1,49.0
23377,SYN003372,d3,1,179.0
23378,SYN003372,bv3,1,199.0
23379,SYN003372,bv2,2,249.0
23380,SYN003372,bv4,2,349.0
23381,SYN003372,d5,1,249.0
23382,SYN003372,bv1,2,149.0
23383,SYN003372,s1,2,399.0
23384,SYN003372,f2,2,49.0
23385,SYN003373,v1,1,89.0
23386,SYN003373,d3,1,179.0
23387,SYN003373,bv4,2,349.0
23388,SYN003373,v4,3,39.0
23389,SYN003373,d4,1,99.0
23390,SYN003373,s4,3,299.0
23391,SYN003373,s2,1,249.0
23392,SYN003373,s5,2,199.0
23393,SYN003373,bv3,2,199.0
23394,SYN003374,v6,1,29.0
23395,SYN003374,d1,2,69.0
23396,SYN003374,f4,3,199.0
23397,SYN003374,bv1,1,149.0
23398,SYN003374,s5,2,199.0
23399,SYN003374,v2,1,49.0
23400,SYN003374,f6,1,179.0
23401,SYN003374,v3,2,79.0
23402,SYN003375,f4,2,199.0
23403,SYN003375,v3,3,79.0
23404,SYN003375,v6,3,29.0
23405,SYN003375,v5,3,149.0
23406,SYN003375,d4,2,99.0
23407,SYN003375,d3,2,179.0
23408,SYN003375,d2,2,249.0
23409,SYN003375,bv2,3,249.0
23410,SYN003375,s5,2,199.0
23411,SYN003375,b5,2,299.0
23412,SYN003375,s1,2,399.0
23413,SYN003376,bv1,3,149.0
23414,SYN003376,bv3,3,199.0
23415,SYN003376,v2,2,49.0
23416,SYN003376,d1,2,69.0
23417,SYN003376,bv4,2,349.0
23418,SYN003376,bv2,1,249.0
23419,SYN003376,v5,3,149.0
23420,SYN003376,v4,3,39.0
23421,SYN003376,f2,3,49.0
23422,SYN003376,b4,2,599.0
23423,SYN003376,b2,2,249.0
23424,SYN003377,bv4,1,349.0
23425,SYN003377,bv2,2,249.0
23426,SYN003377,v4,1,39.0
23427,SYN003377,s3,1,99.0
23428,SYN003377,v6,1,29.0
23429,SYN003377,f2,1,49.0
23430,SYN003377,v3,2,79.0
23431,SYN003377,f5,1,99.0
23432,SYN003377,s4,1,299.0
23433,SYN003377,v5,1,149.0
23434,SYN003377,s2,3,249.0
23435,SYN003377,bv1,3,149.0
23436,SYN003377,d5,1,249.0
23437,SYN003377,b4,2,599.0
23438,SYN003377,d1,1,69.0
23439,SYN003378,bv1,1,149.0
23440,SYN003378,s3,2,99.0
23441,SYN003378,s4,2,299.0
23442,SYN003378,bv3,2,199.0
23443,SYN003378,v6,3,29.0
23444,SYN003378,v3,3,79.0
23445,SYN003378,v4,1,39.0
23446,SYN003378,d4,3,99.0
23447,SYN003378,f3,1,149.0
23448,SYN003378,d3,3,179.0
23449,SYN003378,b4,2,599.0
23450,SYN003378,d1,3,69.0
23451,SYN003379,v5,3,149.0
23452,SYN003379,b3,1,199.0
23453,SYN003379,f4,3,199.0
23454,SYN003379,s5,3,199.0
23455,SYN003380,b5,2,299.0
23456,SYN003380,f2,3,49.0
23457,SYN003380,f6,1,179.0
23458,SYN003380,s3,3,99.0
23459,SYN003381,b5,1,299.0
23460,SYN003381,d1,3,69.0
23461,SYN003381,s3,1,99.0
23462,SYN003382,b2,3,249.0
23463,SYN003382,f6,3,179.0
23464,SYN003382,b1,1,199.0
23465,SYN003383,f4,1,199.0
23466,SYN003383,bv4,1,349.0
23467,SYN003384,d5,1,249.0
23468,SYN003384,b5,2,299.0
23469,SYN003384,f5,3,99.0
23470,SYN003385,b3,1,199.0
23471,SYN003385,bv2,1,249.0
23472,SYN003385,bv4,1,349.0
23473,SYN003385,f6,2,179.0
23474,SYN003386,v4,3,39.0
23475,SYN003386,f3,2,149.0
23476,SYN003387,f3,2,149.0
23477,SYN003387,v5,3,149.0
23478,SYN003387,v1,2,89.0
23479,SYN003387,bv1,1,149.0
23480,SYN003388,b4,3,599.0
23481,SYN003388,v5,2,149.0
23482,SYN003388,b2,3,249.0
23483,SYN003389,f3,2,149.0
23484,SYN003389,f1,1,249.0
23485,SYN003389,bv1,1,149.0
23486,SYN003389,b1,1,199.0
23487,SYN003390,b2,3,249.0
23488,SYN003390,f3,3,149.0
23489,SYN003390,b1,2,199.0
23490,SYN003390,f4,3,199.0
23491,SYN003391,b2,1,249.0
23492,SYN003391,b1,3,199.0
23493,SYN003392,f5,2,99.0
23494,SYN003392,b3,1,199.0
23495,SYN003392,f3,3,149.0
23496,SYN003392,f4,1,199.0
23497,SYN003393,b4,3,599.0
23498,SYN003393,f3,3,149.0
23499,SYN003394,b5,2,299.0
23500,SYN003394,v2,3,49.0
23501,SYN003395,f3,2,149.0
23502,SYN003395,f4,3,199.0
23503,SYN003395,bv1,3,149.0
23504,SYN003396,f4,3,199.0
23505,SYN003396,b4,3,599.0
23506,SYN003396,f1,1,249.0
23507,SYN003397,b1,1,199.0
23508,SYN003397,d2,2,249.0
23509,SYN003398,b1,3,199.0
23510,SYN003398,f1,3,249.0
23511,SYN003398,f5,3,99.0
23512,SYN003398,b4,2,599.0
23513,SYN003399,b3,2,199.0
23514,SYN003399,s1,2,399.0
23515,SYN003399,f3,2,149.0
23516,SYN003400,f2,3,49.0
23517,SYN003400,f5,1,99.0
23518,SYN003400,f4,3,199.0
23519,SYN003400,b2,1,249.0
23520,SYN003401,b4,3,599.0
23521,SYN003401,f2,2,49.0
23522,SYN003402,f5,2,99.0
23523,SYN003402,f2,1,49.0
23524,SYN003402,b3,3,199.0
23525,SYN003403,b1,2,199.0
23526,SYN003403,f3,2,149.0
23527,SYN003403,f5,1,99.0
23528,SYN003404,f4,1,199.0
23529,SYN003404,b2,3,249.0
23530,SYN003405,b3,3,199.0
23531,SYN003405,f6,1,179.0
23532,SYN003405,bv1,1,149.0
23533,SYN003405,b1,2,199.0
23534,SYN003406,b2,2,249.0
23535,SYN003406,f1,3,249.0
23536,SYN003406,b1,2,199.0
23537,SYN003407,f4,3,199.0
23538,SYN003407,f5,2,99.0
23539,SYN003407,b2,1,249.0
23540,SYN003407,s4,3,299.0
23541,SYN003407,f2,2,49.0
23542,SYN003407,f3,1,149.0
23543,SYN003407,v5,3,149.0
23544,SYN003407,bv1,1,149.0
23545,SYN003408,f1,3,249.0
23546,SYN003408,f5,1,99.0
23547,SYN003408,bv3,2,199.0
23548,SYN003408,v4,3,39.0
23549,SYN003408,bv1,2,149.0
23550,SYN003408,v2,2,49.0
23551,SYN003408,d5,3,249.0
23552,SYN003409,v2,3,49.0
23553,SYN003409,d3,3,179.0
23554,SYN003409,s5,1,199.0
23555,SYN003409,s2,2,249.0
23556,SYN003409,bv2,1,249.0
23557,SYN003409,b2,2,249.0
23558,SYN003409,b4,3,599.0
23559,SYN003409,s3,1,99.0
23560,SYN003410,f1,1,249.0
23561,SYN003410,bv2,3,249.0
23562,SYN003410,d3,3,179.0
23563,SYN003410,b1,2,199.0
23564,SYN003410,f5,1,99.0
23565,SYN003410,v5,1,149.0
23566,SYN003410,v6,1,29.0
23567,SYN003410,b3,2,199.0
23568,SYN003410,d1,1,69.0
23569,SYN003411,b1,1,199.0
23570,SYN003411,f4,3,199.0
23571,SYN003411,s4,1,299.0
23572,SYN003411,f1,2,249.0
23573,SYN003411,s2,2,249.0
23574,SYN003411,bv1,3,149.0
23575,SYN003412,d5,1,249.0
23576,SYN003412,v1,1,89.0
23577,SYN003412,v2,1,49.0
23578,SYN003412,d3,2,179.0
23579,SYN003412,bv1,1,149.0
23580,SYN003412,d2,2,249.0
23581,SYN003412,f4,2,199.0
23582,SYN003412,f5,3,99.0
23583,SYN003412,s1,2,399.0
23584,SYN003412,s3,2,99.0
23585,SYN003412,s4,2,299.0
23586,SYN003412,v4,1,39.0
23587,SYN003413,f3,2,149.0
23588,SYN003413,v5,1,149.0
23589,SYN003413,d1,2,69.0
23590,SYN003413,bv1,2,149.0
23591,SYN003413,v3,3,79.0
23592,SYN003413,v6,3,29.0
23593,SYN003414,s1,2,399.0
23594,SYN003414,d3,1,179.0
23595,SYN003414,f6,3,179.0
23596,SYN003414,s5,1,199.0
23597,SYN003414,s3,3,99.0
23598,SYN003414,v5,3,149.0
23599,SYN003414,bv1,2,149.0
23600,SYN003415,bv1,3,149.0
23601,SYN003415,d4,1,99.0
23602,SYN003415,bv2,3,249.0
23603,SYN003415,b3,1,199.0
23604,SYN003415,f6,2,179.0
23605,SYN003415,d5,3,249.0
23606,SYN003415,s3,3,99.0
23607,SYN003415,b2,1,249.0
23608,SYN003416,f5,3,99.0
23609,SYN003416,bv1,1,149.0
23610,SYN003416,d5,2,249.0
23611,SYN003416,b2,2,249.0
23612,SYN003416,f6,3,179.0
23613,SYN003416,f2,1,49.0
23614,SYN003416,s1,3,399.0
23615,SYN003416,f4,1,199.0
23616,SYN003417,d2,1,249.0
23617,SYN003417,v3,2,79.0
23618,SYN003417,f4,3,199.0
23619,SYN003417,d1,3,69.0
23620,SYN003417,b3,3,199.0
23621,SYN003417,b5,3,299.0
23622,SYN003417,v5,3,149.0
23623,SYN003417,bv4,2,349.0
23624,SYN003418,d3,2,179.0
23625,SYN003418,bv2,1,249.0
23626,SYN003418,f6,3,179.0
23627,SYN003418,b1,1,199.0
23628,SYN003418,d5,2,249.0
23629,SYN003418,v4,3,39.0
23630,SYN003418,f1,2,249.0
23631,SYN003418,d2,3,249.0
23632,SYN003418,d1,1,69.0
23633,SYN003418,s2,1,249.0
23634,SYN003418,s4,3,299.0
23635,SYN003418,bv3,1,199.0
23636,SYN003419,bv1,2,149.0
23637,SYN003419,b1,2,199.0
23638,SYN003419,b2,1,249.0
23639,SYN003419,d1,2,69.0
23640,SYN003419,f5,1,99.0
23641,SYN003419,f4,1,199.0
23642,SYN003419,f6,2,179.0
23643,SYN003419,d4,3,99.0
23644,SYN003419,s4,2,299.0
23645,SYN003419,b5,1,299.0
23646,SYN003419,bv3,3,199.0
23647,SYN003419,b4,2,599.0
23648,SYN003420,d1,1,69.0
23649,SYN003420,v5,3,149.0
23650,SYN003420,d4,2,99.0
23651,SYN003420,s2,1,249.0
23652,SYN003420,s3,2,99.0
23653,SYN003420,d3,3,179.0
23654,SYN003420,f2,1,49.0
23655,SYN003420,bv2,2,249.0
23656,SYN003421,f4,2,199.0
23657,SYN003421,b2,2,249.0
23658,SYN003421,v1,1,89.0
23659,SYN003421,d2,1,249.0
23660,SYN003421,v6,3,29.0
23661,SYN003421,bv2,3,249.0
23662,SYN003421,f1,1,249.0
23663,SYN003421,f5,3,99.0
23664,SYN003421,s4,2,299.0
23665,SYN003421,bv3,1,199.0
23666,SYN003421,d3,2,179.0
23667,SYN003422,f2,3,49.0
23668,SYN003422,bv1,3,149.0
23669,SYN003422,bv3,2,199.0
23670,SYN003422,f4,2,199.0
23671,SYN003422,v1,1,89.0
23672,SYN003422,d4,2,99.0
23673,SYN003423,v2,3,49.0
23674,SYN003423,s1,3,399.0
23675,SYN003423,b2,1,249.0
23676,SYN003423,s5,3,199.0
23677,SYN003423,s2,1,249.0
23678,SYN003423,bv3,3,199.0
23679,SYN003423,v1,1,89.0
23680,SYN003423,v6,3,29.0
23681,SYN003424,b2,3,249.0
23682,SYN003424,v5,2,149.0
23683,SYN003424,d1,1,69.0
23684,SYN003424,f1,2,249.0
23685,SYN003424,f6,2,179.0
23686,SYN003424,s2,1,249.0
23687,SYN003424,v1,1,89.0
23688,SYN003424,d5,2,249.0
23689,SYN003424,v6,1,29.0
23690,SYN003425,f3,2,149.0
23691,SYN003425,v1,3,89.0
23692,SYN003425,bv1,3,149.0
23693,SYN003425,b5,3,299.0
23694,SYN003425,v5,2,149.0
23695,SYN003425,bv4,2,349.0
23696,SYN003425,b2,1,249.0
23697,SYN003425,d2,1,249.0
23698,SYN003425,s2,2,249.0
23699,SYN003425,b1,1,199.0
23700,SYN003425,f6,2,179.0
23701,SYN003425,f4,3,199.0
23702,SYN003426,f3,2,149.0
23703,SYN003426,d2,3,249.0
23704,SYN003426,v1,3,89.0
23705,SYN003426,b4,1,599.0
23706,SYN003426,bv3,1,199.0
23707,SYN003426,s4,1,299.0
23708,SYN003426,v6,3,29.0
23709,SYN003426,f4,3,199.0
23710,SYN003426,b2,1,249.0
23711,SYN003426,d4,1,99.0
23712,SYN003427,f2,3,49.0
23713,SYN003427,s4,2,299.0
23714,SYN003427,b1,2,199.0
23715,SYN003427,s3,3,99.0
23716,SYN003427,v5,1,149.0
23717,SYN003427,v6,3,29.0
23718,SYN003427,d4,2,99.0
23719,SYN003427,f4,1,199.0
23720,SYN003427,f1,2,249.0
23721,SYN003428,f6,3,179.0
23722,SYN003428,d1,3,69.0
23723,SYN003428,s4,3,299.0
23724,SYN003428,d4,1,99.0
23725,SYN003428,bv4,3,349.0
23726,SYN003428,f4,3,199.0
23727,SYN003428,f1,2,249.0
23728,SYN003429,bv1,3,149.0
23729,SYN003429,b2,1,249.0
23730,SYN003429,b1,3,199.0
23731,SYN003429,s1,2,399.0
23732,SYN003429,f4,2,199.0
23733,SYN003429,f5,1,99.0
23734,SYN003429,b3,3,199.0
23735,SYN003429,d1,1,69.0
23736,SYN003429,f1,3,249.0
23737,SYN003429,d5,2,249.0
23738,SYN003429,f3,2,149.0
23739,SYN003429,v4,2,39.0
23740,SYN003430,bv1,1,149.0
23741,SYN003430,f3,2,149.0
23742,SYN003430,d5,2,249.0
23743,SYN003430,v4,1,39.0
23744,SYN003430,f2,3,49.0
23745,SYN003430,d1,1,69.0
23746,SYN003430,v6,1,29.0
23747,SYN003430,b4,1,599.0
23748,SYN003431,s3,2,99.0
23749,SYN003431,b4,1,599.0
23750,SYN003431,s4,3,299.0
23751,SYN003431,v1,2,89.0
23752,SYN003431,b5,3,299.0
23753,SYN003431,f5,1,99.0
23754,SYN003431,bv1,1,149.0
23755,SYN003431,v2,1,49.0
23756,SYN003431,f3,2,149.0
23757,SYN003431,bv3,3,199.0
23758,SYN003431,d5,1,249.0
23759,SYN003432,v6,3,29.0
23760,SYN003432,f1,1,249.0
23761,SYN003432,b1,1,199.0
23762,SYN003432,f2,1,49.0
23763,SYN003432,s2,2,249.0
23764,SYN003432,s3,2,99.0
23765,SYN003432,b5,1,299.0
23766,SYN003432,d3,2,179.0
23767,SYN003433,s2,2,249.0
23768,SYN003433,v6,1,29.0
23769,SYN003433,d1,1,69.0
23770,SYN003433,bv1,2,149.0
23771,SYN003433,f1,3,249.0
23772,SYN003433,f2,1,49.0
23773,SYN003433,d3,1,179.0
23774,SYN003433,v3,2,79.0
23775,SYN003433,s5,3,199.0
23776,SYN003433,f4,2,199.0
23777,SYN003434,f2,2,49.0
23778,SYN003434,d5,1,249.0
23779,SYN003434,b4,3,599.0
23780,SYN003434,b2,2,249.0
23781,SYN003434,s4,3,299.0
23782,SYN003434,bv4,1,349.0
23783,SYN003434,b1,2,199.0
23784,SYN003435,bv1,2,149.0
23785,SYN003435,d2,2,249.0
23786,SYN003435,b1,1,199.0
23787,SYN003435,v3,1,79.0
23788,SYN003435,b3,3,199.0
23789,SYN003435,d5,3,249.0
23790,SYN003435,f2,2,49.0
23791,SYN003435,d3,1,179.0
23792,SYN003435,s5,2,199.0
23793,SYN003435,s1,2,399.0
23794,SYN003436,b5,1,299.0
23795,SYN003436,b4,3,599.0
23796,SYN003436,v5,1,149.0
23797,SYN003436,f2,2,49.0
23798,SYN003436,s3,1,99.0
23799,SYN003436,bv4,1,349.0
23800,SYN003436,f3,1,149.0
23801,SYN003436,s4,3,299.0
23802,SYN003436,bv2,2,249.0
23803,SYN003436,s2,1,249.0
23804,SYN003437,bv2,2,249.0
23805,SYN003437,s3,3,99.0
23806,SYN003437,bv3,3,199.0
23807,SYN003437,f5,2,99.0
23808,SYN003437,d1,1,69.0
23809,SYN003437,s4,2,299.0
23810,SYN003437,d5,3,249.0
23811,SYN003437,f4,3,199.0
23812,SYN003438,f5,2,99.0
23813,SYN003438,f4,1,199.0
23814,SYN003438,s2,2,249.0
23815,SYN003438,d3,3,179.0
23816,SYN003438,bv4,3,349.0
23817,SYN003438,b1,1,199.0
23818,SYN003438,f6,3,179.0
23819,SYN003438,v2,2,49.0
23820,SYN003438,f2,2,49.0
23821,SYN003438,d4,1,99.0
23822,SYN003439,b2,3,249.0
23823,SYN003439,f5,1,99.0
23824,SYN003439,v6,2,29.0
23825,SYN003439,f3,2,149.0
23826,SYN003439,v1,3,89.0
23827,SYN003439,v2,3,49.0
23828,SYN003439,s3,3,99.0
23829,SYN003440,v6,1,29.0
23830,SYN003440,s4,1,299.0
23831,SYN003440,d2,2,249.0
23832,SYN003440,v1,1,89.0
23833,SYN003440,d1,1,69.0
23834,SYN003440,b4,3,599.0
23835,SYN003440,b5,2,299.0
23836,SYN003440,d4,1,99.0
23837,SYN003441,v2,2,49.0
23838,SYN003441,d4,2,99.0
23839,SYN003441,f4,3,199.0
23840,SYN003441,v1,2,89.0
23841,SYN003441,s4,2,299.0
23842,SYN003441,v3,2,79.0
23843,SYN003441,v4,2,39.0
23844,SYN003441,v5,1,149.0
23845,SYN003441,f1,1,249.0
23846,SYN003441,s2,2,249.0
23847,SYN003441,b1,3,199.0
23848,SYN003442,bv4,2,349.0
23849,SYN003442,s5,1,199.0
23850,SYN003442,s1,3,399.0
23851,SYN003442,v2,2,49.0
23852,SYN003442,f1,1,249.0
23853,SYN003442,d1,3,69.0
23854,SYN003442,v1,1,89.0
23855,SYN003442,v4,1,39.0
23856,SYN003442,bv1,1,149.0
23857,SYN003442,d2,1,249.0
23858,SYN003442,b5,3,299.0
23859,SYN003442,f2,3,49.0
23860,SYN003443,f6,2,179.0
23861,SYN003443,f4,3,199.0
23862,SYN003443,s2,1,249.0
23863,SYN003443,bv4,1,349.0
23864,SYN003443,d3,3,179.0
23865,SYN003443,b4,2,599.0
23866,SYN003443,f5,1,99.0
23867,SYN003443,d5,2,249.0
23868,SYN003444,v4,3,39.0
23869,SYN003444,f1,1,249.0
23870,SYN003444,d4,2,99.0
23871,SYN003444,v6,2,29.0
23872,SYN003444,d3,2,179.0
23873,SYN003444,v5,3,149.0
23874,SYN003444,f6,2,179.0
23875,SYN003444,d1,2,69.0
23876,SYN003444,s2,3,249.0
23877,SYN003445,s5,3,199.0
23878,SYN003445,b5,2,299.0
23879,SYN003445,d3,1,179.0
23880,SYN003445,bv1,3,149.0
23881,SYN003445,v5,1,149.0
23882,SYN003445,f3,2,149.0
23883,SYN003445,f5,3,99.0
23884,SYN003445,v3,2,79.0
23885,SYN003446,v2,3,49.0
23886,SYN003446,v3,1,79.0
23887,SYN003446,bv3,2,199.0
23888,SYN003446,d5,1,249.0
23889,SYN003446,v4,3,39.0
23890,SYN003446,f4,2,199.0
23891,SYN003446,b2,3,249.0
23892,SYN003446,d3,2,179.0
23893,SYN003447,bv1,2,149.0
23894,SYN003447,s3,1,99.0
23895,SYN003447,d1,3,69.0
23896,SYN003447,v3,1,79.0
23897,SYN003447,v4,3,39.0
23898,SYN003447,v5,2,149.0
23899,SYN003447,v2,2,49.0
23900,SYN003447,d2,1,249.0
23901,SYN003447,f5,2,99.0
23902,SYN003447,d4,1,99.0
23903,SYN003448,d1,3,69.0
23904,SYN003448,v6,1,29.0
23905,SYN003448,bv3,3,199.0
23906,SYN003448,f2,2,49.0
23907,SYN003448,v2,2,49.0
23908,SYN003448,f1,1,249.0
23909,SYN003448,s3,2,99.0
23910,SYN003448,f5,2,99.0
23911,SYN003448,v1,2,89.0
23912,SYN003449,d1,2,69.0
23913,SYN003449,b5,1,299.0
23914,SYN003449,s3,3,99.0
23915,SYN003449,b2,1,249.0
23916,SYN003449,s5,1,199.0
23917,SYN003449,v3,2,79.0
23918,SYN003449,bv4,3,349.0
23919,SYN003449,v5,1,149.0
23920,SYN003449,bv1,1,149.0
23921,SYN003449,f5,3,99.0
23922,SYN003449,b1,1,199.0
23923,SYN003449,v1,3,89.0
23924,SYN003450,v2,1,49.0
23925,SYN003450,v5,1,149.0
23926,SYN003450,bv3,3,199.0
23927,SYN003450,s2,2,249.0
23928,SYN003450,bv4,2,349.0
23929,SYN003450,b2,2,249.0
23930,SYN003450,s5,2,199.0
23931,SYN003450,f2,1,49.0
23932,SYN003450,v1,2,89.0
23933,SYN003450,bv2,1,249.0
23934,SYN003450,b4,2,599.0
23935,SYN003451,f5,3,99.0
23936,SYN003451,v4,2,39.0
23937,SYN003451,b3,1,199.0
23938,SYN003451,b5,3,299.0
23939,SYN003451,v5,3,149.0
23940,SYN003451,bv4,2,349.0
23941,SYN003451,bv2,1,249.0
23942,SYN003452,f6,2,179.0
23943,SYN003452,bv2,2,249.0
23944,SYN003452,b4,3,599.0
23945,SYN003452,bv4,2,349.0
23946,SYN003452,f2,3,49.0
23947,SYN003452,b1,1,199.0
23948,SYN003452,s1,3,399.0
23949,SYN003452,v1,1,89.0
23950,SYN003452,v5,1,149.0
23951,SYN003453,d4,2,99.0
23952,SYN003453,bv4,3,349.0
23953,SYN003453,f3,1,149.0
23954,SYN003453,f2,1,49.0
23955,SYN003453,v5,2,149.0
23956,SYN003453,s4,2,299.0
23957,SYN003453,d3,2,179.0
23958,SYN003453,s3,2,99.0
23959,SYN003453,d1,1,69.0
23960,SYN003453,v6,1,29.0
23961,SYN003453,bv3,3,199.0
23962,SYN003454,v4,1,39.0
23963,SYN003454,s1,3,399.0
23964,SYN003454,f5,3,99.0
23965,SYN003454,f1,2,249.0
23966,SYN003454,v5,3,149.0
23967,SYN003454,b5,2,299.0
23968,SYN003454,b3,1,199.0
23969,SYN003454,b1,1,199.0
23970,SYN003455,v1,3,89.0
23971,SYN003455,d1,2,69.0
23972,SYN003455,b1,2,199.0
23973,SYN003455,s5,3,199.0
23974,SYN003455,bv1,3,149.0
23975,SYN003455,bv4,1,349.0
23976,SYN003455,f1,1,249.0
23977,SYN003455,d4,3,99.0
23978,SYN003455,v3,1,79.0
23979,SYN003456,f6,1,179.0
23980,SYN003456,b2,1,249.0
23981,SYN003456,f2,3,49.0
23982,SYN003456,v4,1,39.0
23983,SYN003456,bv4,1,349.0
23984,SYN003456,f5,3,99.0
23985,SYN003456,f4,1,199.0
23986,SYN003456,v3,1,79.0
23987,SYN003456,s2,3,249.0
23988,SYN003457,d5,2,249.0
23989,SYN003457,bv3,1,199.0
23990,SYN003457,s4,2,299.0
23991,SYN003457,f4,1,199.0
23992,SYN003457,f3,1,149.0
23993,SYN003457,f2,3,49.0
23994,SYN003457,s1,1,399.0
23995,SYN003457,bv1,3,149.0
23996,SYN003457,f5,3,99.0
23997,SYN003457,b1,1,199.0
23998,SYN003457,v4,3,39.0
23999,SYN003458,v1,3,89.0
24000,SYN003458,d1,2,69.0
24001,SYN003458,d5,1,249.0
24002,SYN003458,s5,1,199.0
24003,SYN003458,f1,1,249.0
24004,SYN003458,bv1,3,149.0
24005,SYN003458,bv2,3,249.0
24006,SYN003459,bv3,2,199.0
24007,SYN003459,s5,3,199.0
24008,SYN003459,v2,3,49.0
24009,SYN003459,f1,1,249.0
24010,SYN003459,bv4,2,349.0
24011,SYN003459,d1,1,69.0
24012,SYN003459,b5,1,299.0
24013,SYN003459,s2,1,249.0
24014,SYN003460,d4,2,99.0
24015,SYN003460,v6,1,29.0
24016,SYN003460,b4,2,599.0
24017,SYN003460,f1,1,249.0
24018,SYN003460,b2,3,249.0
24019,SYN003460,d2,2,249.0
24020,SYN003461,b1,3,199.0
24021,SYN003461,f5,3,99.0
24022,SYN003461,d2,2,249.0
24023,SYN003461,d4,2,99.0
24024,SYN003461,s4,1,299.0
24025,SYN003461,f3,3,149.0
24026,SYN003461,f4,1,199.0
24027,SYN003461,s5,3,199.0
24028,SYN003461,b3,2,199.0
24029,SYN003461,d3,1,179.0
24030,SYN003461,v4,1,39.0
24031,SYN003462,d4,3,99.0
24032,SYN003462,v1,3,89.0
24033,SYN003462,bv1,1,149.0
24034,SYN003462,d2,2,249.0
24035,SYN003462,f2,2,49.0
24036,SYN003462,bv2,2,249.0
24037,SYN003462,bv4,3,349.0
24038,SYN003462,v3,2,79.0
24039,SYN003463,b3,1,199.0
24040,SYN003463,b1,2,199.0
24041,SYN003463,d1,3,69.0
24042,SYN003463,d4,2,99.0
24043,SYN003463,f6,2,179.0
24044,SYN003463,s5,1,199.0
24045,SYN003463,s2,3,249.0
24046,SYN003463,d5,2,249.0
24047,SYN003463,f5,1,99.0
24048,SYN003464,bv2,3,249.0
24049,SYN003464,d5,2,249.0
24050,SYN003464,f6,3,179.0
24051,SYN003464,s1,1,399.0
24052,SYN003464,b5,3,299.0
24053,SYN003464,s5,3,199.0
24054,SYN003464,s3,3,99.0
24055,SYN003464,bv3,1,199.0
24056,SYN003464,s4,1,299.0
24057,SYN003464,d3,1,179.0
24058,SYN003464,bv4,1,349.0
24059,SYN003465,f2,2,49.0
24060,SYN003465,bv4,3,349.0
24061,SYN003465,s5,2,199.0
24062,SYN003465,v5,2,149.0
24063,SYN003465,f4,2,199.0
24064,SYN003465,f6,1,179.0
24065,SYN003465,d4,1,99.0
24066,SYN003465,d2,2,249.0
24067,SYN003466,b2,1,249.0
24068,SYN003466,s3,3,99.0
24069,SYN003466,d4,2,99.0
24070,SYN003466,f5,3,99.0
24071,SYN003466,b4,2,599.0
24072,SYN003466,b3,3,199.0
24073,SYN003466,bv1,1,149.0
24074,SYN003466,f3,3,149.0
24075,SYN003466,f4,3,199.0
24076,SYN003467,v3,3,79.0
24077,SYN003467,d5,1,249.0
24078,SYN003467,bv2,3,249.0
24079,SYN003467,bv4,2,349.0
24080,SYN003467,d3,3,179.0
24081,SYN003467,v4,2,39.0
24082,SYN003468,d1,2,69.0
24083,SYN003468,v5,2,149.0
24084,SYN003468,f5,2,99.0
24085,SYN003468,d3,1,179.0
24086,SYN003468,f2,3,49.0
24087,SYN003468,d4,2,99.0
24088,SYN003468,s3,3,99.0
24089,SYN003468,v4,3,39.0
24090,SYN003468,b3,1,199.0
24091,SYN003468,d2,1,249.0
24092,SYN003469,f2,3,49.0
24093,SYN003469,v2,3,49.0
24094,SYN003469,d4,1,99.0
24095,SYN003469,s5,2,199.0
24096,SYN003469,d3,1,179.0
24097,SYN003469,bv4,2,349.0
24098,SYN003469,v1,1,89.0
24099,SYN003470,bv2,3,249.0
24100,SYN003470,bv3,2,199.0
24101,SYN003470,v4,2,39.0
24102,SYN003470,f1,1,249.0
24103,SYN003470,b3,2,199.0
24104,SYN003470,b5,3,299.0
24105,SYN003470,d3,1,179.0
24106,SYN003470,f5,1,99.0
24107,SYN003470,s2,2,249.0
24108,SYN003470,v3,2,79.0
24109,SYN003470,f2,2,49.0
24110,SYN003470,s5,1,199.0
24111,SYN003471,b5,2,299.0
24112,SYN003471,f1,2,249.0
24113,SYN003471,d2,2,249.0
24114,SYN003471,v6,1,29.0
24115,SYN003471,v1,3,89.0
24116,SYN003471,b1,1,199.0
24117,SYN003471,s3,2,99.0
24118,SYN003471,f3,3,149.0
24119,SYN003471,f2,2,49.0
24120,SYN003472,f5,1,99.0
24121,SYN003472,v4,1,39.0
24122,SYN003472,v2,2,49.0
24123,SYN003472,b5,1,299.0
24124,SYN003472,bv3,2,199.0
24125,SYN003472,v1,2,89.0
24126,SYN003472,d5,2,249.0
24127,SYN003472,f6,2,179.0
24128,SYN003472,f3,3,149.0
24129,SYN003472,b4,1,599.0
24130,SYN003472,b3,1,199.0
24131,SYN003472,s1,1,399.0
24132,SYN003473,f2,2,49.0
24133,SYN003473,s4,1,299.0
24134,SYN003473,d3,3,179.0
24135,SYN003473,b1,2,199.0
24136,SYN003473,bv1,1,149.0
24137,SYN003473,d5,1,249.0
24138,SYN003473,b4,1,599.0
24139,SYN003473,bv3,2,199.0
24140,SYN003473,bv2,1,249.0
24141,SYN003473,v3,1,79.0
24142,SYN003473,d2,3,249.0
24143,SYN003473,f3,1,149.0
24144,SYN003474,v1,1,89.0
24145,SYN003474,v5,2,149.0
24146,SYN003474,s5,1,199.0
24147,SYN003474,d3,1,179.0
24148,SYN003474,bv2,1,249.0
24149,SYN003474,d5,3,249.0
24150,SYN003474,s2,3,249.0
24151,SYN003475,b2,1,249.0
24152,SYN003475,f5,1,99.0
24153,SYN003475,s3,1,99.0
24154,SYN003475,v6,3,29.0
24155,SYN003475,f3,1,149.0
24156,SYN003475,s4,3,299.0
24157,SYN003475,s2,2,249.0
24158,SYN003475,bv2,3,249.0
24159,SYN003475,f4,3,199.0
24160,SYN003476,bv1,2,149.0
24161,SYN003476,bv4,2,349.0
24162,SYN003476,d3,3,179.0
24163,SYN003476,s1,2,399.0
24164,SYN003476,d4,2,99.0
24165,SYN003476,f4,3,199.0
24166,SYN003476,f6,3,179.0
24167,SYN003476,d2,3,249.0
24168,SYN003476,v6,3,29.0
24169,SYN003476,f3,1,149.0
24170,SYN003476,b1,2,199.0
24171,SYN003477,f3,3,149.0
24172,SYN003477,v6,1,29.0
24173,SYN003477,v1,3,89.0
24174,SYN003477,f4,1,199.0
24175,SYN003477,v5,1,149.0
24176,SYN003477,d4,2,99.0
24177,SYN003477,v4,2,39.0
24178,SYN003477,v2,1,49.0
24179,SYN003477,bv4,1,349.0
24180,SYN003477,f1,3,249.0
24181,SYN003477,f6,3,179.0
24182,SYN003478,b2,1,249.0
24183,SYN003478,f1,1,249.0
24184,SYN003478,bv1,1,149.0
24185,SYN003478,bv3,1,199.0
24186,SYN003478,f4,1,199.0
24187,SYN003478,v5,2,149.0
24188,SYN003479,bv3,2,199.0
24189,SYN003479,v6,2,29.0
24190,SYN003479,v3,2,79.0
24191,SYN003479,b5,3,299.0
24192,SYN003479,d1,2,69.0
24193,SYN003479,s2,2,249.0
24194,SYN003479,f4,3,199.0
24195,SYN003479,bv2,1,249.0
24196,SYN003480,v1,2,89.0
24197,SYN003480,v4,3,39.0
24198,SYN003480,b5,2,299.0
24199,SYN003480,bv3,2,199.0
24200,SYN003480,d4,2,99.0
24201,SYN003480,b1,1,199.0
24202,SYN003480,f3,1,149.0
24203,SYN003480,d2,3,249.0
24204,SYN003480,d3,3,179.0
24205,SYN003480,d5,3,249.0
24206,SYN003480,v5,1,149.0
24207,SYN003480,f2,3,49.0
24208,SYN003481,d4,1,99.0
24209,SYN003481,s5,2,199.0
24210,SYN003481,d2,1,249.0
24211,SYN003481,s4,3,299.0
24212,SYN003481,v6,2,29.0
24213,SYN003481,f1,2,249.0
24214,SYN003482,d5,3,249.0
24215,SYN003482,bv1,1,149.0
24216,SYN003482,v2,1,49.0
24217,SYN003482,d2,3,249.0
24218,SYN003482,v3,3,79.0
24219,SYN003482,s5,3,199.0
24220,SYN003482,v6,1,29.0
24221,SYN003482,f1,2,249.0
24222,SYN003482,b4,3,599.0
24223,SYN003482,b5,1,299.0
24224,SYN003483,d2,2,249.0
24225,SYN003483,f4,2,199.0
24226,SYN003483,v3,3,79.0
24227,SYN003483,b1,3,199.0
24228,SYN003483,d3,1,179.0
24229,SYN003483,bv4,2,349.0
24230,SYN003483,b5,3,299.0
24231,SYN003483,s1,3,399.0
24232,SYN003483,bv3,2,199.0
24233,SYN003484,f4,3,199.0
24234,SYN003484,s1,1,399.0
24235,SYN003484,v3,3,79.0
24236,SYN003484,d3,2,179.0
24237,SYN003484,f3,2,149.0
24238,SYN003484,v2,3,49.0
24239,SYN003485,f6,3,179.0
24240,SYN003485,d5,2,249.0
24241,SYN003485,b4,3,599.0
24242,SYN003485,bv4,1,349.0
24243,SYN003485,s2,2,249.0
24244,SYN003485,v3,3,79.0
24245,SYN003485,b2,3,249.0
24246,SYN003485,b5,3,299.0
24247,SYN003486,v2,1,49.0
24248,SYN003486,bv4,3,349.0
24249,SYN003486,s4,1,299.0
24250,SYN003486,s3,1,99.0
24251,SYN003486,bv2,2,249.0
24252,SYN003486,v3,3,79.0
24253,SYN003487,b1,3,199.0
24254,SYN003487,b4,2,599.0
24255,SYN003487,f5,2,99.0
24256,SYN003487,d2,3,249.0
24257,SYN003487,v1,1,89.0
24258,SYN003487,d3,2,179.0
24259,SYN003487,v5,1,149.0
24260,SYN003487,v2,3,49.0
24261,SYN003487,b3,1,199.0
24262,SYN003488,s2,3,249.0
24263,SYN003488,s5,1,199.0
24264,SYN003488,d3,1,179.0
24265,SYN003488,bv4,1,349.0
24266,SYN003488,f4,1,199.0
24267,SYN003488,b1,3,199.0
24268,SYN003488,bv1,2,149.0
24269,SYN003488,d4,3,99.0
24270,SYN003488,b5,1,299.0
24271,SYN003488,v5,1,149.0
24272,SYN003488,v4,2,39.0
24273,SYN003489,b4,1,599.0
24274,SYN003489,d5,3,249.0
24275,SYN003489,s5,2,199.0
24276,SYN003489,f2,1,49.0
24277,SYN003489,bv2,3,249.0
24278,SYN003489,bv3,1,199.0
24279,SYN003489,b5,2,299.0
24280,SYN003489,f3,2,149.0
24281,SYN003489,v3,2,79.0
24282,SYN003489,f4,1,199.0
24283,SYN003490,f3,3,149.0
24284,SYN003490,d1,2,69.0
24285,SYN003490,b1,3,199.0
24286,SYN003490,f5,1,99.0
24287,SYN003490,v6,3,29.0
24288,SYN003490,bv2,1,249.0
24289,SYN003490,s4,1,299.0
24290,SYN003490,bv4,2,349.0
24291,SYN003491,s1,1,399.0
24292,SYN003491,s5,3,199.0
24293,SYN003491,b5,1,299.0
24294,SYN003491,f6,2,179.0
24295,SYN003491,v4,2,39.0
24296,SYN003491,v1,2,89.0
24297,SYN003491,b4,2,599.0
24298,SYN003491,s3,1,99.0
24299,SYN003491,v2,2,49.0
24300,SYN003491,f2,2,49.0
24301,SYN003492,v3,3,79.0
24302,SYN003492,f1,3,249.0
24303,SYN003492,d1,2,69.0
24304,SYN003492,b4,3,599.0
24305,SYN003492,f6,2,179.0
24306,SYN003492,f2,2,49.0
24307,SYN003492,bv2,2,249.0
24308,SYN003492,f4,1,199.0
24309,SYN003492,s1,2,399.0
24310,SYN003492,b5,3,299.0
24311,SYN003492,d4,2,99.0
24312,SYN003493,f3,2,149.0
24313,SYN003493,s5,3,199.0
24314,SYN003493,b5,2,299.0
24315,SYN003493,d1,3,69.0
24316,SYN003493,b1,2,199.0
24317,SYN003493,bv1,1,149.0
24318,SYN003493,b4,2,599.0
24319,SYN003493,v5,1,149.0
24320,SYN003493,d2,1,249.0
24321,SYN003493,v1,3,89.0
24322,SYN003494,f4,1,199.0
24323,SYN003494,d1,2,69.0
24324,SYN003494,f5,3,99.0
24325,SYN003494,b5,1,299.0
24326,SYN003494,d4,2,99.0
24327,SYN003494,s4,3,299.0
24328,SYN003494,s1,2,399.0
24329,SYN003494,s2,2,249.0
24330,SYN003494,bv3,3,199.0
24331,SYN003494,v3,3,79.0
24332,SYN003494,f1,1,249.0
24333,SYN003495,bv4,3,349.0
24334,SYN003495,s2,3,249.0
24335,SYN003495,v4,3,39.0
24336,SYN003495,s5,2,199.0
24337,SYN003495,f5,2,99.0
24338,SYN003495,d5,3,249.0
24339,SYN003495,v1,2,89.0
24340,SYN003495,s4,2,299.0
24341,SYN003495,v6,1,29.0
24342,SYN003495,v3,2,79.0
24343,SYN003495,v5,3,149.0
24344,SYN003496,v3,3,79.0
24345,SYN003496,v5,1,149.0
24346,SYN003496,f4,2,199.0
24347,SYN003496,bv2,1,249.0
24348,SYN003496,f6,3,179.0
24349,SYN003496,bv3,1,199.0
24350,SYN003496,v2,3,49.0
24351,SYN003496,b2,3,249.0
24352,SYN003496,v6,3,29.0
24353,SYN003497,s5,3,199.0
24354,SYN003497,d2,1,249.0
24355,SYN003497,b1,3,199.0
24356,SYN003497,bv4,3,349.0
24357,SYN003497,s1,3,399.0
24358,SYN003497,v3,3,79.0
24359,SYN003497,b3,2,199.0
24360,SYN003497,f6,2,179.0
24361,SYN003497,b2,2,249.0
24362,SYN003497,v5,2,149.0
24363,SYN003497,f2,1,49.0
24364,SYN003498,f6,1,179.0
24365,SYN003498,s3,1,99.0
24366,SYN003498,b3,1,199.0
24367,SYN003498,b5,1,299.0
24368,SYN003498,d1,1,69.0
24369,SYN003498,v3,3,79.0
24370,SYN003499,f4,3,199.0
24371,SYN003499,v5,1,149.0
24372,SYN003499,bv3,2,199.0
24373,SYN003499,b1,2,199.0
24374,SYN003499,bv1,2,149.0
24375,SYN003499,s2,3,249.0
24376,SYN003499,f2,2,49.0
24377,SYN003499,b3,3,199.0
24378,SYN003500,b5,1,299.0
24379,SYN003500,b3,1,199.0
24380,SYN003500,d3,1,179.0
24381,SYN003500,d4,2,99.0
24382,SYN003500,f3,3,149.0
24383,SYN003500,d5,2,249.0
24384,SYN003500,v3,3,79.0
24385,SYN003500,bv4,1,349.0
24386,SYN003500,v1,2,89.0
24387,SYN003500,f4,3,199.0
24388,SYN003501,d2,3,249.0
24389,SYN003501,f1,3,249.0
24390,SYN003501,f2,2,49.0
24391,SYN003501,d5,1,249.0
24392,SYN003501,v3,3,79.0
24393,SYN003501,s3,3,99.0
24394,SYN003501,v6,3,29.0
24395,SYN003501,b2,2,249.0
24396,SYN003501,s4,3,299.0
24397,SYN003502,bv2,3,249.0
24398,SYN003502,v3,2,79.0
24399,SYN003502,b3,3,199.0
24400,SYN003502,v4,2,39.0
24401,SYN003502,f1,2,249.0
24402,SYN003502,d4,2,99.0
24403,SYN003502,bv4,2,349.0
24404,SYN003502,v1,1,89.0
24405,SYN003502,b2,2,249.0
24406,SYN003503,v5,2,149.0
24407,SYN003503,f4,2,199.0
24408,SYN003503,v6,1,29.0
24409,SYN003503,b4,3,599.0
24410,SYN003503,b2,2,249.0
24411,SYN003503,v1,1,89.0
24412,SYN003503,b3,1,199.0
24413,SYN003504,s4,1,299.0
24414,SYN003504,bv3,3,199.0
24415,SYN003504,d3,3,179.0
24416,SYN003504,v3,3,79.0
24417,SYN003504,d2,3,249.0
24418,SYN003504,b2,1,249.0
24419,SYN003504,d4,2,99.0
24420,SYN003504,s3,2,99.0
24421,SYN003504,f6,1,179.0
24422,SYN003505,f5,2,99.0
24423,SYN003505,f2,2,49.0
24424,SYN003505,v4,3,39.0
24425,SYN003505,d3,2,179.0
24426,SYN003505,d2,3,249.0
24427,SYN003505,bv3,3,199.0
24428,SYN003506,d4,1,99.0
24429,SYN003506,f4,3,199.0
24430,SYN003506,d2,2,249.0
24431,SYN003506,bv1,3,149.0
24432,SYN003506,b5,1,299.0
24433,SYN003506,f6,2,179.0
24434,SYN003506,v6,1,29.0
24435,SYN003506,f5,2,99.0
24436,SYN003506,s5,3,199.0
24437,SYN003507,d1,2,69.0
24438,SYN003507,s5,1,199.0
24439,SYN003507,f3,1,149.0
24440,SYN003507,v6,2,29.0
24441,SYN003507,f6,3,179.0
24442,SYN003507,b5,1,299.0
24443,SYN003507,d5,2,249.0
24444,SYN003507,v4,1,39.0
24445,SYN003507,f1,2,249.0
24446,SYN003507,bv2,3,249.0
24447,SYN003507,bv4,3,349.0
24448,SYN003507,v2,2,49.0
24449,SYN003508,d2,3,249.0
24450,SYN003508,s3,2,99.0
24451,SYN003508,d5,3,249.0
24452,SYN003508,b5,3,299.0
24453,SYN003508,d1,3,69.0
24454,SYN003508,d3,3,179.0
24455,SYN003508,d4,2,99.0
24456,SYN003508,b1,2,199.0
24457,SYN003508,b4,3,599.0
24458,SYN003509,f1,2,249.0
24459,SYN003509,f6,2,179.0
24460,SYN003509,d3,3,179.0
24461,SYN003509,v3,3,79.0
24462,SYN003509,b1,1,199.0
24463,SYN003509,f5,2,99.0
24464,SYN003509,b3,1,199.0
24465,SYN003509,b4,2,599.0
24466,SYN003509,d4,2,99.0
24467,SYN003510,f6,3,179.0
24468,SYN003510,f4,1,199.0
24469,SYN003510,d5,3,249.0
24470,SYN003510,v1,3,89.0
24471,SYN003510,bv4,3,349.0
24472,SYN003510,s4,1,299.0
24473,SYN003510,v5,3,149.0
24474,SYN003510,b4,3,599.0
24475,SYN003510,bv1,3,149.0
24476,SYN003510,bv3,3,199.0
24477,SYN003510,b3,1,199.0
24478,SYN003511,v6,1,29.0
24479,SYN003511,s4,1,299.0
24480,SYN003511,s1,1,399.0
24481,SYN003511,f5,2,99.0
24482,SYN003511,v3,2,79.0
24483,SYN003511,v2,2,49.0
24484,SYN003511,b4,1,599.0
24485,SYN003511,s5,3,199.0
24486,SYN003511,f2,1,49.0
24487,SYN003512,b2,3,249.0
24488,SYN003512,d4,2,99.0
24489,SYN003512,v5,2,149.0
24490,SYN003512,f4,1,199.0
24491,SYN003512,d1,3,69.0
24492,SYN003512,bv1,2,149.0
24493,SYN003512,f5,2,99.0
24494,SYN003512,bv4,3,349.0
24495,SYN003512,f3,2,149.0
24496,SYN003512,s1,2,399.0
24497,SYN003513,v4,1,39.0
24498,SYN003513,d5,3,249.0
24499,SYN003513,bv2,2,249.0
24500,SYN003513,f6,2,179.0
24501,SYN003513,f5,1,99.0
24502,SYN003513,v5,3,149.0
24503,SYN003513,v3,1,79.0
24504,SYN003513,d1,2,69.0
24505,SYN003513,bv1,1,149.0
24506,SYN003514,d4,2,99.0
24507,SYN003514,f1,1,249.0
24508,SYN003514,bv3,1,199.0
24509,SYN003514,bv1,3,149.0
24510,SYN003514,s1,2,399.0
24511,SYN003514,b4,3,599.0
24512,SYN003514,s4,3,299.0
24513,SYN003514,f2,3,49.0
24514,SYN003514,d5,2,249.0
24515,SYN003515,s1,3,399.0
24516,SYN003515,f5,3,99.0
24517,SYN003515,s4,3,299.0
24518,SYN003515,bv1,1,149.0
24519,SYN003515,v5,2,149.0
24520,SYN003515,b5,3,299.0
24521,SYN003515,bv4,2,349.0
24522,SYN003515,s2,2,249.0
24523,SYN003515,b3,3,199.0
24524,SYN003516,v5,2,149.0
24525,SYN003516,v1,1,89.0
24526,SYN003516,v6,3,29.0
24527,SYN003516,f3,3,149.0
24528,SYN003516,v4,3,39.0
24529,SYN003516,f2,3,49.0
24530,SYN003516,d3,3,179.0
24531,SYN003516,s1,1,399.0
24532,SYN003516,v3,1,79.0
24533,SYN003516,b3,3,199.0
24534,SYN003517,b4,2,599.0
24535,SYN003517,b1,1,199.0
24536,SYN003517,s3,3,99.0
24537,SYN003517,v1,3,89.0
24538,SYN003517,d4,1,99.0
24539,SYN003517,b5,1,299.0
24540,SYN003518,d2,2,249.0
24541,SYN003518,f6,2,179.0
24542,SYN003518,f1,3,249.0
24543,SYN003518,f5,1,99.0
24544,SYN003518,v3,1,79.0
24545,SYN003518,f3,2,149.0
24546,SYN003518,d5,3,249.0
24547,SYN003518,d4,2,99.0
24548,SYN003518,b1,2,199.0
24549,SYN003518,f2,1,49.0
24550,SYN003519,b5,3,299.0
24551,SYN003519,f6,2,179.0
24552,SYN003519,v4,3,39.0
24553,SYN003519,bv2,1,249.0
24554,SYN003519,s4,2,299.0
24555,SYN003519,d4,2,99.0
24556,SYN003519,v5,1,149.0
24557,SYN003519,b3,3,199.0
24558,SYN003519,bv3,3,199.0
24559,SYN003519,b1,3,199.0
24560,SYN003519,b2,1,249.0
24561,SYN003519,f2,3,49.0
24562,SYN003520,s1,3,399.0
24563,SYN003520,s5,3,199.0
24564,SYN003520,s2,1,249.0
24565,SYN003520,s4,1,299.0
24566,SYN003520,b4,1,599.0
24567,SYN003520,v1,1,89.0
24568,SYN003520,f1,1,249.0
24569,SYN003520,b3,3,199.0
24570,SYN003520,f3,1,149.0
24571,SYN003520,v5,2,149.0
24572,SYN003520,bv4,2,349.0
24573,SYN003521,f4,1,199.0
24574,SYN003521,f1,1,249.0
24575,SYN003521,bv3,1,199.0
24576,SYN003521,b4,3,599.0
24577,SYN003521,v5,2,149.0
24578,SYN003521,d2,2,249.0
24579,SYN003521,d1,3,69.0
24580,SYN003521,d3,2,179.0
24581,SYN003522,d2,2,249.0
24582,SYN003522,d3,1,179.0
24583,SYN003522,b3,1,199.0
24584,SYN003522,v6,2,29.0
24585,SYN003522,v3,2,79.0
24586,SYN003522,bv3,3,199.0
24587,SYN003522,s3,3,99.0
24588,SYN003523,bv2,3,249.0
24589,SYN003523,f3,2,149.0
24590,SYN003523,s1,1,399.0
24591,SYN003523,b5,2,299.0
24592,SYN003523,v4,2,39.0
24593,SYN003523,b2,2,249.0
24594,SYN003524,d2,2,249.0
24595,SYN003524,f4,3,199.0
24596,SYN003524,s5,1,199.0
24597,SYN003524,b3,3,199.0
24598,SYN003524,f1,2,249.0
24599,SYN003524,v4,3,39.0
24600,SYN003524,f3,2,149.0
24601,SYN003524,v2,3,49.0
24602,SYN003524,b4,3,599.0
24603,SYN003524,d4,1,99.0
24604,SYN003524,bv4,1,349.0
24605,SYN003525,d5,2,249.0
24606,SYN003525,f5,3,99.0
24607,SYN003525,v1,2,89.0
24608,SYN003525,f6,1,179.0
24609,SYN003525,b5,1,299.0
24610,SYN003525,b4,3,599.0
24611,SYN003525,d1,1,69.0
24612,SYN003525,s5,3,199.0
24613,SYN003525,s2,3,249.0
24614,SYN003525,v4,1,39.0
24615,SYN003525,b1,2,199.0
24616,SYN003525,f4,3,199.0
24617,SYN003526,f3,2,149.0
24618,SYN003526,b2,1,249.0
24619,SYN003526,b5,1,299.0
24620,SYN003526,s1,2,399.0
24621,SYN003526,f1,2,249.0
24622,SYN003526,b4,2,599.0
24623,SYN003526,v6,1,29.0
24624,SYN003526,bv4,2,349.0
24625,SYN003526,s5,2,199.0
24626,SYN003526,v4,1,39.0
24627,SYN003526,d3,1,179.0
24628,SYN003526,d4,3,99.0
24629,SYN003527,v3,2,79.0
24630,SYN003527,d2,2,249.0
24631,SYN003527,d4,3,99.0
24632,SYN003527,b5,1,299.0
24633,SYN003527,v6,1,29.0
24634,SYN003527,v1,2,89.0
24635,SYN003527,v2,2,49.0
24636,SYN003527,f1,1,249.0
24637,SYN003527,s1,2,399.0
24638,SYN003528,d4,2,99.0
24639,SYN003528,b5,2,299.0
24640,SYN003528,v4,2,39.0
24641,SYN003528,v1,1,89.0
24642,SYN003528,f1,2,249.0
24643,SYN003528,s4,3,299.0
24644,SYN003528,b3,1,199.0
24645,SYN003528,s5,3,199.0
24646,SYN003528,bv4,1,349.0
24647,SYN003528,v3,1,79.0
24648,SYN003528,d1,1,69.0
24649,SYN003528,bv1,2,149.0
24650,SYN003529,bv2,3,249.0
24651,SYN003529,s2,3,249.0
24652,SYN003529,f3,3,149.0
24653,SYN003529,s1,2,399.0
24654,SYN003529,f1,2,249.0
24655,SYN003529,d4,1,99.0
24656,SYN003529,v4,2,39.0
24657,SYN003529,s5,3,199.0
24658,SYN003529,d5,1,249.0
24659,SYN003530,v5,1,149.0
24660,SYN003530,v1,2,89.0
24661,SYN003530,f5,2,99.0
24662,SYN003530,d5,2,249.0
24663,SYN003530,f2,3,49.0
24664,SYN003530,d2,2,249.0
24665,SYN003531,f4,2,199.0
24666,SYN003531,d4,3,99.0
24667,SYN003531,f2,2,49.0
24668,SYN003531,d1,1,69.0
24669,SYN003531,s2,2,249.0
24670,SYN003531,s1,3,399.0
24671,SYN003531,v4,3,39.0
24672,SYN003531,v2,2,49.0
24673,SYN003531,bv2,1,249.0
24674,SYN003531,v6,3,29.0
24675,SYN003532,s1,1,399.0
24676,SYN003532,s2,1,249.0
24677,SYN003532,f2,3,49.0
24678,SYN003532,v1,3,89.0
24679,SYN003532,bv1,1,149.0
24680,SYN003532,v6,3,29.0
24681,SYN003533,f2,3,49.0
24682,SYN003533,d5,2,249.0
24683,SYN003533,d2,2,249.0
24684,SYN003533,v3,2,79.0
24685,SYN003533,f5,3,99.0
24686,SYN003533,f6,2,179.0
24687,SYN003533,s1,3,399.0
24688,SYN003533,v5,2,149.0
24689,SYN003533,bv4,3,349.0
24690,SYN003533,d4,2,99.0
24691,SYN003533,bv1,3,149.0
24692,SYN003533,f3,1,149.0
24693,SYN003534,f3,3,149.0
24694,SYN003534,bv4,3,349.0
24695,SYN003534,f5,1,99.0
24696,SYN003534,s3,2,99.0
24697,SYN003534,f2,1,49.0
24698,SYN003534,f1,2,249.0
24699,SYN003534,d4,2,99.0
24700,SYN003534,b1,3,199.0
24701,SYN003534,v2,1,49.0
24702,SYN003534,f4,2,199.0
24703,SYN003535,s1,1,399.0
24704,SYN003535,d5,3,249.0
24705,SYN003535,b4,1,599.0
24706,SYN003535,d3,1,179.0
24707,SYN003535,b5,1,299.0
24708,SYN003535,b2,2,249.0
24709,SYN003535,b1,2,199.0
24710,SYN003535,v5,1,149.0
24711,SYN003535,s3,2,99.0
24712,SYN003535,b3,1,199.0
24713,SYN003535,d1,2,69.0
24714,SYN003535,v6,1,29.0
24715,SYN003536,v5,1,149.0
24716,SYN003536,f4,2,199.0
24717,SYN003536,bv4,3,349.0
24718,SYN003536,v2,2,49.0
24719,SYN003536,d5,3,249.0
24720,SYN003536,d3,1,179.0
24721,SYN003536,v6,3,29.0
24722,SYN003536,v3,2,79.0
24723,SYN003536,d1,3,69.0
24724,SYN003536,b5,3,299.0
24725,SYN003537,b4,2,599.0
24726,SYN003537,s4,3,299.0
24727,SYN003537,f3,2,149.0
24728,SYN003537,bv3,2,199.0
24729,SYN003537,bv1,3,149.0
24730,SYN003537,s5,2,199.0
24731,SYN003537,v6,2,29.0
24732,SYN003537,f5,1,99.0
24733,SYN003537,b5,1,299.0
24734,SYN003538,d1,3,69.0
24735,SYN003538,f1,1,249.0
24736,SYN003538,v3,1,79.0
24737,SYN003538,v1,2,89.0
24738,SYN003538,bv1,1,149.0
24739,SYN003538,f5,2,99.0
24740,SYN003538,f2,1,49.0
24741,SYN003538,d5,3,249.0
24742,SYN003539,d1,1,69.0
24743,SYN003539,f6,1,179.0
24744,SYN003539,f2,1,49.0
24745,SYN003539,f3,3,149.0
24746,SYN003539,bv1,1,149.0
24747,SYN003539,b1,2,199.0
24748,SYN003540,v6,3,29.0
24749,SYN003540,d4,3,99.0
24750,SYN003540,v2,2,49.0
24751,SYN003540,d2,3,249.0
24752,SYN003540,v3,3,79.0
24753,SYN003541,d4,3,99.0
24754,SYN003541,d1,3,69.0
24755,SYN003541,f6,2,179.0
24756,SYN003541,d2,1,249.0
24757,SYN003541,f2,1,49.0
24758,SYN003542,f4,1,199.0
24759,SYN003542,v3,1,79.0
24760,SYN003542,d4,2,99.0
24761,SYN003542,d2,3,249.0
24762,SYN003542,v2,3,49.0
24763,SYN003543,f2,3,49.0
24764,SYN003543,v1,2,89.0
24765,SYN003543,f5,2,99.0
24766,SYN003543,v6,2,29.0
24767,SYN003543,f6,3,179.0
24768,SYN003544,f2,1,49.0
24769,SYN003544,d2,1,249.0
24770,SYN003544,d5,3,249.0
24771,SYN003544,v6,2,29.0
24772,SYN003544,v2,3,49.0
24773,SYN003544,d1,3,69.0
24774,SYN003544,d4,2,99.0
24775,SYN003544,s3,1,99.0
24776,SYN003545,v4,3,39.0
24777,SYN003545,v3,1,79.0
24778,SYN003545,v6,3,29.0
24779,SYN003545,d2,1,249.0
24780,SYN003545,d1,3,69.0
24781,SYN003545,d5,1,249.0
24782,SYN003545,b4,1,599.0
24783,SYN003545,f1,3,249.0
24784,SYN003546,d5,3,249.0
24785,SYN003546,f6,3,179.0
24786,SYN003546,v4,2,39.0
24787,SYN003546,d4,2,99.0
24788,SYN003546,d1,3,69.0
24789,SYN003546,v2,2,49.0
24790,SYN003547,f4,1,199.0
24791,SYN003547,bv2,2,249.0
24792,SYN003547,d3,3,179.0
24793,SYN003547,f6,1,179.0
24794,SYN003547,d1,3,69.0
24795,SYN003548,v2,2,49.0
24796,SYN003548,v6,2,29.0
24797,SYN003548,v4,2,39.0
24798,SYN003548,f2,1,49.0
24799,SYN003548,s1,3,399.0
24800,SYN003548,v3,1,79.0
24801,SYN003548,s5,1,199.0
24802,SYN003549,v1,2,89.0
24803,SYN003549,v2,2,49.0
24804,SYN003549,f4,2,199.0
24805,SYN003549,f3,3,149.0
24806,SYN003549,s4,2,299.0
24807,SYN003550,f3,1,149.0
24808,SYN003550,b4,3,599.0
24809,SYN003550,f2,3,49.0
24810,SYN003550,f4,3,199.0
24811,SYN003550,v2,3,49.0
24812,SYN003550,v4,3,39.0
24813,SYN003550,s5,3,199.0
24814,SYN003551,v1,2,89.0
24815,SYN003551,f3,3,149.0
24816,SYN003551,f5,2,99.0
24817,SYN003551,v5,1,149.0
24818,SYN003552,v5,1,149.0
24819,SYN003552,v1,3,89.0
24820,SYN003552,d3,1,179.0
24821,SYN003552,d5,1,249.0
24822,SYN003552,f1,3,249.0
24823,SYN003552,b4,3,599.0
24824,SYN003552,d2,2,249.0
24825,SYN003553,d2,2,249.0
24826,SYN003553,d1,3,69.0
24827,SYN003553,s3,3,99.0
24828,SYN003553,v3,2,79.0
24829,SYN003553,v1,1,89.0
24830,SYN003554,v5,2,149.0
24831,SYN003554,f1,1,249.0
24832,SYN003554,v2,3,49.0
24833,SYN003554,d2,3,249.0
24834,SYN003554,d3,2,179.0
24835,SYN003554,b3,3,199.0
24836,SYN003554,d4,1,99.0
24837,SYN003555,d5,3,249.0
24838,SYN003555,v5,1,149.0
24839,SYN003555,bv4,1,349.0
24840,SYN003555,v6,1,29.0
24841,SYN003556,f4,3,199.0
24842,SYN003556,v3,1,79.0
24843,SYN003556,d4,1,99.0
24844,SYN003556,f2,2,49.0
24845,SYN003556,f5,1,99.0
24846,SYN003556,d2,3,249.0
24847,SYN003556,f1,3,249.0
24848,SYN003557,f1,3,249.0
24849,SYN003557,f2,2,49.0
24850,SYN003557,d2,1,249.0
24851,SYN003557,f5,2,99.0
24852,SYN003557,f6,3,179.0
24853,SYN003557,d1,2,69.0
24854,SYN003558,f4,2,199.0
24855,SYN003558,v6,2,29.0
24856,SYN003558,v4,3,39.0
24857,SYN003558,bv3,1,199.0
24858,SYN003558,d5,2,249.0
24859,SYN003558,v2,2,49.0
24860,SYN003558,v3,1,79.0
24861,SYN003559,f3,1,149.0
24862,SYN003559,d5,2,249.0
24863,SYN003559,v4,1,39.0
24864,SYN003559,f4,2,199.0
24865,SYN003559,v2,3,49.0
24866,SYN003560,f4,2,199.0
24867,SYN003560,v1,1,89.0
24868,SYN003560,f2,3,49.0
24869,SYN003560,f3,1,149.0
24870,SYN003561,d1,2,69.0
24871,SYN003561,v6,3,29.0
24872,SYN003561,d3,1,179.0
24873,SYN003561,f1,1,249.0
24874,SYN003561,f3,2,149.0
24875,SYN003561,v2,1,49.0
24876,SYN003561,v5,3,149.0
24877,SYN003561,f6,3,179.0
24878,SYN003562,d4,3,99.0
24879,SYN003562,s1,1,399.0
24880,SYN003562,f2,2,49.0
24881,SYN003562,f6,3,179.0
24882,SYN003562,b2,2,249.0
24883,SYN003562,v2,2,49.0
24884,SYN003563,f1,1,249.0
24885,SYN003563,s3,2,99.0
24886,SYN003563,d4,2,99.0
24887,SYN003563,bv3,1,199.0
24888,SYN003563,v1,3,89.0
24889,SYN003563,f6,3,179.0
24890,SYN003563,v3,2,79.0
24891,SYN003564,v3,2,79.0
24892,SYN003564,d3,1,179.0
24893,SYN003564,v4,3,39.0
24894,SYN003564,d1,2,69.0
24895,SYN003564,b1,2,199.0
24896,SYN003564,v1,2,89.0
24897,SYN003564,d5,3,249.0
24898,SYN003564,d4,1,99.0
24899,SYN003565,f6,3,179.0
24900,SYN003565,d3,3,179.0
24901,SYN003565,v1,1,89.0
24902,SYN003565,v5,1,149.0
24903,SYN003565,f1,1,249.0
24904,SYN003566,v6,2,29.0
24905,SYN003566,v1,2,89.0
24906,SYN003566,f6,2,179.0
24907,SYN003566,d1,3,69.0
24908,SYN003566,v4,2,39.0
24909,SYN003567,d2,3,249.0
24910,SYN003567,f1,1,249.0
24911,SYN003567,d4,2,99.0
24912,SYN003567,d5,2,249.0
24913,SYN003567,d3,3,179.0
24914,SYN003567,f2,2,49.0
24915,SYN003568,f6,1,179.0
24916,SYN003568,f1,1,249.0
24917,SYN003568,f5,3,99.0
24918,SYN003568,d4,3,99.0
24919,SYN003568,d1,2,69.0
24920,SYN003568,d2,3,249.0
24921,SYN003568,bv1,2,149.0
24922,SYN003568,v3,2,79.0
24923,SYN003569,d2,2,249.0
24924,SYN003569,v3,3,79.0
24925,SYN003569,f5,2,99.0
24926,SYN003569,d4,3,99.0
24927,SYN003569,b4,2,599.0
24928,SYN003569,d5,2,249.0
24929,SYN003569,f1,1,249.0
24930,SYN003569,bv4,2,349.0
24931,SYN003570,v1,1,89.0
24932,SYN003570,v5,3,149.0
24933,SYN003570,d3,1,179.0
24934,SYN003570,d4,2,99.0
24935,SYN003570,bv1,1,149.0
24936,SYN003571,v2,3,49.0
24937,SYN003571,d4,1,99.0
24938,SYN003571,f3,2,149.0
24939,SYN003571,f5,3,99.0
24940,SYN003571,d3,3,179.0
24941,SYN003571,b4,2,599.0
24942,SYN003571,s5,1,199.0
24943,SYN003571,d5,3,249.0
24944,SYN003572,d4,3,99.0
24945,SYN003572,v5,2,149.0
24946,SYN003572,b1,3,199.0
24947,SYN003572,d3,2,179.0
24948,SYN003572,f3,3,149.0
24949,SYN003572,f2,3,49.0
24950,SYN003572,v1,3,89.0
24951,SYN003572,b4,3,599.0
24952,SYN003573,v4,1,39.0
24953,SYN003573,d5,3,249.0
24954,SYN003573,d3,2,179.0
24955,SYN003573,f3,2,149.0
24956,SYN003573,f2,3,49.0
24957,SYN003573,f1,2,249.0
24958,SYN003573,v1,3,89.0
24959,SYN003573,v2,1,49.0
24960,SYN003574,v5,3,149.0
24961,SYN003574,d5,2,249.0
24962,SYN003574,f5,3,99.0
24963,SYN003574,f4,1,199.0
24964,SYN003574,d1,1,69.0
24965,SYN003574,v1,3,89.0
24966,SYN003574,d2,2,249.0
24967,SYN003574,v2,3,49.0
24968,SYN003575,d4,3,99.0
24969,SYN003575,f1,3,249.0
24970,SYN003575,v3,1,79.0
24971,SYN003575,bv1,2,149.0
24972,SYN003576,f1,1,249.0
24973,SYN003576,f3,3,149.0
24974,SYN003576,v1,1,89.0
24975,SYN003576,v2,3,49.0
24976,SYN003576,v3,1,79.0
24977,SYN003576,f4,3,199.0
24978,SYN003576,bv1,2,149.0
24979,SYN003577,v6,2,29.0
24980,SYN003577,d3,3,179.0
24981,SYN003577,d2,2,249.0
24982,SYN003577,f2,3,49.0
24983,SYN003578,v1,1,89.0
24984,SYN003578,f6,3,179.0
24985,SYN003578,d1,1,69.0
24986,SYN003578,b1,3,199.0
24987,SYN003578,v3,3,79.0
24988,SYN003578,d4,3,99.0
24989,SYN003579,f2,1,49.0
24990,SYN003579,f1,3,249.0
24991,SYN003579,v4,3,39.0
24992,SYN003579,d4,1,99.0
24993,SYN003579,v1,2,89.0
24994,SYN003579,b1,1,199.0
24995,SYN003580,v6,2,29.0
24996,SYN003580,d2,1,249.0
24997,SYN003580,d1,2,69.0
24998,SYN003580,d3,1,179.0
24999,SYN003580,d4,2,99.0
25000,SYN003580,v4,3,39.0
25001,SYN003580,f6,1,179.0
25002,SYN003580,f2,2,49.0
25003,SYN003581,f6,1,179.0
25004,SYN003581,bv1,1,149.0
25005,SYN003581,d1,2,69.0
25006,SYN003581,v6,3,29.0
25007,SYN003582,v5,3,149.0
25008,SYN003582,d5,2,249.0
25009,SYN003582,f5,3,99.0
25010,SYN003582,d1,1,69.0
25011,SYN003582,v1,2,89.0
25012,SYN003582,v4,3,39.0
25013,SYN003582,v2,2,49.0
25014,SYN003583,f4,1,199.0
25015,SYN003583,f6,3,179.0
25016,SYN003583,v2,1,49.0
25017,SYN003583,v1,2,89.0
25018,SYN003584,d2,3,249.0
25019,SYN003584,v3,1,79.0
25020,SYN003584,s2,1,249.0
25021,SYN003584,d1,1,69.0
25022,SYN003585,f1,1,249.0
25023,SYN003585,f3,3,149.0
25024,SYN003585,d5,2,249.0
25025,SYN003585,f2,1,49.0
25026,SYN003586,f2,1,49.0
25027,SYN003586,s4,2,299.0
25028,SYN003586,bv3,3,199.0
25029,SYN003586,f6,3,179.0
25030,SYN003586,d3,2,179.0
25031,SYN003587,f3,2,149.0
25032,SYN003587,v5,2,149.0
25033,SYN003587,v6,3,29.0
25034,SYN003587,f6,3,179.0
25035,SYN003587,v2,2,49.0
25036,SYN003587,f4,1,199.0
25037,SYN003587,f5,2,99.0
25038,SYN003588,v1,1,89.0
25039,SYN003588,f6,3,179.0
25040,SYN003588,f3,2,149.0
25041,SYN003588,f5,2,99.0
25042,SYN003588,d5,3,249.0
25043,SYN003588,v6,3,29.0
25044,SYN003588,v3,1,79.0
25045,SYN003589,v3,2,79.0
25046,SYN003589,v1,3,89.0
25047,SYN003589,f1,3,249.0
25048,SYN003589,v4,3,39.0
25049,SYN003589,v5,2,149.0
25050,SYN003589,d3,3,179.0
25051,SYN003590,s5,1,199.0
25052,SYN003590,d5,2,249.0
25053,SYN003590,f1,1,249.0
25054,SYN003590,d2,3,249.0
25055,SYN003590,d4,3,99.0
25056,SYN003590,v1,1,89.0
25057,SYN003591,v3,1,79.0
25058,SYN003591,f6,1,179.0
25059,SYN003591,v4,2,39.0
25060,SYN003591,d5,2,249.0
25061,SYN003591,v6,2,29.0
25062,SYN003591,s4,2,299.0
25063,SYN003591,f4,3,199.0
25064,SYN003591,f5,3,99.0
25065,SYN003592,b1,1,199.0
25066,SYN003592,s3,3,99.0
25067,SYN003592,f5,1,99.0
25068,SYN003592,v2,2,49.0
25069,SYN003592,v3,2,79.0
25070,SYN003592,v5,2,149.0
25071,SYN003592,d1,1,69.0
25072,SYN003593,f2,3,49.0
25073,SYN003593,d2,1,249.0
25074,SYN003593,f6,2,179.0
25075,SYN003593,v4,1,39.0
25076,SYN003593,f1,2,249.0
25077,SYN003593,d1,3,69.0
25078,SYN003594,v5,1,149.0
25079,SYN003594,b3,3,199.0
25080,SYN003594,v6,1,29.0
25081,SYN003594,f4,1,199.0
25082,SYN003595,bv2,1,249.0
25083,SYN003595,d3,1,179.0
25084,SYN003595,f3,3,149.0
25085,SYN003595,v6,1,29.0
25086,SYN003595,d2,3,249.0
25087,SYN003595,d5,2,249.0
25088,SYN003595,f4,2,199.0
25089,SYN003595,d4,1,99.0
25090,SYN003596,f3,2,149.0
25091,SYN003596,v4,2,39.0
25092,SYN003596,v1,2,89.0
25093,SYN003596,b3,1,199.0
25094,SYN003596,f5,3,99.0
25095,SYN003597,v1,1,89.0
25096,SYN003597,d1,3,69.0
25097,SYN003597,f6,1,179.0
25098,SYN003597,f5,3,99.0
25099,SYN003598,f2,3,49.0
25100,SYN003598,b1,1,199.0
25101,SYN003598,v2,2,49.0
25102,SYN003598,d1,2,69.0
25103,SYN003598,d2,1,249.0
25104,SYN003598,bv3,2,199.0
25105,SYN003598,f1,1,249.0
25106,SYN003598,v6,2,29.0
25107,SYN003599,v2,2,49.0
25108,SYN003599,v5,2,149.0
25109,SYN003599,f2,3,49.0
25110,SYN003599,f1,3,249.0
25111,SYN003599,v3,1,79.0
25112,SYN003599,s1,1,399.0
25113,SYN003599,f4,3,199.0
25114,SYN003599,f5,2,99.0
25115,SYN003600,v6,3,29.0
25116,SYN003600,bv3,1,199.0
25117,SYN003600,d1,2,69.0
25118,SYN003600,f3,2,149.0
25119,SYN003600,v3,3,79.0
25120,SYN003600,f6,3,179.0
25121,SYN003601,s5,1,199.0
25122,SYN003601,f6,1,179.0
25123,SYN003601,f1,2,249.0
25124,SYN003601,f5,1,99.0
25125,SYN003601,d2,3,249.0
25126,SYN003601,d4,3,99.0
25127,SYN003601,s4,3,299.0
25128,SYN003601,d5,1,249.0
25129,SYN003602,f2,2,49.0
25130,SYN003602,d5,3,249.0
25131,SYN003602,f5,2,99.0
25132,SYN003602,bv4,1,349.0
25133,SYN003602,b3,1,199.0
25134,SYN003603,v5,1,149.0
25135,SYN003603,v1,3,89.0
25136,SYN003603,v4,3,39.0
25137,SYN003603,d3,3,179.0
25138,SYN003603,bv4,1,349.0
25139,SYN003603,f3,2,149.0
25140,SYN003603,v3,1,79.0
25141,SYN003603,s3,1,99.0
25142,SYN003604,v3,1,79.0
25143,SYN003604,f1,2,249.0
25144,SYN003604,d4,2,99.0
25145,SYN003604,d1,3,69.0
25146,SYN003604,d5,1,249.0
25147,SYN003604,d3,2,179.0
25148,SYN003605,d4,1,99.0
25149,SYN003605,d5,3,249.0
25150,SYN003605,f1,2,249.0
25151,SYN003605,v1,2,89.0
25152,SYN003605,b4,3,599.0
25153,SYN003605,f2,2,49.0
25154,SYN003605,bv2,3,249.0
25155,SYN003606,f3,3,149.0
25156,SYN003606,d5,1,249.0
25157,SYN003606,d3,1,179.0
25158,SYN003606,d2,3,249.0
25159,SYN003606,f1,3,249.0
25160,SYN003606,s3,3,99.0
25161,SYN003607,v4,2,39.0
25162,SYN003607,v6,1,29.0
25163,SYN003607,d3,2,179.0
25164,SYN003607,f1,1,249.0
25165,SYN003607,v5,2,149.0
25166,SYN003607,f4,2,199.0
25167,SYN003607,v3,2,79.0
25168,SYN003608,d5,1,249.0
25169,SYN003608,v1,2,89.0
25170,SYN003608,f6,3,179.0
25171,SYN003608,v6,2,29.0
25172,SYN003608,d4,3,99.0
25173,SYN003608,d3,3,179.0
25174,SYN003608,f2,3,49.0
25175,SYN003609,f5,2,99.0
25176,SYN003609,d2,1,249.0
25177,SYN003609,f3,3,149.0
25178,SYN003609,f2,3,49.0
25179,SYN003610,s5,2,199.0
25180,SYN003610,f6,3,179.0
25181,SYN003610,f4,2,199.0
25182,SYN003610,s4,2,299.0
25183,SYN003610,f1,1,249.0
25184,SYN003610,f5,1,99.0
25185,SYN003610,v6,1,29.0
25186,SYN003610,f2,2,49.0
25187,SYN003611,d1,3,69.0
25188,SYN003611,d3,3,179.0
25189,SYN003611,b3,2,199.0
25190,SYN003611,v1,1,89.0
25191,SYN003611,f4,3,199.0
25192,SYN003612,d4,1,99.0
25193,SYN003612,bv2,2,249.0
25194,SYN003612,d3,1,179.0
25195,SYN003612,d2,2,249.0
25196,SYN003613,v5,2,149.0
25197,SYN003613,v4,2,39.0
25198,SYN003613,v1,3,89.0
25199,SYN003613,v6,1,29.0
25200,SYN003613,v3,1,79.0
25201,SYN003613,d1,2,69.0
25202,SYN003613,d2,3,249.0
25203,SYN003614,v1,1,89.0
25204,SYN003614,f2,3,49.0
25205,SYN003614,d5,3,249.0
25206,SYN003614,v5,3,149.0
25207,SYN003614,f4,2,199.0
25208,SYN003614,f3,3,149.0
25209,SYN003615,f3,1,149.0
25210,SYN003615,v3,3,79.0
25211,SYN003615,v5,1,149.0
25212,SYN003615,v4,2,39.0
25213,SYN003616,v5,1,149.0
25214,SYN003616,d1,2,69.0
25215,SYN003616,b3,3,199.0
25216,SYN003616,f1,3,249.0
25217,SYN003617,f4,3,199.0
25218,SYN003617,s3,3,99.0
25219,SYN003617,f6,3,179.0
25220,SYN003617,v2,2,49.0
25221,SYN003617,d5,1,249.0
25222,SYN003617,v6,2,29.0
25223,SYN003618,v3,3,79.0
25224,SYN003618,f3,1,149.0
25225,SYN003618,d2,3,249.0
25226,SYN003618,bv1,3,149.0
25227,SYN003618,d3,2,179.0
25228,SYN003619,d5,1,249.0
25229,SYN003619,d3,3,179.0
25230,SYN003619,v5,2,149.0
25231,SYN003619,s3,3,99.0
25232,SYN003619,f2,2,49.0
25233,SYN003620,d3,1,179.0
25234,SYN003620,v1,1,89.0
25235,SYN003620,v3,2,79.0
25236,SYN003620,v2,3,49.0
25237,SYN003621,b3,3,199.0
25238,SYN003621,s5,1,199.0
25239,SYN003621,d4,3,99.0
25240,SYN003621,v4,3,39.0
25241,SYN003622,d2,1,249.0
25242,SYN003622,f6,2,179.0
25243,SYN003622,bv3,1,199.0
25244,SYN003622,v4,3,39.0
25245,SYN003622,v3,2,79.0
25246,SYN003622,d1,3,69.0
25247,SYN003622,f2,1,49.0
25248,SYN003622,v6,2,29.0
25249,SYN003623,f6,1,179.0
25250,SYN003623,f5,3,99.0
25251,SYN003623,s3,1,99.0
25252,SYN003623,v5,1,149.0
25253,SYN003623,d1,3,69.0
25254,SYN003623,f4,2,199.0
25255,SYN003624,d4,3,99.0
25256,SYN003624,v5,1,149.0
25257,SYN003624,f5,2,99.0
25258,SYN003624,f1,2,249.0
25259,SYN003624,s1,1,399.0
25260,SYN003624,s5,3,199.0
25261,SYN003624,d5,3,249.0
25262,SYN003624,f2,1,49.0
25263,SYN003625,v3,2,79.0
25264,SYN003625,v2,3,49.0
25265,SYN003625,d2,3,249.0
25266,SYN003625,d5,3,249.0
25267,SYN003625,v1,2,89.0
25268,SYN003626,f1,1,249.0
25269,SYN003626,f3,3,149.0
25270,SYN003626,f6,1,179.0
25271,SYN003626,d1,2,69.0
25272,SYN003626,v2,1,49.0
25273,SYN003626,d2,3,249.0
25274,SYN003626,bv2,3,249.0
25275,SYN003627,bv4,1,349.0
25276,SYN003627,f2,1,49.0
25277,SYN003627,s2,1,249.0
25278,SYN003627,d4,2,99.0
25279,SYN003628,v6,2,29.0
25280,SYN003628,d2,2,249.0
25281,SYN003628,s4,1,299.0
25282,SYN003628,d5,1,249.0
25283,SYN003628,d1,2,69.0
25284,SYN003628,v2,3,49.0
25285,SYN003629,f5,2,99.0
25286,SYN003629,v3,1,79.0
25287,SYN003629,v6,1,29.0
25288,SYN003629,d4,2,99.0
25289,SYN003629,f4,2,199.0
25290,SYN003629,f1,2,249.0
25291,SYN003629,v2,3,49.0
25292,SYN003630,v6,1,29.0
25293,SYN003630,f1,2,249.0
25294,SYN003630,f5,3,99.0
25295,SYN003630,d4,3,99.0
25296,SYN003630,f2,2,49.0
25297,SYN003631,b5,1,299.0
25298,SYN003631,v1,2,89.0
25299,SYN003631,f3,1,149.0
25300,SYN003631,v5,1,149.0
25301,SYN003631,d3,3,179.0
25302,SYN003631,f4,1,199.0
25303,SYN003632,v6,2,29.0
25304,SYN003632,v4,2,39.0
25305,SYN003632,v2,2,49.0
25306,SYN003632,v1,3,89.0
25307,SYN003633,d5,2,249.0
25308,SYN003633,f1,1,249.0
25309,SYN003633,bv3,1,199.0
25310,SYN003633,d2,3,249.0
25311,SYN003633,f4,1,199.0
25312,SYN003633,f3,1,149.0
25313,SYN003634,f4,3,199.0
25314,SYN003634,f6,2,179.0
25315,SYN003634,d3,2,179.0
25316,SYN003634,v3,1,79.0
25317,SYN003634,b4,1,599.0
25318,SYN003634,d2,1,249.0
25319,SYN003634,f1,3,249.0
25320,SYN003634,v4,1,39.0
25321,SYN003635,v2,1,49.0
25322,SYN003635,v6,1,29.0
25323,SYN003635,v4,3,39.0
25324,SYN003635,b4,1,599.0
25325,SYN003635,s4,1,299.0
25326,SYN003635,f6,2,179.0
25327,SYN003635,v5,2,149.0
25328,SYN003635,f1,3,249.0
25329,SYN003636,f2,3,49.0
25330,SYN003636,f3,1,149.0
25331,SYN003636,v5,2,149.0
25332,SYN003636,b2,2,249.0
25333,SYN003637,d1,2,69.0
25334,SYN003637,s4,2,299.0
25335,SYN003637,s2,1,249.0
25336,SYN003637,f6,1,179.0
25337,SYN003638,v2,2,49.0
25338,SYN003638,d2,3,249.0
25339,SYN003638,s1,1,399.0
25340,SYN003638,s5,3,199.0
25341,SYN003638,d1,3,69.0
25342,SYN003638,s4,1,299.0
25343,SYN003639,v1,2,89.0
25344,SYN003639,bv2,3,249.0
25345,SYN003639,d5,3,249.0
25346,SYN003639,s5,1,199.0
25347,SYN003639,bv3,1,199.0
25348,SYN003639,f3,3,149.0
25349,SYN003640,s1,3,399.0
25350,SYN003640,s5,2,199.0
25351,SYN003640,s4,1,299.0
25352,SYN003641,d4,1,99.0
25353,SYN003641,v2,1,49.0
25354,SYN003641,s4,1,299.0
25355,SYN003641,bv3,2,199.0
25356,SYN003641,s5,1,199.0
25357,SYN003641,s2,3,249.0
25358,SYN003642,f3,1,149.0
25359,SYN003642,s3,2,99.0
25360,SYN003642,v5,1,149.0
25361,SYN003642,s1,1,399.0
25362,SYN003642,s2,2,249.0
25363,SYN003642,s5,1,199.0
25364,SYN003643,v4,3,39.0
25365,SYN003643,s1,3,399.0
25366,SYN003643,d1,3,69.0
25367,SYN003644,s1,2,399.0
25368,SYN003644,f2,2,49.0
25369,SYN003644,d3,1,179.0
25370,SYN003644,f1,3,249.0
25371,SYN003645,d5,1,249.0
25372,SYN003645,v1,3,89.0
25373,SYN003645,v6,1,29.0
25374,SYN003645,d2,1,249.0
25375,SYN003646,d2,2,249.0
25376,SYN003646,v6,2,29.0
25377,SYN003646,v1,3,89.0
25378,SYN003646,s4,3,299.0
25379,SYN003647,v2,2,49.0
25380,SYN003647,v5,3,149.0
25381,SYN003647,s5,1,199.0
25382,SYN003647,bv3,2,199.0
25383,SYN003648,d3,3,179.0
25384,SYN003648,bv2,2,249.0
25385,SYN003648,s3,2,99.0
25386,SYN003648,v6,3,29.0
25387,SYN003648,s2,3,249.0
25388,SYN003649,v3,1,79.0
25389,SYN003649,s5,3,199.0
25390,SYN003649,d4,2,99.0
25391,SYN003650,s4,3,299.0
25392,SYN003650,v4,2,39.0
25393,SYN003650,v6,2,29.0
25394,SYN003650,s2,1,249.0
25395,SYN003650,f6,3,179.0
25396,SYN003650,d4,1,99.0
25397,SYN003651,v4,3,39.0
25398,SYN003651,s4,1,299.0
25399,SYN003651,s5,3,199.0
25400,SYN003651,s3,2,99.0
25401,SYN003651,b1,3,199.0
25402,SYN003651,bv3,2,199.0
25403,SYN003652,d2,1,249.0
25404,SYN003652,bv1,2,149.0
25405,SYN003652,d3,1,179.0
25406,SYN003653,s3,3,99.0
25407,SYN003653,v3,1,79.0
25408,SYN003653,d2,2,249.0
25409,SYN003653,v5,2,149.0
25410,SYN003653,v4,3,39.0
25411,SYN003654,v2,3,49.0
25412,SYN003654,v4,3,39.0
25413,SYN003654,s5,3,199.0
25414,SYN003654,v3,2,79.0
25415,SYN003654,d4,3,99.0
25416,SYN003655,s2,2,249.0
25417,SYN003655,f6,3,179.0
25418,SYN003655,b1,3,199.0
25419,SYN003655,d5,1,249.0
25420,SYN003656,s4,1,299.0
25421,SYN003656,s3,3,99.0
25422,SYN003656,s1,1,399.0
25423,SYN003657,s1,2,399.0
25424,SYN003657,s3,3,99.0
25425,SYN003657,d5,1,249.0
25426,SYN003657,s2,1,249.0
25427,SYN003657,f6,1,179.0
25428,SYN003657,bv4,2,349.0
25429,SYN003658,v2,2,49.0
25430,SYN003658,d4,3,99.0
25431,SYN003658,v1,3,89.0
25432,SYN003658,d2,1,249.0
25433,SYN003658,s4,2,299.0
25434,SYN003658,d1,3,69.0
25435,SYN003659,d3,2,179.0
25436,SYN003659,v3,2,79.0
25437,SYN003659,v1,1,89.0
25438,SYN003659,s5,2,199.0
25439,SYN003659,v5,3,149.0
25440,SYN003659,bv1,2,149.0
25441,SYN003660,v3,2,79.0
25442,SYN003660,f4,3,199.0
25443,SYN003660,v6,1,29.0
25444,SYN003660,s3,3,99.0
25445,SYN003661,d2,1,249.0
25446,SYN003661,s4,1,299.0
25447,SYN003661,v1,3,89.0
25448,SYN003661,d3,1,179.0
25449,SYN003662,d1,1,69.0
25450,SYN003662,v4,1,39.0
25451,SYN003662,d2,1,249.0
25452,SYN003662,v2,1,49.0
25453,SYN003662,s2,3,249.0
25454,SYN003663,f5,1,99.0
25455,SYN003663,b5,2,299.0
25456,SYN003663,s4,2,299.0
25457,SYN003664,s2,1,249.0
25458,SYN003664,v3,2,79.0
25459,SYN003664,f4,2,199.0
25460,SYN003665,f6,3,179.0
25461,SYN003665,f1,3,249.0
25462,SYN003665,d1,3,69.0
25463,SYN003665,v6,1,29.0
25464,SYN003665,s3,2,99.0
25465,SYN003665,d3,2,179.0
25466,SYN003666,s1,3,399.0
25467,SYN003666,d3,3,179.0
25468,SYN003666,bv3,3,199.0
25469,SYN003666,bv4,2,349.0
25470,SYN003667,s2,3,249.0
25471,SYN003667,v2,1,49.0
25472,SYN003667,bv2,2,249.0
25473,SYN003667,v5,2,149.0
25474,SYN003667,s4,2,299.0
25475,SYN003668,s5,1,199.0
25476,SYN003668,v2,2,49.0
25477,SYN003668,v6,3,29.0
25478,SYN003669,d1,1,69.0
25479,SYN003669,s3,2,99.0
25480,SYN003669,b5,2,299.0
25481,SYN003669,d4,2,99.0
25482,SYN003670,v3,2,79.0
25483,SYN003670,v1,3,89.0
25484,SYN003670,b4,3,599.0
25485,SYN003670,d1,2,69.0
25486,SYN003670,s4,2,299.0
25487,SYN003671,s1,1,399.0
25488,SYN003671,d2,3,249.0
25489,SYN003671,v4,2,39.0
25490,SYN003672,d5,1,249.0
25491,SYN003672,v5,3,149.0
25492,SYN003672,d4,1,99.0
25493,SYN003672,v6,1,29.0
25494,SYN003673,s3,2,99.0
25495,SYN003673,d1,3,69.0
25496,SYN003673,s2,2,249.0
25497,SYN003673,f5,3,99.0
25498,SYN003674,s5,1,199.0
25499,SYN003674,s4,1,299.0
25500,SYN003674,v6,3,29.0
25501,SYN003674,s3,3,99.0
25502,SYN003674,s1,3,399.0
25503,SYN003675,d5,2,249.0
25504,SYN003675,d4,3,99.0
25505,SYN003675,v3,3,79.0
25506,SYN003675,f1,3,249.0
25507,SYN003675,v6,3,29.0
25508,SYN003675,d3,2,179.0
25509,SYN003676,d3,3,179.0
25510,SYN003676,s5,1,199.0
25511,SYN003676,b1,3,199.0
25512,SYN003676,d1,2,69.0
25513,SYN003676,s1,3,399.0
25514,SYN003677,v6,2,29.0
25515,SYN003677,s5,2,199.0
25516,SYN003677,s3,1,99.0
25517,SYN003677,s2,1,249.0
25518,SYN003677,d3,2,179.0
25519,SYN003678,v1,2,89.0
25520,SYN003678,bv1,2,149.0
25521,SYN003678,s3,1,99.0
25522,SYN003678,d2,3,249.0
25523,SYN003678,d4,1,99.0
25524,SYN003678,v4,1,39.0
25525,SYN003679,s5,1,199.0
25526,SYN003679,v2,3,49.0
25527,SYN003679,bv4,2,349.0
25528,SYN003679,d5,1,249.0
25529,SYN003680,v3,1,79.0
25530,SYN003680,s1,1,399.0
25531,SYN003680,v2,2,49.0
25532,SYN003680,v1,2,89.0
25533,SYN003680,b2,1,249.0
25534,SYN003681,d4,2,99.0
25535,SYN003681,d1,1,69.0
25536,SYN003681,s5,1,199.0
25537,SYN003681,f2,2,49.0
25538,SYN003682,d5,2,249.0
25539,SYN003682,bv1,2,149.0
25540,SYN003682,d2,1,249.0
25541,SYN003683,s5,3,199.0
25542,SYN003683,v4,2,39.0
25543,SYN003683,b5,3,299.0
25544,SYN003684,d1,1,69.0
25545,SYN003684,d2,2,249.0
25546,SYN003684,v6,3,29.0
25547,SYN003684,s1,3,399.0
25548,SYN003684,v5,2,149.0
25549,SYN003685,v6,1,29.0
25550,SYN003685,bv4,1,349.0
25551,SYN003685,d2,2,249.0
25552,SYN003685,v1,2,89.0
25553,SYN003686,d1,1,69.0
25554,SYN003686,s4,3,299.0
25555,SYN003686,v5,3,149.0
25556,SYN003686,d5,1,249.0
25557,SYN003687,v1,2,89.0
25558,SYN003687,d4,1,99.0
25559,SYN003687,s5,2,199.0
25560,SYN003687,v2,1,49.0
25561,SYN003687,d2,3,249.0
25562,SYN003687,s4,3,299.0
25563,SYN003688,d4,3,99.0
25564,SYN003688,b5,2,299.0
25565,SYN003688,d3,2,179.0
25566,SYN003688,s3,3,99.0
25567,SYN003688,s1,3,399.0
25568,SYN003688,s2,2,249.0
25569,SYN003689,d4,3,99.0
25570,SYN003689,d2,3,249.0
25571,SYN003689,s2,1,249.0
25572,SYN003689,s4,3,299.0
25573,SYN003689,v2,1,49.0
25574,SYN003689,s5,3,199.0
25575,SYN003690,d2,1,249.0
25576,SYN003690,v5,2,149.0
25577,SYN003690,s3,3,99.0
25578,SYN003690,s4,3,299.0
25579,SYN003690,v1,2,89.0
25580,SYN003690,s1,1,399.0
25581,SYN003691,b3,2,199.0
25582,SYN003691,bv1,3,149.0
25583,SYN003691,s5,3,199.0
25584,SYN003691,v3,1,79.0
25585,SYN003691,d2,1,249.0
25586,SYN003691,d3,2,179.0
25587,SYN003692,v1,2,89.0
25588,SYN003692,v3,3,79.0
25589,SYN003692,v2,3,49.0
25590,SYN003692,f1,3,249.0
25591,SYN003692,b2,2,249.0
25592,SYN003693,v6,2,29.0
25593,SYN003693,s1,1,399.0
25594,SYN003693,s3,1,99.0
25595,SYN003694,d2,1,249.0
25596,SYN003694,v3,3,79.0
25597,SYN003694,s1,2,399.0
25598,SYN003694,s5,2,199.0
25599,SYN003695,v6,3,29.0
25600,SYN003695,d5,2,249.0
25601,SYN003695,s3,1,99.0
25602,SYN003695,d3,1,179.0
25603,SYN003696,v2,3,49.0
25604,SYN003696,v4,3,39.0
25605,SYN003696,s2,3,249.0
25606,SYN003696,v6,2,29.0
25607,SYN003697,v5,3,149.0
25608,SYN003697,s2,1,249.0
25609,SYN003697,v2,3,49.0
25610,SYN003697,d1,2,69.0
25611,SYN003698,d2,1,249.0
25612,SYN003698,d4,3,99.0
25613,SYN003698,d1,3,69.0
25614,SYN003698,bv4,2,349.0
25615,SYN003698,d3,1,179.0
25616,SYN003698,s1,2,399.0
25617,SYN003699,d2,1,249.0
25618,SYN003699,bv1,2,149.0
25619,SYN003699,bv2,1,249.0
25620,SYN003699,f1,1,249.0
25621,SYN003700,v5,2,149.0
25622,SYN003700,v1,1,89.0
25623,SYN003700,s2,2,249.0
25624,SYN003700,d3,2,179.0
25625,SYN003700,d5,1,249.0
25626,SYN003700,v6,3,29.0
25627,SYN003701,d4,3,99.0
25628,SYN003701,d1,1,69.0
25629,SYN003701,d5,3,249.0
25630,SYN003701,v3,3,79.0
25631,SYN003701,bv1,2,149.0
25632,SYN003701,v5,2,149.0
25633,SYN003702,v3,1,79.0
25634,SYN003702,s5,2,199.0
25635,SYN003702,d5,3,249.0
25636,SYN003703,d4,1,99.0
25637,SYN003703,v5,1,149.0
25638,SYN003703,s1,3,399.0
25639,SYN003703,d3,2,179.0
25640,SYN003703,v2,1,49.0
25641,SYN003704,s2,3,249.0
25642,SYN003704,d5,2,249.0
25643,SYN003704,d3,1,179.0
25644,SYN003704,s5,1,199.0
25645,SYN003704,v6,2,29.0
25646,SYN003704,f3,2,149.0
25647,SYN003705,s5,1,199.0
25648,SYN003705,d3,2,179.0
25649,SYN003705,f3,2,149.0
25650,SYN003705,v2,1,49.0
25651,SYN003705,v5,3,149.0
25652,SYN003705,d4,2,99.0
25653,SYN003706,f6,3,179.0
25654,SYN003706,s1,1,399.0
25655,SYN003706,bv1,1,149.0
25656,SYN003706,v1,3,89.0
25657,SYN003707,d4,3,99.0
25658,SYN003707,v6,3,29.0
25659,SYN003707,s1,3,399.0
25660,SYN003707,d1,3,69.0
25661,SYN003707,v3,2,79.0
25662,SYN003707,s4,2,299.0
25663,SYN003708,v5,3,149.0
25664,SYN003708,v4,2,39.0
25665,SYN003708,s1,3,399.0
25666,SYN003708,s3,2,99.0
25667,SYN003709,d4,2,99.0
25668,SYN003709,d2,2,249.0
25669,SYN003709,v3,1,79.0
25670,SYN003709,v5,1,149.0
25671,SYN003709,d1,1,69.0
25672,SYN003709,s2,3,249.0
25673,SYN003710,b1,1,199.0
25674,SYN003710,s4,1,299.0
25675,SYN003710,v5,3,149.0
25676,SYN003710,d3,1,179.0
25677,SYN003710,v6,3,29.0
25678,SYN003710,f1,1,249.0
25679,SYN003711,s4,3,299.0
25680,SYN003711,d4,3,99.0
25681,SYN003711,b2,3,249.0
25682,SYN003712,d1,1,69.0
25683,SYN003712,s4,2,299.0
25684,SYN003712,s5,1,199.0
25685,SYN003712,v1,2,89.0
25686,SYN003712,d2,2,249.0
25687,SYN003713,d3,1,179.0
25688,SYN003713,v1,2,89.0
25689,SYN003713,d4,3,99.0
25690,SYN003713,d2,2,249.0
25691,SYN003714,f2,1,49.0
25692,SYN003714,b5,3,299.0
25693,SYN003714,s1,1,399.0
25694,SYN003715,f4,3,199.0
25695,SYN003715,v5,2,149.0
25696,SYN003715,v4,1,39.0
25697,SYN003715,d4,2,99.0
25698,SYN003716,d4,2,99.0
25699,SYN003716,f6,1,179.0
25700,SYN003716,v3,3,79.0
25701,SYN003716,d1,3,69.0
25702,SYN003717,d5,3,249.0
25703,SYN003717,s5,3,199.0
25704,SYN003717,f6,2,179.0
25705,SYN003717,d1,2,69.0
25706,SYN003717,v6,3,29.0
25707,SYN003718,v5,3,149.0
25708,SYN003718,d5,2,249.0
25709,SYN003718,s5,1,199.0
25710,SYN003718,d4,2,99.0
25711,SYN003718,d2,2,249.0
25712,SYN003718,s3,1,99.0
25713,SYN003719,d1,2,69.0
25714,SYN003719,v4,2,39.0
25715,SYN003719,s5,3,199.0
25716,SYN003719,bv4,2,349.0
25717,SYN003719,s2,3,249.0
25718,SYN003719,s1,3,399.0
25719,SYN003720,v2,1,49.0
25720,SYN003720,b3,3,199.0
25721,SYN003720,s2,1,249.0
25722,SYN003720,v4,3,39.0
25723,SYN003720,d4,2,99.0
25724,SYN003720,s3,1,99.0
25725,SYN003721,d1,2,69.0
25726,SYN003721,d5,2,249.0
25727,SYN003721,s5,1,199.0
25728,SYN003721,f6,2,179.0
25729,SYN003722,d3,3,179.0
25730,SYN003722,d2,1,249.0
25731,SYN003722,s5,2,199.0
25732,SYN003722,v1,2,89.0
25733,SYN003723,d3,2,179.0
25734,SYN003723,d1,2,69.0
25735,SYN003723,v4,1,39.0
25736,SYN003723,v1,2,89.0
25737,SYN003724,d2,3,249.0
25738,SYN003724,v5,1,149.0
25739,SYN003724,d5,1,249.0
25740,SYN003724,v2,2,49.0
25741,SYN003724,s3,1,99.0
25742,SYN003725,d2,1,249.0
25743,SYN003725,v2,3,49.0
25744,SYN003725,v6,1,29.0
25745,SYN003725,s1,1,399.0
25746,SYN003726,s2,2,249.0
25747,SYN003726,d3,3,179.0
25748,SYN003726,d2,1,249.0
25749,SYN003726,d1,1,69.0
25750,SYN003726,v1,2,89.0
25751,SYN003726,s5,1,199.0
25752,SYN003727,v2,1,49.0
25753,SYN003727,d1,1,69.0
25754,SYN003727,d3,1,179.0
25755,SYN003727,d2,2,249.0
25756,SYN003727,s1,2,399.0
25757,SYN003728,f3,1,149.0
25758,SYN003728,s4,3,299.0
25759,SYN003728,d3,3,179.0
25760,SYN003728,d4,2,99.0
25761,SYN003728,b4,2,599.0
25762,SYN003728,s3,2,99.0
25763,SYN003729,v6,1,29.0
25764,SYN003729,bv4,3,349.0
25765,SYN003729,d4,2,99.0
25766,SYN003729,v2,1,49.0
25767,SYN003729,b1,1,199.0
25768,SYN003730,d3,2,179.0
25769,SYN003730,s1,2,399.0
25770,SYN003730,v6,2,29.0
25771,SYN003730,f2,2,49.0
25772,SYN003730,d2,1,249.0
25773,SYN003730,s4,3,299.0
25774,SYN003731,v3,3,79.0
25775,SYN003731,f4,3,199.0
25776,SYN003731,d4,3,99.0
25777,SYN003732,d4,3,99.0
25778,SYN003732,v3,3,79.0
25779,SYN003732,s1,3,399.0
25780,SYN003732,v6,2,29.0
25781,SYN003732,v1,2,89.0
25782,SYN003732,v2,1,49.0
25783,SYN003733,d3,3,179.0
25784,SYN003733,v2,2,49.0
25785,SYN003733,d5,1,249.0
25786,SYN003734,v2,2,49.0
25787,SYN003734,s5,1,199.0
25788,SYN003734,d5,1,249.0
25789,SYN003734,d2,1,249.0
25790,SYN003735,v5,1,149.0
25791,SYN003735,s5,2,199.0
25792,SYN003735,v6,2,29.0
25793,SYN003735,s2,2,249.0
25794,SYN003735,s1,1,399.0
25795,SYN003736,bv1,3,149.0
25796,SYN003736,s2,1,249.0
25797,SYN003736,d1,3,69.0
25798,SYN003737,v1,2,89.0
25799,SYN003737,v6,1,29.0
25800,SYN003737,v5,1,149.0
25801,SYN003738,s4,2,299.0
25802,SYN003738,v1,2,89.0
25803,SYN003738,bv3,3,199.0
25804,SYN003738,d5,3,249.0
25805,SYN003739,d5,3,249.0
25806,SYN003739,d3,2,179.0
25807,SYN003739,s1,2,399.0
25808,SYN003739,v4,1,39.0
25809,SYN003739,s5,3,199.0
25810,SYN003739,v5,2,149.0
25811,SYN003740,f6,2,179.0
25812,SYN003740,d4,1,99.0
25813,SYN003740,s3,3,99.0
25814,SYN003741,v5,1,149.0
25815,SYN003741,b2,2,249.0
25816,SYN003741,d4,2,99.0
25817,SYN003741,s2,1,249.0
25818,SYN003741,s1,2,399.0
25819,SYN003741,v6,3,29.0
25820,SYN003742,d5,1,249.0
25821,SYN003742,v3,2,79.0
25822,SYN003742,s4,1,299.0
25823,SYN003742,s3,3,99.0
25824,SYN003742,d2,2,249.0
25825,SYN003743,d1,2,69.0
25826,SYN003743,bv3,2,199.0
25827,SYN003743,v2,1,49.0
25828,SYN003743,v3,1,79.0
25829,SYN003744,d2,1,249.0
25830,SYN003744,f5,2,99.0
25831,SYN003744,d4,2,99.0
25832,SYN003744,v1,1,89.0
25833,SYN003744,d5,3,249.0
25834,SYN003745,s2,3,249.0
25835,SYN003745,d3,2,179.0
25836,SYN003745,f1,3,249.0
25837,SYN003746,s1,2,399.0
25838,SYN003746,d5,2,249.0
25839,SYN003746,v1,3,89.0
25840,SYN003746,s5,3,199.0
25841,SYN003746,f5,3,99.0
25842,SYN003746,f6,1,179.0
25843,SYN003747,v2,1,49.0
25844,SYN003747,d4,3,99.0
25845,SYN003747,f5,2,99.0
25846,SYN003747,d5,3,249.0
25847,SYN003748,v4,1,39.0
25848,SYN003748,bv1,3,149.0
25849,SYN003748,v5,3,149.0
25850,SYN003749,d2,2,249.0
25851,SYN003749,d5,3,249.0
25852,SYN003749,b3,1,199.0
25853,SYN003749,v5,3,149.0
25854,SYN003749,s3,1,99.0
25855,SYN003749,b4,3,599.0
25856,SYN003750,d3,1,179.0
25857,SYN003750,v3,3,79.0
25858,SYN003750,d4,2,99.0
25859,SYN003750,d1,2,69.0
25860,SYN003750,b4,2,599.0
25861,SYN003751,d1,2,69.0
25862,SYN003751,v2,2,49.0
25863,SYN003751,s5,2,199.0
25864,SYN003751,s2,2,249.0
25865,SYN003751,d2,3,249.0
25866,SYN003752,s5,3,199.0
25867,SYN003752,s2,1,249.0
25868,SYN003752,s4,3,299.0
25869,SYN003752,b4,2,599.0
25870,SYN003753,f3,3,149.0
25871,SYN003753,d4,2,99.0
25872,SYN003753,v4,3,39.0
25873,SYN003753,f2,3,49.0
25874,SYN003753,b5,1,299.0
25875,SYN003754,d5,3,249.0
25876,SYN003754,d1,1,69.0
25877,SYN003754,v5,2,149.0
25878,SYN003754,bv2,2,249.0
25879,SYN003755,d2,3,249.0
25880,SYN003755,d4,2,99.0
25881,SYN003755,v6,3,29.0
25882,SYN003755,d5,1,249.0
25883,SYN003755,v1,1,89.0
25884,SYN003756,d3,1,179.0
25885,SYN003756,s2,2,249.0
25886,SYN003756,s5,1,199.0
25887,SYN003756,v3,1,79.0
25888,SYN003756,d1,2,69.0
25889,SYN003756,d4,3,99.0
25890,SYN003757,d1,2,69.0
25891,SYN003757,d4,2,99.0
25892,SYN003757,b2,3,249.0
25893,SYN003757,s2,2,249.0
25894,SYN003758,s3,3,99.0
25895,SYN003758,d2,1,249.0
25896,SYN003758,v1,2,89.0
25897,SYN003759,bv1,1,149.0
25898,SYN003759,v4,2,39.0
25899,SYN003759,f5,2,99.0
25900,SYN003759,d2,2,249.0
25901,SYN003760,d3,2,179.0
25902,SYN003760,v2,1,49.0
25903,SYN003760,d4,1,99.0
25904,SYN003760,v5,1,149.0
25905,SYN003760,s3,3,99.0
25906,SYN003761,v5,3,149.0
25907,SYN003761,s4,2,299.0
25908,SYN003761,d5,1,249.0
25909,SYN003761,d1,2,69.0
25910,SYN003761,d3,1,179.0
25911,SYN003761,s5,2,199.0
25912,SYN003762,v5,2,149.0
25913,SYN003762,v2,2,49.0
25914,SYN003762,d2,2,249.0
25915,SYN003762,f3,2,149.0
25916,SYN003763,v5,3,149.0
25917,SYN003763,v6,2,29.0
25918,SYN003763,b3,2,199.0
25919,SYN003763,v4,3,39.0
25920,SYN003763,d4,1,99.0
25921,SYN003763,d2,1,249.0
25922,SYN003764,s2,1,249.0
25923,SYN003764,s3,3,99.0
25924,SYN003764,f3,1,149.0
25925,SYN003764,f6,3,179.0
25926,SYN003764,f5,3,99.0
25927,SYN003764,bv2,1,249.0
25928,SYN003764,f4,3,199.0
25929,SYN003764,f1,3,249.0
25930,SYN003764,bv4,3,349.0
25931,SYN003764,bv1,3,149.0
25932,SYN003765,b4,1,599.0
25933,SYN003765,s3,2,99.0
25934,SYN003765,bv1,1,149.0
25935,SYN003765,s1,2,399.0
25936,SYN003765,f2,2,49.0
25937,SYN003766,v4,2,39.0
25938,SYN003766,f6,3,179.0
25939,SYN003766,s2,2,249.0
25940,SYN003766,f1,3,249.0
25941,SYN003766,bv3,1,199.0
25942,SYN003766,b1,1,199.0
25943,SYN003766,f2,2,49.0
25944,SYN003766,bv4,3,349.0
25945,SYN003767,d2,2,249.0
25946,SYN003767,b2,1,249.0
25947,SYN003767,f6,1,179.0
25948,SYN003767,b3,2,199.0
25949,SYN003767,bv4,1,349.0
25950,SYN003768,f5,1,99.0
25951,SYN003768,bv4,2,349.0
25952,SYN003768,s1,2,399.0
25953,SYN003768,b1,1,199.0
25954,SYN003768,f2,2,49.0
25955,SYN003768,s5,2,199.0
25956,SYN003768,f6,2,179.0
25957,SYN003769,s5,3,199.0
25958,SYN003769,f2,2,49.0
25959,SYN003769,b4,2,599.0
25960,SYN003769,bv4,3,349.0
25961,SYN003769,s3,1,99.0
25962,SYN003769,b5,1,299.0
25963,SYN003769,f1,3,249.0
25964,SYN003769,v5,1,149.0
25965,SYN003769,f6,3,179.0
25966,SYN003769,bv2,2,249.0
25967,SYN003770,f5,1,99.0
25968,SYN003770,bv3,2,199.0
25969,SYN003770,f2,2,49.0
25970,SYN003770,f6,2,179.0
25971,SYN003770,f4,1,199.0
25972,SYN003770,bv2,2,249.0
25973,SYN003770,s5,3,199.0
25974,SYN003771,bv3,1,199.0
25975,SYN003771,bv4,2,349.0
25976,SYN003771,bv1,2,149.0
25977,SYN003771,d4,3,99.0
25978,SYN003771,b5,3,299.0
25979,SYN003771,s5,2,199.0
25980,SYN003771,b1,1,199.0
25981,SYN003771,v2,3,49.0
25982,SYN003771,bv2,2,249.0
25983,SYN003771,s3,2,99.0
25984,SYN003772,bv3,3,199.0
25985,SYN003772,f1,1,249.0
25986,SYN003772,b4,1,599.0
25987,SYN003772,bv4,3,349.0
25988,SYN003772,b3,3,199.0
25989,SYN003773,f3,3,149.0
25990,SYN003773,bv1,1,149.0
25991,SYN003773,f4,3,199.0
25992,SYN003773,s3,2,99.0
25993,SYN003773,b4,3,599.0
25994,SYN003773,f1,1,249.0
25995,SYN003773,b5,1,299.0
25996,SYN003773,s2,1,249.0
25997,SYN003774,bv3,2,199.0
25998,SYN003774,b3,3,199.0
25999,SYN003774,f3,3,149.0
26000,SYN003774,f4,3,199.0
26001,SYN003774,d1,2,69.0
26002,SYN003774,bv4,3,349.0
26003,SYN003775,bv3,2,199.0
26004,SYN003775,f4,3,199.0
26005,SYN003775,s1,3,399.0
26006,SYN003775,b4,1,599.0
26007,SYN003775,b3,2,199.0
26008,SYN003775,bv2,1,249.0
26009,SYN003775,bv4,2,349.0
26010,SYN003775,s4,2,299.0
26011,SYN003776,f4,3,199.0
26012,SYN003776,f1,1,249.0
26013,SYN003776,bv4,3,349.0
26014,SYN003776,s1,1,399.0
26015,SYN003776,b2,3,249.0
26016,SYN003776,bv2,2,249.0
26017,SYN003776,b5,2,299.0
26018,SYN003777,s2,1,249.0
26019,SYN003777,b2,3,249.0
26020,SYN003777,v2,2,49.0
26021,SYN003777,v5,2,149.0
26022,SYN003777,f6,1,179.0
26023,SYN003777,bv1,2,149.0
26024,SYN003777,s3,2,99.0
26025,SYN003778,s5,2,199.0
26026,SYN003778,bv3,3,199.0
26027,SYN003778,f2,3,49.0
26028,SYN003778,bv1,3,149.0
26029,SYN003778,b2,3,249.0
26030,SYN003778,b1,1,199.0
26031,SYN003778,f1,2,249.0
26032,SYN003778,s3,3,99.0
26033,SYN003778,f6,2,179.0
26034,SYN003778,b4,3,599.0
26035,SYN003779,bv1,2,149.0
26036,SYN003779,s5,3,199.0
26037,SYN003779,f3,2,149.0
26038,SYN003779,s2,1,249.0
26039,SYN003779,f2,3,49.0
26040,SYN003779,s1,1,399.0
26041,SYN003779,bv4,2,349.0
26042,SYN003779,b5,2,299.0
26043,SYN003780,s5,3,199.0
26044,SYN003780,b4,1,599.0
26045,SYN003780,bv1,1,149.0
26046,SYN003780,f5,2,99.0
26047,SYN003780,v4,2,39.0
26048,SYN003780,s4,1,299.0
26049,SYN003780,bv4,2,349.0
26050,SYN003780,s2,3,249.0
26051,SYN003780,b5,1,299.0
26052,SYN003781,d3,1,179.0
26053,SYN003781,f2,3,49.0
26054,SYN003781,b2,1,249.0
26055,SYN003781,f3,3,149.0
26056,SYN003781,b3,2,199.0
26057,SYN003781,f6,2,179.0
26058,SYN003781,f4,1,199.0
26059,SYN003782,bv2,2,249.0
26060,SYN003782,b4,1,599.0
26061,SYN003782,s4,1,299.0
26062,SYN003782,bv4,2,349.0
26063,SYN003782,f5,2,99.0
26064,SYN003782,v2,3,49.0
26065,SYN003782,s3,1,99.0
26066,SYN003783,s5,2,199.0
26067,SYN003783,s2,1,249.0
26068,SYN003783,b5,3,299.0
26069,SYN003783,bv2,2,249.0
26070,SYN003783,f6,2,179.0
26071,SYN003783,b1,3,199.0
26072,SYN003783,bv1,2,149.0
26073,SYN003784,s2,3,249.0
26074,SYN003784,f1,2,249.0
26075,SYN003784,b1,1,199.0
26076,SYN003784,f6,3,179.0
26077,SYN003784,b2,3,249.0
26078,SYN003784,f2,3,49.0
26079,SYN003785,s3,1,99.0
26080,SYN003785,f4,1,199.0
26081,SYN003785,f1,1,249.0
26082,SYN003785,b3,2,199.0
26083,SYN003785,bv1,1,149.0
26084,SYN003785,s5,2,199.0
26085,SYN003786,b2,1,249.0
26086,SYN003786,b3,1,199.0
26087,SYN003786,bv1,3,149.0
26088,SYN003786,f2,2,49.0
26089,SYN003786,f5,3,99.0
26090,SYN003786,d3,1,179.0
26091,SYN003786,f1,1,249.0
26092,SYN003786,d5,1,249.0
26093,SYN003787,s3,2,99.0
26094,SYN003787,f3,3,149.0
26095,SYN003787,bv1,3,149.0
26096,SYN003787,s4,3,299.0
26097,SYN003787,s5,2,199.0
26098,SYN003787,f1,2,249.0
26099,SYN003787,f5,2,99.0
26100,SYN003787,bv3,1,199.0
26101,SYN003787,b4,1,599.0
26102,SYN003788,f6,1,179.0
26103,SYN003788,s5,3,199.0
26104,SYN003788,f5,3,99.0
26105,SYN003788,f4,1,199.0
26106,SYN003788,bv4,2,349.0
26107,SYN003789,bv4,2,349.0
26108,SYN003789,b4,2,599.0
26109,SYN003789,bv2,3,249.0
26110,SYN003789,s4,1,299.0
26111,SYN003789,bv1,3,149.0
26112,SYN003789,s2,1,249.0
26113,SYN003789,b1,3,199.0
26114,SYN003789,f2,1,49.0
26115,SYN003789,d3,1,179.0
26116,SYN003789,s1,1,399.0
26117,SYN003790,b1,1,199.0
26118,SYN003790,b4,2,599.0
26119,SYN003790,f5,1,99.0
26120,SYN003790,bv1,3,149.0
26121,SYN003790,bv4,2,349.0
26122,SYN003790,bv3,1,199.0
26123,SYN003790,b3,1,199.0
26124,SYN003790,v4,1,39.0
26125,SYN003791,f5,3,99.0
26126,SYN003791,f1,3,249.0
26127,SYN003791,s1,3,399.0
26128,SYN003791,b4,2,599.0
26129,SYN003791,f3,1,149.0
26130,SYN003792,b5,2,299.0
26131,SYN003792,bv3,1,199.0
26132,SYN003792,f5,3,99.0
26133,SYN003792,bv4,3,349.0
26134,SYN003792,s5,2,199.0
26135,SYN003793,b1,3,199.0
26136,SYN003793,s1,2,399.0
26137,SYN003793,f3,3,149.0
26138,SYN003793,s5,3,199.0
26139,SYN003793,d5,2,249.0
26140,SYN003793,f1,1,249.0
26141,SYN003793,s4,3,299.0
26142,SYN003793,f4,3,199.0
26143,SYN003793,s2,2,249.0
26144,SYN003794,f2,3,49.0
26145,SYN003794,f3,1,149.0
26146,SYN003794,v3,2,79.0
26147,SYN003794,s3,3,99.0
26148,SYN003794,v6,2,29.0
26149,SYN003794,s5,2,199.0
26150,SYN003794,f1,2,249.0
26151,SYN003794,bv1,1,149.0
26152,SYN003795,f2,2,49.0
26153,SYN003795,s4,3,299.0
26154,SYN003795,bv4,3,349.0
26155,SYN003795,b4,2,599.0
26156,SYN003795,f5,1,99.0
26157,SYN003795,f1,2,249.0
26158,SYN003795,bv3,1,199.0
26159,SYN003796,s5,1,199.0
26160,SYN003796,b5,1,299.0
26161,SYN003796,b2,3,249.0
26162,SYN003796,f1,1,249.0
26163,SYN003796,v3,2,79.0
26164,SYN003796,bv1,1,149.0
26165,SYN003797,f3,3,149.0
26166,SYN003797,b2,2,249.0
26167,SYN003797,s2,2,249.0
26168,SYN003797,b5,1,299.0
26169,SYN003797,f6,2,179.0
26170,SYN003798,s2,1,249.0
26171,SYN003798,s1,1,399.0
26172,SYN003798,b2,3,249.0
26173,SYN003798,s3,2,99.0
26174,SYN003798,f5,1,99.0
26175,SYN003798,f1,3,249.0
26176,SYN003798,s4,3,299.0
26177,SYN003798,bv4,3,349.0
26178,SYN003798,b1,3,199.0
26179,SYN003798,b5,3,299.0
26180,SYN003799,b3,3,199.0
26181,SYN003799,b2,2,249.0
26182,SYN003799,s2,1,249.0
26183,SYN003799,f4,2,199.0
26184,SYN003799,f1,1,249.0
26185,SYN003799,f6,2,179.0
26186,SYN003799,f5,2,99.0
26187,SYN003799,v2,1,49.0
26188,SYN003800,s1,1,399.0
26189,SYN003800,b1,1,199.0
26190,SYN003800,f6,1,179.0
26191,SYN003800,d2,3,249.0
26192,SYN003800,bv4,3,349.0
26193,SYN003800,bv2,1,249.0
26194,SYN003800,bv1,2,149.0
26195,SYN003801,b2,1,249.0
26196,SYN003801,bv3,1,199.0
26197,SYN003801,f1,2,249.0
26198,SYN003801,f2,2,49.0
26199,SYN003801,s1,3,399.0
26200,SYN003802,bv4,3,349.0
26201,SYN003802,s1,3,399.0
26202,SYN003802,d1,1,69.0
26203,SYN003802,b4,1,599.0
26204,SYN003802,b2,2,249.0
26205,SYN003803,f4,1,199.0
26206,SYN003803,s1,1,399.0
26207,SYN003803,f5,3,99.0
26208,SYN003803,bv4,1,349.0
26209,SYN003803,b1,3,199.0
26210,SYN003803,d5,2,249.0
26211,SYN003804,bv2,1,249.0
26212,SYN003804,s3,2,99.0
26213,SYN003804,f3,1,149.0
26214,SYN003804,f1,3,249.0
26215,SYN003804,s4,1,299.0
26216,SYN003804,b5,2,299.0
26217,SYN003804,s1,2,399.0
26218,SYN003804,d4,2,99.0
26219,SYN003804,b2,2,249.0
26220,SYN003804,b3,3,199.0
26221,SYN003805,b2,3,249.0
26222,SYN003805,f3,2,149.0
26223,SYN003805,s1,1,399.0
26224,SYN003805,bv1,3,149.0
26225,SYN003805,v6,2,29.0
26226,SYN003805,d2,2,249.0
26227,SYN003805,s3,1,99.0
26228,SYN003805,f5,1,99.0
26229,SYN003805,b3,3,199.0
26230,SYN003805,f1,2,249.0
26231,SYN003806,bv2,1,249.0
26232,SYN003806,v1,3,89.0
26233,SYN003806,s5,3,199.0
26234,SYN003806,b1,1,199.0
26235,SYN003806,b5,1,299.0
26236,SYN003806,v3,1,79.0
26237,SYN003806,bv1,2,149.0
26238,SYN003807,b2,3,249.0
26239,SYN003807,s5,3,199.0
26240,SYN003807,s3,1,99.0
26241,SYN003807,f3,2,149.0
26242,SYN003807,f4,3,199.0
26243,SYN003807,f5,2,99.0
26244,SYN003807,f1,1,249.0
26245,SYN003807,s4,1,299.0
26246,SYN003807,s2,2,249.0
26247,SYN003807,b5,1,299.0
26248,SYN003808,bv4,2,349.0
26249,SYN003808,s5,3,199.0
26250,SYN003808,f6,1,179.0
26251,SYN003808,b2,3,249.0
26252,SYN003808,f5,2,99.0
26253,SYN003808,s1,3,399.0
26254,SYN003809,s3,1,99.0
26255,SYN003809,b1,2,199.0
26256,SYN003809,f3,2,149.0
26257,SYN003809,d1,1,69.0
26258,SYN003809,s4,2,299.0
26259,SYN003809,f1,2,249.0
26260,SYN003809,d3,2,179.0
26261,SYN003810,s5,3,199.0
26262,SYN003810,f2,2,49.0
26263,SYN003810,v3,2,79.0
26264,SYN003810,s1,1,399.0
26265,SYN003810,b4,3,599.0
26266,SYN003811,bv2,1,249.0
26267,SYN003811,f3,2,149.0
26268,SYN003811,s4,2,299.0
26269,SYN003811,bv1,3,149.0
26270,SYN003811,f1,1,249.0
26271,SYN003811,v4,3,39.0
26272,SYN003811,b2,1,249.0
26273,SYN003811,bv3,2,199.0
26274,SYN003811,b1,2,199.0
26275,SYN003812,f1,2,249.0
26276,SYN003812,d5,3,249.0
26277,SYN003812,b1,3,199.0
26278,SYN003812,s4,1,299.0
26279,SYN003812,b2,1,249.0
26280,SYN003812,f3,1,149.0
26281,SYN003812,b3,3,199.0
26282,SYN003813,f2,2,49.0
26283,SYN003813,s5,2,199.0
26284,SYN003813,b1,1,199.0
26285,SYN003813,f1,1,249.0
26286,SYN003813,bv4,3,349.0
26287,SYN003813,bv1,1,149.0
26288,SYN003814,b3,2,199.0
26289,SYN003814,bv2,1,249.0
26290,SYN003814,d1,2,69.0
26291,SYN003814,f6,3,179.0
26292,SYN003814,d2,3,249.0
26293,SYN003814,s4,2,299.0
26294,SYN003814,b4,2,599.0
26295,SYN003814,f4,1,199.0
26296,SYN003814,f3,3,149.0
26297,SYN003814,b2,2,249.0
26298,SYN003815,s5,3,199.0
26299,SYN003815,s1,3,399.0
26300,SYN003815,d1,3,69.0
26301,SYN003815,d4,3,99.0
26302,SYN003815,f6,1,179.0
26303,SYN003815,s4,1,299.0
26304,SYN003816,s2,3,249.0
26305,SYN003816,b4,1,599.0
26306,SYN003816,bv4,3,349.0
26307,SYN003816,b1,2,199.0
26308,SYN003816,b3,3,199.0
26309,SYN003816,bv3,3,199.0
26310,SYN003816,s4,2,299.0
26311,SYN003816,d4,2,99.0
26312,SYN003817,b3,1,199.0
26313,SYN003817,d3,3,179.0
26314,SYN003817,s1,1,399.0
26315,SYN003817,f4,3,199.0
26316,SYN003817,s5,1,199.0
26317,SYN003817,s4,1,299.0
26318,SYN003817,s3,2,99.0
26319,SYN003817,s2,2,249.0
26320,SYN003818,f4,3,199.0
26321,SYN003818,f2,2,49.0
26322,SYN003818,bv4,3,349.0
26323,SYN003818,bv1,3,149.0
26324,SYN003818,bv3,1,199.0
26325,SYN003818,s4,2,299.0
26326,SYN003818,d2,2,249.0
26327,SYN003818,f1,2,249.0
26328,SYN003818,d3,2,179.0
26329,SYN003819,f1,2,249.0
26330,SYN003819,bv1,2,149.0
26331,SYN003819,b3,1,199.0
26332,SYN003819,s5,2,199.0
26333,SYN003819,v1,3,89.0
26334,SYN003819,bv3,2,199.0
26335,SYN003820,f5,3,99.0
26336,SYN003820,b1,1,199.0
26337,SYN003820,f4,3,199.0
26338,SYN003820,f1,1,249.0
26339,SYN003820,b5,2,299.0
26340,SYN003820,s3,3,99.0
26341,SYN003820,bv4,1,349.0
26342,SYN003820,b3,3,199.0
26343,SYN003820,s1,3,399.0
26344,SYN003821,b2,2,249.0
26345,SYN003821,s2,2,249.0
26346,SYN003821,b5,3,299.0
26347,SYN003821,v6,3,29.0
26348,SYN003821,f2,3,49.0
26349,SYN003821,v5,2,149.0
26350,SYN003821,b3,1,199.0
26351,SYN003821,f4,1,199.0
26352,SYN003821,v2,1,49.0
26353,SYN003821,s4,1,299.0
26354,SYN003822,s2,3,249.0
26355,SYN003822,v5,1,149.0
26356,SYN003822,s4,3,299.0
26357,SYN003822,f3,3,149.0
26358,SYN003822,f1,1,249.0
26359,SYN003822,b2,1,249.0
26360,SYN003822,s5,2,199.0
26361,SYN003822,bv1,1,149.0
26362,SYN003823,bv3,3,199.0
26363,SYN003823,v4,1,39.0
26364,SYN003823,b5,3,299.0
26365,SYN003823,b3,3,199.0
26366,SYN003823,s2,1,249.0
26367,SYN003823,f1,1,249.0
26368,SYN003823,f3,1,149.0
26369,SYN003823,bv4,1,349.0
26370,SYN003824,bv3,3,199.0
26371,SYN003824,bv4,1,349.0
26372,SYN003824,b1,2,199.0
26373,SYN003824,b5,2,299.0
26374,SYN003824,b4,2,599.0
26375,SYN003825,s1,1,399.0
26376,SYN003825,v2,1,49.0
26377,SYN003825,b3,1,199.0
26378,SYN003825,d3,1,179.0
26379,SYN003825,v6,3,29.0
26380,SYN003825,s3,1,99.0
26381,SYN003825,v3,1,79.0
26382,SYN003825,v1,3,89.0
26383,SYN003825,v4,3,39.0
26384,SYN003826,v6,3,29.0
26385,SYN003826,f5,3,99.0
26386,SYN003826,v2,3,49.0
26387,SYN003826,s3,2,99.0
26388,SYN003826,b3,1,199.0
26389,SYN003826,v1,1,89.0
26390,SYN003826,d4,2,99.0
26391,SYN003826,s1,2,399.0
26392,SYN003826,d3,3,179.0
26393,SYN003826,d1,1,69.0
26394,SYN003826,bv4,3,349.0
26395,SYN003826,v4,2,39.0
26396,SYN003826,d5,1,249.0
26397,SYN003826,s2,1,249.0
26398,SYN003827,bv1,2,149.0
26399,SYN003827,s3,1,99.0
26400,SYN003827,d4,1,99.0
26401,SYN003827,v3,3,79.0
26402,SYN003827,v5,1,149.0
26403,SYN003827,b3,2,199.0
26404,SYN003827,f2,1,49.0
26405,SYN003827,s4,2,299.0
26406,SYN003827,d3,2,179.0
26407,SYN003827,bv3,1,199.0
26408,SYN003827,bv2,3,249.0
26409,SYN003827,s1,3,399.0
26410,SYN003827,v6,2,29.0
26411,SYN003827,s2,1,249.0
26412,SYN003827,d5,1,249.0
26413,SYN003828,d4,1,99.0
26414,SYN003828,s5,1,199.0
26415,SYN003828,bv1,1,149.0
26416,SYN003828,d3,2,179.0
26417,SYN003828,s2,3,249.0
26418,SYN003828,f2,1,49.0
26419,SYN003828,v2,3,49.0
26420,SYN003828,d5,1,249.0
26421,SYN003829,bv1,1,149.0
26422,SYN003829,b1,1,199.0
26423,SYN003829,f5,3,99.0
26424,SYN003829,bv2,1,249.0
26425,SYN003829,s1,3,399.0
26426,SYN003829,s5,2,199.0
26427,SYN003829,d1,2,69.0
26428,SYN003829,d3,1,179.0
26429,SYN003829,f4,2,199.0
26430,SYN003829,v4,3,39.0
26431,SYN003829,d5,3,249.0
26432,SYN003829,s3,3,99.0
26433,SYN003830,d5,1,249.0
26434,SYN003830,bv4,1,349.0
26435,SYN003830,bv1,1,149.0
26436,SYN003830,d1,3,69.0
26437,SYN003830,v6,3,29.0
26438,SYN003830,bv2,2,249.0
26439,SYN003830,d4,3,99.0
26440,SYN003830,d3,1,179.0
26441,SYN003830,s1,1,399.0
26442,SYN003830,b2,1,249.0
26443,SYN003830,f5,3,99.0
26444,SYN003831,bv2,2,249.0
26445,SYN003831,d5,1,249.0
26446,SYN003831,s1,3,399.0
26447,SYN003831,s3,1,99.0
26448,SYN003831,d2,1,249.0
26449,SYN003831,d1,3,69.0
26450,SYN003831,v4,2,39.0
26451,SYN003831,bv1,2,149.0
26452,SYN003832,f3,1,149.0
26453,SYN003832,v5,2,149.0
26454,SYN003832,s2,3,249.0
26455,SYN003832,v4,1,39.0
26456,SYN003832,d1,1,69.0
26457,SYN003832,b5,3,299.0
26458,SYN003832,s1,2,399.0
26459,SYN003832,v1,3,89.0
26460,SYN003832,bv3,1,199.0
26461,SYN003833,s1,1,399.0
26462,SYN003833,b3,3,199.0
26463,SYN003833,d4,1,99.0
26464,SYN003833,bv1,1,149.0
26465,SYN003833,v4,1,39.0
26466,SYN003833,b2,1,249.0
26467,SYN003833,s3,1,99.0
26468,SYN003833,v1,2,89.0
26469,SYN003833,v6,1,29.0
26470,SYN003833,bv4,3,349.0
26471,SYN003833,s2,2,249.0
26472,SYN003833,v2,2,49.0
26473,SYN003833,bv3,3,199.0
26474,SYN003833,d1,2,69.0
26475,SYN003833,d2,1,249.0
26476,SYN003834,v6,3,29.0
26477,SYN003834,v3,3,79.0
26478,SYN003834,v5,1,149.0
26479,SYN003834,d5,2,249.0
26480,SYN003834,bv3,3,199.0
26481,SYN003834,bv4,1,349.0
26482,SYN003834,v1,1,89.0
26483,SYN003834,d3,3,179.0
26484,SYN003834,s5,2,199.0
26485,SYN003834,b2,2,249.0
26486,SYN003834,bv2,1,249.0
26487,SYN003834,s4,3,299.0
26488,SYN003835,v3,3,79.0
26489,SYN003835,s5,2,199.0
26490,SYN003835,d1,3,69.0
26491,SYN003835,v5,3,149.0
26492,SYN003835,v2,2,49.0
26493,SYN003835,s3,3,99.0
26494,SYN003835,v6,3,29.0
26495,SYN003835,v4,2,39.0
26496,SYN003835,d3,1,179.0
26497,SYN003835,v1,1,89.0
26498,SYN003835,f1,2,249.0
26499,SYN003835,s1,2,399.0
26500,SYN003836,s3,1,99.0
26501,SYN003836,b2,1,249.0
26502,SYN003836,v3,2,79.0
26503,SYN003836,bv1,3,149.0
26504,SYN003836,v5,1,149.0
26505,SYN003836,s5,3,199.0
26506,SYN003836,v6,1,29.0
26507,SYN003836,s4,1,299.0
26508,SYN003836,s2,2,249.0
26509,SYN003836,s1,1,399.0
26510,SYN003836,d1,1,69.0
26511,SYN003836,d2,3,249.0
26512,SYN003836,d5,1,249.0
26513,SYN003836,v1,2,89.0
26514,SYN003836,d3,3,179.0
26515,SYN003837,f3,2,149.0
26516,SYN003837,d5,2,249.0
26517,SYN003837,bv4,2,349.0
26518,SYN003837,d2,1,249.0
26519,SYN003837,f4,3,199.0
26520,SYN003837,s2,2,249.0
26521,SYN003837,v6,1,29.0
26522,SYN003837,d3,3,179.0
26523,SYN003837,v4,2,39.0
26524,SYN003837,s3,2,99.0
26525,SYN003837,v5,3,149.0
26526,SYN003837,v2,2,49.0
26527,SYN003837,b3,2,199.0
26528,SYN003837,f5,2,99.0
26529,SYN003838,d4,2,99.0
26530,SYN003838,v6,3,29.0
26531,SYN003838,v2,2,49.0
26532,SYN003838,s5,2,199.0
26533,SYN003838,s1,3,399.0
26534,SYN003838,v5,2,149.0
26535,SYN003838,d2,1,249.0
26536,SYN003838,bv1,3,149.0
26537,SYN003838,s2,1,249.0
26538,SYN003838,bv2,3,249.0
26539,SYN003838,v4,2,39.0
26540,SYN003838,bv4,3,349.0
26541,SYN003839,s3,1,99.0
26542,SYN003839,v6,3,29.0
26543,SYN003839,d4,1,99.0
26544,SYN003839,v3,2,79.0
26545,SYN003839,bv2,2,249.0
26546,SYN003839,bv4,3,349.0
26547,SYN003839,v4,2,39.0
26548,SYN003839,d5,2,249.0
26549,SYN003839,s5,2,199.0
26550,SYN003839,b3,2,199.0
26551,SYN003839,b1,2,199.0
26552,SYN003839,s2,3,249.0
26553,SYN003839,s1,2,399.0
26554,SYN003839,s4,3,299.0
26555,SYN003839,v5,2,149.0
26556,SYN003840,b3,1,199.0
26557,SYN003840,bv4,3,349.0
26558,SYN003840,s1,3,399.0
26559,SYN003840,b5,3,299.0
26560,SYN003840,d5,1,249.0
26561,SYN003840,bv1,1,149.0
26562,SYN003840,bv3,3,199.0
26563,SYN003840,b2,2,249.0
26564,SYN003840,v5,2,149.0
26565,SYN003840,b4,1,599.0
26566,SYN003841,s3,3,99.0
26567,SYN003841,bv2,2,249.0
26568,SYN003841,v4,1,39.0
26569,SYN003841,d5,1,249.0
26570,SYN003841,v3,3,79.0
26571,SYN003841,d4,2,99.0
26572,SYN003841,d3,1,179.0
26573,SYN003841,d1,2,69.0
26574,SYN003841,v6,2,29.0
26575,SYN003841,s1,1,399.0
26576,SYN003841,v2,1,49.0
26577,SYN003841,d2,2,249.0
26578,SYN003841,s5,2,199.0
26579,SYN003841,bv3,3,199.0
26580,SYN003842,v5,1,149.0
26581,SYN003842,d4,3,99.0
26582,SYN003842,s3,1,99.0
26583,SYN003842,f2,1,49.0
26584,SYN003842,v2,1,49.0
26585,SYN003842,bv4,2,349.0
26586,SYN003842,v6,3,29.0
26587,SYN003842,s5,1,199.0
26588,SYN003842,bv2,2,249.0
26589,SYN003842,v1,1,89.0
26590,SYN003842,d2,2,249.0
26591,SYN003842,s4,1,299.0
26592,SYN003842,bv1,1,149.0
26593,SYN003843,v2,2,49.0
26594,SYN003843,s1,2,399.0
26595,SYN003843,v6,2,29.0
26596,SYN003843,s5,1,199.0
26597,SYN003843,s4,1,299.0
26598,SYN003843,b5,3,299.0
26599,SYN003843,f6,1,179.0
26600,SYN003843,f1,3,249.0
26601,SYN003843,d4,2,99.0
26602,SYN003843,v4,2,39.0
26603,SYN003844,s1,1,399.0
26604,SYN003844,b4,3,599.0
26605,SYN003844,bv1,1,149.0
26606,SYN003844,d3,2,179.0
26607,SYN003844,s5,2,199.0
26608,SYN003844,f3,3,149.0
26609,SYN003844,d4,3,99.0
26610,SYN003844,d5,1,249.0
26611,SYN003844,f1,1,249.0
26612,SYN003845,d4,3,99.0
26613,SYN003845,d5,1,249.0
26614,SYN003845,v5,3,149.0
26615,SYN003845,v3,3,79.0
26616,SYN003845,s1,1,399.0
26617,SYN003845,bv1,2,149.0
26618,SYN003845,d3,3,179.0
26619,SYN003845,v6,2,29.0
26620,SYN003845,v1,2,89.0
26621,SYN003845,s4,3,299.0
26622,SYN003845,s2,3,249.0
26623,SYN003845,d2,1,249.0
26624,SYN003845,s5,3,199.0
26625,SYN003846,bv2,1,249.0
26626,SYN003846,v1,2,89.0
26627,SYN003846,f6,3,179.0
26628,SYN003846,b4,2,599.0
26629,SYN003846,bv1,3,149.0
26630,SYN003846,s5,1,199.0
26631,SYN003846,v3,2,79.0
26632,SYN003846,bv4,2,349.0
26633,SYN003846,s1,1,399.0
26634,SYN003846,s3,1,99.0
26635,SYN003846,v4,1,39.0
26636,SYN003846,d1,1,69.0
26637,SYN003846,f5,1,99.0
26638,SYN003846,v2,3,49.0
26639,SYN003847,d4,2,99.0
26640,SYN003847,s3,1,99.0
26641,SYN003847,f5,1,99.0
26642,SYN003847,v2,1,49.0
26643,SYN003847,bv1,3,149.0
26644,SYN003847,v4,2,39.0
26645,SYN003847,s2,1,249.0
26646,SYN003847,s5,3,199.0
26647,SYN003847,v6,3,29.0
26648,SYN003848,d5,3,249.0
26649,SYN003848,v2,2,49.0
26650,SYN003848,bv4,1,349.0
26651,SYN003848,d2,2,249.0
26652,SYN003848,s4,2,299.0
26653,SYN003848,v5,1,149.0
26654,SYN003848,b2,3,249.0
26655,SYN003848,d1,3,69.0
26656,SYN003849,v5,1,149.0
26657,SYN003849,s5,2,199.0
26658,SYN003849,s3,2,99.0
26659,SYN003849,s2,2,249.0
26660,SYN003849,d2,3,249.0
26661,SYN003849,bv4,3,349.0
26662,SYN003849,bv1,1,149.0
26663,SYN003849,s4,3,299.0
26664,SYN003849,b4,1,599.0
26665,SYN003850,d5,3,249.0
26666,SYN003850,s3,3,99.0
26667,SYN003850,s5,3,199.0
26668,SYN003850,f3,3,149.0
26669,SYN003850,f1,1,249.0
26670,SYN003850,s1,3,399.0
26671,SYN003850,d1,1,69.0
26672,SYN003850,v5,1,149.0
26673,SYN003850,s4,1,299.0
26674,SYN003850,v6,3,29.0
26675,SYN003851,d4,3,99.0
26676,SYN003851,v3,2,79.0
26677,SYN003851,b3,3,199.0
26678,SYN003851,bv1,1,149.0
26679,SYN003851,bv4,1,349.0
26680,SYN003851,s1,3,399.0
26681,SYN003851,d5,3,249.0
26682,SYN003851,bv3,1,199.0
26683,SYN003851,s2,1,249.0
26684,SYN003851,b5,3,299.0
26685,SYN003851,d2,2,249.0
26686,SYN003852,v5,2,149.0
26687,SYN003852,d4,2,99.0
26688,SYN003852,f6,2,179.0
26689,SYN003852,bv4,3,349.0
26690,SYN003852,f5,2,99.0
26691,SYN003852,f3,3,149.0
26692,SYN003852,b2,3,249.0
26693,SYN003852,bv1,3,149.0
26694,SYN003852,s3,3,99.0
26695,SYN003852,bv2,3,249.0
26696,SYN003852,v6,2,29.0
26697,SYN003852,s1,1,399.0
26698,SYN003852,d5,2,249.0
26699,SYN003853,bv2,1,249.0
26700,SYN003853,d4,3,99.0
26701,SYN003853,s1,1,399.0
26702,SYN003853,bv1,3,149.0
26703,SYN003853,d5,1,249.0
26704,SYN003853,f1,1,249.0
26705,SYN003853,d1,2,69.0
26706,SYN003853,v5,3,149.0
26707,SYN003853,v3,1,79.0
26708,SYN003853,d3,3,179.0
26709,SYN003853,s4,1,299.0
26710,SYN003854,s4,3,299.0
26711,SYN003854,v1,2,89.0
26712,SYN003854,bv3,2,199.0
26713,SYN003854,s2,3,249.0
26714,SYN003854,d4,3,99.0
26715,SYN003854,b3,2,199.0
26716,SYN003854,bv4,1,349.0
26717,SYN003854,f2,3,49.0
26718,SYN003854,bv1,1,149.0
26719,SYN003855,s2,2,249.0
26720,SYN003855,v5,2,149.0
26721,SYN003855,d2,3,249.0
26722,SYN003855,b5,2,299.0
26723,SYN003855,v2,1,49.0
26724,SYN003855,bv2,1,249.0
26725,SYN003855,bv4,1,349.0
26726,SYN003855,v4,1,39.0
26727,SYN003855,v6,1,29.0
26728,SYN003856,f2,1,49.0
26729,SYN003856,v5,1,149.0
26730,SYN003856,s1,1,399.0
26731,SYN003856,s2,3,249.0
26732,SYN003856,d2,2,249.0
26733,SYN003856,v6,1,29.0
26734,SYN003856,b5,2,299.0
26735,SYN003856,s3,2,99.0
26736,SYN003856,bv3,1,199.0
26737,SYN003856,v1,2,89.0
26738,SYN003856,d3,2,179.0
26739,SYN003857,d3,2,179.0
26740,SYN003857,s5,1,199.0
26741,SYN003857,s3,3,99.0
26742,SYN003857,v1,1,89.0
26743,SYN003857,v6,3,29.0
26744,SYN003857,d2,2,249.0
26745,SYN003857,d4,3,99.0
26746,SYN003857,d1,3,69.0
26747,SYN003857,s4,3,299.0
26748,SYN003857,d5,1,249.0
26749,SYN003858,d2,3,249.0
26750,SYN003858,d1,3,69.0
26751,SYN003858,v2,3,49.0
26752,SYN003858,d5,1,249.0
26753,SYN003858,bv2,3,249.0
26754,SYN003858,s4,1,299.0
26755,SYN003858,d4,2,99.0
26756,SYN003858,b4,2,599.0
26757,SYN003858,v4,2,39.0
26758,SYN003858,f2,2,49.0
26759,SYN003859,v5,3,149.0
26760,SYN003859,s2,3,249.0
26761,SYN003859,f2,3,49.0
26762,SYN003859,bv3,1,199.0
26763,SYN003859,s5,2,199.0
26764,SYN003859,v6,2,29.0
26765,SYN003859,v3,1,79.0
26766,SYN003859,b2,2,249.0
26767,SYN003859,bv4,1,349.0
26768,SYN003859,s1,3,399.0
26769,SYN003859,v1,2,89.0
26770,SYN003859,v2,2,49.0
26771,SYN003860,bv1,1,149.0
26772,SYN003860,d1,3,69.0
26773,SYN003860,d2,2,249.0
26774,SYN003860,v6,2,29.0
26775,SYN003860,v5,1,149.0
26776,SYN003860,v2,1,49.0
26777,SYN003860,v3,1,79.0
26778,SYN003860,s5,2,199.0
26779,SYN003860,bv3,3,199.0
26780,SYN003860,bv4,1,349.0
26781,SYN003860,v1,2,89.0
26782,SYN003861,s1,3,399.0
26783,SYN003861,f2,1,49.0
26784,SYN003861,v5,2,149.0
26785,SYN003861,bv3,3,199.0
26786,SYN003861,s2,2,249.0
26787,SYN003861,v4,2,39.0
26788,SYN003861,bv1,2,149.0
26789,SYN003861,d2,1,249.0
26790,SYN003861,s4,3,299.0
26791,SYN003861,v6,2,29.0
26792,SYN003862,d4,2,99.0
26793,SYN003862,d3,3,179.0
26794,SYN003862,v1,2,89.0
26795,SYN003862,v3,2,79.0
26796,SYN003862,v2,3,49.0
26797,SYN003862,d1,1,69.0
26798,SYN003862,f2,2,49.0
26799,SYN003862,bv4,3,349.0
26800,SYN003862,v4,2,39.0
26801,SYN003862,bv2,3,249.0
26802,SYN003863,d4,3,99.0
26803,SYN003863,v4,1,39.0
26804,SYN003863,s2,2,249.0
26805,SYN003863,bv2,3,249.0
26806,SYN003863,s4,2,299.0
26807,SYN003863,v5,2,149.0
26808,SYN003863,f2,2,49.0
26809,SYN003863,b2,2,249.0
26810,SYN003863,s3,1,99.0
26811,SYN003863,d5,1,249.0
26812,SYN003864,s2,3,249.0
26813,SYN003864,d4,3,99.0
26814,SYN003864,d2,1,249.0
26815,SYN003864,bv4,1,349.0
26816,SYN003864,v3,1,79.0
26817,SYN003864,f2,3,49.0
26818,SYN003864,v6,3,29.0
26819,SYN003864,bv2,1,249.0
26820,SYN003864,s3,2,99.0
26821,SYN003864,d3,1,179.0
26822,SYN003864,f4,3,199.0
26823,SYN003864,v4,2,39.0
26824,SYN003864,d1,1,69.0
26825,SYN003864,b1,2,199.0
26826,SYN003865,d4,2,99.0
26827,SYN003865,bv3,2,199.0
26828,SYN003865,v4,3,39.0
26829,SYN003865,d5,1,249.0
26830,SYN003865,bv1,2,149.0
26831,SYN003865,bv2,1,249.0
26832,SYN003865,f6,1,179.0
26833,SYN003865,s1,1,399.0
26834,SYN003865,f2,3,49.0
26835,SYN003865,d2,3,249.0
26836,SYN003865,d1,3,69.0
26837,SYN003865,d3,1,179.0
26838,SYN003865,f5,1,99.0
26839,SYN003865,v3,2,79.0
26840,SYN003865,s5,2,199.0
26841,SYN003866,v1,1,89.0
26842,SYN003866,v5,1,149.0
26843,SYN003866,d1,1,69.0
26844,SYN003866,s1,2,399.0
26845,SYN003866,s3,2,99.0
26846,SYN003866,v6,1,29.0
26847,SYN003866,d3,3,179.0
26848,SYN003866,bv4,1,349.0
26849,SYN003866,v3,3,79.0
26850,SYN003866,f3,1,149.0
26851,SYN003867,f1,3,249.0
26852,SYN003867,f2,3,49.0
26853,SYN003867,v2,2,49.0
26854,SYN003867,d3,2,179.0
26855,SYN003867,bv3,1,199.0
26856,SYN003867,d2,3,249.0
26857,SYN003867,s5,3,199.0
26858,SYN003867,s4,3,299.0
26859,SYN003867,v5,2,149.0
26860,SYN003867,v4,3,39.0
26861,SYN003868,v3,3,79.0
26862,SYN003868,s2,2,249.0
26863,SYN003868,v6,3,29.0
26864,SYN003868,d4,1,99.0
26865,SYN003868,d5,2,249.0
26866,SYN003868,s5,3,199.0
26867,SYN003868,d1,3,69.0
26868,SYN003868,b5,3,299.0
26869,SYN003868,b3,1,199.0
26870,SYN003869,v3,2,79.0
26871,SYN003869,v4,3,39.0
26872,SYN003869,bv4,1,349.0
26873,SYN003869,d2,3,249.0
26874,SYN003869,v2,1,49.0
26875,SYN003869,b4,1,599.0
26876,SYN003869,b1,1,199.0
26877,SYN003869,bv2,1,249.0
26878,SYN003869,s2,1,249.0
26879,SYN003869,s5,2,199.0
26880,SYN003869,bv3,1,199.0
26881,SYN003870,s1,1,399.0
26882,SYN003870,s2,2,249.0
26883,SYN003870,v2,3,49.0
26884,SYN003870,s5,2,199.0
26885,SYN003870,bv2,2,249.0
26886,SYN003870,s4,3,299.0
26887,SYN003870,d2,3,249.0
26888,SYN003870,d1,2,69.0
26889,SYN003870,f3,1,149.0
26890,SYN003871,b1,1,199.0
26891,SYN003871,f6,1,179.0
26892,SYN003871,f3,2,149.0
26893,SYN003872,f6,1,179.0
26894,SYN003872,f1,2,249.0
26895,SYN003872,b3,3,199.0
26896,SYN003872,v2,1,49.0
26897,SYN003873,b3,3,199.0
26898,SYN003873,d2,3,249.0
26899,SYN003873,b4,3,599.0
26900,SYN003873,f6,3,179.0
26901,SYN003874,f4,2,199.0
26902,SYN003874,s3,3,99.0
26903,SYN003874,f1,1,249.0
26904,SYN003874,b1,1,199.0
26905,SYN003875,f3,3,149.0
26906,SYN003875,b3,2,199.0
26907,SYN003875,b1,3,199.0
26908,SYN003875,b4,2,599.0
26909,SYN003876,f5,1,99.0
26910,SYN003876,v5,3,149.0
26911,SYN003876,f1,2,249.0
26912,SYN003876,f3,3,149.0
26913,SYN003877,f5,3,99.0
26914,SYN003877,f6,2,179.0
26915,SYN003877,b2,1,249.0
26916,SYN003878,b4,2,599.0
26917,SYN003878,f6,1,179.0
26918,SYN003878,f5,1,99.0
26919,SYN003879,s1,2,399.0
26920,SYN003879,v5,3,149.0
26921,SYN003880,v5,3,149.0
26922,SYN003880,b4,1,599.0
26923,SYN003881,s2,2,249.0
26924,SYN003881,v1,3,89.0
26925,SYN003881,b3,3,199.0
26926,SYN003881,f6,1,179.0
26927,SYN003882,b1,3,199.0
26928,SYN003882,f4,2,199.0
26929,SYN003882,b4,1,599.0
26930,SYN003882,f1,3,249.0
26931,SYN003883,f4,3,199.0
26932,SYN003883,b1,3,199.0
26933,SYN003883,f2,1,49.0
26934,SYN003884,b3,1,199.0
26935,SYN003884,b1,2,199.0
26936,SYN003884,v2,2,49.0
26937,SYN003885,d1,2,69.0
26938,SYN003885,b5,1,299.0
26939,SYN003885,f1,2,249.0
26940,SYN003885,f3,3,149.0
26941,SYN003886,f5,2,99.0
26942,SYN003886,v3,2,79.0
26943,SYN003887,s5,3,199.0
26944,SYN003887,b2,2,249.0
26945,SYN003888,b5,3,299.0
26946,SYN003888,f6,1,179.0
26947,SYN003889,b3,3,199.0
26948,SYN003889,s1,1,399.0
26949,SYN003890,b4,2,599.0
26950,SYN003890,b3,3,199.0
26951,SYN003890,b1,1,199.0
26952,SYN003890,f5,3,99.0
26953,SYN003891,f4,2,199.0
26954,SYN003891,v6,1,29.0
26955,SYN003891,v1,3,89.0
26956,SYN003891,d2,2,249.0
26957,SYN003891,s2,3,249.0
26958,SYN003891,b5,1,299.0
26959,SYN003891,f3,3,149.0
26960,SYN003891,bv2,2,249.0
26961,SYN003891,v5,2,149.0
26962,SYN003891,s4,2,299.0
26963,SYN003891,s3,3,99.0
26964,SYN003891,d1,2,69.0
26965,SYN003892,f1,2,249.0
26966,SYN003892,s4,1,299.0
26967,SYN003892,b2,3,249.0
26968,SYN003892,bv1,3,149.0
26969,SYN003892,d2,2,249.0
26970,SYN003892,d3,2,179.0
26971,SYN003892,f4,1,199.0
26972,SYN003892,v3,2,79.0
26973,SYN003892,b3,1,199.0
26974,SYN003892,v1,1,89.0
26975,SYN003892,b5,2,299.0
26976,SYN003892,f3,3,149.0
26977,SYN003893,f2,3,49.0
26978,SYN003893,d5,1,249.0
26979,SYN003893,b2,2,249.0
26980,SYN003893,f5,3,99.0
26981,SYN003893,s4,2,299.0
26982,SYN003893,s3,2,99.0
26983,SYN003893,bv3,3,199.0
26984,SYN003893,v6,3,29.0
26985,SYN003893,b1,3,199.0
26986,SYN003894,v2,3,49.0
26987,SYN003894,s1,3,399.0
26988,SYN003894,b3,3,199.0
26989,SYN003894,s5,3,199.0
26990,SYN003894,f5,3,99.0
26991,SYN003894,s2,3,249.0
26992,SYN003894,bv4,1,349.0
26993,SYN003894,f4,2,199.0
26994,SYN003894,f1,1,249.0
26995,SYN003894,f6,1,179.0
26996,SYN003894,bv2,3,249.0
26997,SYN003895,d4,3,99.0
26998,SYN003895,v2,3,49.0
26999,SYN003895,b4,3,599.0
27000,SYN003895,s1,2,399.0
27001,SYN003895,v5,1,149.0
27002,SYN003895,b2,1,249.0
27003,SYN003895,d1,1,69.0
27004,SYN003895,b3,3,199.0
27005,SYN003895,s2,2,249.0
27006,SYN003896,v2,1,49.0
27007,SYN003896,b4,2,599.0
27008,SYN003896,f1,2,249.0
27009,SYN003896,f6,3,179.0
27010,SYN003896,f4,2,199.0
27011,SYN003896,v1,3,89.0
27012,SYN003896,d4,2,99.0
27013,SYN003896,bv4,2,349.0
27014,SYN003896,b3,1,199.0
27015,SYN003897,f1,1,249.0
27016,SYN003897,bv4,3,349.0
27017,SYN003897,bv3,3,199.0
27018,SYN003897,b4,3,599.0
27019,SYN003897,v2,2,49.0
27020,SYN003897,bv1,1,149.0
27021,SYN003898,v4,1,39.0
27022,SYN003898,bv4,1,349.0
27023,SYN003898,v5,2,149.0
27024,SYN003898,bv1,1,149.0
27025,SYN003898,f4,2,199.0
27026,SYN003898,s3,1,99.0
27027,SYN003898,v3,2,79.0
27028,SYN003899,f6,2,179.0
27029,SYN003899,d3,1,179.0
27030,SYN003899,b2,2,249.0
27031,SYN003899,v6,3,29.0
27032,SYN003899,v4,2,39.0
27033,SYN003899,v1,1,89.0
27034,SYN003899,d2,2,249.0
27035,SYN003899,s3,1,99.0
27036,SYN003899,b3,2,199.0
27037,SYN003899,f4,3,199.0
27038,SYN003900,f1,3,249.0
27039,SYN003900,b5,2,299.0
27040,SYN003900,d2,1,249.0
27041,SYN003900,bv3,2,199.0
27042,SYN003900,f4,3,199.0
27043,SYN003900,bv2,1,249.0
27044,SYN003900,b2,2,249.0
27045,SYN003900,s3,1,99.0
27046,SYN003900,s1,3,399.0
27047,SYN003900,f2,1,49.0
27048,SYN003900,v6,2,29.0
27049,SYN003900,bv4,3,349.0
27050,SYN003901,f1,2,249.0
27051,SYN003901,d5,1,249.0
27052,SYN003901,v3,2,79.0
27053,SYN003901,f2,1,49.0
27054,SYN003901,v1,3,89.0
27055,SYN003901,f3,2,149.0
27056,SYN003901,d1,1,69.0
27057,SYN003901,bv2,3,249.0
27058,SYN003901,s2,3,249.0
27059,SYN003901,b3,3,199.0
27060,SYN003901,bv1,2,149.0
27061,SYN003902,f1,1,249.0
27062,SYN003902,bv3,3,199.0
27063,SYN003902,bv1,3,149.0
27064,SYN003902,v3,2,79.0
27065,SYN003902,s1,2,399.0
27066,SYN003902,b1,3,199.0
27067,SYN003903,d4,2,99.0
27068,SYN003903,f6,3,179.0
27069,SYN003903,v3,1,79.0
27070,SYN003903,f3,2,149.0
27071,SYN003903,d3,2,179.0
27072,SYN003903,s3,3,99.0
27073,SYN003903,v1,3,89.0
27074,SYN003904,bv4,1,349.0
27075,SYN003904,b1,1,199.0
27076,SYN003904,f6,2,179.0
27077,SYN003904,bv1,2,149.0
27078,SYN003904,b5,3,299.0
27079,SYN003904,f2,1,49.0
27080,SYN003904,s5,1,199.0
27081,SYN003904,b4,3,599.0
27082,SYN003904,bv3,3,199.0
27083,SYN003904,bv2,3,249.0
27084,SYN003904,d1,3,69.0
27085,SYN003905,b5,2,299.0
27086,SYN003905,f3,2,149.0
27087,SYN003905,v2,2,49.0
27088,SYN003905,d4,3,99.0
27089,SYN003905,f5,2,99.0
27090,SYN003905,f6,2,179.0
27091,SYN003905,v4,3,39.0
27092,SYN003905,f4,3,199.0
27093,SYN003905,bv3,2,199.0
27094,SYN003906,v4,1,39.0
27095,SYN003906,f1,3,249.0
27096,SYN003906,f4,1,199.0
27097,SYN003906,b4,3,599.0
27098,SYN003906,s3,3,99.0
27099,SYN003906,v2,3,49.0
27100,SYN003906,bv3,3,199.0
27101,SYN003906,s2,1,249.0
27102,SYN003907,v1,1,89.0
27103,SYN003907,v3,2,79.0
27104,SYN003907,d1,1,69.0
27105,SYN003907,s5,3,199.0
27106,SYN003907,d2,2,249.0
27107,SYN003907,f3,2,149.0
27108,SYN003907,b4,2,599.0
27109,SYN003908,b1,3,199.0
27110,SYN003908,v4,1,39.0
27111,SYN003908,f4,3,199.0
27112,SYN003908,f2,3,49.0
27113,SYN003908,bv2,3,249.0
27114,SYN003908,v5,1,149.0
27115,SYN003908,b5,3,299.0
27116,SYN003908,s4,2,299.0
27117,SYN003908,bv3,3,199.0
27118,SYN003908,bv1,2,149.0
27119,SYN003909,bv1,1,149.0
27120,SYN003909,s2,2,249.0
27121,SYN003909,v5,1,149.0
27122,SYN003909,b1,2,199.0
27123,SYN003909,b4,2,599.0
27124,SYN003909,d4,2,99.0
27125,SYN003910,v1,1,89.0
27126,SYN003910,v2,1,49.0
27127,SYN003910,v4,1,39.0
27128,SYN003910,f1,2,249.0
27129,SYN003910,b3,1,199.0
27130,SYN003910,b5,2,299.0
27131,SYN003910,s1,1,399.0
27132,SYN003911,bv4,1,349.0
27133,SYN003911,b2,3,249.0
27134,SYN003911,d1,3,69.0
27135,SYN003911,f5,2,99.0
27136,SYN003911,v2,2,49.0
27137,SYN003911,s5,2,199.0
27138,SYN003911,v3,1,79.0
27139,SYN003911,d2,1,249.0
27140,SYN003912,f6,3,179.0
27141,SYN003912,s3,1,99.0
27142,SYN003912,f4,1,199.0
27143,SYN003912,d3,1,179.0
27144,SYN003912,v1,1,89.0
27145,SYN003912,f1,1,249.0
27146,SYN003912,f3,2,149.0
27147,SYN003913,d3,1,179.0
27148,SYN003913,d1,2,69.0
27149,SYN003913,b3,2,199.0
27150,SYN003913,d4,1,99.0
27151,SYN003913,s2,2,249.0
27152,SYN003913,f2,2,49.0
27153,SYN003913,s3,1,99.0
27154,SYN003913,b1,3,199.0
27155,SYN003913,bv2,2,249.0
27156,SYN003913,bv4,3,349.0
27157,SYN003913,f5,3,99.0
27158,SYN003913,v5,2,149.0
27159,SYN003914,s3,3,99.0
27160,SYN003914,f3,3,149.0
27161,SYN003914,f6,2,179.0
27162,SYN003914,f2,1,49.0
27163,SYN003914,d5,1,249.0
27164,SYN003914,b3,1,199.0
27165,SYN003914,v2,3,49.0
27166,SYN003914,d4,2,99.0
27167,SYN003914,f4,3,199.0
27168,SYN003914,d3,1,179.0
27169,SYN003914,s1,2,399.0
27170,SYN003914,f5,3,99.0
27171,SYN003915,f4,2,199.0
27172,SYN003915,s4,1,299.0
27173,SYN003915,d3,2,179.0
27174,SYN003915,bv3,1,199.0
27175,SYN003915,d1,1,69.0
27176,SYN003915,b1,3,199.0
27177,SYN003915,f2,2,49.0
27178,SYN003915,f3,3,149.0
27179,SYN003915,f6,1,179.0
27180,SYN003915,b4,2,599.0
27181,SYN003915,s2,1,249.0
27182,SYN003915,d5,1,249.0
27183,SYN003916,d4,3,99.0
27184,SYN003916,s5,3,199.0
27185,SYN003916,s1,1,399.0
27186,SYN003916,s4,3,299.0
27187,SYN003916,v1,1,89.0
27188,SYN003916,bv3,3,199.0
27189,SYN003916,v6,3,29.0
27190,SYN003916,d1,1,69.0
27191,SYN003916,v4,2,39.0
27192,SYN003916,f4,3,199.0
27193,SYN003916,b4,3,599.0
27194,SYN003917,s3,1,99.0
27195,SYN003917,v4,3,39.0
27196,SYN003917,d2,3,249.0
27197,SYN003917,f4,3,199.0
27198,SYN003917,s2,3,249.0
27199,SYN003917,f2,3,49.0
27200,SYN003917,v2,2,49.0
27201,SYN003917,bv4,1,349.0
27202,SYN003917,b3,2,199.0
27203,SYN003918,v2,1,49.0
27204,SYN003918,s3,1,99.0
27205,SYN003918,f6,1,179.0
27206,SYN003918,b2,1,249.0
27207,SYN003918,b3,1,199.0
27208,SYN003918,f5,1,99.0
27209,SYN003918,bv2,2,249.0
27210,SYN003918,s5,3,199.0
27211,SYN003918,d3,2,179.0
27212,SYN003918,b1,2,199.0
27213,SYN003919,v3,1,79.0
27214,SYN003919,b3,2,199.0
27215,SYN003919,s5,2,199.0
27216,SYN003919,d4,3,99.0
27217,SYN003919,v2,1,49.0
27218,SYN003919,f1,2,249.0
27219,SYN003919,v6,3,29.0
27220,SYN003919,d3,1,179.0
27221,SYN003919,bv4,3,349.0
27222,SYN003920,bv1,3,149.0
27223,SYN003920,v5,3,149.0
27224,SYN003920,d2,3,249.0
27225,SYN003920,s4,3,299.0
27226,SYN003920,v3,3,79.0
27227,SYN003920,v4,3,39.0
27228,SYN003920,v2,2,49.0
27229,SYN003920,s3,1,99.0
27230,SYN003920,d1,1,69.0
27231,SYN003920,bv3,2,199.0
27232,SYN003920,s2,3,249.0
27233,SYN003921,v6,3,29.0
27234,SYN003921,v4,2,39.0
27235,SYN003921,bv1,2,149.0
27236,SYN003921,v2,2,49.0
27237,SYN003921,d3,1,179.0
27238,SYN003921,f6,2,179.0
27239,SYN003921,b3,2,199.0
27240,SYN003921,s3,2,99.0
27241,SYN003922,f5,1,99.0
27242,SYN003922,v6,1,29.0
27243,SYN003922,f6,1,179.0
27244,SYN003922,b1,1,199.0
27245,SYN003922,s5,1,199.0
27246,SYN003922,s2,2,249.0
27247,SYN003922,s3,1,99.0
27248,SYN003922,f4,3,199.0
27249,SYN003923,s4,1,299.0
27250,SYN003923,f3,3,149.0
27251,SYN003923,bv2,2,249.0
27252,SYN003923,v6,2,29.0
27253,SYN003923,b5,2,299.0
27254,SYN003923,b3,2,199.0
27255,SYN003923,d5,1,249.0
27256,SYN003923,v1,2,89.0
27257,SYN003923,f4,1,199.0
27258,SYN003923,d3,2,179.0
27259,SYN003923,f6,1,179.0
27260,SYN003924,d3,3,179.0
27261,SYN003924,v2,2,49.0
27262,SYN003924,d4,2,99.0
27263,SYN003924,f6,2,179.0
27264,SYN003924,bv2,1,249.0
27265,SYN003924,v5,3,149.0
27266,SYN003924,f2,3,49.0
27267,SYN003924,d2,2,249.0
27268,SYN003924,f5,2,99.0
27269,SYN003924,v4,3,39.0
27270,SYN003924,d5,3,249.0
27271,SYN003925,bv1,2,149.0
27272,SYN003925,v1,3,89.0
27273,SYN003925,b4,3,599.0
27274,SYN003925,d3,3,179.0
27275,SYN003925,b2,1,249.0
27276,SYN003925,v2,1,49.0
27277,SYN003925,bv4,3,349.0
27278,SYN003925,f1,1,249.0
27279,SYN003925,s4,3,299.0
27280,SYN003926,b2,2,249.0
27281,SYN003926,d4,2,99.0
27282,SYN003926,f3,3,149.0
27283,SYN003926,b4,3,599.0
27284,SYN003926,s4,2,299.0
27285,SYN003926,bv1,2,149.0
27286,SYN003927,bv1,2,149.0
27287,SYN003927,s3,1,99.0
27288,SYN003927,v5,2,149.0
27289,SYN003927,f1,3,249.0
27290,SYN003927,f5,2,99.0
27291,SYN003927,v4,2,39.0
27292,SYN003927,f3,1,149.0
27293,SYN003927,b4,2,599.0
27294,SYN003927,b3,2,199.0
27295,SYN003927,v3,1,79.0
27296,SYN003928,f2,1,49.0
27297,SYN003928,f5,2,99.0
27298,SYN003928,v1,1,89.0
27299,SYN003928,b2,1,249.0
27300,SYN003928,bv2,1,249.0
27301,SYN003928,f6,1,179.0
27302,SYN003928,d2,3,249.0
27303,SYN003928,bv1,3,149.0
27304,SYN003929,d5,2,249.0
27305,SYN003929,b2,1,249.0
27306,SYN003929,b4,1,599.0
27307,SYN003929,bv1,1,149.0
27308,SYN003929,f3,1,149.0
27309,SYN003929,v5,2,149.0
27310,SYN003929,s4,3,299.0
27311,SYN003929,bv3,3,199.0
27312,SYN003929,f4,3,199.0
27313,SYN003929,d2,2,249.0
27314,SYN003930,v2,1,49.0
27315,SYN003930,b3,3,199.0
27316,SYN003930,s3,1,99.0
27317,SYN003930,s5,3,199.0
27318,SYN003930,d5,2,249.0
27319,SYN003930,b5,2,299.0
27320,SYN003931,d2,1,249.0
27321,SYN003931,v2,3,49.0
27322,SYN003931,v6,1,29.0
27323,SYN003931,b2,3,249.0
27324,SYN003931,s4,2,299.0
27325,SYN003931,s3,3,99.0
27326,SYN003931,bv2,3,249.0
27327,SYN003931,bv4,2,349.0
27328,SYN003931,v5,3,149.0
27329,SYN003931,d4,2,99.0
27330,SYN003932,bv2,2,249.0
27331,SYN003932,v1,1,89.0
27332,SYN003932,f2,3,49.0
27333,SYN003932,v2,2,49.0
27334,SYN003932,b2,3,249.0
27335,SYN003932,bv1,2,149.0
27336,SYN003932,v5,3,149.0
27337,SYN003932,f1,3,249.0
27338,SYN003932,f6,3,179.0
27339,SYN003932,s4,1,299.0
27340,SYN003933,f2,1,49.0
27341,SYN003933,v6,1,29.0
27342,SYN003933,b1,1,199.0
27343,SYN003933,b2,2,249.0
27344,SYN003933,b4,1,599.0
27345,SYN003933,d5,2,249.0
27346,SYN003933,v5,1,149.0
27347,SYN003933,b3,1,199.0
27348,SYN003933,v1,2,89.0
27349,SYN003933,s5,3,199.0
27350,SYN003933,d2,3,249.0
27351,SYN003934,s5,3,199.0
27352,SYN003934,b3,1,199.0
27353,SYN003934,b1,3,199.0
27354,SYN003934,s2,3,249.0
27355,SYN003934,d3,3,179.0
27356,SYN003934,d5,1,249.0
27357,SYN003934,s1,2,399.0
27358,SYN003934,bv2,3,249.0
27359,SYN003934,b2,1,249.0
27360,SYN003934,d2,2,249.0
27361,SYN003934,b5,2,299.0
27362,SYN003934,s4,3,299.0
27363,SYN003935,v3,3,79.0
27364,SYN003935,f5,1,99.0
27365,SYN003935,s5,3,199.0
27366,SYN003935,bv2,1,249.0
27367,SYN003935,v5,1,149.0
27368,SYN003935,d2,2,249.0
27369,SYN003935,v1,2,89.0
27370,SYN003935,s1,3,399.0
27371,SYN003935,s3,1,99.0
27372,SYN003935,bv4,3,349.0
27373,SYN003935,s4,3,299.0
27374,SYN003936,v2,2,49.0
27375,SYN003936,b5,3,299.0
27376,SYN003936,b3,1,199.0
27377,SYN003936,s1,2,399.0
27378,SYN003936,s2,2,249.0
27379,SYN003936,b2,1,249.0
27380,SYN003936,f3,2,149.0
27381,SYN003936,f4,1,199.0
27382,SYN003936,b1,2,199.0
27383,SYN003937,b2,2,249.0
27384,SYN003937,f2,2,49.0
27385,SYN003937,bv2,2,249.0
27386,SYN003937,f3,1,149.0
27387,SYN003937,f6,2,179.0
27388,SYN003937,v4,3,39.0
27389,SYN003937,f5,1,99.0
27390,SYN003937,v2,2,49.0
27391,SYN003937,v5,3,149.0
27392,SYN003937,bv1,2,149.0
27393,SYN003937,f4,1,199.0
27394,SYN003938,d1,2,69.0
27395,SYN003938,bv3,2,199.0
27396,SYN003938,s1,1,399.0
27397,SYN003938,s5,2,199.0
27398,SYN003938,s3,2,99.0
27399,SYN003938,bv2,2,249.0
27400,SYN003938,v4,1,39.0
27401,SYN003939,v2,1,49.0
27402,SYN003939,v6,3,29.0
27403,SYN003939,v5,1,149.0
27404,SYN003939,f5,2,99.0
27405,SYN003939,d3,3,179.0
27406,SYN003939,f2,3,49.0
27407,SYN003939,s4,3,299.0
27408,SYN003940,s3,3,99.0
27409,SYN003940,s1,2,399.0
27410,SYN003940,b4,1,599.0
27411,SYN003940,f5,2,99.0
27412,SYN003940,d2,3,249.0
27413,SYN003940,v2,1,49.0
27414,SYN003940,f3,1,149.0
27415,SYN003940,v6,3,29.0
27416,SYN003941,f1,2,249.0
27417,SYN003941,b2,1,249.0
27418,SYN003941,v4,1,39.0
27419,SYN003941,s3,3,99.0
27420,SYN003941,f5,1,99.0
27421,SYN003941,f4,1,199.0
27422,SYN003941,s5,2,199.0
27423,SYN003941,d5,3,249.0
27424,SYN003941,v1,3,89.0
27425,SYN003942,f4,1,199.0
27426,SYN003942,d5,3,249.0
27427,SYN003942,s4,2,299.0
27428,SYN003942,b2,2,249.0
27429,SYN003942,bv3,2,199.0
27430,SYN003942,b4,3,599.0
27431,SYN003942,v6,3,29.0
27432,SYN003942,s3,2,99.0
27433,SYN003943,bv1,3,149.0
27434,SYN003943,f3,2,149.0
27435,SYN003943,s1,2,399.0
27436,SYN003943,bv2,3,249.0
27437,SYN003943,v4,2,39.0
27438,SYN003943,s4,3,299.0
27439,SYN003943,f5,3,99.0
27440,SYN003943,d4,2,99.0
27441,SYN003943,bv3,3,199.0
27442,SYN003943,f6,2,179.0
27443,SYN003943,v3,3,79.0
27444,SYN003944,v6,1,29.0
27445,SYN003944,f1,3,249.0
27446,SYN003944,d4,3,99.0
27447,SYN003944,f4,1,199.0
27448,SYN003944,bv3,3,199.0
27449,SYN003944,b5,1,299.0
27450,SYN003944,v1,2,89.0
27451,SYN003944,bv1,1,149.0
27452,SYN003944,d1,2,69.0
27453,SYN003944,v5,3,149.0
27454,SYN003944,d3,1,179.0
27455,SYN003944,v4,1,39.0
27456,SYN003945,d5,3,249.0
27457,SYN003945,f2,2,49.0
27458,SYN003945,f5,3,99.0
27459,SYN003945,b2,1,249.0
27460,SYN003945,s1,1,399.0
27461,SYN003945,f6,2,179.0
27462,SYN003945,v4,1,39.0
27463,SYN003945,b3,1,199.0
27464,SYN003945,bv2,2,249.0
27465,SYN003946,s1,2,399.0
27466,SYN003946,f2,1,49.0
27467,SYN003946,f3,3,149.0
27468,SYN003946,v4,3,39.0
27469,SYN003946,f5,2,99.0
27470,SYN003946,v5,1,149.0
27471,SYN003946,v3,1,79.0
27472,SYN003946,d3,2,179.0
27473,SYN003946,b2,3,249.0
27474,SYN003946,b4,1,599.0
27475,SYN003947,d2,3,249.0
27476,SYN003947,f4,1,199.0
27477,SYN003947,bv2,2,249.0
27478,SYN003947,f5,2,99.0
27479,SYN003947,b2,1,249.0
27480,SYN003947,bv1,3,149.0
27481,SYN003947,s5,1,199.0
27482,SYN003947,b3,3,199.0
27483,SYN003947,f1,1,249.0
27484,SYN003947,d4,1,99.0
27485,SYN003948,s5,1,199.0
27486,SYN003948,d1,3,69.0
27487,SYN003948,f2,2,49.0
27488,SYN003948,s3,2,99.0
27489,SYN003948,f6,3,179.0
27490,SYN003948,s4,3,299.0
27491,SYN003948,b5,3,299.0
27492,SYN003948,s1,2,399.0
27493,SYN003948,d3,3,179.0
27494,SYN003949,s4,3,299.0
27495,SYN003949,d1,3,69.0
27496,SYN003949,v3,1,79.0
27497,SYN003949,f4,1,199.0
27498,SYN003949,b3,1,199.0
27499,SYN003949,b2,1,249.0
27500,SYN003949,bv3,3,199.0
27501,SYN003949,v6,2,29.0
27502,SYN003949,b5,3,299.0
27503,SYN003949,v5,2,149.0
27504,SYN003950,bv3,2,199.0
27505,SYN003950,f6,2,179.0
27506,SYN003950,s5,3,199.0
27507,SYN003950,v1,2,89.0
27508,SYN003950,f1,1,249.0
27509,SYN003950,s3,3,99.0
27510,SYN003950,d1,3,69.0
27511,SYN003951,b4,1,599.0
27512,SYN003951,d3,1,179.0
27513,SYN003951,s3,3,99.0
27514,SYN003951,d2,2,249.0
27515,SYN003951,f2,1,49.0
27516,SYN003951,bv2,1,249.0
27517,SYN003951,b2,2,249.0
27518,SYN003952,s1,3,399.0
27519,SYN003952,f1,3,249.0
27520,SYN003952,v4,3,39.0
27521,SYN003952,v1,3,89.0
27522,SYN003952,f6,2,179.0
27523,SYN003952,v2,3,49.0
27524,SYN003952,b2,3,249.0
27525,SYN003952,d4,1,99.0
27526,SYN003952,s2,3,249.0
27527,SYN003952,b3,1,199.0
27528,SYN003952,b1,1,199.0
27529,SYN003952,bv3,2,199.0
27530,SYN003953,b5,1,299.0
27531,SYN003953,v4,3,39.0
27532,SYN003953,s3,1,99.0
27533,SYN003953,bv2,1,249.0
27534,SYN003953,b4,2,599.0
27535,SYN003953,f4,3,199.0
27536,SYN003953,d2,2,249.0
27537,SYN003953,s5,1,199.0
27538,SYN003953,f5,1,99.0
27539,SYN003953,v1,3,89.0
27540,SYN003953,f2,2,49.0
27541,SYN003953,s2,2,249.0
27542,SYN003954,f3,1,149.0
27543,SYN003954,d5,3,249.0
27544,SYN003954,b3,2,199.0
27545,SYN003954,b1,3,199.0
27546,SYN003954,b4,3,599.0
27547,SYN003954,bv4,2,349.0
27548,SYN003954,v2,3,49.0
27549,SYN003955,f4,3,199.0
27550,SYN003955,b5,3,299.0
27551,SYN003955,bv4,2,349.0
27552,SYN003955,f6,1,179.0
27553,SYN003955,b3,3,199.0
27554,SYN003955,v3,2,79.0
27555,SYN003955,d5,1,249.0
27556,SYN003955,f1,2,249.0
27557,SYN003955,bv3,3,199.0
27558,SYN003956,b2,3,249.0
27559,SYN003956,v3,1,79.0
27560,SYN003956,bv2,1,249.0
27561,SYN003956,b3,1,199.0
27562,SYN003956,f2,3,49.0
27563,SYN003956,v6,1,29.0
27564,SYN003956,b5,3,299.0
27565,SYN003956,d5,3,249.0
27566,SYN003956,s4,3,299.0
27567,SYN003956,s5,1,199.0
27568,SYN003956,f4,3,199.0
27569,SYN003956,s1,3,399.0
27570,SYN003957,d3,1,179.0
27571,SYN003957,bv1,1,149.0
27572,SYN003957,v1,1,89.0
27573,SYN003957,s2,3,249.0
27574,SYN003957,f1,2,249.0
27575,SYN003957,v3,2,79.0
27576,SYN003957,bv4,2,349.0
27577,SYN003958,d4,1,99.0
27578,SYN003958,s3,3,99.0
27579,SYN003958,bv2,1,249.0
27580,SYN003958,bv3,3,199.0
27581,SYN003958,v5,2,149.0
27582,SYN003958,s4,1,299.0
27583,SYN003958,d3,2,179.0
27584,SYN003958,f3,2,149.0
27585,SYN003958,v1,3,89.0
27586,SYN003958,v3,2,79.0
27587,SYN003959,v4,2,39.0
27588,SYN003959,s1,1,399.0
27589,SYN003959,d5,1,249.0
27590,SYN003959,d1,1,69.0
27591,SYN003959,v1,2,89.0
27592,SYN003959,f3,3,149.0
27593,SYN003959,v3,3,79.0
27594,SYN003959,v2,2,49.0
27595,SYN003959,f2,3,49.0
27596,SYN003959,bv1,3,149.0
27597,SYN003959,b2,3,249.0
27598,SYN003959,bv3,2,199.0
27599,SYN003960,b2,2,249.0
27600,SYN003960,bv3,1,199.0
27601,SYN003960,f6,3,179.0
27602,SYN003960,v2,1,49.0
27603,SYN003960,d3,3,179.0
27604,SYN003960,s5,3,199.0
27605,SYN003960,v3,1,79.0
27606,SYN003960,f3,3,149.0
27607,SYN003960,f1,2,249.0
27608,SYN003961,f5,2,99.0
27609,SYN003961,v4,2,39.0
27610,SYN003961,bv1,1,149.0
27611,SYN003961,v2,2,49.0
27612,SYN003961,b1,2,199.0
27613,SYN003961,f3,1,149.0
27614,SYN003961,bv3,3,199.0
27615,SYN003961,d2,3,249.0
27616,SYN003961,s3,3,99.0
27617,SYN003961,v3,2,79.0
27618,SYN003961,v6,2,29.0
27619,SYN003962,s5,3,199.0
27620,SYN003962,s2,2,249.0
27621,SYN003962,b2,1,249.0
27622,SYN003962,v2,3,49.0
27623,SYN003962,s3,3,99.0
27624,SYN003962,f5,2,99.0
27625,SYN003962,v5,2,149.0
27626,SYN003962,d3,3,179.0
27627,SYN003963,v3,1,79.0
27628,SYN003963,s2,1,249.0
27629,SYN003963,bv3,1,199.0
27630,SYN003963,b3,3,199.0
27631,SYN003963,s5,2,199.0
27632,SYN003963,f4,3,199.0
27633,SYN003963,v2,1,49.0
27634,SYN003964,v3,1,79.0
27635,SYN003964,f5,2,99.0
27636,SYN003964,s3,1,99.0
27637,SYN003964,f2,3,49.0
27638,SYN003964,b3,1,199.0
27639,SYN003964,bv2,1,249.0
27640,SYN003965,b1,1,199.0
27641,SYN003965,bv3,3,199.0
27642,SYN003965,f6,3,179.0
27643,SYN003965,bv4,3,349.0
27644,SYN003965,v5,1,149.0
27645,SYN003965,s2,2,249.0
27646,SYN003966,v1,3,89.0
27647,SYN003966,f6,1,179.0
27648,SYN003966,d1,3,69.0
27649,SYN003966,d3,2,179.0
27650,SYN003966,f1,2,249.0
27651,SYN003966,s1,1,399.0
27652,SYN003966,v2,2,49.0
27653,SYN003966,v3,1,79.0
27654,SYN003966,b3,3,199.0
27655,SYN003966,bv2,3,249.0
27656,SYN003966,d5,3,249.0
27657,SYN003966,f4,1,199.0
27658,SYN003967,f2,3,49.0
27659,SYN003967,d2,1,249.0
27660,SYN003967,bv1,3,149.0
27661,SYN003967,v6,1,29.0
27662,SYN003967,d1,3,69.0
27663,SYN003967,f5,3,99.0
27664,SYN003967,b4,2,599.0
27665,SYN003967,s1,2,399.0
27666,SYN003967,s3,2,99.0
27667,SYN003967,d3,1,179.0
27668,SYN003967,bv3,2,199.0
27669,SYN003967,d4,3,99.0
27670,SYN003968,v2,2,49.0
27671,SYN003968,f6,2,179.0
27672,SYN003968,d4,2,99.0
27673,SYN003968,b4,2,599.0
27674,SYN003968,bv3,1,199.0
27675,SYN003968,f4,2,199.0
27676,SYN003969,f4,2,199.0
27677,SYN003969,b1,2,199.0
27678,SYN003969,v1,2,89.0
27679,SYN003969,v5,2,149.0
27680,SYN003969,v4,3,39.0
27681,SYN003969,s1,1,399.0
27682,SYN003970,v5,2,149.0
27683,SYN003970,d1,2,69.0
27684,SYN003970,f5,2,99.0
27685,SYN003970,b5,2,299.0
27686,SYN003970,v6,3,29.0
27687,SYN003970,v4,3,39.0
27688,SYN003971,bv3,2,199.0
27689,SYN003971,s5,3,199.0
27690,SYN003971,d1,3,69.0
27691,SYN003971,v1,2,89.0
27692,SYN003971,v5,1,149.0
27693,SYN003971,b5,2,299.0
27694,SYN003971,v2,3,49.0
27695,SYN003971,s4,2,299.0
27696,SYN003971,f6,3,179.0
27697,SYN003972,bv1,1,149.0
27698,SYN003972,v4,3,39.0
27699,SYN003972,s5,1,199.0
27700,SYN003972,d3,1,179.0
27701,SYN003972,v6,2,29.0
27702,SYN003972,f4,1,199.0
27703,SYN003972,f2,3,49.0
27704,SYN003972,b5,2,299.0
27705,SYN003973,f6,1,179.0
27706,SYN003973,v2,3,49.0
27707,SYN003973,b3,3,199.0
27708,SYN003973,v3,3,79.0
27709,SYN003973,v1,1,89.0
27710,SYN003973,bv2,1,249.0
27711,SYN003973,d1,3,69.0
27712,SYN003973,s5,2,199.0
27713,SYN003973,v6,3,29.0
27714,SYN003973,b5,2,299.0
27715,SYN003974,s2,3,249.0
27716,SYN003974,v5,2,149.0
27717,SYN003974,s5,3,199.0
27718,SYN003974,s3,3,99.0
27719,SYN003974,d1,3,69.0
27720,SYN003974,b5,3,299.0
27721,SYN003974,b2,3,249.0
27722,SYN003974,s4,1,299.0
27723,SYN003974,f1,1,249.0
27724,SYN003974,v4,2,39.0
27725,SYN003975,d1,3,69.0
27726,SYN003975,bv4,2,349.0
27727,SYN003975,s2,1,249.0
27728,SYN003975,s4,1,299.0
27729,SYN003975,v6,2,29.0
27730,SYN003975,b1,1,199.0
27731,SYN003975,s3,3,99.0
27732,SYN003975,b4,2,599.0
27733,SYN003975,f4,1,199.0
27734,SYN003975,s1,3,399.0
27735,SYN003976,f6,1,179.0
27736,SYN003976,b2,1,249.0
27737,SYN003976,bv2,1,249.0
27738,SYN003976,s3,3,99.0
27739,SYN003976,s2,3,249.0
27740,SYN003976,b5,1,299.0
27741,SYN003977,f4,3,199.0
27742,SYN003977,b4,1,599.0
27743,SYN003977,s2,3,249.0
27744,SYN003977,s5,2,199.0
27745,SYN003977,d3,1,179.0
27746,SYN003977,b3,2,199.0
27747,SYN003977,f6,1,179.0
27748,SYN003977,bv2,3,249.0
27749,SYN003978,f3,3,149.0
27750,SYN003978,s4,2,299.0
27751,SYN003978,bv1,1,149.0
27752,SYN003978,v6,2,29.0
27753,SYN003978,b1,1,199.0
27754,SYN003978,v5,3,149.0
27755,SYN003978,f5,2,99.0
27756,SYN003978,d2,3,249.0
27757,SYN003978,f4,3,199.0
27758,SYN003978,v1,1,89.0
27759,SYN003978,v2,3,49.0
27760,SYN003978,d4,1,99.0
27761,SYN003979,v2,2,49.0
27762,SYN003979,bv2,2,249.0
27763,SYN003979,bv1,2,149.0
27764,SYN003979,d3,2,179.0
27765,SYN003979,b2,1,249.0
27766,SYN003979,v3,2,79.0
27767,SYN003979,d5,2,249.0
27768,SYN003979,d4,1,99.0
27769,SYN003979,bv3,2,199.0
27770,SYN003980,b4,1,599.0
27771,SYN003980,f4,3,199.0
27772,SYN003980,s5,3,199.0
27773,SYN003980,v5,3,149.0
27774,SYN003980,d4,1,99.0
27775,SYN003980,b1,3,199.0
27776,SYN003980,v3,3,79.0
27777,SYN003981,s5,1,199.0
27778,SYN003981,f1,2,249.0
27779,SYN003981,v3,3,79.0
27780,SYN003981,bv4,3,349.0
27781,SYN003981,f4,2,199.0
27782,SYN003981,d4,3,99.0
27783,SYN003981,f6,2,179.0
27784,SYN003981,b4,3,599.0
27785,SYN003981,f5,2,99.0
27786,SYN003981,s4,1,299.0
27787,SYN003981,v5,3,149.0
27788,SYN003981,b3,3,199.0
27789,SYN003982,b1,2,199.0
27790,SYN003982,d4,3,99.0
27791,SYN003982,d5,2,249.0
27792,SYN003982,f1,3,249.0
27793,SYN003982,b2,3,249.0
27794,SYN003982,v1,2,89.0
27795,SYN003982,f4,1,199.0
27796,SYN003983,f6,1,179.0
27797,SYN003983,v1,1,89.0
27798,SYN003983,v6,1,29.0
27799,SYN003983,v4,1,39.0
27800,SYN003983,b2,2,249.0
27801,SYN003983,bv3,1,199.0
27802,SYN003983,d5,2,249.0
27803,SYN003983,v2,3,49.0
27804,SYN003984,d2,2,249.0
27805,SYN003984,v6,2,29.0
27806,SYN003984,b3,1,199.0
27807,SYN003984,bv2,3,249.0
27808,SYN003984,f2,1,49.0
27809,SYN003984,f5,1,99.0
27810,SYN003984,f6,1,179.0
27811,SYN003985,s3,3,99.0
27812,SYN003985,v2,1,49.0
27813,SYN003985,d3,1,179.0
27814,SYN003985,b1,3,199.0
27815,SYN003985,b2,2,249.0
27816,SYN003985,d4,1,99.0
27817,SYN003985,b5,2,299.0
27818,SYN003985,f4,3,199.0
27819,SYN003985,v6,3,29.0
27820,SYN003985,v1,3,89.0
27821,SYN003985,s5,3,199.0
27822,SYN003985,b4,1,599.0
27823,SYN003986,v6,2,29.0
27824,SYN003986,v1,3,89.0
27825,SYN003986,v4,3,39.0
27826,SYN003986,bv4,1,349.0
27827,SYN003986,f5,3,99.0
27828,SYN003986,s4,1,299.0
27829,SYN003986,b4,3,599.0
27830,SYN003986,b2,1,249.0
27831,SYN003986,f6,1,179.0
27832,SYN003987,f4,2,199.0
27833,SYN003987,s3,1,99.0
27834,SYN003987,b3,1,199.0
27835,SYN003987,f2,2,49.0
27836,SYN003987,b5,3,299.0
27837,SYN003987,b4,1,599.0
27838,SYN003988,s4,1,299.0
27839,SYN003988,d3,2,179.0
27840,SYN003988,f6,3,179.0
27841,SYN003988,v3,2,79.0
27842,SYN003988,v1,2,89.0
27843,SYN003988,f4,3,199.0
27844,SYN003988,b5,1,299.0
27845,SYN003988,d1,2,69.0
27846,SYN003988,b4,2,599.0
27847,SYN003988,f2,1,49.0
27848,SYN003988,d2,2,249.0
27849,SYN003989,d2,3,249.0
27850,SYN003989,d5,3,249.0
27851,SYN003989,d3,2,179.0
27852,SYN003989,bv4,3,349.0
27853,SYN003989,bv3,1,199.0
27854,SYN003989,b3,2,199.0
27855,SYN003990,b4,3,599.0
27856,SYN003990,f3,3,149.0
27857,SYN003990,d2,3,249.0
27858,SYN003990,bv3,3,199.0
27859,SYN003990,v3,3,79.0
27860,SYN003990,b2,3,249.0
27861,SYN003990,f1,3,249.0
27862,SYN003990,f5,1,99.0
27863,SYN003990,v2,1,49.0
27864,SYN003990,f2,1,49.0
27865,SYN003991,f3,3,149.0
27866,SYN003991,v5,2,149.0
27867,SYN003991,v4,1,39.0
27868,SYN003991,s4,2,299.0
27869,SYN003991,f6,3,179.0
27870,SYN003991,v2,2,49.0
27871,SYN003992,b3,3,199.0
27872,SYN003992,b5,3,299.0
27873,SYN003992,f6,1,179.0
27874,SYN003992,d1,1,69.0
27875,SYN003992,d3,2,179.0
27876,SYN003992,bv4,1,349.0
27877,SYN003993,s5,3,199.0
27878,SYN003993,f5,3,99.0
27879,SYN003993,d1,3,69.0
27880,SYN003993,b4,2,599.0
27881,SYN003993,s3,2,99.0
27882,SYN003993,v5,2,149.0
27883,SYN003993,b1,2,199.0
27884,SYN003993,d2,1,249.0
27885,SYN003994,b2,1,249.0
27886,SYN003994,d5,3,249.0
27887,SYN003994,b1,1,199.0
27888,SYN003994,f3,3,149.0
27889,SYN003994,s4,2,299.0
27890,SYN003994,d4,3,99.0
27891,SYN003994,d2,3,249.0
27892,SYN003994,s5,1,199.0
27893,SYN003994,bv1,2,149.0
27894,SYN003994,s1,1,399.0
27895,SYN003995,f1,1,249.0
27896,SYN003995,d5,3,249.0
27897,SYN003995,d2,3,249.0
27898,SYN003995,v4,3,39.0
27899,SYN003995,s4,1,299.0
27900,SYN003995,s2,2,249.0
27901,SYN003995,b5,2,299.0
27902,SYN003995,bv4,1,349.0
27903,SYN003995,bv3,1,199.0
27904,SYN003995,s3,2,99.0
27905,SYN003995,b3,3,199.0
27906,SYN003995,bv2,2,249.0
27907,SYN003996,s3,3,99.0
27908,SYN003996,f6,3,179.0
27909,SYN003996,f3,2,149.0
27910,SYN003996,v1,3,89.0
27911,SYN003996,b4,2,599.0
27912,SYN003996,d2,1,249.0
27913,SYN003996,f1,1,249.0
27914,SYN003996,f2,1,49.0
27915,SYN003996,d5,2,249.0
27916,SYN003997,d2,1,249.0
27917,SYN003997,s2,1,249.0
27918,SYN003997,f4,2,199.0
27919,SYN003997,b4,1,599.0
27920,SYN003997,f6,3,179.0
27921,SYN003997,s4,1,299.0
27922,SYN003997,v4,3,39.0
27923,SYN003998,v6,2,29.0
27924,SYN003998,f1,3,249.0
27925,SYN003998,v4,1,39.0
27926,SYN003998,b2,1,249.0
27927,SYN003998,d5,3,249.0
27928,SYN003998,s3,3,99.0
27929,SYN003998,v5,2,149.0
27930,SYN003998,s5,2,199.0
27931,SYN003999,bv4,2,349.0
27932,SYN003999,f4,1,199.0
27933,SYN003999,f6,3,179.0
27934,SYN003999,b4,1,599.0
27935,SYN003999,d2,2,249.0
27936,SYN003999,s2,1,249.0
27937,SYN003999,b2,1,249.0
27938,SYN003999,d3,3,179.0
27939,SYN003999,s3,1,99.0
27940,SYN003999,f2,1,49.0
27941,SYN003999,v6,2,29.0
27942,SYN004000,f5,2,99.0
27943,SYN004000,b2,3,249.0
27944,SYN004000,d5,1,249.0
27945,SYN004000,s2,3,249.0
27946,SYN004000,bv2,2,249.0
27947,SYN004000,f3,1,149.0
27948,SYN004001,v5,3,149.0
27949,SYN004001,f5,1,99.0
27950,SYN004001,f4,1,199.0
27951,SYN004001,d2,2,249.0
27952,SYN004001,v6,2,29.0
27953,SYN004001,bv3,3,199.0
27954,SYN004001,bv4,3,349.0
27955,SYN004001,b1,1,199.0
27956,SYN004002,s1,1,399.0
27957,SYN004002,bv2,1,249.0
27958,SYN004002,b5,2,299.0
27959,SYN004002,s5,2,199.0
27960,SYN004002,d1,2,69.0
27961,SYN004002,v5,2,149.0
27962,SYN004002,bv1,1,149.0
27963,SYN004002,s2,1,249.0
27964,SYN004003,v2,1,49.0
27965,SYN004003,f3,2,149.0
27966,SYN004003,s1,3,399.0
27967,SYN004003,f6,2,179.0
27968,SYN004003,b2,1,249.0
27969,SYN004003,b1,1,199.0
27970,SYN004003,v6,1,29.0
27971,SYN004003,f5,1,99.0
27972,SYN004003,f2,3,49.0
27973,SYN004003,s4,1,299.0
27974,SYN004004,b3,1,199.0
27975,SYN004004,bv4,1,349.0
27976,SYN004004,f5,2,99.0
27977,SYN004004,v6,2,29.0
27978,SYN004004,b2,3,249.0
27979,SYN004004,s2,2,249.0
27980,SYN004004,d5,3,249.0
27981,SYN004004,s3,3,99.0
27982,SYN004004,v5,2,149.0
27983,SYN004005,s3,2,99.0
27984,SYN004005,v5,2,149.0
27985,SYN004005,b2,3,249.0
27986,SYN004005,f6,2,179.0
27987,SYN004005,bv3,1,199.0
27988,SYN004005,v2,2,49.0
27989,SYN004005,bv2,1,249.0
27990,SYN004005,d2,1,249.0
27991,SYN004005,bv4,1,349.0
27992,SYN004005,f3,2,149.0
27993,SYN004005,bv1,1,149.0
27994,SYN004005,f1,2,249.0
27995,SYN004006,d5,3,249.0
27996,SYN004006,d2,3,249.0
27997,SYN004006,v5,2,149.0
27998,SYN004006,f3,1,149.0
27999,SYN004006,b2,2,249.0
28000,SYN004006,bv1,2,149.0
28001,SYN004006,v2,3,49.0
28002,SYN004006,s2,2,249.0
28003,SYN004006,s1,3,399.0
28004,SYN004006,f6,2,179.0
28005,SYN004007,f4,1,199.0
28006,SYN004007,b5,2,299.0
28007,SYN004007,s2,3,249.0
28008,SYN004007,v2,2,49.0
28009,SYN004007,s5,3,199.0
28010,SYN004007,v5,1,149.0
28011,SYN004007,bv4,1,349.0
28012,SYN004007,v1,2,89.0
28013,SYN004007,s3,1,99.0
28014,SYN004007,v6,1,29.0
28015,SYN004008,f6,1,179.0
28016,SYN004008,d3,3,179.0
28017,SYN004008,f2,1,49.0
28018,SYN004008,bv3,3,199.0
28019,SYN004008,v6,1,29.0
28020,SYN004008,f5,1,99.0
28021,SYN004008,bv2,3,249.0
28022,SYN004008,d4,2,99.0
28023,SYN004008,s2,3,249.0
28024,SYN004008,v5,1,149.0
28025,SYN004008,s3,1,99.0
28026,SYN004008,d1,3,69.0
28027,SYN004009,b1,2,199.0
28028,SYN004009,v4,2,39.0
28029,SYN004009,d5,1,249.0
28030,SYN004009,bv1,1,149.0
28031,SYN004009,s4,1,299.0
28032,SYN004009,s5,1,199.0
28033,SYN004010,d1,1,69.0
28034,SYN004010,bv1,3,149.0
28035,SYN004010,bv2,1,249.0
28036,SYN004010,s2,3,249.0
28037,SYN004010,b5,3,299.0
28038,SYN004010,d4,1,99.0
28039,SYN004010,bv4,3,349.0
28040,SYN004010,s3,1,99.0
28041,SYN004010,b1,3,199.0
28042,SYN004011,f4,1,199.0
28043,SYN004011,v3,3,79.0
28044,SYN004011,d5,2,249.0
28045,SYN004011,f5,2,99.0
28046,SYN004011,s2,2,249.0
28047,SYN004011,bv2,3,249.0
28048,SYN004011,s1,1,399.0
28049,SYN004012,f2,1,49.0
28050,SYN004012,s3,1,99.0
28051,SYN004012,d1,3,69.0
28052,SYN004012,v5,1,149.0
28053,SYN004013,v2,2,49.0
28054,SYN004013,d5,2,249.0
28055,SYN004013,f1,2,249.0
28056,SYN004013,s3,2,99.0
28057,SYN004013,b1,2,199.0
28058,SYN004013,d2,2,249.0
28059,SYN004013,v6,2,29.0
28060,SYN004014,v3,3,79.0
28061,SYN004014,d1,2,69.0
28062,SYN004014,f3,2,149.0
28063,SYN004014,v1,2,89.0
28064,SYN004014,v2,1,49.0
28065,SYN004015,d2,2,249.0
28066,SYN004015,b5,1,299.0
28067,SYN004015,d1,1,69.0
28068,SYN004015,f3,1,149.0
28069,SYN004015,f4,1,199.0
28070,SYN004015,v2,1,49.0
28071,SYN004015,d4,1,99.0
28072,SYN004015,f2,2,49.0
28073,SYN004016,b4,1,599.0
28074,SYN004016,f2,3,49.0
28075,SYN004016,f4,2,199.0
28076,SYN004016,f3,3,149.0
28077,SYN004016,v6,1,29.0
28078,SYN004017,d3,1,179.0
28079,SYN004017,v4,3,39.0
28080,SYN004017,v3,1,79.0
28081,SYN004017,f3,3,149.0
28082,SYN004018,d4,3,99.0
28083,SYN004018,f5,1,99.0
28084,SYN004018,d1,2,69.0
28085,SYN004018,v4,2,39.0
28086,SYN004018,v1,2,89.0
28087,SYN004018,v5,3,149.0
28088,SYN004018,v3,2,79.0
28089,SYN004018,b2,1,249.0
28090,SYN004019,v3,2,79.0
28091,SYN004019,f6,2,179.0
28092,SYN004019,d3,2,179.0
28093,SYN004019,d4,2,99.0
28094,SYN004019,v2,2,49.0
28095,SYN004020,v1,3,89.0
28096,SYN004020,f1,1,249.0
28097,SYN004020,v5,3,149.0
28098,SYN004020,v4,2,39.0
28099,SYN004020,f6,1,179.0
28100,SYN004021,d3,1,179.0
28101,SYN004021,d5,2,249.0
28102,SYN004021,v2,3,49.0
28103,SYN004021,f4,2,199.0
28104,SYN004021,v1,1,89.0
28105,SYN004022,v1,3,89.0
28106,SYN004022,f4,1,199.0
28107,SYN004022,f3,2,149.0
28108,SYN004022,d4,3,99.0
28109,SYN004022,b2,1,249.0
28110,SYN004022,b1,2,199.0
28111,SYN004022,v5,3,149.0
28112,SYN004022,b3,2,199.0
28113,SYN004023,d5,1,249.0
28114,SYN004023,f6,2,179.0
28115,SYN004023,v6,3,29.0
28116,SYN004023,v4,2,39.0
28117,SYN004023,b1,3,199.0
28118,SYN004023,d1,3,69.0
28119,SYN004023,v5,3,149.0
28120,SYN004024,f1,1,249.0
28121,SYN004024,f4,1,199.0
28122,SYN004024,d4,2,99.0
28123,SYN004024,f5,1,99.0
28124,SYN004025,v6,3,29.0
28125,SYN004025,f4,2,199.0
28126,SYN004025,b3,3,199.0
28127,SYN004025,d3,3,179.0
28128,SYN004025,bv1,3,149.0
28129,SYN004025,f1,2,249.0
28130,SYN004026,f5,1,99.0
28131,SYN004026,v6,1,29.0
28132,SYN004026,s4,1,299.0
28133,SYN004026,d3,1,179.0
28134,SYN004026,v1,1,89.0
28135,SYN004027,d3,3,179.0
28136,SYN004027,v3,3,79.0
28137,SYN004027,f2,1,49.0
28138,SYN004027,s3,3,99.0
28139,SYN004027,v4,2,39.0
28140,SYN004027,v6,3,29.0
28141,SYN004027,v1,2,89.0
28142,SYN004028,v5,3,149.0
28143,SYN004028,b2,1,249.0
28144,SYN004028,v3,1,79.0
28145,SYN004028,d5,3,249.0
28146,SYN004028,s2,1,249.0
28147,SYN004029,b2,1,249.0
28148,SYN004029,v3,1,79.0
28149,SYN004029,d5,3,249.0
28150,SYN004029,v1,1,89.0
28151,SYN004029,f2,2,49.0
28152,SYN004029,d2,2,249.0
28153,SYN004029,v2,2,49.0
28154,SYN004030,v6,1,29.0
28155,SYN004030,d2,3,249.0
28156,SYN004030,v2,2,49.0
28157,SYN004030,d1,1,69.0
28158,SYN004030,f4,3,199.0
28159,SYN004030,f6,3,179.0
28160,SYN004030,v5,1,149.0
28161,SYN004030,v3,3,79.0
28162,SYN004031,f2,2,49.0
28163,SYN004031,d4,1,99.0
28164,SYN004031,d1,1,69.0
28165,SYN004031,v6,1,29.0
28166,SYN004031,f6,1,179.0
28167,SYN004031,f3,2,149.0
28168,SYN004031,d3,3,179.0
28169,SYN004032,d5,2,249.0
28170,SYN004032,d1,3,69.0
28171,SYN004032,f6,2,179.0
28172,SYN004032,v3,3,79.0
28173,SYN004032,d4,2,99.0
28174,SYN004033,v1,1,89.0
28175,SYN004033,v5,1,149.0
28176,SYN004033,f5,2,99.0
28177,SYN004033,v4,1,39.0
28178,SYN004033,d1,1,69.0
28179,SYN004033,d3,2,179.0
28180,SYN004034,v6,1,29.0
28181,SYN004034,f2,2,49.0
28182,SYN004034,d5,1,249.0
28183,SYN004034,v4,3,39.0
28184,SYN004035,f6,2,179.0
28185,SYN004035,d5,1,249.0
28186,SYN004035,v5,3,149.0
28187,SYN004035,d1,1,69.0
28188,SYN004035,f5,3,99.0
28189,SYN004036,f5,2,99.0
28190,SYN004036,f2,1,49.0
28191,SYN004036,f6,1,179.0
28192,SYN004036,v4,1,39.0
28193,SYN004036,d3,2,179.0
28194,SYN004036,v1,1,89.0
28195,SYN004036,f3,1,149.0
28196,SYN004037,f2,2,49.0
28197,SYN004037,d1,2,69.0
28198,SYN004037,v1,3,89.0
28199,SYN004037,f3,2,149.0
28200,SYN004038,d2,2,249.0
28201,SYN004038,f6,2,179.0
28202,SYN004038,v3,2,79.0
28203,SYN004038,v2,3,49.0
28204,SYN004038,b1,3,199.0
28205,SYN004039,d3,3,179.0
28206,SYN004039,f2,1,49.0
28207,SYN004039,s3,3,99.0
28208,SYN004039,bv1,1,149.0
28209,SYN004039,d5,3,249.0
28210,SYN004039,f6,1,179.0
28211,SYN004039,v6,1,29.0
28212,SYN004040,f3,2,149.0
28213,SYN004040,f2,2,49.0
28214,SYN004040,d2,2,249.0
28215,SYN004040,v6,1,29.0
28216,SYN004040,d4,2,99.0
28217,SYN004040,d1,1,69.0
28218,SYN004041,f5,3,99.0
28219,SYN004041,v6,1,29.0
28220,SYN004041,s4,3,299.0
28221,SYN004041,f3,3,149.0
28222,SYN004041,f6,3,179.0
28223,SYN004041,f4,1,199.0
28224,SYN004042,d5,1,249.0
28225,SYN004042,v3,2,79.0
28226,SYN004042,d2,3,249.0
28227,SYN004042,f5,2,99.0
28228,SYN004042,d4,1,99.0
28229,SYN004043,v4,1,39.0
28230,SYN004043,b1,3,199.0
28231,SYN004043,bv4,2,349.0
28232,SYN004043,s2,2,249.0
28233,SYN004043,v1,1,89.0
28234,SYN004043,d4,3,99.0
28235,SYN004044,bv4,3,349.0
28236,SYN004044,f4,2,199.0
28237,SYN004044,s3,3,99.0
28238,SYN004044,b5,3,299.0
28239,SYN004044,f6,3,179.0
28240,SYN004045,d1,2,69.0
28241,SYN004045,f6,1,179.0
28242,SYN004045,v5,3,149.0
28243,SYN004045,f2,2,49.0
28244,SYN004045,b1,3,199.0
28245,SYN004046,d2,3,249.0
28246,SYN004046,v2,1,49.0
28247,SYN004046,v4,3,39.0
28248,SYN004046,b3,1,199.0
28249,SYN004046,f1,2,249.0
28250,SYN004046,d5,3,249.0
28251,SYN004046,v5,3,149.0
28252,SYN004047,v6,2,29.0
28253,SYN004047,d5,2,249.0
28254,SYN004047,d3,1,179.0
28255,SYN004047,s5,2,199.0
28256,SYN004047,f5,3,99.0
28257,SYN004047,f1,2,249.0
28258,SYN004047,d4,1,99.0
28259,SYN004048,d3,3,179.0
28260,SYN004048,f3,2,149.0
28261,SYN004048,f6,1,179.0
28262,SYN004048,d5,1,249.0
28263,SYN004048,v4,1,39.0
28264,SYN004048,b2,3,249.0
28265,SYN004048,d4,1,99.0
28266,SYN004049,d3,1,179.0
28267,SYN004049,f5,2,99.0
28268,SYN004049,v6,2,29.0
28269,SYN004049,b1,3,199.0
28270,SYN004049,v1,1,89.0
28271,SYN004049,s4,2,299.0
28272,SYN004049,f1,1,249.0
28273,SYN004050,f2,1,49.0
28274,SYN004050,v5,1,149.0
28275,SYN004050,v1,2,89.0
28276,SYN004050,v4,2,39.0
28277,SYN004050,d3,3,179.0
28278,SYN004051,v1,1,89.0
28279,SYN004051,f3,3,149.0
28280,SYN004051,d2,3,249.0
28281,SYN004051,v4,1,39.0
28282,SYN004051,v3,3,79.0
28283,SYN004051,v6,2,29.0
28284,SYN004051,f5,2,99.0
28285,SYN004051,d5,3,249.0
28286,SYN004052,f3,1,149.0
28287,SYN004052,f2,1,49.0
28288,SYN004052,f5,1,99.0
28289,SYN004052,v5,1,149.0
28290,SYN004052,f4,3,199.0
28291,SYN004053,f6,1,179.0
28292,SYN004053,b2,3,249.0
28293,SYN004053,f3,3,149.0
28294,SYN004053,v6,3,29.0
28295,SYN004054,d3,3,179.0
28296,SYN004054,d2,1,249.0
28297,SYN004054,v2,2,49.0
28298,SYN004054,v6,3,29.0
28299,SYN004054,f2,1,49.0
28300,SYN004054,f5,1,99.0
28301,SYN004054,v4,3,39.0
28302,SYN004055,d3,2,179.0
28303,SYN004055,d1,1,69.0
28304,SYN004055,b4,3,599.0
28305,SYN004055,bv1,3,149.0
28306,SYN004055,f2,2,49.0
28307,SYN004055,f1,3,249.0
28308,SYN004055,s4,2,299.0
28309,SYN004056,v3,2,79.0
28310,SYN004056,f5,1,99.0
28311,SYN004056,f4,2,199.0
28312,SYN004056,d1,2,69.0
28313,SYN004056,f6,3,179.0
28314,SYN004056,f2,3,49.0
28315,SYN004056,v4,1,39.0
28316,SYN004056,d3,3,179.0
28317,SYN004057,v5,2,149.0
28318,SYN004057,f2,2,49.0
28319,SYN004057,f1,3,249.0
28320,SYN004057,f3,2,149.0
28321,SYN004057,v4,2,39.0
28322,SYN004058,bv4,1,349.0
28323,SYN004058,v1,3,89.0
28324,SYN004058,f6,3,179.0
28325,SYN004058,f1,3,249.0
28326,SYN004058,v3,3,79.0
28327,SYN004058,s4,1,299.0
28328,SYN004058,v2,3,49.0
28329,SYN004058,s2,3,249.0
28330,SYN004059,d3,1,179.0
28331,SYN004059,v2,1,49.0
28332,SYN004059,d5,3,249.0
28333,SYN004059,f1,3,249.0
28334,SYN004059,b4,2,599.0
28335,SYN004059,bv4,3,349.0
28336,SYN004060,s5,3,199.0
28337,SYN004060,v4,1,39.0
28338,SYN004060,b3,2,199.0
28339,SYN004060,v1,1,89.0
28340,SYN004060,f5,1,99.0
28341,SYN004060,f2,2,49.0
28342,SYN004060,v6,1,29.0
28343,SYN004061,d1,2,69.0
28344,SYN004061,d4,1,99.0
28345,SYN004061,bv3,2,199.0
28346,SYN004061,f1,3,249.0
28347,SYN004061,f5,2,99.0
28348,SYN004061,v5,2,149.0
28349,SYN004061,d5,3,249.0
28350,SYN004062,f6,3,179.0
28351,SYN004062,v3,1,79.0
28352,SYN004062,v1,2,89.0
28353,SYN004062,f3,2,149.0
28354,SYN004062,f1,3,249.0
28355,SYN004063,f1,3,249.0
28356,SYN004063,v5,1,149.0
28357,SYN004063,v1,2,89.0
28358,SYN004063,f5,1,99.0
28359,SYN004064,v3,1,79.0
28360,SYN004064,v4,1,39.0
28361,SYN004064,f6,2,179.0
28362,SYN004064,v2,3,49.0
28363,SYN004064,f5,1,99.0
28364,SYN004065,f2,1,49.0
28365,SYN004065,f4,2,199.0
28366,SYN004065,v3,3,79.0
28367,SYN004065,v4,2,39.0
28368,SYN004066,s5,3,199.0
28369,SYN004066,f2,1,49.0
28370,SYN004066,v4,3,39.0
28371,SYN004066,f3,2,149.0
28372,SYN004067,s5,2,199.0
28373,SYN004067,f3,3,149.0
28374,SYN004067,bv1,3,149.0
28375,SYN004067,f6,3,179.0
28376,SYN004067,f4,1,199.0
28377,SYN004067,bv4,3,349.0
28378,SYN004068,v3,1,79.0
28379,SYN004068,d1,2,69.0
28380,SYN004068,f3,3,149.0
28381,SYN004068,v5,2,149.0
28382,SYN004068,d3,3,179.0
28383,SYN004068,d5,2,249.0
28384,SYN004068,f4,1,199.0
28385,SYN004068,f5,2,99.0
28386,SYN004069,v2,1,49.0
28387,SYN004069,v1,1,89.0
28388,SYN004069,d3,2,179.0
28389,SYN004069,f6,3,179.0
28390,SYN004069,d4,2,99.0
28391,SYN004069,f1,1,249.0
28392,SYN004070,v2,2,49.0
28393,SYN004070,f2,2,49.0
28394,SYN004070,d2,1,249.0
28395,SYN004070,d4,1,99.0
28396,SYN004071,s5,3,199.0
28397,SYN004071,f3,3,149.0
28398,SYN004071,v6,3,29.0
28399,SYN004071,b3,2,199.0
28400,SYN004071,d4,2,99.0
28401,SYN004071,f5,1,99.0
28402,SYN004071,s1,2,399.0
28403,SYN004072,v3,2,79.0
28404,SYN004072,s1,1,399.0
28405,SYN004072,f3,3,149.0
28406,SYN004072,bv3,1,199.0
28407,SYN004072,f1,1,249.0
28408,SYN004072,v2,2,49.0
28409,SYN004072,d3,1,179.0
28410,SYN004072,d5,3,249.0
28411,SYN004073,d3,1,179.0
28412,SYN004073,f5,1,99.0
28413,SYN004073,v6,2,29.0
28414,SYN004073,v4,2,39.0
28415,SYN004074,v6,2,29.0
28416,SYN004074,d3,2,179.0
28417,SYN004074,s5,2,199.0
28418,SYN004074,f3,3,149.0
28419,SYN004074,d1,3,69.0
28420,SYN004074,v4,3,39.0
28421,SYN004075,b5,3,299.0
28422,SYN004075,v1,1,89.0
28423,SYN004075,d5,2,249.0
28424,SYN004075,v2,1,49.0
28425,SYN004075,f5,3,99.0
28426,SYN004075,d3,2,179.0
28427,SYN004075,f3,1,149.0
28428,SYN004076,d1,1,69.0
28429,SYN004076,f4,2,199.0
28430,SYN004076,v1,2,89.0
28431,SYN004076,f2,3,49.0
28432,SYN004076,d2,1,249.0
28433,SYN004076,v6,3,29.0
28434,SYN004077,d4,1,99.0
28435,SYN004077,v2,3,49.0
28436,SYN004077,v4,1,39.0
28437,SYN004077,f6,1,179.0
28438,SYN004077,v3,3,79.0
28439,SYN004077,v5,3,149.0
28440,SYN004077,f5,2,99.0
28441,SYN004078,b2,3,249.0
28442,SYN004078,v3,2,79.0
28443,SYN004078,v1,1,89.0
28444,SYN004078,v6,2,29.0
28445,SYN004079,d4,2,99.0
28446,SYN004079,b4,1,599.0
28447,SYN004079,v4,3,39.0
28448,SYN004079,d1,1,69.0
28449,SYN004079,f4,3,199.0
28450,SYN004080,v6,1,29.0
28451,SYN004080,f4,2,199.0
28452,SYN004080,f5,3,99.0
28453,SYN004080,f3,3,149.0
28454,SYN004081,f5,3,99.0
28455,SYN004081,bv3,3,199.0
28456,SYN004081,v4,2,39.0
28457,SYN004081,v3,2,79.0
28458,SYN004081,s5,1,199.0
28459,SYN004081,f2,2,49.0
28460,SYN004081,d1,3,69.0
28461,SYN004082,v2,2,49.0
28462,SYN004082,d5,3,249.0
28463,SYN004082,d1,2,69.0
28464,SYN004083,s1,1,399.0
28465,SYN004083,d2,1,249.0
28466,SYN004083,d4,2,99.0
28467,SYN004083,s3,3,99.0
28468,SYN004083,f4,3,199.0
28469,SYN004083,v1,3,89.0
28470,SYN004084,s3,3,99.0
28471,SYN004084,s4,2,299.0
28472,SYN004084,d3,3,179.0
28473,SYN004084,b2,1,249.0
28474,SYN004084,s5,1,199.0
28475,SYN004085,v6,1,29.0
28476,SYN004085,f5,3,99.0
28477,SYN004085,s5,1,199.0
28478,SYN004085,v4,2,39.0
28479,SYN004086,s3,1,99.0
28480,SYN004086,s1,2,399.0
28481,SYN004086,b2,1,249.0
28482,SYN004086,s4,1,299.0
28483,SYN004086,d1,1,69.0
28484,SYN004087,d4,3,99.0
28485,SYN004087,v4,2,39.0
28486,SYN004087,s1,1,399.0
28487,SYN004087,v1,2,89.0
28488,SYN004087,d2,2,249.0
28489,SYN004088,s1,1,399.0
28490,SYN004088,v5,1,149.0
28491,SYN004088,bv3,1,199.0
28492,SYN004088,s4,3,299.0
28493,SYN004088,s3,3,99.0
28494,SYN004088,v2,2,49.0
28495,SYN004089,s1,2,399.0
28496,SYN004089,s3,3,99.0
28497,SYN004089,s2,3,249.0
28498,SYN004090,v5,2,149.0
28499,SYN004090,s3,2,99.0
28500,SYN004090,d1,2,69.0
28501,SYN004090,v3,2,79.0
28502,SYN004090,d3,3,179.0
28503,SYN004091,v2,1,49.0
28504,SYN004091,v3,3,79.0
28505,SYN004091,d2,2,249.0
28506,SYN004091,bv2,1,249.0
28507,SYN004092,v2,1,49.0
28508,SYN004092,v4,2,39.0
28509,SYN004092,v1,3,89.0
28510,SYN004093,s5,3,199.0
28511,SYN004093,v3,3,79.0
28512,SYN004093,v4,1,39.0
28513,SYN004093,d5,1,249.0
28514,SYN004094,d3,2,179.0
28515,SYN004094,s4,3,299.0
28516,SYN004094,v1,3,89.0
28517,SYN004094,v5,1,149.0
28518,SYN004095,v3,2,79.0
28519,SYN004095,v4,3,39.0
28520,SYN004095,d1,3,69.0
28521,SYN004095,b2,2,249.0
28522,SYN004096,b2,1,249.0
28523,SYN004096,d1,1,69.0
28524,SYN004096,v4,1,39.0
28525,SYN004096,s1,2,399.0
28526,SYN004096,s4,2,299.0
28527,SYN004097,v6,3,29.0
28528,SYN004097,d5,3,249.0
28529,SYN004097,s2,2,249.0
28530,SYN004098,v6,3,29.0
28531,SYN004098,d2,1,249.0
28532,SYN004098,bv4,2,349.0
28533,SYN004098,s4,1,299.0
28534,SYN004098,d1,1,69.0
28535,SYN004099,s1,2,399.0
28536,SYN004099,b2,2,249.0
28537,SYN004099,v3,1,79.0
28538,SYN004099,bv4,2,349.0
28539,SYN004099,bv3,2,199.0
28540,SYN004099,d3,2,179.0
28541,SYN004100,d1,1,69.0
28542,SYN004100,v5,1,149.0
28543,SYN004100,f1,1,249.0
28544,SYN004101,s2,3,249.0
28545,SYN004101,v5,3,149.0
28546,SYN004101,s1,1,399.0
28547,SYN004101,s5,2,199.0
28548,SYN004101,v2,2,49.0
28549,SYN004102,d2,2,249.0
28550,SYN004102,d1,2,69.0
28551,SYN004102,v3,3,79.0
28552,SYN004102,d3,2,179.0
28553,SYN004102,d4,1,99.0
28554,SYN004103,v4,2,39.0
28555,SYN004103,s4,3,299.0
28556,SYN004103,d3,1,179.0
28557,SYN004103,v5,1,149.0
28558,SYN004103,s2,3,249.0
28559,SYN004104,d1,3,69.0
28560,SYN004104,v5,1,149.0
28561,SYN004104,v2,1,49.0
28562,SYN004104,d5,1,249.0
28563,SYN004104,f6,1,179.0
28564,SYN004104,s4,3,299.0
28565,SYN004105,s5,1,199.0
28566,SYN004105,s3,1,99.0
28567,SYN004105,bv1,3,149.0
28568,SYN004105,s4,3,299.0
28569,SYN004105,v6,1,29.0
28570,SYN004105,v5,3,149.0
28571,SYN004106,d5,3,249.0
28572,SYN004106,v1,2,89.0
28573,SYN004106,d4,1,99.0
28574,SYN004106,bv2,2,249.0
28575,SYN004107,v4,3,39.0
28576,SYN004107,s1,2,399.0
28577,SYN004107,b4,1,599.0
28578,SYN004107,v5,3,149.0
28579,SYN004107,f5,2,99.0
28580,SYN004107,s4,1,299.0
28581,SYN004108,d2,2,249.0
28582,SYN004108,v4,1,39.0
28583,SYN004108,s5,1,199.0
28584,SYN004108,d1,1,69.0
28585,SYN004109,v3,3,79.0
28586,SYN004109,v1,2,89.0
28587,SYN004109,s1,1,399.0
28588,SYN004110,v3,1,79.0
28589,SYN004110,bv1,3,149.0
28590,SYN004110,s4,3,299.0
28591,SYN004110,v6,2,29.0
28592,SYN004111,d3,3,179.0
28593,SYN004111,v4,2,39.0
28594,SYN004111,s1,2,399.0
28595,SYN004112,s5,3,199.0
28596,SYN004112,bv1,1,149.0
28597,SYN004112,v5,1,149.0
28598,SYN004113,d3,3,179.0
28599,SYN004113,s3,3,99.0
28600,SYN004113,s2,1,249.0
28601,SYN004113,v1,1,89.0
28602,SYN004114,s2,3,249.0
28603,SYN004114,s5,2,199.0
28604,SYN004114,s4,1,299.0
28605,SYN004114,f1,1,249.0
28606,SYN004115,s2,3,249.0
28607,SYN004115,d5,1,249.0
28608,SYN004115,v5,1,149.0
28609,SYN004115,bv1,3,149.0
28610,SYN004115,s3,3,99.0
28611,SYN004116,d3,3,179.0
28612,SYN004116,v1,2,89.0
28613,SYN004116,v6,3,29.0
28614,SYN004116,v4,1,39.0
28615,SYN004117,s3,3,99.0
28616,SYN004117,f4,1,199.0
28617,SYN004117,s5,3,199.0
28618,SYN004117,d2,1,249.0
28619,SYN004118,d5,3,249.0
28620,SYN004118,b1,3,199.0
28621,SYN004118,f3,2,149.0
28622,SYN004118,v1,3,89.0
28623,SYN004118,s1,3,399.0
28624,SYN004119,s2,3,249.0
28625,SYN004119,s3,2,99.0
28626,SYN004119,v5,1,149.0
28627,SYN004120,s2,1,249.0
28628,SYN004120,s4,3,299.0
28629,SYN004120,d1,2,69.0
28630,SYN004120,v4,3,39.0
28631,SYN004120,f1,2,249.0
28632,SYN004121,s2,3,249.0
28633,SYN004121,d3,3,179.0
28634,SYN004121,f5,3,99.0
28635,SYN004122,s5,1,199.0
28636,SYN004122,v4,2,39.0
28637,SYN004122,d5,2,249.0
28638,SYN004123,f6,2,179.0
28639,SYN004123,s1,2,399.0
28640,SYN004123,d3,1,179.0
28641,SYN004123,v4,1,39.0
28642,SYN004124,d1,3,69.0
28643,SYN004124,d4,1,99.0
28644,SYN004124,v1,2,89.0
28645,SYN004124,s3,1,99.0
28646,SYN004125,d2,3,249.0
28647,SYN004125,v1,1,89.0
28648,SYN004125,s3,3,99.0
28649,SYN004125,d1,2,69.0
28650,SYN004126,s5,2,199.0
28651,SYN004126,v1,2,89.0
28652,SYN004126,b5,3,299.0
28653,SYN004126,d1,3,69.0
28654,SYN004126,b2,2,249.0
28655,SYN004127,bv3,3,199.0
28656,SYN004127,s4,1,299.0
28657,SYN004127,v6,3,29.0
28658,SYN004127,s1,1,399.0
28659,SYN004128,s3,1,99.0
28660,SYN004128,d5,1,249.0
28661,SYN004128,v6,1,29.0
28662,SYN004129,v2,1,49.0
28663,SYN004129,d1,1,69.0
28664,SYN004129,d4,1,99.0
28665,SYN004129,v3,1,79.0
28666,SYN004129,s1,1,399.0
28667,SYN004129,v5,2,149.0
28668,SYN004130,d1,3,69.0
28669,SYN004130,v1,2,89.0
28670,SYN004130,d5,2,249.0
28671,SYN004130,v6,2,29.0
28672,SYN004130,v2,3,49.0
28673,SYN004131,d2,3,249.0
28674,SYN004131,v1,2,89.0
28675,SYN004131,v3,2,79.0
28676,SYN004132,v6,3,29.0
28677,SYN004132,v4,3,39.0
28678,SYN004132,v5,1,149.0
28679,SYN004132,v3,3,79.0
28680,SYN004132,s2,3,249.0
28681,SYN004133,v5,3,149.0
28682,SYN004133,d4,1,99.0
28683,SYN004133,s3,2,99.0
28684,SYN004133,d5,3,249.0
28685,SYN004133,v2,2,49.0
28686,SYN004134,v6,2,29.0
28687,SYN004134,f5,3,99.0
28688,SYN004134,b3,3,199.0
28689,SYN004135,s2,2,249.0
28690,SYN004135,v4,3,39.0
28691,SYN004135,s3,1,99.0
28692,SYN004135,v2,2,49.0
28693,SYN004135,s4,1,299.0
28694,SYN004136,v3,1,79.0
28695,SYN004136,v1,3,89.0
28696,SYN004136,d5,1,249.0
28697,SYN004137,v2,1,49.0
28698,SYN004137,v4,2,39.0
28699,SYN004137,v1,3,89.0
28700,SYN004137,d3,1,179.0
28701,SYN004137,d5,1,249.0
28702,SYN004137,s2,2,249.0
28703,SYN004138,d1,2,69.0
28704,SYN004138,s2,3,249.0
28705,SYN004138,s3,3,99.0
28706,SYN004138,v3,1,79.0
28707,SYN004138,v1,3,89.0
28708,SYN004138,d3,3,179.0
28709,SYN004139,d3,3,179.0
28710,SYN004139,s5,2,199.0
28711,SYN004139,d2,2,249.0
28712,SYN004139,v6,1,29.0
28713,SYN004140,d3,1,179.0
28714,SYN004140,s5,2,199.0
28715,SYN004140,d5,1,249.0
28716,SYN004140,s2,2,249.0
28717,SYN004141,d3,3,179.0
28718,SYN004141,d5,1,249.0
28719,SYN004141,s3,1,99.0
28720,SYN004141,v6,2,29.0
28721,SYN004141,v4,1,39.0
28722,SYN004141,f2,1,49.0
28723,SYN004142,v2,3,49.0
28724,SYN004142,s2,1,249.0
28725,SYN004142,s5,1,199.0
28726,SYN004142,d2,2,249.0
28727,SYN004142,v5,1,149.0
28728,SYN004142,v6,1,29.0
28729,SYN004143,v3,3,79.0
28730,SYN004143,bv4,1,349.0
28731,SYN004143,s1,1,399.0
28732,SYN004144,v3,1,79.0
28733,SYN004144,d3,2,179.0
28734,SYN004144,s5,3,199.0
28735,SYN004144,d1,3,69.0
28736,SYN004144,v1,2,89.0
28737,SYN004145,d1,2,69.0
28738,SYN004145,d2,1,249.0
28739,SYN004145,f4,2,199.0
28740,SYN004145,s5,3,199.0
28741,SYN004145,s2,3,249.0
28742,SYN004145,v4,2,39.0
28743,SYN004146,b4,2,599.0
28744,SYN004146,v1,1,89.0
28745,SYN004146,s5,2,199.0
28746,SYN004146,b3,2,199.0
28747,SYN004147,b2,3,249.0
28748,SYN004147,d1,1,69.0
28749,SYN004147,d2,2,249.0
28750,SYN004147,s3,1,99.0
28751,SYN004147,s2,2,249.0
28752,SYN004147,v2,2,49.0
28753,SYN004148,s4,1,299.0
28754,SYN004148,bv4,3,349.0
28755,SYN004148,s5,3,199.0
28756,SYN004148,d5,3,249.0
28757,SYN004148,f2,1,49.0
28758,SYN004148,d2,2,249.0
28759,SYN004149,s1,2,399.0
28760,SYN004149,v5,3,149.0
28761,SYN004149,b4,1,599.0
28762,SYN004149,v3,3,79.0
28763,SYN004150,v2,1,49.0
28764,SYN004150,v3,3,79.0
28765,SYN004150,f4,3,199.0
28766,SYN004150,v6,2,29.0
28767,SYN004150,s2,3,249.0
28768,SYN004150,v1,2,89.0
28769,SYN004151,v2,3,49.0
28770,SYN004151,s4,3,299.0
28771,SYN004151,s3,2,99.0
28772,SYN004152,s2,2,249.0
28773,SYN004152,s5,1,199.0
28774,SYN004152,v3,1,79.0
28775,SYN004152,d2,2,249.0
28776,SYN004153,bv4,3,349.0
28777,SYN004153,v5,2,149.0
28778,SYN004153,v2,2,49.0
28779,SYN004153,s1,3,399.0
28780,SYN004153,v3,3,79.0
28781,SYN004154,v3,3,79.0
28782,SYN004154,v5,3,149.0
28783,SYN004154,s2,3,249.0
28784,SYN004154,s4,1,299.0
28785,SYN004154,s3,2,99.0
28786,SYN004154,f4,1,199.0
28787,SYN004155,f5,3,99.0
28788,SYN004155,s3,2,99.0
28789,SYN004155,f6,2,179.0
28790,SYN004155,v6,3,29.0
28791,SYN004156,d1,3,69.0
28792,SYN004156,s3,1,99.0
28793,SYN004156,v1,1,89.0
28794,SYN004156,s2,3,249.0
28795,SYN004156,s1,3,399.0
28796,SYN004157,f2,2,49.0
28797,SYN004157,d1,1,69.0
28798,SYN004157,s4,1,299.0
28799,SYN004158,v4,2,39.0
28800,SYN004158,s4,2,299.0
28801,SYN004158,d5,1,249.0
28802,SYN004159,d4,3,99.0
28803,SYN004159,v3,3,79.0
28804,SYN004159,v5,2,149.0
28805,SYN004159,d3,2,179.0
28806,SYN004160,v5,2,149.0
28807,SYN004160,d2,1,249.0
28808,SYN004160,d5,1,249.0
28809,SYN004160,s5,2,199.0
28810,SYN004160,v3,3,79.0
28811,SYN004161,v6,3,29.0
28812,SYN004161,d2,1,249.0
28813,SYN004161,s5,1,199.0
28814,SYN004161,v5,2,149.0
28815,SYN004161,s3,3,99.0
28816,SYN004162,s4,3,299.0
28817,SYN004162,b2,3,249.0
28818,SYN004162,s2,3,249.0
28819,SYN004162,v6,1,29.0
28820,SYN004162,d1,3,69.0
28821,SYN004163,s4,3,299.0
28822,SYN004163,f4,3,199.0
28823,SYN004163,f2,1,49.0
28824,SYN004163,d3,2,179.0
28825,SYN004164,f6,1,179.0
28826,SYN004164,v5,2,149.0
28827,SYN004164,s1,3,399.0
28828,SYN004164,v1,3,89.0
28829,SYN004164,d5,3,249.0
28830,SYN004165,d5,2,249.0
28831,SYN004165,s1,3,399.0
28832,SYN004165,v4,3,39.0
28833,SYN004165,d2,3,249.0
28834,SYN004166,d5,3,249.0
28835,SYN004166,f5,3,99.0
28836,SYN004166,v4,3,39.0
28837,SYN004167,d3,2,179.0
28838,SYN004167,d1,1,69.0
28839,SYN004167,d2,2,249.0
28840,SYN004167,d5,2,249.0
28841,SYN004167,s3,1,99.0
28842,SYN004167,b4,2,599.0
28843,SYN004168,s3,2,99.0
28844,SYN004168,d3,2,179.0
28845,SYN004168,b4,3,599.0
28846,SYN004168,bv2,3,249.0
28847,SYN004169,s2,3,249.0
28848,SYN004169,d2,1,249.0
28849,SYN004169,d1,3,69.0
28850,SYN004170,v6,2,29.0
28851,SYN004170,s3,2,99.0
28852,SYN004170,f3,2,149.0
28853,SYN004170,v1,3,89.0
28854,SYN004170,d1,3,69.0
28855,SYN004171,s2,3,249.0
28856,SYN004171,d3,3,179.0
28857,SYN004171,s1,3,399.0
28858,SYN004171,v2,2,49.0
28859,SYN004171,bv2,2,249.0
28860,SYN004171,v6,3,29.0
28861,SYN004172,v1,1,89.0
28862,SYN004172,v2,3,49.0
28863,SYN004172,v3,2,79.0
28864,SYN004172,s2,2,249.0
28865,SYN004172,d2,3,249.0
28866,SYN004172,s4,3,299.0
28867,SYN004173,b3,1,199.0
28868,SYN004173,v2,3,49.0
28869,SYN004173,s4,2,299.0
28870,SYN004174,bv1,1,149.0
28871,SYN004174,v1,3,89.0
28872,SYN004174,s4,1,299.0
28873,SYN004174,v2,3,49.0
28874,SYN004174,d4,3,99.0
28875,SYN004174,v6,3,29.0
28876,SYN004175,f2,2,49.0
28877,SYN004175,s1,1,399.0
28878,SYN004175,f5,1,99.0
28879,SYN004175,d4,3,99.0
28880,SYN004175,s3,2,99.0
28881,SYN004175,v6,3,29.0
28882,SYN004176,s1,1,399.0
28883,SYN004176,v3,3,79.0
28884,SYN004176,d3,3,179.0
28885,SYN004176,d1,1,69.0
28886,SYN004177,d5,1,249.0
28887,SYN004177,s4,1,299.0
28888,SYN004177,d4,2,99.0
28889,SYN004177,v2,3,49.0
28890,SYN004177,f4,2,199.0
28891,SYN004177,f5,2,99.0
28892,SYN004178,d3,3,179.0
28893,SYN004178,s4,2,299.0
28894,SYN004178,s2,1,249.0
28895,SYN004178,s3,3,99.0
28896,SYN004179,d3,2,179.0
28897,SYN004179,s3,1,99.0
28898,SYN004179,d2,1,249.0
28899,SYN004179,v2,3,49.0
28900,SYN004180,d2,3,249.0
28901,SYN004180,bv4,2,349.0
28902,SYN004180,d4,3,99.0
28903,SYN004180,d5,3,249.0
28904,SYN004180,f6,1,179.0
28905,SYN004181,s4,1,299.0
28906,SYN004181,d5,2,249.0
28907,SYN004181,d2,1,249.0
28908,SYN004181,v3,1,79.0
28909,SYN004181,s5,1,199.0
28910,SYN004182,v6,3,29.0
28911,SYN004182,f2,1,49.0
28912,SYN004182,f5,2,99.0
28913,SYN004182,d1,1,69.0
28914,SYN004183,s5,3,199.0
28915,SYN004183,v2,3,49.0
28916,SYN004183,s1,3,399.0
28917,SYN004183,s2,2,249.0
28918,SYN004183,v5,3,149.0
28919,SYN004183,s4,2,299.0
28920,SYN004184,b1,3,199.0
28921,SYN004184,s4,3,299.0
28922,SYN004184,s5,2,199.0
28923,SYN004184,s3,3,99.0
28924,SYN004184,b5,1,299.0
28925,SYN004184,s2,2,249.0
28926,SYN004185,v4,3,39.0
28927,SYN004185,s2,1,249.0
28928,SYN004185,bv2,2,249.0
28929,SYN004185,d3,1,179.0
28930,SYN004186,d5,3,249.0
28931,SYN004186,d1,2,69.0
28932,SYN004186,d2,2,249.0
28933,SYN004187,d4,3,99.0
28934,SYN004187,d5,3,249.0
28935,SYN004187,d2,2,249.0
28936,SYN004187,v4,2,39.0
28937,SYN004187,f5,2,99.0
28938,SYN004188,s3,3,99.0
28939,SYN004188,s1,2,399.0
28940,SYN004188,v5,2,149.0
28941,SYN004188,v1,1,89.0
28942,SYN004188,d3,1,179.0
28943,SYN004189,d4,3,99.0
28944,SYN004189,s4,2,299.0
28945,SYN004189,s3,3,99.0
28946,SYN004189,v4,3,39.0
28947,SYN004189,d3,1,179.0
28948,SYN004189,b4,2,599.0
28949,SYN004190,d3,3,179.0
28950,SYN004190,v6,2,29.0
28951,SYN004190,s3,2,99.0
28952,SYN004190,f5,2,99.0
28953,SYN004191,d3,2,179.0
28954,SYN004191,v5,1,149.0
28955,SYN004191,s5,1,199.0
28956,SYN004191,d5,2,249.0
28957,SYN004191,v6,2,29.0
28958,SYN004191,s2,3,249.0
28959,SYN004192,s2,3,249.0
28960,SYN004192,d1,1,69.0
28961,SYN004192,v4,1,39.0
28962,SYN004193,d3,2,179.0
28963,SYN004193,d1,1,69.0
28964,SYN004193,d4,2,99.0
28965,SYN004193,s4,1,299.0
28966,SYN004193,v1,3,89.0
28967,SYN004193,v2,1,49.0
28968,SYN004194,s5,3,199.0
28969,SYN004194,s3,2,99.0
28970,SYN004194,s1,3,399.0
28971,SYN004194,v6,2,29.0
28972,SYN004194,d4,3,99.0
28973,SYN004194,v4,3,39.0
28974,SYN004195,d4,1,99.0
28975,SYN004195,s2,3,249.0
28976,SYN004195,d3,3,179.0
28977,SYN004196,s2,2,249.0
28978,SYN004196,f6,2,179.0
28979,SYN004196,bv1,3,149.0
28980,SYN004197,s5,2,199.0
28981,SYN004197,d3,1,179.0
28982,SYN004197,d5,1,249.0
28983,SYN004197,d4,3,99.0
28984,SYN004197,v4,2,39.0
28985,SYN004197,v5,3,149.0
28986,SYN004198,b5,3,299.0
28987,SYN004198,d5,2,249.0
28988,SYN004198,s5,1,199.0
28989,SYN004198,v4,3,39.0
28990,SYN004199,v2,2,49.0
28991,SYN004199,v3,2,79.0
28992,SYN004199,s2,1,249.0
28993,SYN004199,d5,2,249.0
28994,SYN004199,s4,1,299.0
28995,SYN004200,d1,2,69.0
28996,SYN004200,d4,1,99.0
28997,SYN004200,d2,2,249.0
28998,SYN004200,v5,1,149.0
28999,SYN004201,v2,3,49.0
29000,SYN004201,d3,3,179.0
29001,SYN004201,s4,3,299.0
29002,SYN004201,v3,2,79.0
29003,SYN004201,s1,3,399.0
29004,SYN004201,d4,3,99.0
29005,SYN004202,v6,2,29.0
29006,SYN004202,d1,2,69.0
29007,SYN004202,v1,3,89.0
29008,SYN004202,bv1,3,149.0
29009,SYN004202,d3,1,179.0
29010,SYN004203,v3,3,79.0
29011,SYN004203,v6,3,29.0
29012,SYN004203,v5,1,149.0
29013,SYN004203,d3,2,179.0
29014,SYN004204,v5,3,149.0
29015,SYN004204,d5,1,249.0
29016,SYN004204,s2,3,249.0
29017,SYN004205,v6,1,29.0
29018,SYN004205,d5,2,249.0
29019,SYN004205,v1,1,89.0
29020,SYN004205,s2,2,249.0
29021,SYN004206,d5,1,249.0
29022,SYN004206,f4,2,199.0
29023,SYN004206,v4,3,39.0
29024,SYN004206,d4,3,99.0
29025,SYN004207,s5,3,199.0
29026,SYN004207,s3,2,99.0
29027,SYN004207,v1,2,89.0
29028,SYN004207,bv3,3,199.0
29029,SYN004208,v5,3,149.0
29030,SYN004208,s3,1,99.0
29031,SYN004208,d3,1,179.0
29032,SYN004208,f4,2,199.0
29033,SYN004209,v6,3,29.0
29034,SYN004209,d4,1,99.0
29035,SYN004209,v5,2,149.0
29036,SYN004209,d5,1,249.0
29037,SYN004209,s5,2,199.0
29038,SYN004210,s5,1,199.0
29039,SYN004210,d4,2,99.0
29040,SYN004210,s3,1,99.0
29041,SYN004211,d2,2,249.0
29042,SYN004211,f6,1,179.0
29043,SYN004211,s4,1,299.0
29044,SYN004211,s5,1,199.0
29045,SYN004211,s3,2,99.0
29046,SYN004212,v2,1,49.0
29047,SYN004212,b5,1,299.0
29048,SYN004212,v5,2,149.0
29049,SYN004212,v3,1,79.0
29050,SYN004212,s2,1,249.0
29051,SYN004213,b2,1,249.0
29052,SYN004213,s1,2,399.0
29053,SYN004213,s2,3,249.0
29054,SYN004213,s5,3,199.0
29055,SYN004213,d4,3,99.0
29056,SYN004214,v1,1,89.0
29057,SYN004214,d1,3,69.0
29058,SYN004214,s2,1,249.0
29059,SYN004215,s3,2,99.0
29060,SYN004215,d4,2,99.0
29061,SYN004215,b5,2,299.0
29062,SYN004215,d1,2,69.0
29063,SYN004216,d5,3,249.0
29064,SYN004216,v3,1,79.0
29065,SYN004216,s3,3,99.0
29066,SYN004216,b5,1,299.0
29067,SYN004216,d3,2,179.0
29068,SYN004216,s2,3,249.0
29069,SYN004217,d1,2,69.0
29070,SYN004217,v3,2,79.0
29071,SYN004217,s4,3,299.0
29072,SYN004217,s3,3,99.0
29073,SYN004218,s4,3,299.0
29074,SYN004218,d5,2,249.0
29075,SYN004218,s1,1,399.0
29076,SYN004218,v3,2,79.0
29077,SYN004218,v6,2,29.0
29078,SYN004218,f3,3,149.0
29079,SYN004219,f1,2,249.0
29080,SYN004219,s1,3,399.0
29081,SYN004219,d5,3,249.0
29082,SYN004220,v1,2,89.0
29083,SYN004220,d4,1,99.0
29084,SYN004220,v5,2,149.0
29085,SYN004220,s3,3,99.0
29086,SYN004220,b5,2,299.0
29087,SYN004221,s4,1,299.0
29088,SYN004221,d3,2,179.0
29089,SYN004221,s2,1,249.0
29090,SYN004222,s3,2,99.0
29091,SYN004222,d1,2,69.0
29092,SYN004222,f5,3,99.0
29093,SYN004222,s5,1,199.0
29094,SYN004223,d4,2,99.0
29095,SYN004223,b2,3,249.0
29096,SYN004223,s5,1,199.0
29097,SYN004223,s1,1,399.0
29098,SYN004223,v5,1,149.0
29099,SYN004224,v6,1,29.0
29100,SYN004224,bv2,1,249.0
29101,SYN004224,v2,1,49.0
29102,SYN004224,f5,3,99.0
29103,SYN004224,d4,2,99.0
29104,SYN004224,s4,3,299.0
29105,SYN004225,v3,1,79.0
29106,SYN004225,s5,1,199.0
29107,SYN004225,s4,2,299.0
29108,SYN004226,b1,2,199.0
29109,SYN004226,v1,1,89.0
29110,SYN004226,s1,2,399.0
29111,SYN004227,d2,3,249.0
29112,SYN004227,v1,2,89.0
29113,SYN004227,b2,3,249.0
29114,SYN004227,v2,2,49.0
29115,SYN004228,d5,2,249.0
29116,SYN004228,s2,1,249.0
29117,SYN004228,v2,1,49.0
29118,SYN004228,s1,1,399.0
29119,SYN004228,d4,2,99.0
29120,SYN004229,v6,3,29.0
29121,SYN004229,f3,2,149.0
29122,SYN004229,v1,1,89.0
29123,SYN004229,s4,2,299.0
29124,SYN004230,f6,2,179.0
29125,SYN004230,d5,3,249.0
29126,SYN004230,s5,1,199.0
29127,SYN004231,v3,2,79.0
29128,SYN004231,v2,1,49.0
29129,SYN004231,v1,2,89.0
29130,SYN004231,s4,3,299.0
29131,SYN004231,s3,3,99.0
