id,user_id,subtotal,delivery_fee,tax,total,status,customer_name,address,phone,payment_method,created_at
SYN000001,3,1671.0,0.0,133.68,1804.68,delivered,Aarav Sharma,401 Laxmi Nagar,+91 7998250428,upi,2026-04-10T08:46:25.912Z
SYN000002,3,2018.0,0.0,161.44,2179.44,delivered,Aarav Sharma,386 Park Street,+91 8567921182,cash,2025-11-03T08:46:25.912Z
SYN000003,3,1896.0,0.0,151.68,2047.68,delivered,Aarav Sharma,85 MG Road,+91 7113261384,upi,2026-06-16T08:46:25.912Z
SYN000004,3,1270.0,0.0,101.6,1371.6,delivered,Aarav Sharma,377 MG Road,+91 9279033987,card,2026-06-25T08:46:25.912Z
SYN000005,3,933.0,0.0,74.64,1007.64,delivered,Aarav Sharma,422 Koramangala,+91 8929191698,upi,2026-07-20T08:46:25.912Z
SYN000006,3,2116.0,0.0,169.28,2285.28,delivered,Aarav Sharma,189 Nehru Nagar,+91 7539717042,cash,2025-12-03T08:46:25.912Z
SYN000007,3,872.0,0.0,69.76,941.76,delivered,Aarav Sharma,352 Park Street,+91 7709195454,cash,2026-06-22T08:46:25.912Z
SYN000008,3,1184.0,0.0,94.72,1278.72,delivered,Aarav Sharma,185 Gandhi Path,+91 7768219401,card,2025-11-14T08:46:25.912Z
SYN000009,3,845.0,0.0,67.6,912.6,delivered,Aarav Sharma,343 Salt Lake,+91 8022382144,card,2026-03-12T08:46:25.912Z
SYN000010,3,1619.0,0.0,129.52,1748.52,delivered,Aarav Sharma,154 Brigade Road,+91 7706770503,upi,2026-05-16T08:46:25.912Z
SYN000011,3,1842.0,0.0,147.36,1989.36,delivered,Aarav Sharma,24 Brigade Road,+91 7855115253,cash,2025-08-28T08:46:25.912Z
SYN000012,3,1844.0,0.0,147.52,1991.52,delivered,Aarav Sharma,64 Banjara Hills,+91 9363699996,card,2026-04-15T08:46:25.912Z
SYN000013,3,1478.0,0.0,118.24,1596.24,delivered,Aarav Sharma,317 Koramangala,+91 8575652355,upi,2025-10-14T08:46:25.912Z
SYN000014,3,2875.0,0.0,230.0,3105.0,delivered,Aarav Sharma,478 Koramangala,+91 7036228248,upi,2026-02-12T08:46:25.912Z
SYN000015,3,1159.0,0.0,92.72,1251.72,delivered,Aarav Sharma,22 Gandhi Path,+91 7386055741,upi,2026-02-02T08:46:25.912Z
SYN000016,3,1284.0,0.0,102.72,1386.72,delivered,Aarav Sharma,495 Salt Lake,+91 9421273595,cash,2026-08-05T08:46:25.912Z
SYN000017,3,2435.0,0.0,194.8,2629.8,delivered,Aarav Sharma,222 Park Street,+91 7179990278,card,2025-11-16T08:46:25.912Z
SYN000018,3,1547.0,0.0,123.76,1670.76,delivered,Aarav Sharma,227 Laxmi Nagar,+91 7666873141,cash,2025-10-20T08:46:25.912Z
SYN000019,3,1329.0,0.0,106.32,1435.32,delivered,Aarav Sharma,431 Koramangala,+91 9498584213,upi,2026-05-25T08:46:25.912Z
SYN000020,3,1103.0,0.0,88.24,1191.24,delivered,Aarav Sharma,29 Koramangala,+91 9387428267,cash,2025-10-17T08:46:25.912Z
SYN000021,3,2707.0,0.0,216.56,2923.56,delivered,Aarav Sharma,272 Andheri West,+91 8028871443,cash,2025-12-27T08:46:25.912Z
SYN000022,3,2351.0,0.0,188.08,2539.08,delivered,Aarav Sharma,270 Banjara Hills,+91 7156533531,cash,2026-06-23T08:46:25.912Z
SYN000023,3,1595.0,0.0,127.6,1722.6,delivered,Aarav Sharma,324 Brigade Road,+91 8265035047,card,2026-05-29T08:46:25.912Z
SYN000024,3,1448.0,0.0,115.84,1563.84,delivered,Aarav Sharma,377 Gandhi Path,+91 8127992240,upi,2026-05-13T08:46:25.912Z
SYN000025,3,1040.0,0.0,83.2,1123.2,delivered,Aarav Sharma,361 Park Street,+91 7722726891,card,2026-01-20T08:46:25.912Z
SYN000026,3,1477.0,0.0,118.16,1595.16,delivered,Aarav Sharma,400 Laxmi Nagar,+91 8470144814,card,2026-01-30T08:46:25.912Z
SYN000027,3,2386.0,0.0,190.88,2576.88,delivered,Aarav Sharma,349 MG Road,+91 7275826597,card,2025-11-10T08:46:25.912Z
SYN000028,3,2145.0,0.0,171.6,2316.6,delivered,Aarav Sharma,183 MG Road,+91 9253168392,card,2025-09-17T08:46:25.912Z
SYN000029,3,3396.0,0.0,271.68,3667.68,delivered,Aarav Sharma,291 Brigade Road,+91 8886892959,cash,2026-02-19T08:46:25.912Z
SYN000030,3,1964.0,0.0,157.12,2121.12,delivered,Aarav Sharma,181 Brigade Road,+91 7739263981,upi,2025-11-09T08:46:25.912Z
SYN000031,3,2061.0,0.0,164.88,2225.88,delivered,Aarav Sharma,477 Gandhi Path,+91 9819045103,cash,2026-08-14T08:46:25.912Z
SYN000032,3,913.0,0.0,73.04,986.04,delivered,Aarav Sharma,327 Laxmi Nagar,+91 8848884542,card,2025-10-07T08:46:25.912Z
SYN000033,3,1729.0,0.0,138.32,1867.32,delivered,Aarav Sharma,152 Koramangala,+91 8937423219,card,2026-01-06T08:46:25.912Z
SYN000034,3,2190.0,0.0,175.2,2365.2,delivered,Aarav Sharma,473 Park Street,+91 7070820395,card,2025-10-06T08:46:25.912Z
SYN000035,3,1454.0,0.0,116.32,1570.32,delivered,Aarav Sharma,82 Park Street,+91 8558633904,upi,2026-05-19T08:46:25.912Z
SYN000036,3,1804.0,0.0,144.32,1948.32,delivered,Aarav Sharma,320 Banjara Hills,+91 9403053045,card,2026-02-17T08:46:25.912Z
SYN000037,3,1706.0,0.0,136.48,1842.48,delivered,Aarav Sharma,153 Andheri West,+91 8202180487,cash,2026-07-18T08:46:25.912Z
SYN000038,3,1210.0,0.0,96.8,1306.8,delivered,Aarav Sharma,136 Laxmi Nagar,+91 7285356372,upi,2026-04-25T08:46:25.912Z
SYN000039,3,991.0,0.0,79.28,1070.28,delivered,Aarav Sharma,383 Koramangala,+91 7609215215,cash,2026-02-20T08:46:25.912Z
SYN000040,3,1991.0,0.0,159.28,2150.28,delivered,Aarav Sharma,243 MG Road,+91 7205538135,cash,2025-09-01T08:46:25.912Z
SYN000041,3,902.0,0.0,72.16,974.16,delivered,Aarav Sharma,447 Laxmi Nagar,+91 7934488862,cash,2026-07-15T08:46:25.912Z
SYN000042,3,1446.0,0.0,115.68,1561.68,delivered,Aarav Sharma,441 Gandhi Path,+91 7628047180,cash,2026-08-01T08:46:25.912Z
SYN000043,3,2203.0,0.0,176.24,2379.24,delivered,Aarav Sharma,493 MG Road,+91 9575686287,cash,2026-01-06T08:46:25.912Z
SYN000044,3,1238.0,0.0,99.04,1337.04,delivered,Aarav Sharma,350 Brigade Road,+91 9712753103,cash,2025-11-30T08:46:25.912Z
SYN000045,3,2216.0,0.0,177.28,2393.28,delivered,Aarav Sharma,65 Salt Lake,+91 8512168642,cash,2026-05-17T08:46:25.912Z
SYN000046,3,2445.0,0.0,195.6,2640.6,delivered,Aarav Sharma,448 Laxmi Nagar,+91 9576351885,upi,2025-09-11T08:46:25.912Z
SYN000047,3,1628.0,0.0,130.24,1758.24,delivered,Aarav Sharma,416 Salt Lake,+91 8619935211,cash,2025-11-04T08:46:25.912Z
SYN000048,3,811.0,0.0,64.88,875.88,delivered,Aarav Sharma,224 Nehru Nagar,+91 9036266473,cash,2026-01-09T08:46:25.912Z
SYN000049,3,2096.0,0.0,167.68,2263.68,delivered,Aarav Sharma,177 Nehru Nagar,+91 8712972648,cash,2026-01-16T08:46:25.912Z
SYN000050,3,841.0,0.0,67.28,908.28,delivered,Aarav Sharma,238 Brigade Road,+91 8584730045,cash,2026-04-23T08:46:25.912Z
SYN000051,3,1377.0,0.0,110.16,1487.16,delivered,Aarav Sharma,351 Brigade Road,+91 7489210515,card,2026-03-19T08:46:25.912Z
SYN000052,3,1161.0,0.0,92.88,1253.88,delivered,Aarav Sharma,333 Koramangala,+91 8686078387,upi,2026-07-13T08:46:25.912Z
SYN000053,3,1289.0,0.0,103.12,1392.12,delivered,Aarav Sharma,402 Nehru Nagar,+91 7167921339,card,2026-01-26T08:46:25.912Z
SYN000054,3,960.0,0.0,76.8,1036.8,delivered,Aarav Sharma,288 Banjara Hills,+91 7247666275,cash,2026-07-03T08:46:25.912Z
SYN000055,3,1084.0,0.0,86.72,1170.72,delivered,Aarav Sharma,40 Laxmi Nagar,+91 9803828714,upi,2026-08-05T08:46:25.912Z
SYN000056,3,873.0,0.0,69.84,942.84,delivered,Aarav Sharma,7 Nehru Nagar,+91 8310591300,card,2026-04-07T08:46:25.912Z
SYN000057,3,2304.0,0.0,184.32,2488.32,delivered,Aarav Sharma,213 Andheri West,+91 7649865614,upi,2026-03-07T08:46:25.912Z
SYN000058,3,2063.0,0.0,165.04,2228.04,delivered,Aarav Sharma,151 Salt Lake,+91 7923390766,upi,2025-12-24T08:46:25.912Z
SYN000059,3,903.0,0.0,72.24,975.24,delivered,Aarav Sharma,412 Koramangala,+91 9838699445,card,2026-03-10T08:46:25.912Z
SYN000060,3,2925.0,0.0,234.0,3159.0,delivered,Aarav Sharma,389 Banjara Hills,+91 8433319097,upi,2025-09-14T08:46:25.912Z
SYN000061,3,2985.0,0.0,238.8,3223.8,delivered,Aarav Sharma,11 Park Street,+91 9027666862,upi,2025-12-22T08:46:25.912Z
SYN000062,3,1890.0,0.0,151.2,2041.2,delivered,Aarav Sharma,292 Koramangala,+91 7209644881,cash,2026-01-07T08:46:25.912Z
SYN000063,3,2385.0,0.0,190.8,2575.8,delivered,Aarav Sharma,423 Nehru Nagar,+91 7931014767,cash,2026-04-11T08:46:25.912Z
SYN000064,3,2047.0,0.0,163.76,2210.76,delivered,Aarav Sharma,342 Salt Lake,+91 9559833922,cash,2026-07-01T08:46:25.912Z
SYN000065,3,532.0,0.0,42.56,574.56,delivered,Aarav Sharma,485 Nehru Nagar,+91 9560682920,card,2026-08-02T08:46:25.912Z
SYN000066,3,1260.0,0.0,100.8,1360.8,delivered,Aarav Sharma,33 Banjara Hills,+91 9609976198,cash,2025-10-30T08:46:25.912Z
SYN000067,3,1705.0,0.0,136.4,1841.4,delivered,Aarav Sharma,484 Park Street,+91 9294378080,upi,2026-03-04T08:46:25.912Z
SYN000068,3,1905.0,0.0,152.4,2057.4,delivered,Aarav Sharma,211 Laxmi Nagar,+91 9151626178,cash,2026-07-30T08:46:25.912Z
SYN000069,3,1011.0,0.0,80.88,1091.88,delivered,Aarav Sharma,400 Park Street,+91 7978335496,cash,2026-03-25T08:46:25.912Z
SYN000070,3,2200.0,0.0,176.0,2376.0,delivered,Aarav Sharma,262 Nehru Nagar,+91 9975175635,cash,2025-09-15T08:46:25.912Z
SYN000071,3,2653.0,0.0,212.24,2865.24,delivered,Aarav Sharma,208 Koramangala,+91 7300350360,cash,2026-06-10T08:46:25.912Z
SYN000072,3,1151.0,0.0,92.08,1243.08,delivered,Aarav Sharma,430 Brigade Road,+91 7229232961,upi,2025-11-14T08:46:25.912Z
SYN000073,3,1598.0,0.0,127.84,1725.84,delivered,Aarav Sharma,366 Park Street,+91 9446557460,upi,2026-04-24T08:46:25.912Z
SYN000074,3,861.0,0.0,68.88,929.88,delivered,Aarav Sharma,280 Brigade Road,+91 8960158472,upi,2026-03-27T08:46:25.912Z
SYN000075,3,2385.0,0.0,190.8,2575.8,delivered,Aarav Sharma,449 Banjara Hills,+91 7642872887,upi,2025-10-31T08:46:25.912Z
SYN000076,3,1958.0,0.0,156.64,2114.64,delivered,Aarav Sharma,469 Park Street,+91 8068055833,cash,2026-04-12T08:46:25.912Z
SYN000077,3,1475.0,0.0,118.0,1593.0,delivered,Aarav Sharma,243 Nehru Nagar,+91 9979755393,upi,2026-07-18T08:46:25.912Z
SYN000078,3,839.0,0.0,67.12,906.12,delivered,Aarav Sharma,27 Park Street,+91 7000381167,cash,2026-04-27T08:46:25.912Z
SYN000079,3,1349.0,0.0,107.92,1456.92,delivered,Aarav Sharma,175 Salt Lake,+91 7770640586,upi,2026-08-02T08:46:25.912Z
SYN000080,3,1637.0,0.0,130.96,1767.96,delivered,Aarav Sharma,396 Laxmi Nagar,+91 7260161200,card,2025-11-17T08:46:25.912Z
SYN000081,3,2080.0,0.0,166.4,2246.4,delivered,Aarav Sharma,119 MG Road,+91 9524339728,card,2025-10-19T08:46:25.912Z
SYN000082,3,442.0,49.0,35.36,526.36,delivered,Aarav Sharma,132 Gandhi Path,+91 9236912383,cash,2025-11-18T08:46:25.912Z
SYN000083,3,2634.0,0.0,210.72,2844.72,delivered,Aarav Sharma,188 Brigade Road,+91 9579065759,upi,2026-06-22T08:46:25.912Z
SYN000084,3,2006.0,0.0,160.48,2166.48,delivered,Aarav Sharma,284 Brigade Road,+91 7367883621,card,2026-01-13T08:46:25.912Z
SYN000085,3,1269.0,0.0,101.52,1370.52,delivered,Aarav Sharma,260 MG Road,+91 8090355475,card,2026-08-16T08:46:25.912Z
SYN000086,3,1273.0,0.0,101.84,1374.84,delivered,Aarav Sharma,236 Andheri West,+91 9280484822,card,2025-09-05T08:46:25.912Z
SYN000087,3,1544.0,0.0,123.52,1667.52,delivered,Aarav Sharma,142 Andheri West,+91 8422542211,card,2026-04-17T08:46:25.912Z
SYN000088,3,2266.0,0.0,181.28,2447.28,delivered,Aarav Sharma,262 Salt Lake,+91 9914396252,cash,2025-10-31T08:46:25.912Z
SYN000089,3,1512.0,0.0,120.96,1632.96,delivered,Aarav Sharma,220 Koramangala,+91 9744877931,upi,2025-11-29T08:46:25.912Z
SYN000090,3,2604.0,0.0,208.32,2812.32,delivered,Aarav Sharma,194 Brigade Road,+91 7012513248,upi,2025-10-16T08:46:25.912Z
SYN000091,3,1681.0,0.0,134.48,1815.48,delivered,Aarav Sharma,161 Nehru Nagar,+91 9085648049,card,2026-08-08T08:46:25.912Z
SYN000092,3,2426.0,0.0,194.08,2620.08,delivered,Aarav Sharma,91 Gandhi Path,+91 9783083228,upi,2026-04-19T08:46:25.912Z
SYN000093,3,2026.0,0.0,162.08,2188.08,delivered,Aarav Sharma,107 Salt Lake,+91 7606588356,card,2026-03-30T08:46:25.912Z
SYN000094,3,950.0,0.0,76.0,1026.0,delivered,Aarav Sharma,106 Banjara Hills,+91 9173650638,upi,2025-09-23T08:46:25.912Z
SYN000095,3,2858.0,0.0,228.64,3086.64,delivered,Aarav Sharma,136 Koramangala,+91 7888672737,upi,2026-04-10T08:46:25.912Z
SYN000096,3,1281.0,0.0,102.48,1383.48,delivered,Aarav Sharma,182 Brigade Road,+91 7952425901,card,2025-11-10T08:46:25.912Z
SYN000097,3,2897.0,0.0,231.76,3128.76,delivered,Aarav Sharma,210 Banjara Hills,+91 7059347381,upi,2025-09-22T08:46:25.912Z
SYN000098,3,1060.0,0.0,84.8,1144.8,delivered,Aarav Sharma,171 Park Street,+91 9897711536,upi,2026-04-08T08:46:25.912Z
SYN000099,3,1551.0,0.0,124.08,1675.08,delivered,Aarav Sharma,452 Gandhi Path,+91 8842358262,upi,2026-08-12T08:46:25.912Z
SYN000100,3,1523.0,0.0,121.84,1644.84,delivered,Aarav Sharma,207 Park Street,+91 8899388743,upi,2025-09-15T08:46:25.912Z
SYN000101,3,2031.0,0.0,162.48,2193.48,delivered,Aarav Sharma,346 Koramangala,+91 7862517026,cash,2025-12-20T08:46:25.912Z
SYN000102,3,1308.0,0.0,104.64,1412.64,delivered,Aarav Sharma,297 MG Road,+91 9739987116,cash,2025-10-30T08:46:25.912Z
SYN000103,3,740.0,0.0,59.2,799.2,delivered,Aarav Sharma,284 MG Road,+91 7436570247,upi,2026-04-26T08:46:25.912Z
SYN000104,3,1318.0,0.0,105.44,1423.44,delivered,Aarav Sharma,131 Nehru Nagar,+91 8063472403,card,2026-01-16T08:46:25.912Z
SYN000105,3,2621.0,0.0,209.68,2830.68,delivered,Aarav Sharma,428 Salt Lake,+91 9231211919,card,2026-05-24T08:46:25.912Z
SYN000106,3,1407.0,0.0,112.56,1519.56,delivered,Aarav Sharma,134 Banjara Hills,+91 9883646299,upi,2025-11-19T08:46:25.912Z
SYN000107,3,1161.0,0.0,92.88,1253.88,delivered,Aarav Sharma,350 Nehru Nagar,+91 7942686281,cash,2025-10-21T08:46:25.912Z
SYN000108,3,1570.0,0.0,125.6,1695.6,delivered,Aarav Sharma,442 Brigade Road,+91 9937447935,cash,2025-12-22T08:46:25.912Z
SYN000109,3,665.0,0.0,53.2,718.2,delivered,Aarav Sharma,41 Laxmi Nagar,+91 7141425840,cash,2026-02-20T08:46:25.912Z
SYN000110,3,2708.0,0.0,216.64,2924.64,delivered,Aarav Sharma,255 Park Street,+91 9008091255,cash,2025-12-12T08:46:25.912Z
SYN000111,3,1832.0,0.0,146.56,1978.56,delivered,Aarav Sharma,467 Banjara Hills,+91 8034025776,cash,2025-09-22T08:46:25.912Z
SYN000112,3,2371.0,0.0,189.68,2560.68,delivered,Aarav Sharma,379 MG Road,+91 8049736999,cash,2026-02-04T08:46:25.912Z
SYN000113,3,1178.0,0.0,94.24,1272.24,delivered,Aarav Sharma,345 Salt Lake,+91 7417755131,cash,2026-04-28T08:46:25.912Z
SYN000114,3,3140.0,0.0,251.2,3391.2,delivered,Aarav Sharma,487 Brigade Road,+91 7789474576,cash,2026-08-10T08:46:25.912Z
SYN000115,3,1398.0,0.0,111.84,1509.84,delivered,Aarav Sharma,70 Laxmi Nagar,+91 9323131491,card,2025-11-13T08:46:25.912Z
SYN000116,3,1412.0,0.0,112.96,1524.96,delivered,Aarav Sharma,289 Banjara Hills,+91 9911693489,cash,2026-02-05T08:46:25.912Z
SYN000117,3,1688.0,0.0,135.04,1823.04,delivered,Aarav Sharma,365 Nehru Nagar,+91 7646319675,upi,2026-01-16T08:46:25.912Z
SYN000118,3,2582.0,0.0,206.56,2788.56,delivered,Aarav Sharma,402 Koramangala,+91 9497121172,card,2026-04-14T08:46:25.912Z
SYN000119,3,1538.0,0.0,123.04,1661.04,delivered,Aarav Sharma,111 Salt Lake,+91 7726759536,card,2025-12-08T08:46:25.912Z
SYN000120,3,1943.0,0.0,155.44,2098.44,delivered,Aarav Sharma,139 Park Street,+91 9999321568,card,2025-09-07T08:46:25.912Z
SYN000121,3,2345.0,0.0,187.6,2532.6,delivered,Aarav Sharma,417 Nehru Nagar,+91 7667396233,card,2026-03-05T08:46:25.912Z
SYN000122,3,2564.0,0.0,205.12,2769.12,delivered,Aarav Sharma,436 Banjara Hills,+91 7258367444,card,2025-10-06T08:46:25.912Z
SYN000123,4,1171.0,0.0,93.68,1264.68,delivered,Vivaan Iyer,119 Laxmi Nagar,+91 9196357135,cash,2025-12-11T08:46:25.912Z
SYN000124,4,1233.0,0.0,98.64,1331.64,delivered,Vivaan Iyer,438 Banjara Hills,+91 9352142946,card,2025-12-07T08:46:25.912Z
SYN000125,4,772.0,0.0,61.76,833.76,delivered,Vivaan Iyer,442 Salt Lake,+91 8018070732,card,2025-09-18T08:46:25.912Z
SYN000126,4,596.0,0.0,47.68,643.68,delivered,Vivaan Iyer,248 Banjara Hills,+91 7796541246,cash,2025-09-24T08:46:25.912Z
SYN000127,4,945.0,0.0,75.6,1020.6,delivered,Vivaan Iyer,138 Nehru Nagar,+91 9570387742,upi,2025-09-18T08:46:25.912Z
SYN000128,4,1330.0,0.0,106.4,1436.4,delivered,Vivaan Iyer,222 Andheri West,+91 9733257752,card,2026-05-16T08:46:25.912Z
SYN000129,4,1091.0,0.0,87.28,1178.28,delivered,Vivaan Iyer,332 Laxmi Nagar,+91 7369828746,upi,2026-01-03T08:46:25.912Z
SYN000130,4,1603.0,0.0,128.24,1731.24,delivered,Vivaan Iyer,467 Nehru Nagar,+91 8063334340,card,2025-10-21T08:46:25.912Z
SYN000131,4,3042.0,0.0,243.36,3285.36,delivered,Vivaan Iyer,333 Park Street,+91 8096746023,cash,2025-10-19T08:46:25.912Z
SYN000132,4,924.0,0.0,73.92,997.92,delivered,Vivaan Iyer,1 Park Street,+91 8428036783,card,2026-02-02T08:46:25.912Z
SYN000133,4,961.0,0.0,76.88,1037.88,delivered,Vivaan Iyer,467 Banjara Hills,+91 9645492776,upi,2025-10-13T08:46:25.912Z
SYN000134,4,1122.0,0.0,89.76,1211.76,delivered,Vivaan Iyer,175 Laxmi Nagar,+91 9981972105,upi,2026-07-01T08:46:25.912Z
SYN000135,4,1001.0,0.0,80.08,1081.08,delivered,Vivaan Iyer,383 Banjara Hills,+91 7450529959,cash,2025-10-26T08:46:25.912Z
SYN000136,4,1202.0,0.0,96.16,1298.16,delivered,Vivaan Iyer,317 Park Street,+91 9131152741,upi,2025-11-01T08:46:25.912Z
SYN000137,4,1101.0,0.0,88.08,1189.08,delivered,Vivaan Iyer,438 Brigade Road,+91 8309370238,cash,2026-06-17T08:46:25.912Z
SYN000138,4,872.0,0.0,69.76,941.76,delivered,Vivaan Iyer,134 Nehru Nagar,+91 9872787446,card,2025-10-20T08:46:25.912Z
SYN000139,4,1700.0,0.0,136.0,1836.0,delivered,Vivaan Iyer,89 Laxmi Nagar,+91 7214922980,upi,2026-02-13T08:46:25.912Z
SYN000140,4,1203.0,0.0,96.24,1299.24,delivered,Vivaan Iyer,211 MG Road,+91 8738437029,card,2026-07-10T08:46:25.912Z
SYN000141,4,1557.0,0.0,124.56,1681.56,delivered,Vivaan Iyer,238 Andheri West,+91 8570496734,cash,2026-07-05T08:46:25.912Z
SYN000142,4,834.0,0.0,66.72,900.72,delivered,Vivaan Iyer,431 Nehru Nagar,+91 9077869331,upi,2026-07-01T08:46:25.912Z
SYN000143,4,1329.0,0.0,106.32,1435.32,delivered,Vivaan Iyer,123 Koramangala,+91 7966158415,card,2025-12-02T08:46:25.912Z
SYN000144,4,2198.0,0.0,175.84,2373.84,delivered,Vivaan Iyer,42 Banjara Hills,+91 9788829156,card,2026-04-14T08:46:25.912Z
SYN000145,4,1447.0,0.0,115.76,1562.76,delivered,Vivaan Iyer,481 Laxmi Nagar,+91 9160713940,upi,2025-11-14T08:46:25.912Z
SYN000146,4,276.0,49.0,22.08,347.08,delivered,Vivaan Iyer,16 Brigade Road,+91 9667825218,cash,2026-05-31T08:46:25.912Z
SYN000147,4,831.0,0.0,66.48,897.48,delivered,Vivaan Iyer,403 Laxmi Nagar,+91 9294648124,card,2025-09-09T08:46:25.912Z
SYN000148,4,2800.0,0.0,224.0,3024.0,delivered,Vivaan Iyer,289 Salt Lake,+91 8474934427,upi,2026-01-18T08:46:25.912Z
SYN000149,4,1500.0,0.0,120.0,1620.0,delivered,Vivaan Iyer,41 Nehru Nagar,+91 8432348262,cash,2026-02-07T08:46:25.912Z
SYN000150,4,1012.0,0.0,80.96,1092.96,delivered,Vivaan Iyer,460 Andheri West,+91 7477399855,cash,2026-08-21T08:46:25.912Z
SYN000151,4,1344.0,0.0,107.52,1451.52,delivered,Vivaan Iyer,378 Banjara Hills,+91 8206769278,upi,2025-11-06T08:46:25.912Z
SYN000152,4,633.0,0.0,50.64,683.64,delivered,Vivaan Iyer,112 Koramangala,+91 8476248390,cash,2026-07-21T08:46:25.912Z
SYN000153,4,1832.0,0.0,146.56,1978.56,delivered,Vivaan Iyer,110 Laxmi Nagar,+91 7002733868,card,2026-04-09T08:46:25.912Z
SYN000154,4,1372.0,0.0,109.76,1481.76,delivered,Vivaan Iyer,45 MG Road,+91 7644217311,card,2026-07-20T08:46:25.912Z
SYN000155,4,1537.0,0.0,122.96,1659.96,delivered,Vivaan Iyer,310 Brigade Road,+91 9446323539,card,2025-11-15T08:46:25.912Z
SYN000156,4,1681.0,0.0,134.48,1815.48,delivered,Vivaan Iyer,20 MG Road,+91 8654082673,card,2026-08-18T08:46:25.912Z
SYN000157,4,1431.0,0.0,114.48,1545.48,delivered,Vivaan Iyer,337 Nehru Nagar,+91 9325578289,upi,2026-07-04T08:46:25.912Z
SYN000158,4,1509.0,0.0,120.72,1629.72,delivered,Vivaan Iyer,61 Koramangala,+91 7212029911,card,2026-06-15T08:46:25.912Z
SYN000159,4,552.0,0.0,44.16,596.16,delivered,Vivaan Iyer,6 Park Street,+91 9932527139,upi,2026-03-22T08:46:25.912Z
SYN000160,4,2324.0,0.0,185.92,2509.92,delivered,Vivaan Iyer,417 Laxmi Nagar,+91 9991288104,card,2026-04-18T08:46:25.912Z
SYN000161,4,1640.0,0.0,131.2,1771.2,delivered,Vivaan Iyer,310 Gandhi Path,+91 9177471434,card,2026-05-02T08:46:25.912Z
SYN000162,4,1045.0,0.0,83.6,1128.6,delivered,Vivaan Iyer,131 Banjara Hills,+91 8273217214,cash,2026-08-15T08:46:25.912Z
SYN000163,4,1880.0,0.0,150.4,2030.4,delivered,Vivaan Iyer,312 Park Street,+91 7937841371,card,2026-08-17T08:46:25.912Z
SYN000164,4,1470.0,0.0,117.6,1587.6,delivered,Vivaan Iyer,161 Salt Lake,+91 7558394381,upi,2026-07-24T08:46:25.912Z
SYN000165,4,1310.0,0.0,104.8,1414.8,delivered,Vivaan Iyer,277 Koramangala,+91 9624628777,card,2025-12-03T08:46:25.912Z
SYN000166,4,527.0,0.0,42.16,569.16,delivered,Vivaan Iyer,452 Park Street,+91 8704688713,cash,2026-08-15T08:46:25.912Z
SYN000167,4,892.0,0.0,71.36,963.36,delivered,Vivaan Iyer,318 Andheri West,+91 7780659646,cash,2026-07-27T08:46:25.912Z
SYN000168,4,974.0,0.0,77.92,1051.92,delivered,Vivaan Iyer,299 Gandhi Path,+91 7477278724,cash,2025-09-15T08:46:25.912Z
SYN000169,4,643.0,0.0,51.44,694.44,delivered,Vivaan Iyer,473 Banjara Hills,+91 7948451253,upi,2026-04-01T08:46:25.912Z
SYN000170,4,524.0,0.0,41.92,565.92,delivered,Vivaan Iyer,358 Salt Lake,+91 9228027530,upi,2026-01-19T08:46:25.912Z
SYN000171,4,1643.0,0.0,131.44,1774.44,delivered,Vivaan Iyer,387 Laxmi Nagar,+91 7879365181,upi,2025-09-08T08:46:25.912Z
SYN000172,4,965.0,0.0,77.2,1042.2,delivered,Vivaan Iyer,155 MG Road,+91 7744114580,cash,2025-08-27T08:46:25.912Z
SYN000173,4,1521.0,0.0,121.68,1642.68,delivered,Vivaan Iyer,279 Laxmi Nagar,+91 7341420672,cash,2026-05-17T08:46:25.912Z
SYN000174,4,565.0,0.0,45.2,610.2,delivered,Vivaan Iyer,317 Banjara Hills,+91 8629555904,card,2026-05-27T08:46:25.912Z
SYN000175,4,733.0,0.0,58.64,791.64,delivered,Vivaan Iyer,350 Brigade Road,+91 9181982438,card,2026-04-09T08:46:25.912Z
SYN000176,4,3647.0,0.0,291.76,3938.76,delivered,Vivaan Iyer,151 Nehru Nagar,+91 9148163365,card,2025-10-24T08:46:25.912Z
SYN000177,4,1710.0,0.0,136.8,1846.8,delivered,Vivaan Iyer,197 Park Street,+91 8077297235,upi,2026-03-30T08:46:25.912Z
SYN000178,4,714.0,0.0,57.12,771.12,delivered,Vivaan Iyer,477 Park Street,+91 7282459727,cash,2026-08-17T08:46:25.912Z
SYN000179,4,1658.0,0.0,132.64,1790.64,delivered,Vivaan Iyer,27 Banjara Hills,+91 9108142965,cash,2025-10-21T08:46:25.912Z
SYN000180,4,1710.0,0.0,136.8,1846.8,delivered,Vivaan Iyer,94 Banjara Hills,+91 8438492104,card,2025-10-29T08:46:25.912Z
SYN000181,4,2767.0,0.0,221.36,2988.36,delivered,Vivaan Iyer,457 Laxmi Nagar,+91 9614798003,cash,2026-02-14T08:46:25.912Z
SYN000182,4,2328.0,0.0,186.24,2514.24,delivered,Vivaan Iyer,282 MG Road,+91 7957954025,card,2025-12-27T08:46:25.912Z
SYN000183,4,2525.0,0.0,202.0,2727.0,delivered,Vivaan Iyer,193 Laxmi Nagar,+91 8209972074,cash,2026-05-14T08:46:25.912Z
SYN000184,4,1331.0,0.0,106.48,1437.48,delivered,Vivaan Iyer,76 Brigade Road,+91 8994532026,cash,2026-01-13T08:46:25.912Z
SYN000185,4,2241.0,0.0,179.28,2420.28,delivered,Vivaan Iyer,483 Gandhi Path,+91 9116367220,card,2025-10-19T08:46:25.912Z
SYN000186,4,1502.0,0.0,120.16,1622.16,delivered,Vivaan Iyer,136 Salt Lake,+91 8116810423,cash,2026-05-26T08:46:25.912Z
SYN000187,4,474.0,49.0,37.92,560.92,delivered,Vivaan Iyer,188 Brigade Road,+91 9644829171,cash,2026-03-10T08:46:25.912Z
SYN000188,4,1668.0,0.0,133.44,1801.44,delivered,Vivaan Iyer,266 Gandhi Path,+91 8818123879,upi,2026-07-15T08:46:25.912Z
SYN000189,4,1022.0,0.0,81.76,1103.76,delivered,Vivaan Iyer,176 MG Road,+91 7763133115,upi,2025-11-20T08:46:25.912Z
SYN000190,4,1033.0,0.0,82.64,1115.64,delivered,Vivaan Iyer,287 Salt Lake,+91 8811668411,cash,2026-05-21T08:46:25.912Z
SYN000191,4,871.0,0.0,69.68,940.68,delivered,Vivaan Iyer,286 Koramangala,+91 8040982214,card,2026-01-06T08:46:25.912Z
SYN000192,4,2725.0,0.0,218.0,2943.0,delivered,Vivaan Iyer,223 Gandhi Path,+91 8023750712,upi,2026-04-01T08:46:25.912Z
SYN000193,4,851.0,0.0,68.08,919.08,delivered,Vivaan Iyer,164 Koramangala,+91 9529744630,cash,2026-04-28T08:46:25.912Z
SYN000194,4,675.0,0.0,54.0,729.0,delivered,Vivaan Iyer,221 Gandhi Path,+91 7101163976,upi,2026-01-29T08:46:25.912Z
SYN000195,4,3096.0,0.0,247.68,3343.68,delivered,Vivaan Iyer,472 Nehru Nagar,+91 9887233165,upi,2026-05-15T08:46:25.912Z
SYN000196,4,2459.0,0.0,196.72,2655.72,delivered,Vivaan Iyer,86 Laxmi Nagar,+91 8720185134,cash,2026-02-16T08:46:25.912Z
SYN000197,4,1419.0,0.0,113.52,1532.52,delivered,Vivaan Iyer,14 Laxmi Nagar,+91 7558923721,card,2026-01-20T08:46:25.912Z
SYN000198,4,2730.0,0.0,218.4,2948.4,delivered,Vivaan Iyer,422 Park Street,+91 8521249699,upi,2026-08-17T08:46:25.912Z
SYN000199,4,3561.0,0.0,284.88,3845.88,delivered,Vivaan Iyer,362 Andheri West,+91 8531743850,cash,2026-06-24T08:46:25.912Z
SYN000200,4,2155.0,0.0,172.4,2327.4,delivered,Vivaan Iyer,208 Banjara Hills,+91 7640782722,card,2025-08-31T08:46:25.912Z
SYN000201,4,1620.0,0.0,129.6,1749.6,delivered,Vivaan Iyer,337 Park Street,+91 7376370029,cash,2025-10-14T08:46:25.912Z
SYN000202,4,1550.0,0.0,124.0,1674.0,delivered,Vivaan Iyer,336 Brigade Road,+91 7384193130,cash,2026-06-22T08:46:25.912Z
SYN000203,4,645.0,0.0,51.6,696.6,delivered,Vivaan Iyer,263 MG Road,+91 7707993690,upi,2026-08-11T08:46:25.912Z
SYN000204,4,1601.0,0.0,128.08,1729.08,delivered,Vivaan Iyer,391 Gandhi Path,+91 7967429936,upi,2026-05-15T08:46:25.912Z
SYN000205,4,1828.0,0.0,146.24,1974.24,delivered,Vivaan Iyer,492 Park Street,+91 9459342237,cash,2026-06-28T08:46:25.912Z
SYN000206,4,2736.0,0.0,218.88,2954.88,delivered,Vivaan Iyer,31 Banjara Hills,+91 7260073891,cash,2026-04-10T08:46:25.912Z
SYN000207,4,2777.0,0.0,222.16,2999.16,delivered,Vivaan Iyer,182 Koramangala,+91 8017339850,card,2025-10-09T08:46:25.912Z
SYN000208,4,1205.0,0.0,96.4,1301.4,delivered,Vivaan Iyer,475 MG Road,+91 9190172875,upi,2026-07-24T08:46:25.912Z
SYN000209,4,1020.0,0.0,81.6,1101.6,delivered,Vivaan Iyer,161 Gandhi Path,+91 9248531601,upi,2026-07-05T08:46:25.912Z
SYN000210,4,3054.0,0.0,244.32,3298.32,delivered,Vivaan Iyer,424 Koramangala,+91 8024657793,cash,2025-09-01T08:46:25.912Z
SYN000211,4,1393.0,0.0,111.44,1504.44,delivered,Vivaan Iyer,156 Laxmi Nagar,+91 7719310686,cash,2026-06-05T08:46:25.912Z
SYN000212,4,2685.0,0.0,214.8,2899.8,delivered,Vivaan Iyer,136 MG Road,+91 9177532093,upi,2025-10-12T08:46:25.912Z
SYN000213,4,735.0,0.0,58.8,793.8,delivered,Vivaan Iyer,399 Salt Lake,+91 7097274632,upi,2026-06-27T08:46:25.912Z
SYN000214,4,864.0,0.0,69.12,933.12,delivered,Vivaan Iyer,274 MG Road,+91 9784595696,card,2025-09-11T08:46:25.912Z
SYN000215,4,3477.0,0.0,278.16,3755.16,delivered,Vivaan Iyer,6 Banjara Hills,+91 8975164125,card,2026-02-03T08:46:25.912Z
SYN000216,4,1619.0,0.0,129.52,1748.52,delivered,Vivaan Iyer,346 Park Street,+91 9200395996,cash,2026-03-21T08:46:25.912Z
SYN000217,4,414.0,49.0,33.12,496.12,delivered,Vivaan Iyer,193 Laxmi Nagar,+91 7449788566,upi,2026-04-24T08:46:25.912Z
SYN000218,4,1492.0,0.0,119.36,1611.36,delivered,Vivaan Iyer,411 Banjara Hills,+91 8311858092,upi,2026-03-28T08:46:25.912Z
SYN000219,4,1973.0,0.0,157.84,2130.84,delivered,Vivaan Iyer,436 MG Road,+91 7376624839,cash,2025-10-09T08:46:25.912Z
SYN000220,4,995.0,0.0,79.6,1074.6,delivered,Vivaan Iyer,429 Koramangala,+91 7331894950,cash,2026-06-01T08:46:25.912Z
SYN000221,4,2158.0,0.0,172.64,2330.64,delivered,Vivaan Iyer,73 Salt Lake,+91 9502937625,upi,2025-11-07T08:46:25.912Z
SYN000222,4,2946.0,0.0,235.68,3181.68,delivered,Vivaan Iyer,389 Nehru Nagar,+91 7694931875,cash,2026-04-15T08:46:25.912Z
SYN000223,4,1359.0,0.0,108.72,1467.72,delivered,Vivaan Iyer,430 Brigade Road,+91 9312139406,card,2026-08-20T08:46:25.912Z
SYN000224,4,1990.0,0.0,159.2,2149.2,delivered,Vivaan Iyer,154 MG Road,+91 9408359481,card,2026-02-13T08:46:25.912Z
SYN000225,4,2536.0,0.0,202.88,2738.88,delivered,Vivaan Iyer,315 Laxmi Nagar,+91 9124122715,card,2026-01-15T08:46:25.912Z
SYN000226,4,1611.0,0.0,128.88,1739.88,delivered,Vivaan Iyer,89 Gandhi Path,+91 8580346737,card,2026-02-03T08:46:25.912Z
SYN000227,4,574.0,0.0,45.92,619.92,delivered,Vivaan Iyer,29 Salt Lake,+91 9538591613,upi,2025-11-16T08:46:25.912Z
SYN000228,4,1051.0,0.0,84.08,1135.08,delivered,Vivaan Iyer,290 Andheri West,+91 8980443954,upi,2025-11-29T08:46:25.912Z
SYN000229,4,900.0,0.0,72.0,972.0,delivered,Vivaan Iyer,337 Salt Lake,+91 9883333004,upi,2026-03-11T08:46:25.912Z
SYN000230,4,1343.0,0.0,107.44,1450.44,delivered,Vivaan Iyer,431 Salt Lake,+91 8577199097,card,2026-07-09T08:46:25.912Z
SYN000231,4,1802.0,0.0,144.16,1946.16,delivered,Vivaan Iyer,18 Koramangala,+91 9788316721,cash,2026-06-22T08:46:25.912Z
SYN000232,4,1023.0,0.0,81.84,1104.84,delivered,Vivaan Iyer,54 Gandhi Path,+91 8189489845,upi,2026-03-14T08:46:25.912Z
SYN000233,4,585.0,0.0,46.8,631.8,delivered,Vivaan Iyer,409 Brigade Road,+91 8133961055,card,2026-06-26T08:46:25.912Z
SYN000234,4,1083.0,0.0,86.64,1169.64,delivered,Vivaan Iyer,234 Park Street,+91 7562971622,card,2025-11-02T08:46:25.912Z
SYN000235,4,2119.0,0.0,169.52,2288.52,delivered,Vivaan Iyer,102 Andheri West,+91 8178783355,upi,2026-04-30T08:46:25.912Z
SYN000236,4,1283.0,0.0,102.64,1385.64,delivered,Vivaan Iyer,366 Banjara Hills,+91 8093977600,cash,2025-09-22T08:46:25.912Z
SYN000237,4,305.0,49.0,24.4,378.4,delivered,Vivaan Iyer,198 MG Road,+91 9478565839,upi,2025-11-30T08:46:25.912Z
SYN000238,5,3314.0,0.0,265.12,3579.12,delivered,Aditya Chopra,417 Park Street,+91 7604787196,upi,2026-08-11T08:46:25.912Z
SYN000239,5,2790.0,0.0,223.2,3013.2,delivered,Aditya Chopra,442 Salt Lake,+91 8865628351,upi,2026-04-21T08:46:25.912Z
SYN000240,5,1850.0,0.0,148.0,1998.0,delivered,Aditya Chopra,405 Laxmi Nagar,+91 9025839781,card,2026-04-01T08:46:25.912Z
SYN000241,5,2674.0,0.0,213.92,2887.92,delivered,Aditya Chopra,421 MG Road,+91 8482082461,upi,2026-02-12T08:46:25.912Z
SYN000242,5,3414.0,0.0,273.12,3687.12,delivered,Aditya Chopra,459 Banjara Hills,+91 9629137554,upi,2025-09-03T08:46:25.912Z
SYN000243,5,5442.0,0.0,435.36,5877.36,delivered,Aditya Chopra,411 Banjara Hills,+91 8269340576,upi,2026-01-14T08:46:25.912Z
SYN000244,5,4912.0,0.0,392.96,5304.96,delivered,Aditya Chopra,488 Laxmi Nagar,+91 7457733155,cash,2026-08-01T08:46:25.912Z
SYN000245,5,3299.0,0.0,263.92,3562.92,delivered,Aditya Chopra,4 Nehru Nagar,+91 8703385927,upi,2026-04-01T08:46:25.912Z
SYN000246,5,4730.0,0.0,378.4,5108.4,delivered,Aditya Chopra,112 Park Street,+91 9778143730,upi,2026-03-20T08:46:25.912Z
SYN000247,5,6190.0,0.0,495.2,6685.2,delivered,Aditya Chopra,229 Koramangala,+91 7798286103,upi,2026-06-23T08:46:25.912Z
SYN000248,5,4962.0,0.0,396.96,5358.96,delivered,Aditya Chopra,14 Gandhi Path,+91 7739744339,upi,2026-08-05T08:46:25.912Z
SYN000249,5,4448.0,0.0,355.84,4803.84,delivered,Aditya Chopra,334 Park Street,+91 9747860458,upi,2025-10-22T08:46:25.912Z
SYN000250,5,3661.0,0.0,292.88,3953.88,delivered,Aditya Chopra,82 Brigade Road,+91 9739356072,upi,2025-10-09T08:46:25.912Z
SYN000251,5,1909.0,0.0,152.72,2061.72,delivered,Aditya Chopra,149 Brigade Road,+91 9936477849,card,2025-12-28T08:46:25.912Z
SYN000252,5,4036.0,0.0,322.88,4358.88,delivered,Aditya Chopra,232 Salt Lake,+91 7150127946,cash,2025-11-06T08:46:25.912Z
SYN000253,5,3824.0,0.0,305.92,4129.92,delivered,Aditya Chopra,62 Koramangala,+91 7515189346,card,2025-08-30T08:46:25.912Z
SYN000254,5,2738.0,0.0,219.04,2957.04,delivered,Aditya Chopra,124 Koramangala,+91 9552817107,cash,2026-01-02T08:46:25.912Z
SYN000255,5,2590.0,0.0,207.2,2797.2,delivered,Aditya Chopra,119 Laxmi Nagar,+91 7203414476,cash,2026-04-29T08:46:25.912Z
SYN000256,5,1192.0,0.0,95.36,1287.36,delivered,Aditya Chopra,186 Koramangala,+91 9405785180,card,2025-11-15T08:46:25.912Z
SYN000257,5,2845.0,0.0,227.6,3072.6,delivered,Aditya Chopra,115 Gandhi Path,+91 8344166500,cash,2026-06-05T08:46:25.912Z
SYN000258,5,2416.0,0.0,193.28,2609.28,delivered,Aditya Chopra,147 Banjara Hills,+91 7644950602,cash,2025-11-22T08:46:25.912Z
SYN000259,5,3701.0,0.0,296.08,3997.08,delivered,Aditya Chopra,199 Nehru Nagar,+91 9053140144,cash,2026-02-08T08:46:25.912Z
SYN000260,5,4162.0,0.0,332.96,4494.96,delivered,Aditya Chopra,236 Gandhi Path,+91 7739715847,upi,2026-08-18T08:46:25.912Z
SYN000261,5,1691.0,0.0,135.28,1826.28,delivered,Aditya Chopra,141 Gandhi Path,+91 9136916098,upi,2026-01-14T08:46:25.912Z
SYN000262,5,3475.0,0.0,278.0,3753.0,delivered,Aditya Chopra,439 Brigade Road,+91 7011846758,card,2026-02-22T08:46:25.912Z
SYN000263,5,4680.0,0.0,374.4,5054.4,delivered,Aditya Chopra,296 Nehru Nagar,+91 8788262875,cash,2026-01-12T08:46:25.912Z
SYN000264,5,5278.0,0.0,422.24,5700.24,delivered,Aditya Chopra,492 Gandhi Path,+91 7077626911,cash,2026-04-21T08:46:25.912Z
SYN000265,5,1331.0,0.0,106.48,1437.48,delivered,Aditya Chopra,372 Brigade Road,+91 8288437479,card,2026-01-24T08:46:25.912Z
SYN000266,5,1323.0,0.0,105.84,1428.84,delivered,Aditya Chopra,250 Brigade Road,+91 9976013487,cash,2025-10-16T08:46:25.912Z
SYN000267,5,5779.0,0.0,462.32,6241.32,delivered,Aditya Chopra,467 Koramangala,+91 8834986550,card,2025-10-02T08:46:25.912Z
SYN000268,5,4001.0,0.0,320.08,4321.08,delivered,Aditya Chopra,191 Nehru Nagar,+91 9130465565,card,2026-02-25T08:46:25.912Z
SYN000269,5,5381.0,0.0,430.48,5811.48,delivered,Aditya Chopra,346 MG Road,+91 7587566179,cash,2026-07-02T08:46:25.912Z
SYN000270,5,4604.0,0.0,368.32,4972.32,delivered,Aditya Chopra,500 Banjara Hills,+91 8377211768,cash,2026-03-12T08:46:25.912Z
SYN000271,5,6415.0,0.0,513.2,6928.2,delivered,Aditya Chopra,490 Park Street,+91 7154571033,card,2026-03-02T08:46:25.912Z
SYN000272,5,5009.0,0.0,400.72,5409.72,delivered,Aditya Chopra,365 Laxmi Nagar,+91 8312973101,upi,2026-06-27T08:46:25.912Z
SYN000273,5,2349.0,0.0,187.92,2536.92,delivered,Aditya Chopra,393 Brigade Road,+91 8356451989,cash,2025-10-28T08:46:25.912Z
SYN000274,5,2276.0,0.0,182.08,2458.08,delivered,Aditya Chopra,339 MG Road,+91 9562947426,cash,2025-11-21T08:46:25.912Z
SYN000275,5,4732.0,0.0,378.56,5110.56,delivered,Aditya Chopra,258 Andheri West,+91 8921046018,cash,2026-07-21T08:46:25.912Z
SYN000276,5,3384.0,0.0,270.72,3654.72,delivered,Aditya Chopra,364 MG Road,+91 8564657748,upi,2026-08-16T08:46:25.912Z
SYN000277,5,3761.0,0.0,300.88,4061.88,delivered,Aditya Chopra,100 Banjara Hills,+91 9893210143,upi,2025-12-18T08:46:25.912Z
SYN000278,5,1957.0,0.0,156.56,2113.56,delivered,Aditya Chopra,389 Nehru Nagar,+91 9398471295,card,2026-03-14T08:46:25.912Z
SYN000279,5,3421.0,0.0,273.68,3694.68,delivered,Aditya Chopra,232 Park Street,+91 8548634744,upi,2026-04-11T08:46:25.912Z
SYN000280,5,1401.0,0.0,112.08,1513.08,delivered,Aditya Chopra,434 MG Road,+91 8852140801,cash,2026-03-10T08:46:25.912Z
SYN000281,5,1491.0,0.0,119.28,1610.28,delivered,Aditya Chopra,356 Brigade Road,+91 7699879953,card,2025-11-13T08:46:25.912Z
SYN000282,5,4192.0,0.0,335.36,4527.36,delivered,Aditya Chopra,178 Nehru Nagar,+91 8780199810,card,2026-05-17T08:46:25.912Z
SYN000283,5,3382.0,0.0,270.56,3652.56,delivered,Aditya Chopra,416 Banjara Hills,+91 7234427504,upi,2025-10-13T08:46:25.912Z
SYN000284,5,2421.0,0.0,193.68,2614.68,delivered,Aditya Chopra,245 Banjara Hills,+91 9811517977,upi,2026-05-27T08:46:25.912Z
SYN000285,5,2767.0,0.0,221.36,2988.36,delivered,Aditya Chopra,68 Andheri West,+91 7958814406,upi,2026-06-08T08:46:25.912Z
SYN000286,5,3431.0,0.0,274.48,3705.48,delivered,Aditya Chopra,198 Park Street,+91 8249542561,upi,2026-02-24T08:46:25.912Z
SYN000287,5,3137.0,0.0,250.96,3387.96,delivered,Aditya Chopra,257 Banjara Hills,+91 9759923512,card,2026-04-27T08:46:25.912Z
SYN000288,5,5199.0,0.0,415.92,5614.92,delivered,Aditya Chopra,327 Gandhi Path,+91 8164544648,card,2026-04-06T08:46:25.912Z
SYN000289,5,3075.0,0.0,246.0,3321.0,delivered,Aditya Chopra,16 Gandhi Path,+91 8836523241,upi,2026-04-25T08:46:25.912Z
SYN000290,5,2878.0,0.0,230.24,3108.24,delivered,Aditya Chopra,196 Laxmi Nagar,+91 7780175471,card,2025-11-11T08:46:25.912Z
SYN000291,5,3189.0,0.0,255.12,3444.12,delivered,Aditya Chopra,193 Banjara Hills,+91 7881982873,upi,2026-02-24T08:46:25.912Z
SYN000292,5,3274.0,0.0,261.92,3535.92,delivered,Aditya Chopra,429 Laxmi Nagar,+91 7448929579,cash,2026-06-01T08:46:25.912Z
SYN000293,5,3205.0,0.0,256.4,3461.4,delivered,Aditya Chopra,385 MG Road,+91 8286410170,upi,2026-03-29T08:46:25.912Z
SYN000294,5,2118.0,0.0,169.44,2287.44,delivered,Aditya Chopra,145 Andheri West,+91 8630668518,upi,2025-09-01T08:46:25.912Z
SYN000295,6,5106.0,0.0,408.48,5514.48,delivered,Vihaan Gupta,470 Gandhi Path,+91 9770420457,upi,2026-04-27T08:46:25.912Z
SYN000296,6,2006.0,0.0,160.48,2166.48,delivered,Vihaan Gupta,289 Park Street,+91 7331532872,cash,2026-03-13T08:46:25.912Z
SYN000297,6,4122.0,0.0,329.76,4451.76,delivered,Vihaan Gupta,196 Banjara Hills,+91 7141246504,cash,2026-07-26T08:46:25.912Z
SYN000298,6,3436.0,0.0,274.88,3710.88,delivered,Vihaan Gupta,131 Salt Lake,+91 9892260442,upi,2025-09-18T08:46:25.912Z
SYN000299,6,3075.0,0.0,246.0,3321.0,delivered,Vihaan Gupta,125 Park Street,+91 8261789840,upi,2025-09-10T08:46:25.912Z
SYN000300,6,3212.0,0.0,256.96,3468.96,delivered,Vihaan Gupta,160 Laxmi Nagar,+91 9347934554,card,2026-04-24T08:46:25.912Z
SYN000301,6,5873.0,0.0,469.84,6342.84,delivered,Vihaan Gupta,105 Gandhi Path,+91 7741087676,upi,2026-04-24T08:46:25.912Z
SYN000302,6,4660.0,0.0,372.8,5032.8,delivered,Vihaan Gupta,421 MG Road,+91 9248450299,upi,2025-12-18T08:46:25.912Z
SYN000303,6,3005.0,0.0,240.4,3245.4,delivered,Vihaan Gupta,269 Andheri West,+91 9909617167,card,2026-04-27T08:46:25.912Z
SYN000304,6,4398.0,0.0,351.84,4749.84,delivered,Vihaan Gupta,460 Salt Lake,+91 8857344444,card,2025-10-05T08:46:25.912Z
SYN000305,6,5315.0,0.0,425.2,5740.2,delivered,Vihaan Gupta,390 Nehru Nagar,+91 7256549625,upi,2026-04-16T08:46:25.912Z
SYN000306,6,4494.0,0.0,359.52,4853.52,delivered,Vihaan Gupta,489 Salt Lake,+91 8036665234,upi,2025-11-10T08:46:25.912Z
SYN000307,6,5159.0,0.0,412.72,5571.72,delivered,Vihaan Gupta,100 MG Road,+91 7531148429,card,2025-09-01T08:46:25.912Z
SYN000308,6,3273.0,0.0,261.84,3534.84,delivered,Vihaan Gupta,230 Banjara Hills,+91 9371043856,card,2025-09-26T08:46:25.912Z
SYN000309,6,4503.0,0.0,360.24,4863.24,delivered,Vihaan Gupta,250 Gandhi Path,+91 7430948109,upi,2026-06-21T08:46:25.912Z
SYN000310,6,5452.0,0.0,436.16,5888.16,delivered,Vihaan Gupta,252 Banjara Hills,+91 9350974845,card,2026-03-21T08:46:25.912Z
SYN000311,6,4227.0,0.0,338.16,4565.16,delivered,Vihaan Gupta,243 Laxmi Nagar,+91 8124890439,card,2026-01-30T08:46:25.912Z
SYN000312,6,3060.0,0.0,244.8,3304.8,delivered,Vihaan Gupta,251 MG Road,+91 7744657011,cash,2025-09-15T08:46:25.912Z
SYN000313,6,3622.0,0.0,289.76,3911.76,delivered,Vihaan Gupta,490 Gandhi Path,+91 9261736768,upi,2025-10-19T08:46:25.912Z
SYN000314,6,4185.0,0.0,334.8,4519.8,delivered,Vihaan Gupta,19 Laxmi Nagar,+91 7550527367,cash,2026-07-08T08:46:25.912Z
SYN000315,6,3642.0,0.0,291.36,3933.36,delivered,Vihaan Gupta,120 Laxmi Nagar,+91 8496245881,card,2025-09-25T08:46:25.912Z
SYN000316,6,5195.0,0.0,415.6,5610.6,delivered,Vihaan Gupta,104 Nehru Nagar,+91 8669965361,card,2025-12-29T08:46:25.912Z
SYN000317,6,3662.0,0.0,292.96,3954.96,delivered,Vihaan Gupta,388 Laxmi Nagar,+91 8804862994,card,2026-05-08T08:46:25.912Z
SYN000318,6,3199.0,0.0,255.92,3454.92,delivered,Vihaan Gupta,381 Brigade Road,+91 9429961615,upi,2026-05-06T08:46:25.912Z
SYN000319,6,4170.0,0.0,333.6,4503.6,delivered,Vihaan Gupta,11 Park Street,+91 8478464870,upi,2026-06-03T08:46:25.912Z
SYN000320,6,1824.0,0.0,145.92,1969.92,delivered,Vihaan Gupta,222 Laxmi Nagar,+91 8072595222,upi,2026-05-09T08:46:25.912Z
SYN000321,6,6526.0,0.0,522.08,7048.08,delivered,Vihaan Gupta,345 Andheri West,+91 8796447238,cash,2026-02-08T08:46:25.912Z
SYN000322,6,4826.0,0.0,386.08,5212.08,delivered,Vihaan Gupta,71 Banjara Hills,+91 8697265897,card,2026-08-02T08:46:25.912Z
SYN000323,6,5006.0,0.0,400.48,5406.48,delivered,Vihaan Gupta,356 Koramangala,+91 8824565907,cash,2025-09-30T08:46:25.912Z
SYN000324,6,4152.0,0.0,332.16,4484.16,delivered,Vihaan Gupta,309 Park Street,+91 8813672630,upi,2025-11-06T08:46:25.912Z
SYN000325,6,4286.0,0.0,342.88,4628.88,delivered,Vihaan Gupta,308 Nehru Nagar,+91 8359858974,upi,2026-08-19T08:46:25.912Z
SYN000326,6,4178.0,0.0,334.24,4512.24,delivered,Vihaan Gupta,263 Banjara Hills,+91 8125562637,upi,2026-01-24T08:46:25.912Z
SYN000327,6,5052.0,0.0,404.16,5456.16,delivered,Vihaan Gupta,467 Nehru Nagar,+91 9294622524,upi,2025-11-09T08:46:25.912Z
SYN000328,6,2854.0,0.0,228.32,3082.32,delivered,Vihaan Gupta,226 Brigade Road,+91 9573576389,upi,2026-07-08T08:46:25.912Z
SYN000329,6,4548.0,0.0,363.84,4911.84,delivered,Vihaan Gupta,182 Andheri West,+91 8196147154,card,2025-09-13T08:46:25.912Z
SYN000330,6,5857.0,0.0,468.56,6325.56,delivered,Vihaan Gupta,401 Nehru Nagar,+91 8802056553,card,2026-03-31T08:46:25.912Z
SYN000331,6,2467.0,0.0,197.36,2664.36,delivered,Vihaan Gupta,3 MG Road,+91 8233640111,cash,2025-12-19T08:46:25.912Z
SYN000332,6,3916.0,0.0,313.28,4229.28,delivered,Vihaan Gupta,497 MG Road,+91 8278566779,cash,2025-09-30T08:46:25.912Z
SYN000333,6,4793.0,0.0,383.44,5176.44,delivered,Vihaan Gupta,344 Brigade Road,+91 8520557295,cash,2026-05-14T08:46:25.912Z
SYN000334,6,3437.0,0.0,274.96,3711.96,delivered,Vihaan Gupta,250 MG Road,+91 8856250847,cash,2026-08-15T08:46:25.912Z
SYN000335,6,5741.0,0.0,459.28,6200.28,delivered,Vihaan Gupta,393 Brigade Road,+91 9139765375,cash,2026-05-06T08:46:25.912Z
SYN000336,7,945.0,0.0,75.6,1020.6,delivered,Arjun Mehta,410 Laxmi Nagar,+91 7652390216,upi,2026-08-07T08:46:25.912Z
SYN000337,7,1034.0,0.0,82.72,1116.72,delivered,Arjun Mehta,11 Andheri West,+91 9717552967,upi,2026-04-05T08:46:25.912Z
SYN000338,7,995.0,0.0,79.6,1074.6,delivered,Arjun Mehta,239 Laxmi Nagar,+91 8671285093,cash,2026-07-16T08:46:25.912Z
SYN000339,7,995.0,0.0,79.6,1074.6,delivered,Arjun Mehta,277 MG Road,+91 9446324144,card,2026-02-10T08:46:25.912Z
SYN000340,7,2073.0,0.0,165.84,2238.84,delivered,Arjun Mehta,103 Brigade Road,+91 9898648734,card,2025-10-26T08:46:25.912Z
SYN000341,7,1294.0,0.0,103.52,1397.52,delivered,Arjun Mehta,457 Brigade Road,+91 8780273509,upi,2026-07-19T08:46:25.912Z
SYN000342,7,1643.0,0.0,131.44,1774.44,delivered,Arjun Mehta,88 Nehru Nagar,+91 7849555337,card,2026-02-14T08:46:25.912Z
SYN000343,7,1153.0,0.0,92.24,1245.24,delivered,Arjun Mehta,457 MG Road,+91 8528135252,upi,2026-07-06T08:46:25.912Z
SYN000344,7,848.0,0.0,67.84,915.84,delivered,Arjun Mehta,332 MG Road,+91 9315788751,cash,2026-01-08T08:46:25.912Z
SYN000345,7,1223.0,0.0,97.84,1320.84,delivered,Arjun Mehta,27 Park Street,+91 9076548227,upi,2025-10-01T08:46:25.912Z
SYN000346,7,2772.0,0.0,221.76,2993.76,delivered,Arjun Mehta,438 Brigade Road,+91 7397337167,card,2026-01-29T08:46:25.912Z
SYN000347,7,833.0,0.0,66.64,899.64,delivered,Arjun Mehta,175 Banjara Hills,+91 8923683116,cash,2026-06-22T08:46:25.912Z
SYN000348,7,3441.0,0.0,275.28,3716.28,delivered,Arjun Mehta,133 Nehru Nagar,+91 9218668057,upi,2025-09-21T08:46:25.912Z
SYN000349,7,248.0,49.0,19.84,316.84,delivered,Arjun Mehta,335 Park Street,+91 8039996034,card,2026-01-15T08:46:25.912Z
SYN000350,7,1592.0,0.0,127.36,1719.36,delivered,Arjun Mehta,328 Nehru Nagar,+91 9125954240,upi,2025-10-14T08:46:25.912Z
SYN000351,7,996.0,0.0,79.68,1075.68,delivered,Arjun Mehta,416 Nehru Nagar,+91 7873033268,cash,2026-02-13T08:46:25.912Z
SYN000352,7,946.0,0.0,75.68,1021.68,delivered,Arjun Mehta,199 Nehru Nagar,+91 9258394427,card,2026-03-13T08:46:25.912Z
SYN000353,7,1622.0,0.0,129.76,1751.76,delivered,Arjun Mehta,447 Salt Lake,+91 8410471315,card,2025-11-14T08:46:25.912Z
SYN000354,7,128.0,49.0,10.24,187.24,delivered,Arjun Mehta,485 Koramangala,+91 7056395923,upi,2026-03-29T08:46:25.912Z
SYN000355,7,1281.0,0.0,102.48,1383.48,delivered,Arjun Mehta,73 Brigade Road,+91 7393377422,upi,2026-04-17T08:46:25.912Z
SYN000356,7,2539.0,0.0,203.12,2742.12,delivered,Arjun Mehta,245 Gandhi Path,+91 8386087324,upi,2026-06-18T08:46:25.912Z
SYN000357,7,1791.0,0.0,143.28,1934.28,delivered,Arjun Mehta,120 Park Street,+91 7505697061,cash,2026-07-30T08:46:25.912Z
SYN000358,7,1731.0,0.0,138.48,1869.48,delivered,Arjun Mehta,3 Gandhi Path,+91 9944040221,upi,2026-06-22T08:46:25.912Z
SYN000359,7,795.0,0.0,63.6,858.6,delivered,Arjun Mehta,358 Gandhi Path,+91 8782413801,upi,2025-10-07T08:46:25.912Z
SYN000360,7,1540.0,0.0,123.2,1663.2,delivered,Arjun Mehta,308 Salt Lake,+91 8029521360,card,2026-07-16T08:46:25.912Z
SYN000361,7,2791.0,0.0,223.28,3014.28,delivered,Arjun Mehta,289 Koramangala,+91 7390637400,upi,2025-09-27T08:46:25.912Z
SYN000362,7,556.0,0.0,44.48,600.48,delivered,Arjun Mehta,343 Andheri West,+91 8041166382,cash,2026-02-05T08:46:25.912Z
SYN000363,7,1092.0,0.0,87.36,1179.36,delivered,Arjun Mehta,2 Brigade Road,+91 8928290625,card,2026-04-11T08:46:25.912Z
SYN000364,8,2469.0,0.0,197.52,2666.52,delivered,Reyansh Singh,19 Gandhi Path,+91 8685253960,card,2026-07-31T08:46:25.912Z
SYN000365,8,4167.0,0.0,333.36,4500.36,delivered,Reyansh Singh,358 Brigade Road,+91 9170511901,cash,2026-07-15T08:46:25.912Z
SYN000366,8,4512.0,0.0,360.96,4872.96,delivered,Reyansh Singh,417 Brigade Road,+91 8090644797,cash,2026-08-06T08:46:25.912Z
SYN000367,8,2605.0,0.0,208.4,2813.4,delivered,Reyansh Singh,81 Nehru Nagar,+91 9538222665,cash,2025-09-26T08:46:25.912Z
SYN000368,8,5674.0,0.0,453.92,6127.92,delivered,Reyansh Singh,341 Laxmi Nagar,+91 7349031508,card,2026-01-19T08:46:25.912Z
SYN000369,8,3609.0,0.0,288.72,3897.72,delivered,Reyansh Singh,295 Salt Lake,+91 8056273217,card,2026-08-10T08:46:25.912Z
SYN000370,8,5134.0,0.0,410.72,5544.72,delivered,Reyansh Singh,278 Salt Lake,+91 9262216939,upi,2026-07-22T08:46:25.912Z
SYN000371,8,3809.0,0.0,304.72,4113.72,delivered,Reyansh Singh,448 Laxmi Nagar,+91 9905088943,card,2025-12-08T08:46:25.912Z
SYN000372,8,4377.0,0.0,350.16,4727.16,delivered,Reyansh Singh,445 Brigade Road,+91 9724670526,upi,2025-09-25T08:46:25.912Z
SYN000373,8,2992.0,0.0,239.36,3231.36,delivered,Reyansh Singh,230 MG Road,+91 7778759644,upi,2026-03-04T08:46:25.912Z
SYN000374,8,3181.0,0.0,254.48,3435.48,delivered,Reyansh Singh,347 Andheri West,+91 8196094697,upi,2026-04-09T08:46:25.912Z
SYN000375,8,2897.0,0.0,231.76,3128.76,delivered,Reyansh Singh,327 Salt Lake,+91 7368930524,upi,2026-02-11T08:46:25.912Z
SYN000376,8,3361.0,0.0,268.88,3629.88,delivered,Reyansh Singh,227 Andheri West,+91 7173972179,card,2026-03-15T08:46:25.912Z
SYN000377,8,3710.0,0.0,296.8,4006.8,delivered,Reyansh Singh,151 Brigade Road,+91 8998556330,cash,2026-01-03T08:46:25.912Z
SYN000378,8,1667.0,0.0,133.36,1800.36,delivered,Reyansh Singh,404 Banjara Hills,+91 7855111987,cash,2026-07-07T08:46:25.912Z
SYN000379,8,3481.0,0.0,278.48,3759.48,delivered,Reyansh Singh,386 Laxmi Nagar,+91 9120648703,card,2026-01-11T08:46:25.912Z
SYN000380,8,2382.0,0.0,190.56,2572.56,delivered,Reyansh Singh,154 Banjara Hills,+91 7368021529,cash,2026-06-22T08:46:25.912Z
SYN000381,8,2336.0,0.0,186.88,2522.88,delivered,Reyansh Singh,290 Andheri West,+91 7623686713,upi,2026-01-29T08:46:25.912Z
SYN000382,8,4423.0,0.0,353.84,4776.84,delivered,Reyansh Singh,220 Gandhi Path,+91 8482836412,cash,2026-05-30T08:46:25.912Z
SYN000383,8,2985.0,0.0,238.8,3223.8,delivered,Reyansh Singh,11 MG Road,+91 9246596002,card,2026-04-30T08:46:25.912Z
SYN000384,8,2746.0,0.0,219.68,2965.68,delivered,Reyansh Singh,312 Brigade Road,+91 8635911905,upi,2025-09-09T08:46:25.912Z
SYN000385,8,6366.0,0.0,509.28,6875.28,delivered,Reyansh Singh,104 Koramangala,+91 7282229547,card,2026-02-09T08:46:25.912Z
SYN000386,8,3293.0,0.0,263.44,3556.44,delivered,Reyansh Singh,108 Koramangala,+91 9306793362,card,2026-03-07T08:46:25.912Z
SYN000387,8,2614.0,0.0,209.12,2823.12,delivered,Reyansh Singh,442 Koramangala,+91 8118281410,card,2025-09-30T08:46:25.912Z
SYN000388,8,5107.0,0.0,408.56,5515.56,delivered,Reyansh Singh,274 Laxmi Nagar,+91 9595946332,upi,2026-01-23T08:46:25.912Z
SYN000389,8,1791.0,0.0,143.28,1934.28,delivered,Reyansh Singh,101 Salt Lake,+91 7136186988,cash,2026-06-12T08:46:25.912Z
SYN000390,8,3363.0,0.0,269.04,3632.04,delivered,Reyansh Singh,27 Salt Lake,+91 7426169394,card,2025-11-18T08:46:25.912Z
SYN000391,8,4628.0,0.0,370.24,4998.24,delivered,Reyansh Singh,485 Andheri West,+91 7218759379,card,2026-04-01T08:46:25.912Z
SYN000392,8,4102.0,0.0,328.16,4430.16,delivered,Reyansh Singh,75 Brigade Road,+91 7700283332,card,2025-09-18T08:46:25.912Z
SYN000393,8,6634.0,0.0,530.72,7164.72,delivered,Reyansh Singh,195 Andheri West,+91 9687572506,upi,2025-10-28T08:46:25.912Z
SYN000394,8,2234.0,0.0,178.72,2412.72,delivered,Reyansh Singh,142 Laxmi Nagar,+91 7259518648,cash,2026-01-18T08:46:25.912Z
SYN000395,8,4311.0,0.0,344.88,4655.88,delivered,Reyansh Singh,343 Andheri West,+91 7470056805,card,2026-04-19T08:46:25.912Z
SYN000396,8,2878.0,0.0,230.24,3108.24,delivered,Reyansh Singh,420 Laxmi Nagar,+91 7702453883,upi,2026-07-27T08:46:25.912Z
SYN000397,8,3584.0,0.0,286.72,3870.72,delivered,Reyansh Singh,445 Andheri West,+91 7418589752,card,2025-12-13T08:46:25.912Z
SYN000398,8,2762.0,0.0,220.96,2982.96,delivered,Reyansh Singh,302 Andheri West,+91 7977099733,cash,2026-07-03T08:46:25.912Z
SYN000399,8,3686.0,0.0,294.88,3980.88,delivered,Reyansh Singh,368 Brigade Road,+91 7775246445,cash,2026-03-10T08:46:25.912Z
SYN000400,8,2334.0,0.0,186.72,2520.72,delivered,Reyansh Singh,206 MG Road,+91 8878339871,cash,2026-01-17T08:46:25.912Z
SYN000401,8,1020.0,0.0,81.6,1101.6,delivered,Reyansh Singh,431 Nehru Nagar,+91 8928676375,cash,2026-03-07T08:46:25.912Z
SYN000402,8,3214.0,0.0,257.12,3471.12,delivered,Reyansh Singh,438 Banjara Hills,+91 7262183970,card,2025-12-28T08:46:25.912Z
SYN000403,8,1978.0,0.0,158.24,2136.24,delivered,Reyansh Singh,202 Nehru Nagar,+91 9441262266,card,2026-01-15T08:46:25.912Z
SYN000404,8,4259.0,0.0,340.72,4599.72,delivered,Reyansh Singh,325 Laxmi Nagar,+91 8649956655,upi,2026-07-10T08:46:25.912Z
SYN000405,8,4173.0,0.0,333.84,4506.84,delivered,Reyansh Singh,168 Andheri West,+91 8297128005,card,2026-05-18T08:46:25.912Z
SYN000406,8,3621.0,0.0,289.68,3910.68,delivered,Reyansh Singh,377 MG Road,+91 8822087092,card,2025-11-24T08:46:25.912Z
SYN000407,8,4295.0,0.0,343.6,4638.6,delivered,Reyansh Singh,275 Gandhi Path,+91 8379076526,card,2026-03-12T08:46:25.912Z
SYN000408,8,4010.0,0.0,320.8,4330.8,delivered,Reyansh Singh,397 Nehru Nagar,+91 8845191538,upi,2025-12-10T08:46:25.912Z
SYN000409,8,4652.0,0.0,372.16,5024.16,delivered,Reyansh Singh,262 Gandhi Path,+91 7682910974,upi,2026-07-01T08:46:25.912Z
SYN000410,8,4241.0,0.0,339.28,4580.28,delivered,Reyansh Singh,367 Nehru Nagar,+91 7754879426,upi,2026-01-11T08:46:25.912Z
SYN000411,8,4052.0,0.0,324.16,4376.16,delivered,Reyansh Singh,484 Salt Lake,+91 7887774000,upi,2025-09-20T08:46:25.912Z
SYN000412,8,1387.0,0.0,110.96,1497.96,delivered,Reyansh Singh,232 Laxmi Nagar,+91 7383215260,card,2026-08-07T08:46:25.912Z
SYN000413,8,4868.0,0.0,389.44,5257.44,delivered,Reyansh Singh,2 Laxmi Nagar,+91 7589190055,upi,2025-11-20T08:46:25.912Z
SYN000414,8,2039.0,0.0,163.12,2202.12,delivered,Reyansh Singh,189 Brigade Road,+91 8532188396,cash,2026-04-20T08:46:25.912Z
SYN000415,8,2591.0,0.0,207.28,2798.28,delivered,Reyansh Singh,386 Brigade Road,+91 7635211828,card,2025-12-29T08:46:25.912Z
SYN000416,8,2931.0,0.0,234.48,3165.48,delivered,Reyansh Singh,119 Park Street,+91 9170731336,card,2026-03-30T08:46:25.912Z
SYN000417,8,4438.0,0.0,355.04,4793.04,delivered,Reyansh Singh,238 Brigade Road,+91 8973086439,upi,2025-12-25T08:46:25.912Z
SYN000418,8,4008.0,0.0,320.64,4328.64,delivered,Reyansh Singh,80 Laxmi Nagar,+91 9087458184,cash,2025-08-31T08:46:25.912Z
SYN000419,8,2287.0,0.0,182.96,2469.96,delivered,Reyansh Singh,349 Salt Lake,+91 9443417236,card,2025-10-19T08:46:25.912Z
SYN000420,8,3260.0,0.0,260.8,3520.8,delivered,Reyansh Singh,264 Laxmi Nagar,+91 8764695213,cash,2025-08-26T08:46:25.912Z
SYN000421,8,4751.0,0.0,380.08,5131.08,delivered,Reyansh Singh,375 MG Road,+91 8020528332,card,2026-08-10T08:46:25.912Z
SYN000422,8,2881.0,0.0,230.48,3111.48,delivered,Reyansh Singh,384 Brigade Road,+91 9577692573,cash,2025-09-14T08:46:25.912Z
SYN000423,8,2833.0,0.0,226.64,3059.64,delivered,Reyansh Singh,384 Salt Lake,+91 7013363868,card,2025-11-01T08:46:25.912Z
SYN000424,8,2417.0,0.0,193.36,2610.36,delivered,Reyansh Singh,17 Banjara Hills,+91 8128996203,upi,2026-03-12T08:46:25.912Z
SYN000425,8,2572.0,0.0,205.76,2777.76,delivered,Reyansh Singh,10 Park Street,+91 8404579306,card,2026-07-03T08:46:25.912Z
SYN000426,8,4231.0,0.0,338.48,4569.48,delivered,Reyansh Singh,357 Park Street,+91 9734840971,upi,2026-01-28T08:46:25.912Z
SYN000427,8,3858.0,0.0,308.64,4166.64,delivered,Reyansh Singh,31 Laxmi Nagar,+91 8286299359,cash,2026-05-27T08:46:25.912Z
SYN000428,8,5526.0,0.0,442.08,5968.08,delivered,Reyansh Singh,190 Park Street,+91 8151821826,card,2026-01-30T08:46:25.912Z
SYN000429,8,4054.0,0.0,324.32,4378.32,delivered,Reyansh Singh,261 Gandhi Path,+91 8849839426,cash,2025-10-31T08:46:25.912Z
SYN000430,8,3287.0,0.0,262.96,3549.96,delivered,Reyansh Singh,242 Banjara Hills,+91 8692277968,card,2025-10-14T08:46:25.912Z
SYN000431,8,2324.0,0.0,185.92,2509.92,delivered,Reyansh Singh,147 Park Street,+91 9793061764,upi,2026-07-22T08:46:25.912Z
SYN000432,8,3351.0,0.0,268.08,3619.08,delivered,Reyansh Singh,372 Brigade Road,+91 7556723078,card,2026-07-20T08:46:25.912Z
SYN000433,8,3363.0,0.0,269.04,3632.04,delivered,Reyansh Singh,62 Banjara Hills,+91 8986880717,cash,2026-07-06T08:46:25.912Z
SYN000434,8,4319.0,0.0,345.52,4664.52,delivered,Reyansh Singh,139 Laxmi Nagar,+91 8956519779,cash,2026-07-17T08:46:25.912Z
SYN000435,8,4337.0,0.0,346.96,4683.96,delivered,Reyansh Singh,341 Koramangala,+91 8808229097,card,2026-03-08T08:46:25.912Z
SYN000436,8,3250.0,0.0,260.0,3510.0,delivered,Reyansh Singh,168 MG Road,+91 9644636206,upi,2026-08-10T08:46:25.912Z
SYN000437,8,4579.0,0.0,366.32,4945.32,delivered,Reyansh Singh,96 Nehru Nagar,+91 9066750354,upi,2026-07-05T08:46:25.912Z
SYN000438,8,3575.0,0.0,286.0,3861.0,delivered,Reyansh Singh,1 Andheri West,+91 7012557493,cash,2026-06-09T08:46:25.912Z
SYN000439,8,3448.0,0.0,275.84,3723.84,delivered,Reyansh Singh,366 Banjara Hills,+91 7560764516,card,2026-01-06T08:46:25.912Z
SYN000440,8,4509.0,0.0,360.72,4869.72,delivered,Reyansh Singh,414 MG Road,+91 8991195682,upi,2025-11-24T08:46:25.912Z
SYN000441,8,2252.0,0.0,180.16,2432.16,delivered,Reyansh Singh,108 Nehru Nagar,+91 8147399419,card,2025-12-03T08:46:25.912Z
SYN000442,8,4419.0,0.0,353.52,4772.52,delivered,Reyansh Singh,461 MG Road,+91 9122752967,upi,2026-01-20T08:46:25.912Z
SYN000443,8,2678.0,0.0,214.24,2892.24,delivered,Reyansh Singh,493 Brigade Road,+91 9686220225,card,2025-10-13T08:46:25.912Z
SYN000444,8,2979.0,0.0,238.32,3217.32,delivered,Reyansh Singh,202 MG Road,+91 9221093986,upi,2026-07-24T08:46:25.912Z
SYN000445,8,4379.0,0.0,350.32,4729.32,delivered,Reyansh Singh,377 Salt Lake,+91 8302126974,upi,2026-06-21T08:46:25.912Z
SYN000446,8,4778.0,0.0,382.24,5160.24,delivered,Reyansh Singh,1 Banjara Hills,+91 8621543378,cash,2026-03-26T08:46:25.912Z
SYN000447,8,3701.0,0.0,296.08,3997.08,delivered,Reyansh Singh,390 Banjara Hills,+91 9985458239,card,2026-05-23T08:46:25.912Z
SYN000448,8,3458.0,0.0,276.64,3734.64,delivered,Reyansh Singh,270 Laxmi Nagar,+91 8227028896,upi,2026-06-16T08:46:25.912Z
SYN000449,8,2344.0,0.0,187.52,2531.52,delivered,Reyansh Singh,446 Brigade Road,+91 8695446340,card,2026-07-01T08:46:25.912Z
SYN000450,8,4742.0,0.0,379.36,5121.36,delivered,Reyansh Singh,286 Koramangala,+91 9812371213,cash,2026-06-19T08:46:25.912Z
SYN000451,8,2944.0,0.0,235.52,3179.52,delivered,Reyansh Singh,132 Brigade Road,+91 7005595565,upi,2025-12-15T08:46:25.912Z
SYN000452,8,3589.0,0.0,287.12,3876.12,delivered,Reyansh Singh,337 Park Street,+91 9465214531,cash,2026-06-06T08:46:25.912Z
SYN000453,8,2163.0,0.0,173.04,2336.04,delivered,Reyansh Singh,238 Gandhi Path,+91 9963074396,upi,2026-01-29T08:46:25.912Z
SYN000454,8,2117.0,0.0,169.36,2286.36,delivered,Reyansh Singh,68 Brigade Road,+91 9552181448,card,2026-01-25T08:46:25.912Z
SYN000455,8,6582.0,0.0,526.56,7108.56,delivered,Reyansh Singh,253 Brigade Road,+91 7830529599,cash,2026-02-10T08:46:25.912Z
SYN000456,8,4338.0,0.0,347.04,4685.04,delivered,Reyansh Singh,267 Park Street,+91 7469360787,cash,2026-04-29T08:46:25.912Z
SYN000457,8,2083.0,0.0,166.64,2249.64,delivered,Reyansh Singh,421 Brigade Road,+91 7239581454,upi,2025-12-22T08:46:25.912Z
SYN000458,8,2203.0,0.0,176.24,2379.24,delivered,Reyansh Singh,131 Nehru Nagar,+91 7955542832,card,2026-06-15T08:46:25.912Z
SYN000459,8,3396.0,0.0,271.68,3667.68,delivered,Reyansh Singh,427 Andheri West,+91 8448487121,upi,2025-09-04T08:46:25.912Z
SYN000460,8,3254.0,0.0,260.32,3514.32,delivered,Reyansh Singh,332 Nehru Nagar,+91 8050491645,upi,2025-10-13T08:46:25.912Z
SYN000461,8,2766.0,0.0,221.28,2987.28,delivered,Reyansh Singh,125 Park Street,+91 9960016404,upi,2025-11-01T08:46:25.912Z
SYN000462,8,2513.0,0.0,201.04,2714.04,delivered,Reyansh Singh,468 Banjara Hills,+91 7279536902,upi,2026-03-04T08:46:25.912Z
SYN000463,8,2088.0,0.0,167.04,2255.04,delivered,Reyansh Singh,276 Salt Lake,+91 8189753199,cash,2026-01-16T08:46:25.912Z
SYN000464,8,3372.0,0.0,269.76,3641.76,delivered,Reyansh Singh,401 Laxmi Nagar,+91 8643985622,cash,2025-09-12T08:46:25.912Z
SYN000465,8,2505.0,0.0,200.4,2705.4,delivered,Reyansh Singh,290 Salt Lake,+91 9968910932,cash,2026-01-01T08:46:25.912Z
SYN000466,8,3712.0,0.0,296.96,4008.96,delivered,Reyansh Singh,25 MG Road,+91 7605682500,cash,2025-09-25T08:46:25.912Z
SYN000467,8,3188.0,0.0,255.04,3443.04,delivered,Reyansh Singh,166 Koramangala,+91 9930510440,cash,2026-05-17T08:46:25.912Z
SYN000468,8,4733.0,0.0,378.64,5111.64,delivered,Reyansh Singh,318 Banjara Hills,+91 8962456281,upi,2026-06-27T08:46:25.912Z
SYN000469,8,4218.0,0.0,337.44,4555.44,delivered,Reyansh Singh,111 Banjara Hills,+91 7977841627,cash,2025-10-15T08:46:25.912Z
SYN000470,8,3534.0,0.0,282.72,3816.72,delivered,Reyansh Singh,412 Park Street,+91 9731928716,cash,2025-10-17T08:46:25.912Z
SYN000471,8,3137.0,0.0,250.96,3387.96,delivered,Reyansh Singh,338 Gandhi Path,+91 7445389826,cash,2026-01-13T08:46:25.912Z
SYN000472,8,3873.0,0.0,309.84,4182.84,delivered,Reyansh Singh,497 MG Road,+91 8998910201,card,2026-06-14T08:46:25.912Z
SYN000473,8,6334.0,0.0,506.72,6840.72,delivered,Reyansh Singh,139 Andheri West,+91 7026361015,upi,2026-06-23T08:46:25.912Z
SYN000474,8,3981.0,0.0,318.48,4299.48,delivered,Reyansh Singh,81 Salt Lake,+91 9076627841,upi,2026-07-29T08:46:25.912Z
SYN000475,8,4996.0,0.0,399.68,5395.68,delivered,Reyansh Singh,318 Brigade Road,+91 8983057911,cash,2025-11-07T08:46:25.912Z
SYN000476,8,2334.0,0.0,186.72,2520.72,delivered,Reyansh Singh,121 Andheri West,+91 9164964320,cash,2025-09-12T08:46:25.912Z
SYN000477,8,3371.0,0.0,269.68,3640.68,delivered,Reyansh Singh,165 Brigade Road,+91 8243620042,card,2026-06-03T08:46:25.912Z
SYN000478,8,2241.0,0.0,179.28,2420.28,delivered,Reyansh Singh,272 Park Street,+91 8603554769,card,2026-03-14T08:46:25.912Z
SYN000479,8,2663.0,0.0,213.04,2876.04,delivered,Reyansh Singh,229 Park Street,+91 7765414521,card,2026-06-06T08:46:25.912Z
SYN000480,8,2085.0,0.0,166.8,2251.8,delivered,Reyansh Singh,86 MG Road,+91 9680459466,card,2025-11-19T08:46:25.912Z
SYN000481,8,3710.0,0.0,296.8,4006.8,delivered,Reyansh Singh,347 Andheri West,+91 8202319312,cash,2026-06-15T08:46:25.912Z
SYN000482,8,2176.0,0.0,174.08,2350.08,delivered,Reyansh Singh,423 Banjara Hills,+91 9712410874,cash,2025-12-19T08:46:25.912Z
SYN000483,8,2958.0,0.0,236.64,3194.64,delivered,Reyansh Singh,15 Brigade Road,+91 8560556601,card,2026-02-21T08:46:25.912Z
SYN000484,8,3081.0,0.0,246.48,3327.48,delivered,Reyansh Singh,411 MG Road,+91 9941547059,card,2026-05-28T08:46:25.912Z
SYN000485,8,3791.0,0.0,303.28,4094.28,delivered,Reyansh Singh,90 Brigade Road,+91 8517668341,upi,2026-01-14T08:46:25.912Z
SYN000486,8,1422.0,0.0,113.76,1535.76,delivered,Reyansh Singh,339 Andheri West,+91 7155071399,upi,2025-11-01T08:46:25.912Z
SYN000487,8,4358.0,0.0,348.64,4706.64,delivered,Reyansh Singh,114 Andheri West,+91 9492457847,card,2025-09-14T08:46:25.912Z
SYN000488,8,2739.0,0.0,219.12,2958.12,delivered,Reyansh Singh,335 Park Street,+91 8194680611,card,2025-12-27T08:46:25.912Z
SYN000489,8,3520.0,0.0,281.6,3801.6,delivered,Reyansh Singh,286 Nehru Nagar,+91 9397192175,upi,2026-02-18T08:46:25.912Z
SYN000490,8,2029.0,0.0,162.32,2191.32,delivered,Reyansh Singh,400 Park Street,+91 9542272591,upi,2026-07-30T08:46:25.912Z
SYN000491,8,4535.0,0.0,362.8,4897.8,delivered,Reyansh Singh,129 MG Road,+91 9581614087,cash,2026-08-15T08:46:25.912Z
SYN000492,8,6086.0,0.0,486.88,6572.88,delivered,Reyansh Singh,472 Andheri West,+91 8297828077,upi,2026-08-02T08:46:25.912Z
SYN000493,8,3253.0,0.0,260.24,3513.24,delivered,Reyansh Singh,445 Salt Lake,+91 9368315375,upi,2025-12-28T08:46:25.912Z
SYN000494,8,2697.0,0.0,215.76,2912.76,delivered,Reyansh Singh,217 Banjara Hills,+91 7752171098,upi,2026-04-08T08:46:25.912Z
SYN000495,8,1689.0,0.0,135.12,1824.12,delivered,Reyansh Singh,240 Banjara Hills,+91 8117233353,cash,2026-02-17T08:46:25.912Z
SYN000496,8,2883.0,0.0,230.64,3113.64,delivered,Reyansh Singh,135 Brigade Road,+91 8677341103,card,2026-04-18T08:46:25.912Z
SYN000497,8,2484.0,0.0,198.72,2682.72,delivered,Reyansh Singh,128 Banjara Hills,+91 8285524331,card,2026-01-31T08:46:25.912Z
SYN000498,9,2055.0,0.0,164.4,2219.4,delivered,Sai Tiwari,367 Koramangala,+91 8428695850,cash,2026-08-13T08:46:25.912Z
SYN000499,9,1676.0,0.0,134.08,1810.08,delivered,Sai Tiwari,445 MG Road,+91 8891794532,upi,2026-08-04T08:46:25.912Z
SYN000500,9,2245.0,0.0,179.6,2424.6,delivered,Sai Tiwari,143 Park Street,+91 8434218404,card,2025-12-03T08:46:25.912Z
SYN000501,9,911.0,0.0,72.88,983.88,delivered,Sai Tiwari,352 Nehru Nagar,+91 9444973056,card,2025-09-13T08:46:25.912Z
SYN000502,9,1608.0,0.0,128.64,1736.64,delivered,Sai Tiwari,297 Banjara Hills,+91 9804722124,cash,2025-10-07T08:46:25.912Z
SYN000503,9,1862.0,0.0,148.96,2010.96,delivered,Sai Tiwari,410 Andheri West,+91 8600360688,upi,2026-02-28T08:46:25.912Z
SYN000504,9,3102.0,0.0,248.16,3350.16,delivered,Sai Tiwari,374 Brigade Road,+91 7950733245,upi,2025-11-08T08:46:25.912Z
SYN000505,9,1509.0,0.0,120.72,1629.72,delivered,Sai Tiwari,436 MG Road,+91 7898578207,card,2025-11-19T08:46:25.912Z
SYN000506,9,2456.0,0.0,196.48,2652.48,delivered,Sai Tiwari,312 Laxmi Nagar,+91 9031959912,upi,2026-04-15T08:46:25.912Z
SYN000507,9,1218.0,0.0,97.44,1315.44,delivered,Sai Tiwari,340 Park Street,+91 9285673385,upi,2025-10-15T08:46:25.912Z
SYN000508,9,3640.0,0.0,291.2,3931.2,delivered,Sai Tiwari,171 Salt Lake,+91 8316495772,card,2026-06-21T08:46:25.912Z
SYN000509,9,2367.0,0.0,189.36,2556.36,delivered,Sai Tiwari,343 Koramangala,+91 9847212903,cash,2026-06-02T08:46:25.912Z
SYN000510,9,2723.0,0.0,217.84,2940.84,delivered,Sai Tiwari,332 Banjara Hills,+91 8661824905,card,2026-05-12T08:46:25.912Z
SYN000511,9,1933.0,0.0,154.64,2087.64,delivered,Sai Tiwari,337 Park Street,+91 7969567497,card,2026-06-27T08:46:25.912Z
SYN000512,9,2216.0,0.0,177.28,2393.28,delivered,Sai Tiwari,318 Laxmi Nagar,+91 8570785752,cash,2026-01-10T08:46:25.912Z
SYN000513,9,3636.0,0.0,290.88,3926.88,delivered,Sai Tiwari,386 Koramangala,+91 8837899984,cash,2026-03-23T08:46:25.912Z
SYN000514,9,978.0,0.0,78.24,1056.24,delivered,Sai Tiwari,459 Nehru Nagar,+91 8433398732,cash,2025-11-20T08:46:25.912Z
SYN000515,9,1926.0,0.0,154.08,2080.08,delivered,Sai Tiwari,138 Andheri West,+91 7827236240,cash,2026-06-16T08:46:25.912Z
SYN000516,9,820.0,0.0,65.6,885.6,delivered,Sai Tiwari,127 Gandhi Path,+91 7001352238,upi,2025-12-19T08:46:25.912Z
SYN000517,9,1640.0,0.0,131.2,1771.2,delivered,Sai Tiwari,44 Nehru Nagar,+91 8572739802,card,2026-07-18T08:46:25.912Z
SYN000518,9,2569.0,0.0,205.52,2774.52,delivered,Sai Tiwari,206 Brigade Road,+91 7785310806,card,2026-05-13T08:46:25.912Z
SYN000519,9,2061.0,0.0,164.88,2225.88,delivered,Sai Tiwari,127 Koramangala,+91 9316315552,upi,2025-12-15T08:46:25.912Z
SYN000520,9,812.0,0.0,64.96,876.96,delivered,Sai Tiwari,128 Gandhi Path,+91 7243964777,card,2026-05-30T08:46:25.912Z
SYN000521,9,1632.0,0.0,130.56,1762.56,delivered,Sai Tiwari,433 Koramangala,+91 7890231900,upi,2026-03-05T08:46:25.912Z
SYN000522,9,2106.0,0.0,168.48,2274.48,delivered,Sai Tiwari,79 Laxmi Nagar,+91 9078849468,card,2026-06-10T08:46:25.912Z
SYN000523,9,1985.0,0.0,158.8,2143.8,delivered,Sai Tiwari,35 Koramangala,+91 7413846274,cash,2026-06-23T08:46:25.912Z
SYN000524,9,2073.0,0.0,165.84,2238.84,delivered,Sai Tiwari,2 Laxmi Nagar,+91 8772562134,upi,2025-09-18T08:46:25.912Z
SYN000525,9,2356.0,0.0,188.48,2544.48,delivered,Sai Tiwari,336 Gandhi Path,+91 9713483839,cash,2025-11-30T08:46:25.912Z
SYN000526,9,1073.0,0.0,85.84,1158.84,delivered,Sai Tiwari,476 Nehru Nagar,+91 8212799844,upi,2026-03-12T08:46:25.912Z
SYN000527,9,1150.0,0.0,92.0,1242.0,delivered,Sai Tiwari,263 Salt Lake,+91 7894758136,cash,2026-05-25T08:46:25.912Z
SYN000528,9,2276.0,0.0,182.08,2458.08,delivered,Sai Tiwari,291 Banjara Hills,+91 8268437505,card,2026-06-02T08:46:25.912Z
SYN000529,9,1385.0,0.0,110.8,1495.8,delivered,Sai Tiwari,233 Andheri West,+91 8039378971,upi,2026-07-28T08:46:25.912Z
SYN000530,9,1220.0,0.0,97.6,1317.6,delivered,Sai Tiwari,345 Laxmi Nagar,+91 8606343217,cash,2026-03-13T08:46:25.912Z
SYN000531,9,2174.0,0.0,173.92,2347.92,delivered,Sai Tiwari,189 MG Road,+91 8983563842,upi,2025-10-03T08:46:25.912Z
SYN000532,9,485.0,49.0,38.8,572.8,delivered,Sai Tiwari,121 Park Street,+91 9863433922,card,2025-11-12T08:46:25.912Z
SYN000533,9,2145.0,0.0,171.6,2316.6,delivered,Sai Tiwari,187 Banjara Hills,+91 8755969123,cash,2026-01-01T08:46:25.912Z
SYN000534,9,1220.0,0.0,97.6,1317.6,delivered,Sai Tiwari,24 Park Street,+91 7014981915,upi,2026-04-20T08:46:25.912Z
SYN000535,9,1908.0,0.0,152.64,2060.64,delivered,Sai Tiwari,70 Brigade Road,+91 9450286417,card,2025-12-08T08:46:25.912Z
SYN000536,9,2131.0,0.0,170.48,2301.48,delivered,Sai Tiwari,365 Banjara Hills,+91 9592753752,card,2026-02-07T08:46:25.912Z
SYN000537,9,1765.0,0.0,141.2,1906.2,delivered,Sai Tiwari,407 Laxmi Nagar,+91 9950030801,card,2026-03-08T08:46:25.912Z
SYN000538,9,1611.0,0.0,128.88,1739.88,delivered,Sai Tiwari,187 Brigade Road,+91 9922868128,cash,2026-02-04T08:46:25.912Z
SYN000539,9,2982.0,0.0,238.56,3220.56,delivered,Sai Tiwari,498 Salt Lake,+91 7263994402,upi,2025-08-27T08:46:25.912Z
SYN000540,9,2086.0,0.0,166.88,2252.88,delivered,Sai Tiwari,141 Park Street,+91 8010555050,upi,2026-06-03T08:46:25.912Z
SYN000541,9,1063.0,0.0,85.04,1148.04,delivered,Sai Tiwari,401 Nehru Nagar,+91 7614595684,cash,2026-01-31T08:46:25.912Z
SYN000542,9,904.0,0.0,72.32,976.32,delivered,Sai Tiwari,410 Banjara Hills,+91 9683448880,upi,2025-12-21T08:46:25.912Z
SYN000543,9,355.0,49.0,28.4,432.4,delivered,Sai Tiwari,350 Brigade Road,+91 7807167941,cash,2026-08-19T08:46:25.912Z
SYN000544,9,625.0,0.0,50.0,675.0,delivered,Sai Tiwari,222 Brigade Road,+91 9068786138,card,2025-11-24T08:46:25.912Z
SYN000545,9,1407.0,0.0,112.56,1519.56,delivered,Sai Tiwari,465 Laxmi Nagar,+91 7575329422,cash,2026-05-13T08:46:25.912Z
SYN000546,9,1682.0,0.0,134.56,1816.56,delivered,Sai Tiwari,454 Brigade Road,+91 8429441481,upi,2026-03-20T08:46:25.912Z
SYN000547,9,2142.0,0.0,171.36,2313.36,delivered,Sai Tiwari,373 Brigade Road,+91 7980942577,card,2026-06-17T08:46:25.912Z
SYN000548,9,1639.0,0.0,131.12,1770.12,delivered,Sai Tiwari,256 Andheri West,+91 8831438040,card,2025-09-02T08:46:25.912Z
SYN000549,9,1272.0,0.0,101.76,1373.76,delivered,Sai Tiwari,65 Salt Lake,+91 9657333396,cash,2026-03-05T08:46:25.912Z
SYN000550,9,1928.0,0.0,154.24,2082.24,delivered,Sai Tiwari,102 Nehru Nagar,+91 8181132288,cash,2026-03-26T08:46:25.912Z
SYN000551,9,2098.0,0.0,167.84,2265.84,delivered,Sai Tiwari,165 Brigade Road,+91 8734341685,cash,2026-03-04T08:46:25.912Z
SYN000552,9,3371.0,0.0,269.68,3640.68,delivered,Sai Tiwari,396 Andheri West,+91 8953776690,cash,2026-04-13T08:46:25.912Z
SYN000553,9,1668.0,0.0,133.44,1801.44,delivered,Sai Tiwari,353 Andheri West,+91 9845360355,card,2025-11-27T08:46:25.912Z
SYN000554,9,2613.0,0.0,209.04,2822.04,delivered,Sai Tiwari,487 Koramangala,+91 7784327578,upi,2025-10-21T08:46:25.912Z
SYN000555,9,901.0,0.0,72.08,973.08,delivered,Sai Tiwari,238 Laxmi Nagar,+91 7172151978,cash,2025-12-27T08:46:25.912Z
SYN000556,9,1970.0,0.0,157.6,2127.6,delivered,Sai Tiwari,495 Nehru Nagar,+91 7097572117,cash,2026-02-10T08:46:25.912Z
SYN000557,9,643.0,0.0,51.44,694.44,delivered,Sai Tiwari,266 Laxmi Nagar,+91 8920616648,card,2026-04-13T08:46:25.912Z
SYN000558,9,1836.0,0.0,146.88,1982.88,delivered,Sai Tiwari,440 Laxmi Nagar,+91 9317277594,upi,2026-04-07T08:46:25.912Z
SYN000559,9,1261.0,0.0,100.88,1361.88,delivered,Sai Tiwari,303 Gandhi Path,+91 7247777392,cash,2026-05-07T08:46:25.912Z
SYN000560,9,2377.0,0.0,190.16,2567.16,delivered,Sai Tiwari,385 MG Road,+91 7820014621,upi,2025-11-19T08:46:25.912Z
SYN000561,9,812.0,0.0,64.96,876.96,delivered,Sai Tiwari,70 Andheri West,+91 9535667760,card,2025-08-26T08:46:25.912Z
SYN000562,9,1330.0,0.0,106.4,1436.4,delivered,Sai Tiwari,21 Andheri West,+91 8603073613,card,2026-02-03T08:46:25.912Z
SYN000563,9,2603.0,0.0,208.24,2811.24,delivered,Sai Tiwari,496 Park Street,+91 8021175843,upi,2026-08-06T08:46:25.912Z
SYN000564,9,1160.0,0.0,92.8,1252.8,delivered,Sai Tiwari,484 Park Street,+91 7769273212,card,2026-06-26T08:46:25.912Z
SYN000565,9,1629.0,0.0,130.32,1759.32,delivered,Sai Tiwari,297 Brigade Road,+91 7660126396,upi,2026-06-02T08:46:25.912Z
SYN000566,9,2383.0,0.0,190.64,2573.64,delivered,Sai Tiwari,196 Laxmi Nagar,+91 7550813845,cash,2026-05-26T08:46:25.912Z
SYN000567,9,1588.0,0.0,127.04,1715.04,delivered,Sai Tiwari,184 Nehru Nagar,+91 8491663545,cash,2026-03-02T08:46:25.912Z
SYN000568,9,3656.0,0.0,292.48,3948.48,delivered,Sai Tiwari,375 Andheri West,+91 8586070678,cash,2026-08-16T08:46:25.912Z
SYN000569,9,1926.0,0.0,154.08,2080.08,delivered,Sai Tiwari,389 Salt Lake,+91 8341081870,card,2026-02-21T08:46:25.912Z
SYN000570,9,1770.0,0.0,141.6,1911.6,delivered,Sai Tiwari,51 Gandhi Path,+91 8474028330,cash,2026-05-08T08:46:25.912Z
SYN000571,9,1320.0,0.0,105.6,1425.6,delivered,Sai Tiwari,397 Banjara Hills,+91 9772219145,upi,2026-05-31T08:46:25.912Z
SYN000572,9,1489.0,0.0,119.12,1608.12,delivered,Sai Tiwari,450 Laxmi Nagar,+91 8950366100,card,2026-07-17T08:46:25.912Z
SYN000573,9,1163.0,0.0,93.04,1256.04,delivered,Sai Tiwari,21 Salt Lake,+91 8124717028,card,2026-02-27T08:46:25.912Z
SYN000574,9,1684.0,0.0,134.72,1818.72,delivered,Sai Tiwari,464 Gandhi Path,+91 9600877207,card,2026-05-25T08:46:25.912Z
SYN000575,9,2417.0,0.0,193.36,2610.36,delivered,Sai Tiwari,165 Laxmi Nagar,+91 7567271381,card,2026-02-03T08:46:25.912Z
SYN000576,9,982.0,0.0,78.56,1060.56,delivered,Sai Tiwari,33 Koramangala,+91 9923071256,cash,2025-09-19T08:46:25.912Z
SYN000577,9,2765.0,0.0,221.2,2986.2,delivered,Sai Tiwari,177 Salt Lake,+91 8735326551,upi,2026-01-18T08:46:25.912Z
SYN000578,9,2225.0,0.0,178.0,2403.0,delivered,Sai Tiwari,14 Nehru Nagar,+91 8715893247,upi,2026-06-18T08:46:25.912Z
SYN000579,9,2351.0,0.0,188.08,2539.08,delivered,Sai Tiwari,137 Brigade Road,+91 8409237962,upi,2025-10-14T08:46:25.912Z
SYN000580,9,1052.0,0.0,84.16,1136.16,delivered,Sai Tiwari,24 Gandhi Path,+91 8775728085,card,2026-03-04T08:46:25.912Z
SYN000581,9,1050.0,0.0,84.0,1134.0,delivered,Sai Tiwari,40 MG Road,+91 7706614100,upi,2026-08-03T08:46:25.912Z
SYN000582,9,2127.0,0.0,170.16,2297.16,delivered,Sai Tiwari,500 Laxmi Nagar,+91 9616169909,upi,2025-10-01T08:46:25.912Z
SYN000583,9,2048.0,0.0,163.84,2211.84,delivered,Sai Tiwari,427 Gandhi Path,+91 8764545678,upi,2026-02-14T08:46:25.912Z
SYN000584,9,881.0,0.0,70.48,951.48,delivered,Sai Tiwari,431 Brigade Road,+91 9814532194,card,2026-07-21T08:46:25.912Z
SYN000585,9,494.0,49.0,39.52,582.52,delivered,Sai Tiwari,77 Gandhi Path,+91 7009774240,card,2025-09-27T08:46:25.912Z
SYN000586,9,1776.0,0.0,142.08,1918.08,delivered,Sai Tiwari,476 Gandhi Path,+91 7422670491,card,2026-05-07T08:46:25.912Z
SYN000587,9,2785.0,0.0,222.8,3007.8,delivered,Sai Tiwari,160 Banjara Hills,+91 9106485867,upi,2026-06-16T08:46:25.912Z
SYN000588,9,2097.0,0.0,167.76,2264.76,delivered,Sai Tiwari,443 Gandhi Path,+91 9816524435,upi,2026-07-05T08:46:25.912Z
SYN000589,9,463.0,49.0,37.04,549.04,delivered,Sai Tiwari,128 Koramangala,+91 9872849745,cash,2025-09-03T08:46:25.912Z
SYN000590,9,844.0,0.0,67.52,911.52,delivered,Sai Tiwari,412 Andheri West,+91 7675362884,upi,2026-03-06T08:46:25.912Z
SYN000591,9,1352.0,0.0,108.16,1460.16,delivered,Sai Tiwari,365 Koramangala,+91 9770276843,card,2025-09-15T08:46:25.912Z
SYN000592,9,2422.0,0.0,193.76,2615.76,delivered,Sai Tiwari,24 Laxmi Nagar,+91 9191856554,upi,2025-11-29T08:46:25.912Z
SYN000593,9,3062.0,0.0,244.96,3306.96,delivered,Sai Tiwari,20 Nehru Nagar,+91 9118011769,card,2026-07-16T08:46:25.912Z
SYN000594,9,803.0,0.0,64.24,867.24,delivered,Sai Tiwari,71 MG Road,+91 8995359722,card,2026-05-01T08:46:25.912Z
SYN000595,9,2295.0,0.0,183.6,2478.6,delivered,Sai Tiwari,412 Park Street,+91 9486199882,cash,2026-01-18T08:46:25.912Z
SYN000596,9,3060.0,0.0,244.8,3304.8,delivered,Sai Tiwari,230 Andheri West,+91 7853161702,cash,2026-07-13T08:46:25.912Z
SYN000597,9,2025.0,0.0,162.0,2187.0,delivered,Sai Tiwari,68 MG Road,+91 7274675926,card,2025-09-03T08:46:25.912Z
SYN000598,9,2713.0,0.0,217.04,2930.04,delivered,Sai Tiwari,36 Laxmi Nagar,+91 9801065599,upi,2025-11-14T08:46:25.912Z
SYN000599,9,1164.0,0.0,93.12,1257.12,delivered,Sai Tiwari,305 Koramangala,+91 8684630844,card,2026-02-03T08:46:25.912Z
SYN000600,9,2919.0,0.0,233.52,3152.52,delivered,Sai Tiwari,139 Gandhi Path,+91 9673926493,cash,2026-08-16T08:46:25.912Z
SYN000601,9,1945.0,0.0,155.6,2100.6,delivered,Sai Tiwari,321 Andheri West,+91 7012964572,cash,2025-11-27T08:46:25.912Z
SYN000602,9,3333.0,0.0,266.64,3599.64,delivered,Sai Tiwari,238 Nehru Nagar,+91 7953235936,card,2026-07-03T08:46:25.912Z
SYN000603,9,1401.0,0.0,112.08,1513.08,delivered,Sai Tiwari,161 Gandhi Path,+91 7114492151,card,2025-10-13T08:46:25.912Z
SYN000604,9,1598.0,0.0,127.84,1725.84,delivered,Sai Tiwari,336 Nehru Nagar,+91 7892348243,upi,2026-05-19T08:46:25.912Z
SYN000605,9,2037.0,0.0,162.96,2199.96,delivered,Sai Tiwari,292 Salt Lake,+91 7695137783,card,2025-11-16T08:46:25.912Z
SYN000606,9,981.0,0.0,78.48,1059.48,delivered,Sai Tiwari,15 Nehru Nagar,+91 7390653717,upi,2025-09-02T08:46:25.912Z
SYN000607,9,3052.0,0.0,244.16,3296.16,delivered,Sai Tiwari,23 Banjara Hills,+91 9123162001,cash,2026-06-30T08:46:25.912Z
SYN000608,9,1639.0,0.0,131.12,1770.12,delivered,Sai Tiwari,480 Koramangala,+91 9418329168,card,2025-09-19T08:46:25.912Z
SYN000609,9,2799.0,0.0,223.92,3022.92,delivered,Sai Tiwari,194 MG Road,+91 7273328991,card,2026-01-08T08:46:25.912Z
SYN000610,9,1507.0,0.0,120.56,1627.56,delivered,Sai Tiwari,290 Salt Lake,+91 7022763022,card,2026-02-04T08:46:25.912Z
SYN000611,9,1951.0,0.0,156.08,2107.08,delivered,Sai Tiwari,370 Park Street,+91 9618726319,card,2026-01-22T08:46:25.912Z
SYN000612,9,2173.0,0.0,173.84,2346.84,delivered,Sai Tiwari,492 MG Road,+91 7266741214,cash,2026-02-09T08:46:25.912Z
SYN000613,9,1268.0,0.0,101.44,1369.44,delivered,Sai Tiwari,425 Andheri West,+91 7318133718,cash,2026-04-30T08:46:25.912Z
SYN000614,9,1468.0,0.0,117.44,1585.44,delivered,Sai Tiwari,132 MG Road,+91 8476690873,upi,2026-01-26T08:46:25.912Z
SYN000615,9,1302.0,0.0,104.16,1406.16,delivered,Sai Tiwari,51 Andheri West,+91 9826935717,card,2025-10-11T08:46:25.912Z
SYN000616,10,2867.0,0.0,229.36,3096.36,delivered,Arnav Iyer,305 Salt Lake,+91 9893357065,cash,2025-12-19T08:46:25.912Z
SYN000617,10,695.0,0.0,55.6,750.6,delivered,Arnav Iyer,226 Brigade Road,+91 8248585781,upi,2026-07-19T08:46:25.912Z
SYN000618,10,2339.0,0.0,187.12,2526.12,delivered,Arnav Iyer,283 Koramangala,+91 7853397918,cash,2025-11-21T08:46:25.912Z
SYN000619,10,522.0,0.0,41.76,563.76,delivered,Arnav Iyer,270 Andheri West,+91 9313669896,cash,2026-04-05T08:46:25.912Z
SYN000620,10,1195.0,0.0,95.6,1290.6,delivered,Arnav Iyer,340 Nehru Nagar,+91 8860529085,cash,2025-10-22T08:46:25.912Z
SYN000621,10,2039.0,0.0,163.12,2202.12,delivered,Arnav Iyer,109 Salt Lake,+91 9749934152,card,2026-06-28T08:46:25.912Z
SYN000622,10,2001.0,0.0,160.08,2161.08,delivered,Arnav Iyer,132 Andheri West,+91 8875210198,upi,2026-05-04T08:46:25.912Z
SYN000623,10,891.0,0.0,71.28,962.28,delivered,Arnav Iyer,310 Banjara Hills,+91 7811058316,upi,2026-02-18T08:46:25.912Z
SYN000624,10,3616.0,0.0,289.28,3905.28,delivered,Arnav Iyer,47 Gandhi Path,+91 7147493647,upi,2026-02-15T08:46:25.912Z
SYN000625,10,2605.0,0.0,208.4,2813.4,delivered,Arnav Iyer,167 Salt Lake,+91 9990536524,cash,2025-09-03T08:46:25.912Z
SYN000626,10,1805.0,0.0,144.4,1949.4,delivered,Arnav Iyer,228 Nehru Nagar,+91 9205536392,upi,2026-06-06T08:46:25.912Z
SYN000627,10,684.0,0.0,54.72,738.72,delivered,Arnav Iyer,210 Banjara Hills,+91 8131471430,upi,2026-05-03T08:46:25.912Z
SYN000628,10,2516.0,0.0,201.28,2717.28,delivered,Arnav Iyer,231 Koramangala,+91 7384744901,card,2026-06-15T08:46:25.912Z
SYN000629,10,704.0,0.0,56.32,760.32,delivered,Arnav Iyer,437 Brigade Road,+91 9863829599,cash,2025-11-01T08:46:25.912Z
SYN000630,10,2567.0,0.0,205.36,2772.36,delivered,Arnav Iyer,68 Salt Lake,+91 9537529049,card,2025-12-28T08:46:25.912Z
SYN000631,10,975.0,0.0,78.0,1053.0,delivered,Arnav Iyer,391 Andheri West,+91 7924338582,card,2025-11-02T08:46:25.912Z
SYN000632,10,2378.0,0.0,190.24,2568.24,delivered,Arnav Iyer,10 Nehru Nagar,+91 9034181610,upi,2026-06-15T08:46:25.912Z
SYN000633,10,889.0,0.0,71.12,960.12,delivered,Arnav Iyer,36 Laxmi Nagar,+91 7020237073,upi,2026-02-06T08:46:25.912Z
SYN000634,10,1992.0,0.0,159.36,2151.36,delivered,Arnav Iyer,152 Laxmi Nagar,+91 8510823539,card,2025-09-28T08:46:25.912Z
SYN000635,10,1423.0,0.0,113.84,1536.84,delivered,Arnav Iyer,9 Nehru Nagar,+91 9879546935,card,2025-11-02T08:46:25.912Z
SYN000636,10,845.0,0.0,67.6,912.6,delivered,Arnav Iyer,24 Andheri West,+91 8996480387,card,2026-07-23T08:46:25.912Z
SYN000637,10,842.0,0.0,67.36,909.36,delivered,Arnav Iyer,114 Andheri West,+91 8035534537,cash,2026-05-06T08:46:25.912Z
SYN000638,10,1642.0,0.0,131.36,1773.36,delivered,Arnav Iyer,89 MG Road,+91 9468088323,card,2026-06-13T08:46:25.912Z
SYN000639,10,1272.0,0.0,101.76,1373.76,delivered,Arnav Iyer,403 Banjara Hills,+91 9302370022,upi,2025-09-16T08:46:25.912Z
SYN000640,10,2887.0,0.0,230.96,3117.96,delivered,Arnav Iyer,218 Salt Lake,+91 7767469339,card,2026-04-08T08:46:25.912Z
SYN000641,10,2658.0,0.0,212.64,2870.64,delivered,Arnav Iyer,285 Andheri West,+91 7054298385,card,2025-11-03T08:46:25.912Z
SYN000642,10,1371.0,0.0,109.68,1480.68,delivered,Arnav Iyer,223 Gandhi Path,+91 8766449204,cash,2026-06-20T08:46:25.912Z
SYN000643,10,1071.0,0.0,85.68,1156.68,delivered,Arnav Iyer,67 Koramangala,+91 9133157767,cash,2025-12-09T08:46:25.912Z
SYN000644,10,2108.0,0.0,168.64,2276.64,delivered,Arnav Iyer,70 MG Road,+91 9412165161,cash,2026-02-28T08:46:25.912Z
SYN000645,10,1368.0,0.0,109.44,1477.44,delivered,Arnav Iyer,377 Gandhi Path,+91 7957115528,card,2026-06-08T08:46:25.912Z
SYN000646,10,1977.0,0.0,158.16,2135.16,delivered,Arnav Iyer,206 Gandhi Path,+91 8237234102,cash,2025-10-26T08:46:25.912Z
SYN000647,10,1042.0,0.0,83.36,1125.36,delivered,Arnav Iyer,460 Laxmi Nagar,+91 9276224751,upi,2026-08-10T08:46:25.912Z
SYN000648,10,1331.0,0.0,106.48,1437.48,delivered,Arnav Iyer,473 Nehru Nagar,+91 9188585661,card,2025-08-31T08:46:25.912Z
SYN000649,10,723.0,0.0,57.84,780.84,delivered,Arnav Iyer,12 Andheri West,+91 9957517917,card,2026-02-24T08:46:25.912Z
SYN000650,10,923.0,0.0,73.84,996.84,delivered,Arnav Iyer,72 Brigade Road,+91 9787425845,cash,2026-01-25T08:46:25.912Z
SYN000651,10,2041.0,0.0,163.28,2204.28,delivered,Arnav Iyer,14 Gandhi Path,+91 8197472497,cash,2026-05-23T08:46:25.912Z
SYN000652,10,615.0,0.0,49.2,664.2,delivered,Arnav Iyer,140 Nehru Nagar,+91 9669869904,upi,2026-02-06T08:46:25.912Z
SYN000653,10,1542.0,0.0,123.36,1665.36,delivered,Arnav Iyer,33 Laxmi Nagar,+91 7508583720,upi,2026-04-08T08:46:25.912Z
SYN000654,10,1132.0,0.0,90.56,1222.56,delivered,Arnav Iyer,288 Laxmi Nagar,+91 8884175533,cash,2026-01-13T08:46:25.912Z
SYN000655,10,1445.0,0.0,115.6,1560.6,delivered,Arnav Iyer,348 Banjara Hills,+91 8478246141,cash,2026-06-03T08:46:25.912Z
SYN000656,10,1643.0,0.0,131.44,1774.44,delivered,Arnav Iyer,199 Andheri West,+91 9446779263,card,2026-02-08T08:46:25.912Z
SYN000657,10,1031.0,0.0,82.48,1113.48,delivered,Arnav Iyer,392 MG Road,+91 7211876449,cash,2026-04-08T08:46:25.912Z
SYN000658,10,1408.0,0.0,112.64,1520.64,delivered,Arnav Iyer,343 MG Road,+91 9905298729,card,2026-04-18T08:46:25.912Z
SYN000659,10,1242.0,0.0,99.36,1341.36,delivered,Arnav Iyer,248 Park Street,+91 8692933038,cash,2025-11-26T08:46:25.912Z
SYN000660,10,903.0,0.0,72.24,975.24,delivered,Arnav Iyer,431 Gandhi Path,+91 7012466647,card,2025-10-09T08:46:25.912Z
SYN000661,10,1246.0,0.0,99.68,1345.68,delivered,Arnav Iyer,500 Brigade Road,+91 7240919941,card,2026-02-16T08:46:25.912Z
SYN000662,10,1061.0,0.0,84.88,1145.88,delivered,Arnav Iyer,197 Andheri West,+91 7289441082,card,2026-04-29T08:46:25.912Z
SYN000663,10,1332.0,0.0,106.56,1438.56,delivered,Arnav Iyer,223 Banjara Hills,+91 9363754449,card,2025-12-28T08:46:25.912Z
SYN000664,10,1682.0,0.0,134.56,1816.56,delivered,Arnav Iyer,90 Brigade Road,+91 7747250794,cash,2026-04-13T08:46:25.912Z
SYN000665,10,1893.0,0.0,151.44,2044.44,delivered,Arnav Iyer,458 Gandhi Path,+91 7565288303,upi,2025-11-17T08:46:25.912Z
SYN000666,10,1494.0,0.0,119.52,1613.52,delivered,Arnav Iyer,271 Andheri West,+91 8565234470,card,2026-05-09T08:46:25.912Z
SYN000667,10,396.0,49.0,31.68,476.68,delivered,Arnav Iyer,184 Koramangala,+91 7044971509,card,2026-08-11T08:46:25.912Z
SYN000668,10,3336.0,0.0,266.88,3602.88,delivered,Arnav Iyer,159 Brigade Road,+91 9385546658,upi,2026-01-03T08:46:25.912Z
SYN000669,10,1497.0,0.0,119.76,1616.76,delivered,Arnav Iyer,410 Nehru Nagar,+91 8568412704,cash,2026-03-10T08:46:25.912Z
SYN000670,10,1681.0,0.0,134.48,1815.48,delivered,Arnav Iyer,61 Salt Lake,+91 7392539938,upi,2026-01-19T08:46:25.912Z
SYN000671,10,1999.0,0.0,159.92,2158.92,delivered,Arnav Iyer,129 Koramangala,+91 8578752872,cash,2026-08-03T08:46:25.912Z
SYN000672,10,3640.0,0.0,291.2,3931.2,delivered,Arnav Iyer,221 Laxmi Nagar,+91 9765475832,upi,2025-12-08T08:46:25.912Z
SYN000673,10,903.0,0.0,72.24,975.24,delivered,Arnav Iyer,380 MG Road,+91 7637378404,cash,2026-02-11T08:46:25.912Z
SYN000674,10,1451.0,0.0,116.08,1567.08,delivered,Arnav Iyer,217 Koramangala,+91 7753484018,card,2026-02-15T08:46:25.912Z
SYN000675,10,2030.0,0.0,162.4,2192.4,delivered,Arnav Iyer,58 Laxmi Nagar,+91 7914015556,card,2026-05-07T08:46:25.912Z
SYN000676,10,1094.0,0.0,87.52,1181.52,delivered,Arnav Iyer,86 Koramangala,+91 9083563493,upi,2026-05-27T08:46:25.912Z
SYN000677,10,2120.0,0.0,169.6,2289.6,delivered,Arnav Iyer,125 Koramangala,+91 8232320351,cash,2026-02-27T08:46:25.912Z
SYN000678,10,2260.0,0.0,180.8,2440.8,delivered,Arnav Iyer,484 Brigade Road,+91 7481930065,cash,2026-03-16T08:46:25.912Z
SYN000679,10,2627.0,0.0,210.16,2837.16,delivered,Arnav Iyer,318 Nehru Nagar,+91 9107022926,upi,2026-04-23T08:46:25.912Z
SYN000680,10,2071.0,0.0,165.68,2236.68,delivered,Arnav Iyer,165 Salt Lake,+91 8036726834,upi,2026-04-20T08:46:25.912Z
SYN000681,10,1432.0,0.0,114.56,1546.56,delivered,Arnav Iyer,400 Banjara Hills,+91 9813571797,cash,2026-04-13T08:46:25.912Z
SYN000682,10,623.0,0.0,49.84,672.84,delivered,Arnav Iyer,457 Banjara Hills,+91 7668281701,upi,2026-02-02T08:46:25.912Z
SYN000683,10,901.0,0.0,72.08,973.08,delivered,Arnav Iyer,88 Salt Lake,+91 8612669034,card,2026-02-07T08:46:25.912Z
SYN000684,10,1710.0,0.0,136.8,1846.8,delivered,Arnav Iyer,323 Andheri West,+91 9411735086,upi,2026-03-19T08:46:25.912Z
SYN000685,10,1343.0,0.0,107.44,1450.44,delivered,Arnav Iyer,214 Salt Lake,+91 8121078465,card,2026-03-11T08:46:25.912Z
SYN000686,10,1981.0,0.0,158.48,2139.48,delivered,Arnav Iyer,8 MG Road,+91 7487058824,upi,2026-05-24T08:46:25.912Z
SYN000687,10,394.0,49.0,31.52,474.52,delivered,Arnav Iyer,365 Koramangala,+91 9287769431,card,2026-01-28T08:46:25.912Z
SYN000688,10,2058.0,0.0,164.64,2222.64,delivered,Arnav Iyer,30 Banjara Hills,+91 8455410531,cash,2025-09-04T08:46:25.912Z
SYN000689,10,2826.0,0.0,226.08,3052.08,delivered,Arnav Iyer,473 Andheri West,+91 8817491175,cash,2026-02-16T08:46:25.912Z
SYN000690,10,2748.0,0.0,219.84,2967.84,delivered,Arnav Iyer,218 Nehru Nagar,+91 8327146385,upi,2025-11-27T08:46:25.912Z
SYN000691,10,2299.0,0.0,183.92,2482.92,delivered,Arnav Iyer,258 Park Street,+91 9798682404,cash,2025-11-22T08:46:25.912Z
SYN000692,10,603.0,0.0,48.24,651.24,delivered,Arnav Iyer,164 Gandhi Path,+91 9962038347,upi,2025-10-18T08:46:25.912Z
SYN000693,10,2307.0,0.0,184.56,2491.56,delivered,Arnav Iyer,219 MG Road,+91 9670891396,card,2025-09-30T08:46:25.912Z
SYN000694,10,1401.0,0.0,112.08,1513.08,delivered,Arnav Iyer,85 Nehru Nagar,+91 9158650448,card,2025-09-11T08:46:25.912Z
SYN000695,10,2298.0,0.0,183.84,2481.84,delivered,Arnav Iyer,373 Park Street,+91 8881459329,cash,2026-05-28T08:46:25.912Z
SYN000696,10,505.0,0.0,40.4,545.4,delivered,Arnav Iyer,141 Salt Lake,+91 7729729290,cash,2026-01-07T08:46:25.912Z
SYN000697,10,932.0,0.0,74.56,1006.56,delivered,Arnav Iyer,399 Salt Lake,+91 7526928927,upi,2026-07-22T08:46:25.912Z
SYN000698,10,1113.0,0.0,89.04,1202.04,delivered,Arnav Iyer,429 Banjara Hills,+91 9803284626,cash,2026-04-02T08:46:25.912Z
SYN000699,10,823.0,0.0,65.84,888.84,delivered,Arnav Iyer,237 Salt Lake,+91 9923349820,cash,2025-09-01T08:46:25.912Z
SYN000700,10,1302.0,0.0,104.16,1406.16,delivered,Arnav Iyer,224 Koramangala,+91 9392565022,cash,2025-09-18T08:46:25.912Z
SYN000701,10,2088.0,0.0,167.04,2255.04,delivered,Arnav Iyer,22 Brigade Road,+91 7945271334,upi,2026-02-13T08:46:25.912Z
SYN000702,10,1690.0,0.0,135.2,1825.2,delivered,Arnav Iyer,381 Park Street,+91 8282115740,cash,2026-01-10T08:46:25.912Z
SYN000703,10,1364.0,0.0,109.12,1473.12,delivered,Arnav Iyer,120 Salt Lake,+91 9894662045,cash,2026-05-15T08:46:25.912Z
SYN000704,10,1041.0,0.0,83.28,1124.28,delivered,Arnav Iyer,130 Laxmi Nagar,+91 7261060827,upi,2025-12-15T08:46:25.912Z
SYN000705,10,567.0,0.0,45.36,612.36,delivered,Arnav Iyer,171 Park Street,+91 8615715878,upi,2026-06-20T08:46:25.912Z
SYN000706,10,1751.0,0.0,140.08,1891.08,delivered,Arnav Iyer,106 MG Road,+91 8532082338,upi,2026-03-13T08:46:25.912Z
SYN000707,10,1628.0,0.0,130.24,1758.24,delivered,Arnav Iyer,94 Gandhi Path,+91 8266847558,upi,2025-12-01T08:46:25.912Z
SYN000708,10,1929.0,0.0,154.32,2083.32,delivered,Arnav Iyer,44 Salt Lake,+91 9610729451,card,2026-03-16T08:46:25.912Z
SYN000709,10,1808.0,0.0,144.64,1952.64,delivered,Arnav Iyer,413 Nehru Nagar,+91 7147611262,upi,2026-02-15T08:46:25.912Z
SYN000710,10,2608.0,0.0,208.64,2816.64,delivered,Arnav Iyer,290 Park Street,+91 9396325188,cash,2025-11-11T08:46:25.912Z
SYN000711,10,1298.0,0.0,103.84,1401.84,delivered,Arnav Iyer,353 Koramangala,+91 8968833875,card,2025-10-03T08:46:25.912Z
SYN000712,10,1992.0,0.0,159.36,2151.36,delivered,Arnav Iyer,441 Park Street,+91 9889027725,cash,2026-07-14T08:46:25.912Z
SYN000713,10,1250.0,0.0,100.0,1350.0,delivered,Arnav Iyer,231 Banjara Hills,+91 8622378582,card,2026-07-25T08:46:25.912Z
SYN000714,10,623.0,0.0,49.84,672.84,delivered,Arnav Iyer,294 Koramangala,+91 8916742780,card,2026-05-27T08:46:25.912Z
SYN000715,10,1841.0,0.0,147.28,1988.28,delivered,Arnav Iyer,64 Park Street,+91 9031829380,cash,2026-06-03T08:46:25.912Z
SYN000716,10,2568.0,0.0,205.44,2773.44,delivered,Arnav Iyer,78 Brigade Road,+91 9854520899,card,2026-04-02T08:46:25.912Z
SYN000717,10,1839.0,0.0,147.12,1986.12,delivered,Arnav Iyer,181 Salt Lake,+91 8895483841,card,2026-02-17T08:46:25.912Z
SYN000718,10,805.0,0.0,64.4,869.4,delivered,Arnav Iyer,270 Gandhi Path,+91 7763833390,cash,2026-02-04T08:46:25.912Z
SYN000719,10,1243.0,0.0,99.44,1342.44,delivered,Arnav Iyer,3 Koramangala,+91 9775053361,card,2026-02-10T08:46:25.912Z
SYN000720,10,1561.0,0.0,124.88,1685.88,delivered,Arnav Iyer,345 Park Street,+91 8353234826,cash,2026-08-10T08:46:25.912Z
SYN000721,10,2103.0,0.0,168.24,2271.24,delivered,Arnav Iyer,485 Andheri West,+91 8686365081,cash,2026-06-28T08:46:25.912Z
SYN000722,10,1392.0,0.0,111.36,1503.36,delivered,Arnav Iyer,339 Gandhi Path,+91 8558983635,cash,2026-07-13T08:46:25.912Z
SYN000723,10,1989.0,0.0,159.12,2148.12,delivered,Arnav Iyer,121 Koramangala,+91 8342122637,upi,2026-05-31T08:46:25.912Z
SYN000724,10,605.0,0.0,48.4,653.4,delivered,Arnav Iyer,207 Laxmi Nagar,+91 7222298472,upi,2026-01-02T08:46:25.912Z
SYN000725,10,673.0,0.0,53.84,726.84,delivered,Arnav Iyer,490 Gandhi Path,+91 7707780552,card,2026-02-16T08:46:25.912Z
SYN000726,10,2609.0,0.0,208.72,2817.72,delivered,Arnav Iyer,69 Brigade Road,+91 7952212866,cash,2025-11-18T08:46:25.912Z
SYN000727,10,1907.0,0.0,152.56,2059.56,delivered,Arnav Iyer,332 Nehru Nagar,+91 9064457623,card,2025-11-30T08:46:25.912Z
SYN000728,10,1560.0,0.0,124.8,1684.8,delivered,Arnav Iyer,174 Gandhi Path,+91 9516960287,upi,2026-04-28T08:46:25.912Z
SYN000729,10,1035.0,0.0,82.8,1117.8,delivered,Arnav Iyer,291 Banjara Hills,+91 8045346847,cash,2026-07-31T08:46:25.912Z
SYN000730,10,383.0,49.0,30.64,462.64,delivered,Arnav Iyer,21 MG Road,+91 9830224466,card,2026-03-14T08:46:25.912Z
SYN000731,10,624.0,0.0,49.92,673.92,delivered,Arnav Iyer,462 Laxmi Nagar,+91 9772450508,upi,2025-10-10T08:46:25.912Z
SYN000732,10,623.0,0.0,49.84,672.84,delivered,Arnav Iyer,122 Andheri West,+91 7406333303,upi,2025-10-02T08:46:25.912Z
SYN000733,10,777.0,0.0,62.16,839.16,delivered,Arnav Iyer,198 Brigade Road,+91 8271224427,cash,2025-09-30T08:46:25.912Z
SYN000734,10,1114.0,0.0,89.12,1203.12,delivered,Arnav Iyer,13 Park Street,+91 9930667272,cash,2026-07-13T08:46:25.912Z
SYN000735,10,1943.0,0.0,155.44,2098.44,delivered,Arnav Iyer,123 Gandhi Path,+91 8592112476,card,2026-03-25T08:46:25.912Z
SYN000736,10,1413.0,0.0,113.04,1526.04,delivered,Arnav Iyer,268 Salt Lake,+91 9833340615,cash,2025-12-18T08:46:25.912Z
SYN000737,10,433.0,49.0,34.64,516.64,delivered,Arnav Iyer,428 Andheri West,+91 8401788493,cash,2026-03-12T08:46:25.912Z
SYN000738,10,2237.0,0.0,178.96,2415.96,delivered,Arnav Iyer,314 Andheri West,+91 9164063174,cash,2026-07-24T08:46:25.912Z
SYN000739,10,755.0,0.0,60.4,815.4,delivered,Arnav Iyer,183 Brigade Road,+91 7816960060,card,2026-08-01T08:46:25.912Z
SYN000740,10,903.0,0.0,72.24,975.24,delivered,Arnav Iyer,31 Andheri West,+91 9559283751,upi,2026-01-27T08:46:25.912Z
SYN000741,10,1899.0,0.0,151.92,2050.92,delivered,Arnav Iyer,127 Brigade Road,+91 8095094076,upi,2026-08-19T08:46:25.912Z
SYN000742,10,1342.0,0.0,107.36,1449.36,delivered,Arnav Iyer,405 Nehru Nagar,+91 7089012077,upi,2025-10-19T08:46:25.912Z
SYN000743,10,1407.0,0.0,112.56,1519.56,delivered,Arnav Iyer,97 Brigade Road,+91 7878794019,cash,2026-06-07T08:46:25.912Z
SYN000744,10,1523.0,0.0,121.84,1644.84,delivered,Arnav Iyer,226 Nehru Nagar,+91 7204523014,card,2026-03-31T08:46:25.912Z
SYN000745,10,1260.0,0.0,100.8,1360.8,delivered,Arnav Iyer,126 Gandhi Path,+91 7532130118,upi,2025-09-04T08:46:25.912Z
SYN000746,10,933.0,0.0,74.64,1007.64,delivered,Arnav Iyer,151 Brigade Road,+91 7857686625,card,2025-09-13T08:46:25.912Z
SYN000747,10,1450.0,0.0,116.0,1566.0,delivered,Arnav Iyer,221 Salt Lake,+91 9276458846,upi,2026-02-03T08:46:25.912Z
SYN000748,10,1521.0,0.0,121.68,1642.68,delivered,Arnav Iyer,121 Koramangala,+91 9894270795,cash,2025-11-15T08:46:25.912Z
SYN000749,11,4641.0,0.0,371.28,5012.28,delivered,Dhruv Iyer,68 Gandhi Path,+91 7407385232,cash,2025-09-18T08:46:25.912Z
SYN000750,11,3028.0,0.0,242.24,3270.24,delivered,Dhruv Iyer,384 Gandhi Path,+91 7411628239,cash,2025-09-15T08:46:25.912Z
SYN000751,11,1378.0,0.0,110.24,1488.24,delivered,Dhruv Iyer,112 Andheri West,+91 8994112524,card,2026-03-31T08:46:25.912Z
SYN000752,11,3533.0,0.0,282.64,3815.64,delivered,Dhruv Iyer,451 Nehru Nagar,+91 7834761972,card,2026-02-27T08:46:25.912Z
SYN000753,11,2989.0,0.0,239.12,3228.12,delivered,Dhruv Iyer,148 Brigade Road,+91 9637950122,upi,2026-08-17T08:46:25.912Z
SYN000754,11,2440.0,0.0,195.2,2635.2,delivered,Dhruv Iyer,231 Andheri West,+91 7937423399,cash,2025-09-30T08:46:25.912Z
SYN000755,11,3693.0,0.0,295.44,3988.44,delivered,Dhruv Iyer,461 Nehru Nagar,+91 9891994487,card,2026-07-03T08:46:25.912Z
SYN000756,11,3054.0,0.0,244.32,3298.32,delivered,Dhruv Iyer,285 Gandhi Path,+91 7896410553,card,2026-03-06T08:46:25.912Z
SYN000757,11,4362.0,0.0,348.96,4710.96,delivered,Dhruv Iyer,206 Nehru Nagar,+91 7130529584,cash,2026-06-24T08:46:25.912Z
SYN000758,11,3888.0,0.0,311.04,4199.04,delivered,Dhruv Iyer,287 MG Road,+91 7347951849,cash,2025-12-13T08:46:25.912Z
SYN000759,11,3142.0,0.0,251.36,3393.36,delivered,Dhruv Iyer,186 MG Road,+91 7000655220,card,2026-07-03T08:46:25.912Z
SYN000760,11,2868.0,0.0,229.44,3097.44,delivered,Dhruv Iyer,298 Salt Lake,+91 7779614492,upi,2025-11-28T08:46:25.912Z
SYN000761,11,4232.0,0.0,338.56,4570.56,delivered,Dhruv Iyer,45 Koramangala,+91 8375268691,card,2026-04-30T08:46:25.912Z
SYN000762,11,2040.0,0.0,163.2,2203.2,delivered,Dhruv Iyer,1 Nehru Nagar,+91 7870171002,upi,2025-09-13T08:46:25.912Z
SYN000763,11,3695.0,0.0,295.6,3990.6,delivered,Dhruv Iyer,19 Gandhi Path,+91 9687535566,card,2026-03-25T08:46:25.912Z
SYN000764,11,3293.0,0.0,263.44,3556.44,delivered,Dhruv Iyer,206 MG Road,+91 8770869914,upi,2026-04-04T08:46:25.912Z
SYN000765,11,4155.0,0.0,332.4,4487.4,delivered,Dhruv Iyer,178 Park Street,+91 7509977705,upi,2026-08-04T08:46:25.912Z
SYN000766,11,3116.0,0.0,249.28,3365.28,delivered,Dhruv Iyer,60 Park Street,+91 7679583071,upi,2025-09-22T08:46:25.912Z
SYN000767,11,1391.0,0.0,111.28,1502.28,delivered,Dhruv Iyer,106 Salt Lake,+91 7355852460,cash,2025-09-26T08:46:25.912Z
SYN000768,11,3886.0,0.0,310.88,4196.88,delivered,Dhruv Iyer,62 Banjara Hills,+91 9670263374,card,2026-05-28T08:46:25.912Z
SYN000769,11,3323.0,0.0,265.84,3588.84,delivered,Dhruv Iyer,444 Park Street,+91 7484565675,cash,2026-07-25T08:46:25.912Z
SYN000770,11,3287.0,0.0,262.96,3549.96,delivered,Dhruv Iyer,499 Andheri West,+91 9515570865,cash,2025-12-29T08:46:25.912Z
SYN000771,11,3992.0,0.0,319.36,4311.36,delivered,Dhruv Iyer,53 Banjara Hills,+91 9646598146,upi,2026-04-30T08:46:25.912Z
SYN000772,11,1543.0,0.0,123.44,1666.44,delivered,Dhruv Iyer,74 Andheri West,+91 7264329487,cash,2026-04-04T08:46:25.912Z
SYN000773,11,4310.0,0.0,344.8,4654.8,delivered,Dhruv Iyer,305 Park Street,+91 9688955808,card,2026-02-19T08:46:25.912Z
SYN000774,11,1740.0,0.0,139.2,1879.2,delivered,Dhruv Iyer,367 Andheri West,+91 8992015522,cash,2026-03-31T08:46:25.912Z
SYN000775,11,2627.0,0.0,210.16,2837.16,delivered,Dhruv Iyer,370 Laxmi Nagar,+91 9354174070,upi,2026-04-26T08:46:25.912Z
SYN000776,11,2637.0,0.0,210.96,2847.96,delivered,Dhruv Iyer,39 Laxmi Nagar,+91 7146948836,card,2025-12-19T08:46:25.912Z
SYN000777,11,3021.0,0.0,241.68,3262.68,delivered,Dhruv Iyer,286 Laxmi Nagar,+91 9590186968,card,2026-06-09T08:46:25.912Z
SYN000778,11,3214.0,0.0,257.12,3471.12,delivered,Dhruv Iyer,321 Koramangala,+91 7980263527,cash,2025-12-31T08:46:25.912Z
SYN000779,11,1871.0,0.0,149.68,2020.68,delivered,Dhruv Iyer,475 Laxmi Nagar,+91 8952835844,card,2026-07-12T08:46:25.912Z
SYN000780,11,4190.0,0.0,335.2,4525.2,delivered,Dhruv Iyer,430 Koramangala,+91 7333642772,cash,2026-06-29T08:46:25.912Z
SYN000781,11,3035.0,0.0,242.8,3277.8,delivered,Dhruv Iyer,465 Gandhi Path,+91 9261733738,upi,2025-10-08T08:46:25.912Z
SYN000782,11,2136.0,0.0,170.88,2306.88,delivered,Dhruv Iyer,285 Park Street,+91 7369683346,upi,2026-02-18T08:46:25.912Z
SYN000783,11,4038.0,0.0,323.04,4361.04,delivered,Dhruv Iyer,74 MG Road,+91 7141599135,card,2025-12-22T08:46:25.912Z
SYN000784,11,2592.0,0.0,207.36,2799.36,delivered,Dhruv Iyer,102 Salt Lake,+91 8066523885,upi,2025-12-04T08:46:25.912Z
SYN000785,11,4373.0,0.0,349.84,4722.84,delivered,Dhruv Iyer,210 Nehru Nagar,+91 9365548700,cash,2025-09-22T08:46:25.912Z
SYN000786,11,2607.0,0.0,208.56,2815.56,delivered,Dhruv Iyer,141 Park Street,+91 7358175392,upi,2025-09-07T08:46:25.912Z
SYN000787,11,4522.0,0.0,361.76,4883.76,delivered,Dhruv Iyer,227 Gandhi Path,+91 9459948331,cash,2026-03-10T08:46:25.912Z
SYN000788,11,3516.0,0.0,281.28,3797.28,delivered,Dhruv Iyer,220 Park Street,+91 8843470505,cash,2025-11-26T08:46:25.912Z
SYN000789,11,4261.0,0.0,340.88,4601.88,delivered,Dhruv Iyer,465 MG Road,+91 9434530161,cash,2026-01-07T08:46:25.912Z
SYN000790,11,3791.0,0.0,303.28,4094.28,delivered,Dhruv Iyer,403 Andheri West,+91 8289057095,upi,2026-01-11T08:46:25.912Z
SYN000791,11,2925.0,0.0,234.0,3159.0,delivered,Dhruv Iyer,339 MG Road,+91 7817550244,card,2026-04-20T08:46:25.912Z
SYN000792,11,3583.0,0.0,286.64,3869.64,delivered,Dhruv Iyer,246 MG Road,+91 8081671071,upi,2026-08-04T08:46:25.912Z
SYN000793,11,2442.0,0.0,195.36,2637.36,delivered,Dhruv Iyer,493 Salt Lake,+91 7576017693,upi,2025-11-05T08:46:25.912Z
SYN000794,11,3123.0,0.0,249.84,3372.84,delivered,Dhruv Iyer,256 Park Street,+91 7117339425,cash,2025-12-19T08:46:25.912Z
SYN000795,11,4670.0,0.0,373.6,5043.6,delivered,Dhruv Iyer,30 Gandhi Path,+91 7388145362,upi,2026-05-28T08:46:25.912Z
SYN000796,11,5181.0,0.0,414.48,5595.48,delivered,Dhruv Iyer,207 Gandhi Path,+91 8808524582,cash,2026-06-03T08:46:25.912Z
SYN000797,11,4032.0,0.0,322.56,4354.56,delivered,Dhruv Iyer,226 Banjara Hills,+91 9779170616,upi,2026-02-15T08:46:25.912Z
SYN000798,11,2151.0,0.0,172.08,2323.08,delivered,Dhruv Iyer,242 Salt Lake,+91 9387459175,cash,2026-06-21T08:46:25.912Z
SYN000799,11,1691.0,0.0,135.28,1826.28,delivered,Dhruv Iyer,186 Salt Lake,+91 9098181387,cash,2026-01-10T08:46:25.912Z
SYN000800,11,5547.0,0.0,443.76,5990.76,delivered,Dhruv Iyer,142 Andheri West,+91 9853426368,upi,2026-07-22T08:46:25.912Z
SYN000801,11,1973.0,0.0,157.84,2130.84,delivered,Dhruv Iyer,406 Park Street,+91 8599675207,cash,2026-05-12T08:46:25.912Z
SYN000802,11,2526.0,0.0,202.08,2728.08,delivered,Dhruv Iyer,245 Brigade Road,+91 9580433525,cash,2025-11-28T08:46:25.912Z
SYN000803,11,5110.0,0.0,408.8,5518.8,delivered,Dhruv Iyer,293 Gandhi Path,+91 8906587809,card,2026-08-12T08:46:25.912Z
SYN000804,11,1797.0,0.0,143.76,1940.76,delivered,Dhruv Iyer,151 Salt Lake,+91 8258910412,cash,2026-01-05T08:46:25.912Z
SYN000805,11,2989.0,0.0,239.12,3228.12,delivered,Dhruv Iyer,26 Gandhi Path,+91 7100325275,upi,2026-01-16T08:46:25.912Z
SYN000806,11,3603.0,0.0,288.24,3891.24,delivered,Dhruv Iyer,270 Banjara Hills,+91 8610248629,upi,2026-03-09T08:46:25.912Z
SYN000807,11,3751.0,0.0,300.08,4051.08,delivered,Dhruv Iyer,168 Salt Lake,+91 8867285837,cash,2026-04-26T08:46:25.912Z
SYN000808,11,4769.0,0.0,381.52,5150.52,delivered,Dhruv Iyer,378 MG Road,+91 8796032910,card,2025-11-08T08:46:25.912Z
SYN000809,11,3016.0,0.0,241.28,3257.28,delivered,Dhruv Iyer,91 Salt Lake,+91 9671234956,card,2026-01-12T08:46:25.912Z
SYN000810,11,3937.0,0.0,314.96,4251.96,delivered,Dhruv Iyer,215 Koramangala,+91 7293578353,card,2025-12-16T08:46:25.912Z
SYN000811,11,2239.0,0.0,179.12,2418.12,delivered,Dhruv Iyer,39 Banjara Hills,+91 8681796728,cash,2026-07-25T08:46:25.912Z
SYN000812,11,1980.0,0.0,158.4,2138.4,delivered,Dhruv Iyer,461 Salt Lake,+91 7427288451,cash,2025-11-24T08:46:25.912Z
SYN000813,11,2515.0,0.0,201.2,2716.2,delivered,Dhruv Iyer,186 Andheri West,+91 9460657418,cash,2025-11-04T08:46:25.912Z
SYN000814,11,3388.0,0.0,271.04,3659.04,delivered,Dhruv Iyer,71 Park Street,+91 8870961162,cash,2026-03-31T08:46:25.912Z
SYN000815,11,1452.0,0.0,116.16,1568.16,delivered,Dhruv Iyer,400 Gandhi Path,+91 7316993355,cash,2026-01-22T08:46:25.912Z
SYN000816,11,3301.0,0.0,264.08,3565.08,delivered,Dhruv Iyer,339 Koramangala,+91 7287723272,card,2025-09-15T08:46:25.912Z
SYN000817,11,2726.0,0.0,218.08,2944.08,delivered,Dhruv Iyer,33 Brigade Road,+91 7671327133,card,2026-08-09T08:46:25.912Z
SYN000818,11,4322.0,0.0,345.76,4667.76,delivered,Dhruv Iyer,467 Gandhi Path,+91 8061525598,upi,2026-04-27T08:46:25.912Z
SYN000819,11,2885.0,0.0,230.8,3115.8,delivered,Dhruv Iyer,12 Park Street,+91 7703825242,card,2025-12-17T08:46:25.912Z
SYN000820,11,4185.0,0.0,334.8,4519.8,delivered,Dhruv Iyer,357 Laxmi Nagar,+91 7021584453,upi,2026-03-10T08:46:25.912Z
SYN000821,11,2854.0,0.0,228.32,3082.32,delivered,Dhruv Iyer,395 Koramangala,+91 7677917180,upi,2026-06-23T08:46:25.912Z
SYN000822,11,4712.0,0.0,376.96,5088.96,delivered,Dhruv Iyer,430 Andheri West,+91 7886377979,upi,2026-01-06T08:46:25.912Z
SYN000823,11,2091.0,0.0,167.28,2258.28,delivered,Dhruv Iyer,129 Nehru Nagar,+91 8914394123,card,2026-08-12T08:46:25.912Z
SYN000824,11,3284.0,0.0,262.72,3546.72,delivered,Dhruv Iyer,109 MG Road,+91 8338051317,upi,2026-07-12T08:46:25.912Z
SYN000825,11,2968.0,0.0,237.44,3205.44,delivered,Dhruv Iyer,367 Gandhi Path,+91 8825972306,card,2026-05-04T08:46:25.912Z
SYN000826,11,1492.0,0.0,119.36,1611.36,delivered,Dhruv Iyer,403 MG Road,+91 8657948229,cash,2025-12-28T08:46:25.912Z
SYN000827,11,3983.0,0.0,318.64,4301.64,delivered,Dhruv Iyer,196 Salt Lake,+91 8801569814,upi,2026-06-28T08:46:25.912Z
SYN000828,12,4231.0,0.0,338.48,4569.48,delivered,Kabir Gupta,288 Gandhi Path,+91 8500557105,card,2025-12-29T08:46:25.912Z
SYN000829,12,4469.0,0.0,357.52,4826.52,delivered,Kabir Gupta,439 Laxmi Nagar,+91 9835847893,card,2026-05-20T08:46:25.912Z
SYN000830,12,3540.0,0.0,283.2,3823.2,delivered,Kabir Gupta,92 Koramangala,+91 7221739050,upi,2026-08-02T08:46:25.912Z
SYN000831,12,3809.0,0.0,304.72,4113.72,delivered,Kabir Gupta,316 Salt Lake,+91 9716730006,cash,2026-06-02T08:46:25.912Z
SYN000832,12,3325.0,0.0,266.0,3591.0,delivered,Kabir Gupta,229 Park Street,+91 8545974991,upi,2026-05-10T08:46:25.912Z
SYN000833,12,5464.0,0.0,437.12,5901.12,delivered,Kabir Gupta,249 Brigade Road,+91 9227898231,upi,2026-04-07T08:46:25.912Z
SYN000834,12,1876.0,0.0,150.08,2026.08,delivered,Kabir Gupta,294 Andheri West,+91 9480370848,cash,2025-09-21T08:46:25.912Z
SYN000835,12,5409.0,0.0,432.72,5841.72,delivered,Kabir Gupta,463 Gandhi Path,+91 8412431822,cash,2026-01-18T08:46:25.912Z
SYN000836,12,4230.0,0.0,338.4,4568.4,delivered,Kabir Gupta,361 Brigade Road,+91 9921957563,cash,2026-04-04T08:46:25.912Z
SYN000837,12,6940.0,0.0,555.2,7495.2,delivered,Kabir Gupta,198 Banjara Hills,+91 7602020858,upi,2026-07-09T08:46:25.912Z
SYN000838,12,4810.0,0.0,384.8,5194.8,delivered,Kabir Gupta,332 Koramangala,+91 8370612683,cash,2026-02-24T08:46:25.912Z
SYN000839,12,4479.0,0.0,358.32,4837.32,delivered,Kabir Gupta,277 Andheri West,+91 7857261004,upi,2025-08-26T08:46:25.912Z
SYN000840,12,3804.0,0.0,304.32,4108.32,delivered,Kabir Gupta,23 Laxmi Nagar,+91 8469860066,card,2026-02-25T08:46:25.912Z
SYN000841,12,4902.0,0.0,392.16,5294.16,delivered,Kabir Gupta,204 Brigade Road,+91 7567071342,card,2025-08-29T08:46:25.912Z
SYN000842,12,5191.0,0.0,415.28,5606.28,delivered,Kabir Gupta,359 Park Street,+91 9018988998,card,2026-03-25T08:46:25.912Z
SYN000843,12,5464.0,0.0,437.12,5901.12,delivered,Kabir Gupta,119 Laxmi Nagar,+91 9178587121,cash,2026-08-18T08:46:25.912Z
SYN000844,12,4546.0,0.0,363.68,4909.68,delivered,Kabir Gupta,5 Salt Lake,+91 9138375090,cash,2026-01-12T08:46:25.912Z
SYN000845,12,6259.0,0.0,500.72,6759.72,delivered,Kabir Gupta,93 Brigade Road,+91 8231275089,cash,2025-12-23T08:46:25.912Z
SYN000846,12,3075.0,0.0,246.0,3321.0,delivered,Kabir Gupta,274 MG Road,+91 8207186642,card,2026-01-27T08:46:25.912Z
SYN000847,12,2255.0,0.0,180.4,2435.4,delivered,Kabir Gupta,338 Koramangala,+91 9173195866,cash,2026-03-18T08:46:25.912Z
SYN000848,12,4625.0,0.0,370.0,4995.0,delivered,Kabir Gupta,92 Banjara Hills,+91 9735044401,card,2025-09-27T08:46:25.912Z
SYN000849,12,4421.0,0.0,353.68,4774.68,delivered,Kabir Gupta,169 MG Road,+91 8850478743,card,2025-08-27T08:46:25.912Z
SYN000850,12,1795.0,0.0,143.6,1938.6,delivered,Kabir Gupta,179 Brigade Road,+91 7725833752,upi,2026-07-11T08:46:25.912Z
SYN000851,12,3380.0,0.0,270.4,3650.4,delivered,Kabir Gupta,304 Brigade Road,+91 7454548723,card,2026-02-28T08:46:25.912Z
SYN000852,12,4984.0,0.0,398.72,5382.72,delivered,Kabir Gupta,446 Brigade Road,+91 9119351894,card,2026-05-21T08:46:25.912Z
SYN000853,12,4989.0,0.0,399.12,5388.12,delivered,Kabir Gupta,135 Salt Lake,+91 9066770272,card,2026-01-19T08:46:25.912Z
SYN000854,12,2855.0,0.0,228.4,3083.4,delivered,Kabir Gupta,333 Koramangala,+91 9006972635,upi,2026-03-10T08:46:25.912Z
SYN000855,12,4806.0,0.0,384.48,5190.48,delivered,Kabir Gupta,401 Gandhi Path,+91 7345662711,card,2025-08-30T08:46:25.912Z
SYN000856,12,4952.0,0.0,396.16,5348.16,delivered,Kabir Gupta,437 Salt Lake,+91 7636470688,cash,2026-04-16T08:46:25.912Z
SYN000857,12,3259.0,0.0,260.72,3519.72,delivered,Kabir Gupta,140 Laxmi Nagar,+91 9311199353,cash,2026-05-01T08:46:25.912Z
SYN000858,12,4016.0,0.0,321.28,4337.28,delivered,Kabir Gupta,408 Laxmi Nagar,+91 9402730227,card,2026-04-28T08:46:25.912Z
SYN000859,12,4287.0,0.0,342.96,4629.96,delivered,Kabir Gupta,131 Laxmi Nagar,+91 9600685448,card,2026-05-04T08:46:25.912Z
SYN000860,12,4297.0,0.0,343.76,4640.76,delivered,Kabir Gupta,95 Salt Lake,+91 8040613479,upi,2026-06-18T08:46:25.912Z
SYN000861,12,5031.0,0.0,402.48,5433.48,delivered,Kabir Gupta,165 Brigade Road,+91 9931537410,upi,2026-03-14T08:46:25.912Z
SYN000862,12,6595.0,0.0,527.6,7122.6,delivered,Kabir Gupta,44 Gandhi Path,+91 9304574152,cash,2026-07-25T08:46:25.912Z
SYN000863,12,4448.0,0.0,355.84,4803.84,delivered,Kabir Gupta,380 Gandhi Path,+91 9995657105,upi,2026-05-19T08:46:25.912Z
SYN000864,12,3929.0,0.0,314.32,4243.32,delivered,Kabir Gupta,180 Koramangala,+91 9332769640,card,2025-10-12T08:46:25.912Z
SYN000865,12,3257.0,0.0,260.56,3517.56,delivered,Kabir Gupta,121 Andheri West,+91 7375591362,cash,2025-11-23T08:46:25.912Z
SYN000866,12,3894.0,0.0,311.52,4205.52,delivered,Kabir Gupta,145 Koramangala,+91 8596782076,upi,2026-04-02T08:46:25.912Z
SYN000867,12,4480.0,0.0,358.4,4838.4,delivered,Kabir Gupta,368 Brigade Road,+91 9909539491,cash,2026-02-04T08:46:25.912Z
SYN000868,12,3662.0,0.0,292.96,3954.96,delivered,Kabir Gupta,58 Laxmi Nagar,+91 9632556689,cash,2026-04-25T08:46:25.912Z
SYN000869,12,6396.0,0.0,511.68,6907.68,delivered,Kabir Gupta,475 Banjara Hills,+91 8349345788,card,2025-10-13T08:46:25.912Z
SYN000870,12,4629.0,0.0,370.32,4999.32,delivered,Kabir Gupta,157 Park Street,+91 7932952892,upi,2026-02-15T08:46:25.912Z
SYN000871,12,3778.0,0.0,302.24,4080.24,delivered,Kabir Gupta,434 Nehru Nagar,+91 9480884036,upi,2026-07-04T08:46:25.912Z
SYN000872,12,3623.0,0.0,289.84,3912.84,delivered,Kabir Gupta,240 Brigade Road,+91 8378927632,upi,2026-03-20T08:46:25.912Z
SYN000873,12,2816.0,0.0,225.28,3041.28,delivered,Kabir Gupta,424 Park Street,+91 9070937051,upi,2026-01-15T08:46:25.912Z
SYN000874,12,2455.0,0.0,196.4,2651.4,delivered,Kabir Gupta,51 Koramangala,+91 9534057177,cash,2025-10-09T08:46:25.912Z
SYN000875,12,2292.0,0.0,183.36,2475.36,delivered,Kabir Gupta,82 MG Road,+91 7873513431,upi,2026-06-11T08:46:25.912Z
SYN000876,12,4641.0,0.0,371.28,5012.28,delivered,Kabir Gupta,132 Brigade Road,+91 9277431602,cash,2025-09-06T08:46:25.912Z
SYN000877,12,6363.0,0.0,509.04,6872.04,delivered,Kabir Gupta,132 Brigade Road,+91 9091350252,upi,2026-06-01T08:46:25.912Z
SYN000878,12,1927.0,0.0,154.16,2081.16,delivered,Kabir Gupta,286 MG Road,+91 7276493562,upi,2026-04-21T08:46:25.912Z
SYN000879,12,2855.0,0.0,228.4,3083.4,delivered,Kabir Gupta,378 MG Road,+91 9639699310,cash,2025-09-06T08:46:25.912Z
SYN000880,12,3730.0,0.0,298.4,4028.4,delivered,Kabir Gupta,45 Brigade Road,+91 9183023708,upi,2026-03-04T08:46:25.912Z
SYN000881,12,4383.0,0.0,350.64,4733.64,delivered,Kabir Gupta,373 Banjara Hills,+91 9064347129,upi,2025-09-20T08:46:25.912Z
SYN000882,12,3259.0,0.0,260.72,3519.72,delivered,Kabir Gupta,423 Banjara Hills,+91 9532610740,cash,2026-05-01T08:46:25.912Z
SYN000883,12,5240.0,0.0,419.2,5659.2,delivered,Kabir Gupta,428 Andheri West,+91 9921541425,card,2025-09-16T08:46:25.912Z
SYN000884,12,5553.0,0.0,444.24,5997.24,delivered,Kabir Gupta,17 Park Street,+91 7547691514,card,2025-11-15T08:46:25.912Z
SYN000885,13,1546.0,0.0,123.68,1669.68,delivered,Ananya Kumar,127 Park Street,+91 7273410753,upi,2026-01-01T08:46:25.912Z
SYN000886,13,2294.0,0.0,183.52,2477.52,delivered,Ananya Kumar,156 Laxmi Nagar,+91 8398186593,card,2026-04-08T08:46:25.912Z
SYN000887,13,1946.0,0.0,155.68,2101.68,delivered,Ananya Kumar,476 MG Road,+91 9591297829,card,2026-08-17T08:46:25.912Z
SYN000888,13,1631.0,0.0,130.48,1761.48,delivered,Ananya Kumar,443 Koramangala,+91 9144053383,upi,2025-10-25T08:46:25.912Z
SYN000889,13,1211.0,0.0,96.88,1307.88,delivered,Ananya Kumar,402 Brigade Road,+91 8789365287,card,2026-04-01T08:46:25.912Z
SYN000890,13,1444.0,0.0,115.52,1559.52,delivered,Ananya Kumar,310 Andheri West,+91 9858688462,card,2026-08-06T08:46:25.912Z
SYN000891,13,456.0,49.0,36.48,541.48,delivered,Ananya Kumar,323 Banjara Hills,+91 7617762133,card,2026-05-07T08:46:25.912Z
SYN000892,13,1434.0,0.0,114.72,1548.72,delivered,Ananya Kumar,17 MG Road,+91 8280950483,cash,2026-06-08T08:46:25.912Z
SYN000893,13,2431.0,0.0,194.48,2625.48,delivered,Ananya Kumar,419 Laxmi Nagar,+91 9624485294,upi,2026-08-08T08:46:25.912Z
SYN000894,13,1163.0,0.0,93.04,1256.04,delivered,Ananya Kumar,172 Salt Lake,+91 8567184330,upi,2026-01-16T08:46:25.912Z
SYN000895,13,845.0,0.0,67.6,912.6,delivered,Ananya Kumar,33 Banjara Hills,+91 7914773965,cash,2026-06-24T08:46:25.912Z
SYN000896,13,396.0,49.0,31.68,476.68,delivered,Ananya Kumar,132 Salt Lake,+91 9421875862,card,2025-12-16T08:46:25.912Z
SYN000897,13,1324.0,0.0,105.92,1429.92,delivered,Ananya Kumar,207 Salt Lake,+91 9755640792,cash,2025-09-16T08:46:25.912Z
SYN000898,13,1241.0,0.0,99.28,1340.28,delivered,Ananya Kumar,359 Gandhi Path,+91 8113092046,card,2025-10-17T08:46:25.912Z
SYN000899,13,1154.0,0.0,92.32,1246.32,delivered,Ananya Kumar,327 Park Street,+91 7782526902,card,2025-10-07T08:46:25.912Z
SYN000900,13,1194.0,0.0,95.52,1289.52,delivered,Ananya Kumar,43 Laxmi Nagar,+91 9617140116,cash,2026-06-19T08:46:25.912Z
SYN000901,13,1975.0,0.0,158.0,2133.0,delivered,Ananya Kumar,259 Banjara Hills,+91 7850251832,upi,2026-03-17T08:46:25.912Z
SYN000902,13,1493.0,0.0,119.44,1612.44,delivered,Ananya Kumar,102 MG Road,+91 9565249174,card,2026-07-27T08:46:25.912Z
SYN000903,13,1134.0,0.0,90.72,1224.72,delivered,Ananya Kumar,162 Koramangala,+91 8773052174,upi,2026-03-03T08:46:25.912Z
SYN000904,13,1673.0,0.0,133.84,1806.84,delivered,Ananya Kumar,368 Andheri West,+91 9777368538,card,2026-04-17T08:46:25.912Z
SYN000905,13,1884.0,0.0,150.72,2034.72,delivered,Ananya Kumar,479 MG Road,+91 9107456815,card,2026-08-09T08:46:25.912Z
SYN000906,14,4175.0,0.0,334.0,4509.0,delivered,Saanvi Bhat,404 Brigade Road,+91 9890450170,upi,2026-03-27T08:46:25.912Z
SYN000907,14,2724.0,0.0,217.92,2941.92,delivered,Saanvi Bhat,41 Banjara Hills,+91 9359932369,card,2026-01-09T08:46:25.912Z
SYN000908,14,3209.0,0.0,256.72,3465.72,delivered,Saanvi Bhat,263 Banjara Hills,+91 8683982394,card,2025-08-26T08:46:25.912Z
SYN000909,14,2235.0,0.0,178.8,2413.8,delivered,Saanvi Bhat,291 Laxmi Nagar,+91 8172913721,upi,2025-09-11T08:46:25.912Z
SYN000910,14,2412.0,0.0,192.96,2604.96,delivered,Saanvi Bhat,437 Koramangala,+91 7981312431,cash,2026-04-28T08:46:25.912Z
SYN000911,14,4038.0,0.0,323.04,4361.04,delivered,Saanvi Bhat,32 Park Street,+91 7240839760,card,2026-06-05T08:46:25.912Z
SYN000912,14,3171.0,0.0,253.68,3424.68,delivered,Saanvi Bhat,446 Laxmi Nagar,+91 9019885826,cash,2026-07-28T08:46:25.912Z
SYN000913,14,1347.0,0.0,107.76,1454.76,delivered,Saanvi Bhat,136 Laxmi Nagar,+91 8708992069,upi,2026-07-28T08:46:25.912Z
SYN000914,14,3577.0,0.0,286.16,3863.16,delivered,Saanvi Bhat,83 Park Street,+91 7557427468,cash,2025-11-03T08:46:25.912Z
SYN000915,14,3071.0,0.0,245.68,3316.68,delivered,Saanvi Bhat,191 Andheri West,+91 8602859611,upi,2025-12-30T08:46:25.912Z
SYN000916,14,1161.0,0.0,92.88,1253.88,delivered,Saanvi Bhat,466 Gandhi Path,+91 9712627540,card,2026-03-27T08:46:25.912Z
SYN000917,14,2916.0,0.0,233.28,3149.28,delivered,Saanvi Bhat,254 Banjara Hills,+91 9350772303,upi,2026-01-19T08:46:25.912Z
SYN000918,14,1751.0,0.0,140.08,1891.08,delivered,Saanvi Bhat,6 Nehru Nagar,+91 9446320741,cash,2026-01-07T08:46:25.912Z
SYN000919,14,1917.0,0.0,153.36,2070.36,delivered,Saanvi Bhat,310 Nehru Nagar,+91 8546051257,card,2026-02-22T08:46:25.912Z
SYN000920,14,5375.0,0.0,430.0,5805.0,delivered,Saanvi Bhat,359 Salt Lake,+91 9607763542,upi,2026-06-04T08:46:25.912Z
SYN000921,14,2687.0,0.0,214.96,2901.96,delivered,Saanvi Bhat,129 Koramangala,+91 9043375128,cash,2025-11-28T08:46:25.912Z
SYN000922,14,2804.0,0.0,224.32,3028.32,delivered,Saanvi Bhat,279 Salt Lake,+91 8797968592,upi,2026-04-11T08:46:25.912Z
SYN000923,14,2739.0,0.0,219.12,2958.12,delivered,Saanvi Bhat,241 Koramangala,+91 9984270524,card,2026-03-26T08:46:25.912Z
SYN000924,14,3302.0,0.0,264.16,3566.16,delivered,Saanvi Bhat,412 Koramangala,+91 7869953552,cash,2026-05-31T08:46:25.912Z
SYN000925,14,4408.0,0.0,352.64,4760.64,delivered,Saanvi Bhat,119 Park Street,+91 7365045065,cash,2026-07-21T08:46:25.912Z
SYN000926,14,2674.0,0.0,213.92,2887.92,delivered,Saanvi Bhat,329 Andheri West,+91 9958866030,card,2026-08-07T08:46:25.912Z
SYN000927,14,4433.0,0.0,354.64,4787.64,delivered,Saanvi Bhat,176 Koramangala,+91 7913047735,upi,2026-06-18T08:46:25.912Z
SYN000928,14,3768.0,0.0,301.44,4069.44,delivered,Saanvi Bhat,134 Banjara Hills,+91 8602096558,cash,2026-01-31T08:46:25.912Z
SYN000929,14,3924.0,0.0,313.92,4237.92,delivered,Saanvi Bhat,235 MG Road,+91 7372746688,card,2026-01-08T08:46:25.912Z
SYN000930,14,3298.0,0.0,263.84,3561.84,delivered,Saanvi Bhat,103 Banjara Hills,+91 7811135686,upi,2026-05-30T08:46:25.912Z
SYN000931,14,2618.0,0.0,209.44,2827.44,delivered,Saanvi Bhat,205 MG Road,+91 9568312768,upi,2026-06-30T08:46:25.912Z
SYN000932,14,3273.0,0.0,261.84,3534.84,delivered,Saanvi Bhat,141 Park Street,+91 8841851142,cash,2025-11-11T08:46:25.912Z
SYN000933,14,3584.0,0.0,286.72,3870.72,delivered,Saanvi Bhat,338 Nehru Nagar,+91 9427231120,cash,2025-12-29T08:46:25.912Z
SYN000934,14,3510.0,0.0,280.8,3790.8,delivered,Saanvi Bhat,136 Gandhi Path,+91 7593284820,cash,2026-06-29T08:46:25.912Z
SYN000935,14,3833.0,0.0,306.64,4139.64,delivered,Saanvi Bhat,373 Koramangala,+91 7976914859,card,2026-08-20T08:46:25.912Z
SYN000936,14,4457.0,0.0,356.56,4813.56,delivered,Saanvi Bhat,203 Koramangala,+91 8041258636,card,2026-08-08T08:46:25.912Z
SYN000937,14,4247.0,0.0,339.76,4586.76,delivered,Saanvi Bhat,226 MG Road,+91 9661723266,card,2025-09-18T08:46:25.912Z
SYN000938,14,2106.0,0.0,168.48,2274.48,delivered,Saanvi Bhat,54 Laxmi Nagar,+91 7798093977,cash,2026-08-05T08:46:25.912Z
SYN000939,14,2974.0,0.0,237.92,3211.92,delivered,Saanvi Bhat,23 MG Road,+91 8180214639,card,2026-05-26T08:46:25.912Z
SYN000940,14,3004.0,0.0,240.32,3244.32,delivered,Saanvi Bhat,151 Gandhi Path,+91 8456117794,card,2026-03-03T08:46:25.912Z
SYN000941,14,4237.0,0.0,338.96,4575.96,delivered,Saanvi Bhat,494 Brigade Road,+91 7390248012,card,2026-06-26T08:46:25.912Z
SYN000942,14,3318.0,0.0,265.44,3583.44,delivered,Saanvi Bhat,123 Nehru Nagar,+91 8238082523,card,2025-10-28T08:46:25.912Z
SYN000943,14,4121.0,0.0,329.68,4450.68,delivered,Saanvi Bhat,244 Gandhi Path,+91 8443310181,upi,2026-06-11T08:46:25.912Z
SYN000944,14,2635.0,0.0,210.8,2845.8,delivered,Saanvi Bhat,148 Koramangala,+91 7530881033,cash,2025-12-07T08:46:25.912Z
SYN000945,14,4161.0,0.0,332.88,4493.88,delivered,Saanvi Bhat,96 Salt Lake,+91 8870465365,cash,2025-12-12T08:46:25.912Z
SYN000946,14,1899.0,0.0,151.92,2050.92,delivered,Saanvi Bhat,283 MG Road,+91 7561182638,upi,2025-12-30T08:46:25.912Z
SYN000947,14,2535.0,0.0,202.8,2737.8,delivered,Saanvi Bhat,143 Brigade Road,+91 9258461965,card,2025-10-07T08:46:25.912Z
SYN000948,14,3612.0,0.0,288.96,3900.96,delivered,Saanvi Bhat,440 MG Road,+91 7415525699,upi,2025-09-28T08:46:25.912Z
SYN000949,14,2008.0,0.0,160.64,2168.64,delivered,Saanvi Bhat,145 Gandhi Path,+91 9920231755,upi,2026-08-04T08:46:25.912Z
SYN000950,14,2426.0,0.0,194.08,2620.08,delivered,Saanvi Bhat,213 Laxmi Nagar,+91 7081150987,cash,2026-04-15T08:46:25.912Z
SYN000951,14,3361.0,0.0,268.88,3629.88,delivered,Saanvi Bhat,428 Nehru Nagar,+91 9596572806,upi,2026-03-27T08:46:25.912Z
SYN000952,14,3341.0,0.0,267.28,3608.28,delivered,Saanvi Bhat,439 Andheri West,+91 9415132529,cash,2026-02-23T08:46:25.912Z
SYN000953,14,4049.0,0.0,323.92,4372.92,delivered,Saanvi Bhat,469 Nehru Nagar,+91 9231726328,card,2026-07-20T08:46:25.912Z
SYN000954,14,5308.0,0.0,424.64,5732.64,delivered,Saanvi Bhat,67 Park Street,+91 7298910460,cash,2026-08-01T08:46:25.912Z
SYN000955,14,3548.0,0.0,283.84,3831.84,delivered,Saanvi Bhat,135 Laxmi Nagar,+91 9804323808,card,2026-08-04T08:46:25.912Z
SYN000956,14,2784.0,0.0,222.72,3006.72,delivered,Saanvi Bhat,182 Brigade Road,+91 7494294926,card,2026-06-03T08:46:25.912Z
SYN000957,14,2408.0,0.0,192.64,2600.64,delivered,Saanvi Bhat,356 Laxmi Nagar,+91 8235425142,upi,2026-08-19T08:46:25.912Z
SYN000958,14,4851.0,0.0,388.08,5239.08,delivered,Saanvi Bhat,63 Nehru Nagar,+91 7781953838,card,2025-10-09T08:46:25.912Z
SYN000959,14,3730.0,0.0,298.4,4028.4,delivered,Saanvi Bhat,486 Nehru Nagar,+91 8514195120,upi,2025-12-16T08:46:25.912Z
SYN000960,14,4049.0,0.0,323.92,4372.92,delivered,Saanvi Bhat,134 Laxmi Nagar,+91 9005027526,upi,2025-09-05T08:46:25.912Z
SYN000961,14,2564.0,0.0,205.12,2769.12,delivered,Saanvi Bhat,212 Laxmi Nagar,+91 7443666319,cash,2026-06-22T08:46:25.912Z
SYN000962,14,1826.0,0.0,146.08,1972.08,delivered,Saanvi Bhat,190 Brigade Road,+91 9932721514,cash,2026-05-29T08:46:25.912Z
SYN000963,14,3740.0,0.0,299.2,4039.2,delivered,Saanvi Bhat,70 Nehru Nagar,+91 8049397046,card,2025-11-07T08:46:25.912Z
SYN000964,14,1577.0,0.0,126.16,1703.16,delivered,Saanvi Bhat,445 Andheri West,+91 8737769138,upi,2026-05-10T08:46:25.912Z
SYN000965,14,1199.0,0.0,95.92,1294.92,delivered,Saanvi Bhat,206 MG Road,+91 9860131503,card,2026-01-30T08:46:25.912Z
SYN000966,14,3589.0,0.0,287.12,3876.12,delivered,Saanvi Bhat,468 MG Road,+91 9051622212,card,2025-12-28T08:46:25.912Z
SYN000967,14,6277.0,0.0,502.16,6779.16,delivered,Saanvi Bhat,489 MG Road,+91 9311327486,card,2026-01-07T08:46:25.912Z
SYN000968,14,3335.0,0.0,266.8,3601.8,delivered,Saanvi Bhat,390 Banjara Hills,+91 9913495355,card,2026-01-24T08:46:25.912Z
SYN000969,14,3587.0,0.0,286.96,3873.96,delivered,Saanvi Bhat,4 MG Road,+91 8338849835,cash,2026-02-06T08:46:25.912Z
SYN000970,14,2828.0,0.0,226.24,3054.24,delivered,Saanvi Bhat,99 Laxmi Nagar,+91 9384531580,cash,2026-04-19T08:46:25.912Z
SYN000971,14,5111.0,0.0,408.88,5519.88,delivered,Saanvi Bhat,78 Andheri West,+91 8948121034,upi,2026-03-24T08:46:25.912Z
SYN000972,14,4051.0,0.0,324.08,4375.08,delivered,Saanvi Bhat,219 Laxmi Nagar,+91 7142371223,cash,2025-10-22T08:46:25.912Z
SYN000973,14,1978.0,0.0,158.24,2136.24,delivered,Saanvi Bhat,445 Salt Lake,+91 7622295777,card,2025-10-01T08:46:25.912Z
SYN000974,14,2714.0,0.0,217.12,2931.12,delivered,Saanvi Bhat,306 Salt Lake,+91 8383255712,card,2025-09-19T08:46:25.912Z
SYN000975,14,4804.0,0.0,384.32,5188.32,delivered,Saanvi Bhat,179 Banjara Hills,+91 9170873166,cash,2026-01-16T08:46:25.912Z
SYN000976,14,2550.0,0.0,204.0,2754.0,delivered,Saanvi Bhat,93 Nehru Nagar,+91 8655927930,card,2026-08-06T08:46:25.912Z
SYN000977,14,2289.0,0.0,183.12,2472.12,delivered,Saanvi Bhat,401 Koramangala,+91 8091528437,cash,2026-07-31T08:46:25.912Z
SYN000978,14,3121.0,0.0,249.68,3370.68,delivered,Saanvi Bhat,48 Nehru Nagar,+91 7646823322,upi,2025-11-16T08:46:25.912Z
SYN000979,14,4629.0,0.0,370.32,4999.32,delivered,Saanvi Bhat,398 Nehru Nagar,+91 7326981971,cash,2025-11-20T08:46:25.912Z
SYN000980,14,2833.0,0.0,226.64,3059.64,delivered,Saanvi Bhat,44 Brigade Road,+91 8795246768,cash,2026-04-19T08:46:25.912Z
SYN000981,14,4250.0,0.0,340.0,4590.0,delivered,Saanvi Bhat,201 Gandhi Path,+91 8105124840,card,2025-10-22T08:46:25.912Z
SYN000982,14,2295.0,0.0,183.6,2478.6,delivered,Saanvi Bhat,2 Park Street,+91 7997997730,cash,2026-01-20T08:46:25.912Z
SYN000983,14,3502.0,0.0,280.16,3782.16,delivered,Saanvi Bhat,136 Andheri West,+91 9641790015,card,2026-01-29T08:46:25.912Z
SYN000984,14,1638.0,0.0,131.04,1769.04,delivered,Saanvi Bhat,373 Brigade Road,+91 8450823763,cash,2026-02-14T08:46:25.912Z
SYN000985,14,3505.0,0.0,280.4,3785.4,delivered,Saanvi Bhat,154 Salt Lake,+91 8243848934,upi,2026-01-13T08:46:25.912Z
SYN000986,14,1888.0,0.0,151.04,2039.04,delivered,Saanvi Bhat,145 Park Street,+91 7739875081,card,2025-10-28T08:46:25.912Z
SYN000987,14,3609.0,0.0,288.72,3897.72,delivered,Saanvi Bhat,77 Park Street,+91 9590111351,card,2026-03-01T08:46:25.912Z
SYN000988,14,1939.0,0.0,155.12,2094.12,delivered,Saanvi Bhat,480 Andheri West,+91 9365413054,cash,2026-04-17T08:46:25.912Z
SYN000989,14,3965.0,0.0,317.2,4282.2,delivered,Saanvi Bhat,61 Gandhi Path,+91 8014791614,cash,2026-05-09T08:46:25.912Z
SYN000990,14,5890.0,0.0,471.2,6361.2,delivered,Saanvi Bhat,38 Laxmi Nagar,+91 8852367808,card,2026-07-13T08:46:25.912Z
SYN000991,14,5545.0,0.0,443.6,5988.6,delivered,Saanvi Bhat,8 Andheri West,+91 8990161985,upi,2026-06-26T08:46:25.912Z
SYN000992,14,4270.0,0.0,341.6,4611.6,delivered,Saanvi Bhat,470 Laxmi Nagar,+91 7526150120,card,2026-08-16T08:46:25.912Z
SYN000993,14,2467.0,0.0,197.36,2664.36,delivered,Saanvi Bhat,142 Gandhi Path,+91 7908889473,cash,2026-02-24T08:46:25.912Z
SYN000994,14,5206.0,0.0,416.48,5622.48,delivered,Saanvi Bhat,383 Andheri West,+91 7294237243,card,2025-12-21T08:46:25.912Z
SYN000995,14,2367.0,0.0,189.36,2556.36,delivered,Saanvi Bhat,478 MG Road,+91 9016625703,card,2026-02-16T08:46:25.912Z
SYN000996,14,5075.0,0.0,406.0,5481.0,delivered,Saanvi Bhat,343 Gandhi Path,+91 9303459849,cash,2026-05-06T08:46:25.912Z
SYN000997,14,1939.0,0.0,155.12,2094.12,delivered,Saanvi Bhat,258 Nehru Nagar,+91 9761932020,cash,2026-03-19T08:46:25.912Z
SYN000998,14,3284.0,0.0,262.72,3546.72,delivered,Saanvi Bhat,187 Andheri West,+91 7104616940,cash,2026-01-03T08:46:25.912Z
SYN000999,14,3137.0,0.0,250.96,3387.96,delivered,Saanvi Bhat,424 MG Road,+91 9359446129,cash,2025-12-26T08:46:25.912Z
SYN001000,14,1954.0,0.0,156.32,2110.32,delivered,Saanvi Bhat,46 Salt Lake,+91 8843329596,card,2025-10-11T08:46:25.912Z
SYN001001,14,3220.0,0.0,257.6,3477.6,delivered,Saanvi Bhat,221 Banjara Hills,+91 7889291187,card,2026-01-23T08:46:25.912Z
SYN001002,14,2389.0,0.0,191.12,2580.12,delivered,Saanvi Bhat,242 Banjara Hills,+91 7436286256,card,2025-08-29T08:46:25.912Z
SYN001003,14,3980.0,0.0,318.4,4298.4,delivered,Saanvi Bhat,81 Park Street,+91 8905357926,cash,2026-07-23T08:46:25.912Z
SYN001004,14,2381.0,0.0,190.48,2571.48,delivered,Saanvi Bhat,173 Brigade Road,+91 9429756638,card,2026-04-26T08:46:25.912Z
SYN001005,14,4020.0,0.0,321.6,4341.6,delivered,Saanvi Bhat,412 MG Road,+91 7872081419,cash,2026-06-27T08:46:25.912Z
SYN001006,14,1844.0,0.0,147.52,1991.52,delivered,Saanvi Bhat,180 Brigade Road,+91 7516156380,cash,2026-07-10T08:46:25.912Z
SYN001007,14,4865.0,0.0,389.2,5254.2,delivered,Saanvi Bhat,219 Andheri West,+91 9971586197,card,2026-05-02T08:46:25.912Z
SYN001008,14,6114.0,0.0,489.12,6603.12,delivered,Saanvi Bhat,187 Banjara Hills,+91 9391668966,card,2026-08-01T08:46:25.912Z
SYN001009,14,3041.0,0.0,243.28,3284.28,delivered,Saanvi Bhat,210 Banjara Hills,+91 7249860433,cash,2026-01-13T08:46:25.912Z
SYN001010,14,1560.0,0.0,124.8,1684.8,delivered,Saanvi Bhat,328 Brigade Road,+91 7308616311,card,2026-07-27T08:46:25.912Z
SYN001011,14,3857.0,0.0,308.56,4165.56,delivered,Saanvi Bhat,238 Koramangala,+91 9431762615,card,2025-12-18T08:46:25.912Z
SYN001012,14,3136.0,0.0,250.88,3386.88,delivered,Saanvi Bhat,487 Salt Lake,+91 7755093517,card,2026-02-14T08:46:25.912Z
SYN001013,14,2490.0,0.0,199.2,2689.2,delivered,Saanvi Bhat,184 Koramangala,+91 8282316146,upi,2025-11-15T08:46:25.912Z
SYN001014,14,4187.0,0.0,334.96,4521.96,delivered,Saanvi Bhat,171 Andheri West,+91 7461651158,cash,2026-06-04T08:46:25.912Z
SYN001015,14,3232.0,0.0,258.56,3490.56,delivered,Saanvi Bhat,129 Koramangala,+91 7246191199,card,2026-05-16T08:46:25.912Z
SYN001016,14,2613.0,0.0,209.04,2822.04,delivered,Saanvi Bhat,437 Gandhi Path,+91 8758238234,card,2025-08-26T08:46:25.912Z
SYN001017,14,1879.0,0.0,150.32,2029.32,delivered,Saanvi Bhat,243 Gandhi Path,+91 7762118149,upi,2026-08-20T08:46:25.912Z
SYN001018,14,1894.0,0.0,151.52,2045.52,delivered,Saanvi Bhat,396 Nehru Nagar,+91 8164263350,upi,2026-04-13T08:46:25.912Z
SYN001019,14,5881.0,0.0,470.48,6351.48,delivered,Saanvi Bhat,75 Gandhi Path,+91 8153972599,cash,2025-11-30T08:46:25.912Z
SYN001020,14,2991.0,0.0,239.28,3230.28,delivered,Saanvi Bhat,142 Banjara Hills,+91 9760113267,cash,2026-03-24T08:46:25.912Z
SYN001021,14,4091.0,0.0,327.28,4418.28,delivered,Saanvi Bhat,139 Koramangala,+91 7997078892,cash,2026-07-31T08:46:25.912Z
SYN001022,14,2657.0,0.0,212.56,2869.56,delivered,Saanvi Bhat,180 MG Road,+91 9000284179,card,2026-04-17T08:46:25.912Z
SYN001023,14,4487.0,0.0,358.96,4845.96,delivered,Saanvi Bhat,404 Laxmi Nagar,+91 9387459392,upi,2025-10-08T08:46:25.912Z
SYN001024,14,3038.0,0.0,243.04,3281.04,delivered,Saanvi Bhat,16 Salt Lake,+91 7445178440,upi,2026-07-16T08:46:25.912Z
SYN001025,14,4256.0,0.0,340.48,4596.48,delivered,Saanvi Bhat,299 Salt Lake,+91 9524943868,upi,2025-10-11T08:46:25.912Z
SYN001026,14,3860.0,0.0,308.8,4168.8,delivered,Saanvi Bhat,210 Gandhi Path,+91 8720943363,card,2026-07-20T08:46:25.912Z
SYN001027,14,2556.0,0.0,204.48,2760.48,delivered,Saanvi Bhat,86 Banjara Hills,+91 9748895946,cash,2026-03-02T08:46:25.912Z
SYN001028,14,3772.0,0.0,301.76,4073.76,delivered,Saanvi Bhat,450 Park Street,+91 9401119408,upi,2026-04-23T08:46:25.912Z
SYN001029,14,3626.0,0.0,290.08,3916.08,delivered,Saanvi Bhat,354 Banjara Hills,+91 8840966620,card,2026-07-30T08:46:25.912Z
SYN001030,14,4246.0,0.0,339.68,4585.68,delivered,Saanvi Bhat,194 MG Road,+91 9211399900,card,2026-02-11T08:46:25.912Z
SYN001031,14,4871.0,0.0,389.68,5260.68,delivered,Saanvi Bhat,248 Andheri West,+91 7352535529,card,2025-12-28T08:46:25.912Z
SYN001032,14,1866.0,0.0,149.28,2015.28,delivered,Saanvi Bhat,226 Park Street,+91 9742137276,card,2026-03-05T08:46:25.912Z
SYN001033,14,2822.0,0.0,225.76,3047.76,delivered,Saanvi Bhat,5 Nehru Nagar,+91 7143889904,upi,2026-06-18T08:46:25.912Z
SYN001034,14,2185.0,0.0,174.8,2359.8,delivered,Saanvi Bhat,9 Koramangala,+91 7125758580,cash,2026-05-25T08:46:25.912Z
SYN001035,14,4899.0,0.0,391.92,5290.92,delivered,Saanvi Bhat,363 Andheri West,+91 8416928465,card,2026-05-13T08:46:25.912Z
SYN001036,14,3277.0,0.0,262.16,3539.16,delivered,Saanvi Bhat,500 Koramangala,+91 8339638237,cash,2025-09-24T08:46:25.912Z
SYN001037,14,4192.0,0.0,335.36,4527.36,delivered,Saanvi Bhat,145 Park Street,+91 8561613502,cash,2026-07-17T08:46:25.912Z
SYN001038,14,4377.0,0.0,350.16,4727.16,delivered,Saanvi Bhat,294 Andheri West,+91 8456314611,cash,2025-12-02T08:46:25.912Z
SYN001039,14,5337.0,0.0,426.96,5763.96,delivered,Saanvi Bhat,93 Brigade Road,+91 8141615679,upi,2025-11-14T08:46:25.912Z
SYN001040,14,2363.0,0.0,189.04,2552.04,delivered,Saanvi Bhat,261 Brigade Road,+91 8351290204,card,2026-06-12T08:46:25.912Z
SYN001041,14,3095.0,0.0,247.6,3342.6,delivered,Saanvi Bhat,90 Gandhi Path,+91 9222575387,upi,2026-07-27T08:46:25.912Z
SYN001042,14,4297.0,0.0,343.76,4640.76,delivered,Saanvi Bhat,229 Laxmi Nagar,+91 7961431457,cash,2026-02-03T08:46:25.912Z
SYN001043,14,2945.0,0.0,235.6,3180.6,delivered,Saanvi Bhat,188 Nehru Nagar,+91 7244522042,upi,2026-07-08T08:46:25.912Z
SYN001044,14,2634.0,0.0,210.72,2844.72,delivered,Saanvi Bhat,249 Laxmi Nagar,+91 7007497736,card,2025-12-01T08:46:25.912Z
SYN001045,14,3651.0,0.0,292.08,3943.08,delivered,Saanvi Bhat,118 Banjara Hills,+91 8381313323,card,2025-11-06T08:46:25.912Z
SYN001046,14,2535.0,0.0,202.8,2737.8,delivered,Saanvi Bhat,421 Brigade Road,+91 8142258546,upi,2026-06-20T08:46:25.912Z
SYN001047,14,2254.0,0.0,180.32,2434.32,delivered,Saanvi Bhat,63 Salt Lake,+91 9391110541,cash,2026-03-10T08:46:25.912Z
SYN001048,14,1210.0,0.0,96.8,1306.8,delivered,Saanvi Bhat,196 Laxmi Nagar,+91 7370845657,upi,2026-05-22T08:46:25.912Z
SYN001049,14,4159.0,0.0,332.72,4491.72,delivered,Saanvi Bhat,381 Laxmi Nagar,+91 7785843078,cash,2025-12-04T08:46:25.912Z
SYN001050,14,3943.0,0.0,315.44,4258.44,delivered,Saanvi Bhat,170 Koramangala,+91 7410723131,cash,2025-09-18T08:46:25.912Z
SYN001051,14,2594.0,0.0,207.52,2801.52,delivered,Saanvi Bhat,260 Brigade Road,+91 7207648750,card,2026-06-11T08:46:25.912Z
SYN001052,14,2265.0,0.0,181.2,2446.2,delivered,Saanvi Bhat,244 Laxmi Nagar,+91 9636770603,card,2026-07-19T08:46:25.912Z
SYN001053,14,2895.0,0.0,231.6,3126.6,delivered,Saanvi Bhat,89 Banjara Hills,+91 7199182146,upi,2026-06-21T08:46:25.912Z
SYN001054,14,1430.0,0.0,114.4,1544.4,delivered,Saanvi Bhat,418 Brigade Road,+91 8326847280,upi,2025-11-12T08:46:25.912Z
SYN001055,14,3406.0,0.0,272.48,3678.48,delivered,Saanvi Bhat,135 Nehru Nagar,+91 9941353159,upi,2026-03-10T08:46:25.912Z
SYN001056,14,6126.0,0.0,490.08,6616.08,delivered,Saanvi Bhat,69 Andheri West,+91 7766969526,cash,2026-06-14T08:46:25.912Z
SYN001057,14,3194.0,0.0,255.52,3449.52,delivered,Saanvi Bhat,432 Koramangala,+91 8051667529,card,2026-06-23T08:46:25.912Z
SYN001058,14,3795.0,0.0,303.6,4098.6,delivered,Saanvi Bhat,28 Banjara Hills,+91 7168342985,upi,2026-01-09T08:46:25.912Z
SYN001059,14,3614.0,0.0,289.12,3903.12,delivered,Saanvi Bhat,91 Gandhi Path,+91 9966969031,upi,2026-04-29T08:46:25.912Z
SYN001060,14,3301.0,0.0,264.08,3565.08,delivered,Saanvi Bhat,69 Nehru Nagar,+91 8158269230,cash,2026-05-24T08:46:25.912Z
SYN001061,14,3775.0,0.0,302.0,4077.0,delivered,Saanvi Bhat,479 MG Road,+91 8102941812,upi,2026-06-30T08:46:25.912Z
SYN001062,14,3154.0,0.0,252.32,3406.32,delivered,Saanvi Bhat,396 Andheri West,+91 7361629409,card,2025-10-07T08:46:25.912Z
SYN001063,14,2574.0,0.0,205.92,2779.92,delivered,Saanvi Bhat,456 Laxmi Nagar,+91 8525844994,cash,2025-12-06T08:46:25.912Z
SYN001064,14,2681.0,0.0,214.48,2895.48,delivered,Saanvi Bhat,104 Laxmi Nagar,+91 8900544377,upi,2025-12-23T08:46:25.912Z
SYN001065,14,5074.0,0.0,405.92,5479.92,delivered,Saanvi Bhat,152 Andheri West,+91 9854464352,upi,2026-01-21T08:46:25.912Z
SYN001066,14,3759.0,0.0,300.72,4059.72,delivered,Saanvi Bhat,381 Andheri West,+91 9483562741,cash,2025-10-19T08:46:25.912Z
SYN001067,15,1252.0,0.0,100.16,1352.16,delivered,Aanya Agarwal,134 Park Street,+91 7317172156,cash,2025-08-26T08:46:25.912Z
SYN001068,15,2174.0,0.0,173.92,2347.92,delivered,Aanya Agarwal,249 Laxmi Nagar,+91 7387037133,cash,2026-03-12T08:46:25.912Z
SYN001069,15,1976.0,0.0,158.08,2134.08,delivered,Aanya Agarwal,230 MG Road,+91 9020352794,card,2025-12-01T08:46:25.912Z
SYN001070,15,1079.0,0.0,86.32,1165.32,delivered,Aanya Agarwal,397 MG Road,+91 9474741572,upi,2026-07-25T08:46:25.912Z
SYN001071,15,2138.0,0.0,171.04,2309.04,delivered,Aanya Agarwal,38 Laxmi Nagar,+91 8186285418,upi,2025-10-11T08:46:25.912Z
SYN001072,15,2108.0,0.0,168.64,2276.64,delivered,Aanya Agarwal,256 Laxmi Nagar,+91 7982125421,upi,2025-12-30T08:46:25.912Z
SYN001073,15,2833.0,0.0,226.64,3059.64,delivered,Aanya Agarwal,228 Park Street,+91 7061424946,cash,2025-09-22T08:46:25.912Z
SYN001074,15,1998.0,0.0,159.84,2157.84,delivered,Aanya Agarwal,366 Gandhi Path,+91 7672585393,cash,2026-01-14T08:46:25.912Z
SYN001075,15,1395.0,0.0,111.6,1506.6,delivered,Aanya Agarwal,184 Brigade Road,+91 7191929026,cash,2026-03-09T08:46:25.912Z
SYN001076,15,1410.0,0.0,112.8,1522.8,delivered,Aanya Agarwal,155 Salt Lake,+91 7480035921,card,2025-12-20T08:46:25.912Z
SYN001077,15,1442.0,0.0,115.36,1557.36,delivered,Aanya Agarwal,9 Nehru Nagar,+91 9442666805,cash,2026-01-09T08:46:25.912Z
SYN001078,15,1471.0,0.0,117.68,1588.68,delivered,Aanya Agarwal,440 Salt Lake,+91 9315617794,card,2025-12-25T08:46:25.912Z
SYN001079,15,1400.0,0.0,112.0,1512.0,delivered,Aanya Agarwal,448 MG Road,+91 8929456404,upi,2026-02-27T08:46:25.912Z
SYN001080,15,1872.0,0.0,149.76,2021.76,delivered,Aanya Agarwal,433 Salt Lake,+91 9506749048,cash,2026-02-12T08:46:25.912Z
SYN001081,15,2012.0,0.0,160.96,2172.96,delivered,Aanya Agarwal,13 Andheri West,+91 9140584419,card,2026-06-22T08:46:25.912Z
SYN001082,15,2304.0,0.0,184.32,2488.32,delivered,Aanya Agarwal,411 Banjara Hills,+91 9182887054,card,2025-12-19T08:46:25.912Z
SYN001083,15,2517.0,0.0,201.36,2718.36,delivered,Aanya Agarwal,225 Andheri West,+91 9849727904,card,2025-10-13T08:46:25.912Z
SYN001084,15,703.0,0.0,56.24,759.24,delivered,Aanya Agarwal,308 Park Street,+91 9608947216,cash,2026-07-17T08:46:25.912Z
SYN001085,15,1608.0,0.0,128.64,1736.64,delivered,Aanya Agarwal,391 Koramangala,+91 8323649746,card,2026-02-07T08:46:25.912Z
SYN001086,15,2246.0,0.0,179.68,2425.68,delivered,Aanya Agarwal,310 Nehru Nagar,+91 9359471325,cash,2026-07-31T08:46:25.912Z
SYN001087,15,2058.0,0.0,164.64,2222.64,delivered,Aanya Agarwal,336 MG Road,+91 8012786853,cash,2025-10-10T08:46:25.912Z
SYN001088,15,692.0,0.0,55.36,747.36,delivered,Aanya Agarwal,438 MG Road,+91 8955168431,upi,2025-12-23T08:46:25.912Z
SYN001089,15,1003.0,0.0,80.24,1083.24,delivered,Aanya Agarwal,329 Gandhi Path,+91 8867164190,upi,2025-12-14T08:46:25.912Z
SYN001090,15,1536.0,0.0,122.88,1658.88,delivered,Aanya Agarwal,204 Andheri West,+91 9385589267,upi,2025-11-15T08:46:25.912Z
SYN001091,15,1728.0,0.0,138.24,1866.24,delivered,Aanya Agarwal,132 Andheri West,+91 7760216919,cash,2026-02-10T08:46:25.912Z
SYN001092,15,1081.0,0.0,86.48,1167.48,delivered,Aanya Agarwal,73 Banjara Hills,+91 9364464676,card,2026-05-20T08:46:25.912Z
SYN001093,15,2206.0,0.0,176.48,2382.48,delivered,Aanya Agarwal,112 Gandhi Path,+91 9895385784,cash,2026-01-22T08:46:25.912Z
SYN001094,15,3235.0,0.0,258.8,3493.8,delivered,Aanya Agarwal,314 Gandhi Path,+91 7192595730,card,2025-12-15T08:46:25.912Z
SYN001095,15,1869.0,0.0,149.52,2018.52,delivered,Aanya Agarwal,35 Park Street,+91 9963590348,upi,2026-01-09T08:46:25.912Z
SYN001096,15,1328.0,0.0,106.24,1434.24,delivered,Aanya Agarwal,416 Banjara Hills,+91 9554785533,card,2026-03-29T08:46:25.912Z
SYN001097,15,1410.0,0.0,112.8,1522.8,delivered,Aanya Agarwal,214 Laxmi Nagar,+91 8323578418,upi,2025-09-17T08:46:25.912Z
SYN001098,15,2019.0,0.0,161.52,2180.52,delivered,Aanya Agarwal,313 Andheri West,+91 9062951371,upi,2026-08-16T08:46:25.912Z
SYN001099,15,2017.0,0.0,161.36,2178.36,delivered,Aanya Agarwal,497 Nehru Nagar,+91 9462110158,card,2025-10-02T08:46:25.912Z
SYN001100,15,729.0,0.0,58.32,787.32,delivered,Aanya Agarwal,271 Andheri West,+91 7306973642,upi,2026-03-14T08:46:25.912Z
SYN001101,15,1997.0,0.0,159.76,2156.76,delivered,Aanya Agarwal,234 Salt Lake,+91 9805833116,upi,2026-04-27T08:46:25.912Z
SYN001102,15,1887.0,0.0,150.96,2037.96,delivered,Aanya Agarwal,93 Banjara Hills,+91 8486116401,card,2025-09-05T08:46:25.912Z
SYN001103,15,2355.0,0.0,188.4,2543.4,delivered,Aanya Agarwal,28 Park Street,+91 8666269789,cash,2025-11-03T08:46:25.912Z
SYN001104,15,1051.0,0.0,84.08,1135.08,delivered,Aanya Agarwal,199 Nehru Nagar,+91 7430643962,cash,2025-10-11T08:46:25.912Z
SYN001105,15,1120.0,0.0,89.6,1209.6,delivered,Aanya Agarwal,387 Salt Lake,+91 8800680449,cash,2026-02-21T08:46:25.912Z
SYN001106,15,2680.0,0.0,214.4,2894.4,delivered,Aanya Agarwal,177 Andheri West,+91 7905194918,upi,2025-09-23T08:46:25.912Z
SYN001107,15,922.0,0.0,73.76,995.76,delivered,Aanya Agarwal,380 Salt Lake,+91 9574490624,cash,2026-04-18T08:46:25.912Z
SYN001108,15,2267.0,0.0,181.36,2448.36,delivered,Aanya Agarwal,270 Banjara Hills,+91 8920641026,cash,2026-05-12T08:46:25.912Z
SYN001109,15,1102.0,0.0,88.16,1190.16,delivered,Aanya Agarwal,135 Brigade Road,+91 7013579975,card,2026-07-08T08:46:25.912Z
SYN001110,15,1395.0,0.0,111.6,1506.6,delivered,Aanya Agarwal,60 Salt Lake,+91 8667110719,cash,2026-01-20T08:46:25.912Z
SYN001111,15,3145.0,0.0,251.6,3396.6,delivered,Aanya Agarwal,478 Nehru Nagar,+91 9493845343,cash,2025-11-04T08:46:25.912Z
SYN001112,15,1293.0,0.0,103.44,1396.44,delivered,Aanya Agarwal,108 MG Road,+91 9043096220,cash,2026-01-24T08:46:25.912Z
SYN001113,15,1170.0,0.0,93.6,1263.6,delivered,Aanya Agarwal,87 Laxmi Nagar,+91 9351861343,cash,2026-08-03T08:46:25.912Z
SYN001114,15,1610.0,0.0,128.8,1738.8,delivered,Aanya Agarwal,450 Salt Lake,+91 9717351511,upi,2025-09-25T08:46:25.912Z
SYN001115,15,2316.0,0.0,185.28,2501.28,delivered,Aanya Agarwal,197 Park Street,+91 7622490730,cash,2026-02-04T08:46:25.912Z
SYN001116,15,1426.0,0.0,114.08,1540.08,delivered,Aanya Agarwal,6 Laxmi Nagar,+91 9036412291,upi,2025-11-29T08:46:25.912Z
SYN001117,15,1408.0,0.0,112.64,1520.64,delivered,Aanya Agarwal,136 Nehru Nagar,+91 8188491278,cash,2025-10-19T08:46:25.912Z
SYN001118,15,2295.0,0.0,183.6,2478.6,delivered,Aanya Agarwal,264 Koramangala,+91 8466963804,upi,2026-02-04T08:46:25.912Z
SYN001119,15,1780.0,0.0,142.4,1922.4,delivered,Aanya Agarwal,247 Nehru Nagar,+91 7655990905,card,2026-04-06T08:46:25.912Z
SYN001120,15,2224.0,0.0,177.92,2401.92,delivered,Aanya Agarwal,86 Park Street,+91 7631032956,cash,2025-11-02T08:46:25.912Z
SYN001121,15,2850.0,0.0,228.0,3078.0,delivered,Aanya Agarwal,201 Laxmi Nagar,+91 9461961390,upi,2026-02-21T08:46:25.912Z
SYN001122,15,382.0,49.0,30.56,461.56,delivered,Aanya Agarwal,248 Nehru Nagar,+91 7309042475,card,2026-03-01T08:46:25.912Z
SYN001123,15,2566.0,0.0,205.28,2771.28,delivered,Aanya Agarwal,358 Nehru Nagar,+91 7441857255,card,2026-01-31T08:46:25.912Z
SYN001124,15,1489.0,0.0,119.12,1608.12,delivered,Aanya Agarwal,244 Brigade Road,+91 9998790229,cash,2026-08-20T08:46:25.912Z
SYN001125,15,2105.0,0.0,168.4,2273.4,delivered,Aanya Agarwal,78 Banjara Hills,+91 7435376746,card,2025-11-15T08:46:25.912Z
SYN001126,15,1341.0,0.0,107.28,1448.28,delivered,Aanya Agarwal,378 Andheri West,+91 7607278697,upi,2026-07-15T08:46:25.912Z
SYN001127,15,2705.0,0.0,216.4,2921.4,delivered,Aanya Agarwal,400 Koramangala,+91 7245374498,upi,2025-10-02T08:46:25.912Z
SYN001128,15,1539.0,0.0,123.12,1662.12,delivered,Aanya Agarwal,225 Nehru Nagar,+91 7919574188,upi,2025-11-20T08:46:25.912Z
SYN001129,15,2690.0,0.0,215.2,2905.2,delivered,Aanya Agarwal,51 Gandhi Path,+91 7136739026,card,2026-04-10T08:46:25.912Z
SYN001130,15,2683.0,0.0,214.64,2897.64,delivered,Aanya Agarwal,67 Nehru Nagar,+91 9025220144,card,2025-12-19T08:46:25.912Z
SYN001131,15,2017.0,0.0,161.36,2178.36,delivered,Aanya Agarwal,413 Laxmi Nagar,+91 8855276364,cash,2026-04-09T08:46:25.912Z
SYN001132,15,1808.0,0.0,144.64,1952.64,delivered,Aanya Agarwal,254 Nehru Nagar,+91 8343668703,card,2026-07-15T08:46:25.912Z
SYN001133,15,2049.0,0.0,163.92,2212.92,delivered,Aanya Agarwal,94 MG Road,+91 7882396852,cash,2025-12-27T08:46:25.912Z
SYN001134,15,2884.0,0.0,230.72,3114.72,delivered,Aanya Agarwal,7 Nehru Nagar,+91 7356577512,card,2026-01-02T08:46:25.912Z
SYN001135,15,1725.0,0.0,138.0,1863.0,delivered,Aanya Agarwal,473 Park Street,+91 8033048415,upi,2025-12-16T08:46:25.912Z
SYN001136,15,2415.0,0.0,193.2,2608.2,delivered,Aanya Agarwal,108 MG Road,+91 7392397424,upi,2026-06-12T08:46:25.912Z
SYN001137,15,2425.0,0.0,194.0,2619.0,delivered,Aanya Agarwal,105 Laxmi Nagar,+91 7616045709,card,2026-01-19T08:46:25.912Z
SYN001138,15,1933.0,0.0,154.64,2087.64,delivered,Aanya Agarwal,18 Koramangala,+91 8858489700,card,2026-01-11T08:46:25.912Z
SYN001139,15,1740.0,0.0,139.2,1879.2,delivered,Aanya Agarwal,453 MG Road,+91 8337418121,upi,2025-11-24T08:46:25.912Z
SYN001140,15,1570.0,0.0,125.6,1695.6,delivered,Aanya Agarwal,469 Nehru Nagar,+91 7680079242,upi,2026-02-20T08:46:25.912Z
SYN001141,15,1850.0,0.0,148.0,1998.0,delivered,Aanya Agarwal,435 Laxmi Nagar,+91 8963678356,cash,2026-07-26T08:46:25.912Z
SYN001142,15,1409.0,0.0,112.72,1521.72,delivered,Aanya Agarwal,30 Gandhi Path,+91 8403720189,upi,2026-08-08T08:46:25.912Z
SYN001143,15,3333.0,0.0,266.64,3599.64,delivered,Aanya Agarwal,374 Nehru Nagar,+91 7270581754,upi,2026-02-09T08:46:25.912Z
SYN001144,15,2476.0,0.0,198.08,2674.08,delivered,Aanya Agarwal,495 Nehru Nagar,+91 7794479725,upi,2026-01-24T08:46:25.912Z
SYN001145,15,1578.0,0.0,126.24,1704.24,delivered,Aanya Agarwal,76 Gandhi Path,+91 9370421467,card,2025-10-07T08:46:25.912Z
SYN001146,15,2987.0,0.0,238.96,3225.96,delivered,Aanya Agarwal,224 Koramangala,+91 8206847410,cash,2025-10-13T08:46:25.912Z
SYN001147,15,821.0,0.0,65.68,886.68,delivered,Aanya Agarwal,284 Gandhi Path,+91 8592021944,card,2025-11-17T08:46:25.912Z
SYN001148,15,1880.0,0.0,150.4,2030.4,delivered,Aanya Agarwal,495 Banjara Hills,+91 8170595730,upi,2026-01-27T08:46:25.912Z
SYN001149,15,2053.0,0.0,164.24,2217.24,delivered,Aanya Agarwal,135 Gandhi Path,+91 9184559606,upi,2026-08-21T08:46:25.912Z
SYN001150,15,3261.0,0.0,260.88,3521.88,delivered,Aanya Agarwal,471 Gandhi Path,+91 7533177623,cash,2026-02-09T08:46:25.912Z
SYN001151,15,2687.0,0.0,214.96,2901.96,delivered,Aanya Agarwal,291 Park Street,+91 8047556210,card,2025-11-10T08:46:25.912Z
SYN001152,15,2054.0,0.0,164.32,2218.32,delivered,Aanya Agarwal,337 Laxmi Nagar,+91 9510464868,card,2025-12-03T08:46:25.912Z
SYN001153,15,1530.0,0.0,122.4,1652.4,delivered,Aanya Agarwal,470 Park Street,+91 7390681888,upi,2026-03-07T08:46:25.912Z
SYN001154,15,2577.0,0.0,206.16,2783.16,delivered,Aanya Agarwal,130 Park Street,+91 9617062725,cash,2026-01-24T08:46:25.912Z
SYN001155,15,2326.0,0.0,186.08,2512.08,delivered,Aanya Agarwal,362 MG Road,+91 7114793200,cash,2025-12-29T08:46:25.912Z
SYN001156,15,1938.0,0.0,155.04,2093.04,delivered,Aanya Agarwal,301 Gandhi Path,+91 7875263743,cash,2026-05-14T08:46:25.912Z
SYN001157,15,2932.0,0.0,234.56,3166.56,delivered,Aanya Agarwal,294 Laxmi Nagar,+91 9415778656,cash,2025-12-01T08:46:25.912Z
SYN001158,15,2767.0,0.0,221.36,2988.36,delivered,Aanya Agarwal,328 Andheri West,+91 8696970421,cash,2026-05-08T08:46:25.912Z
SYN001159,15,2068.0,0.0,165.44,2233.44,delivered,Aanya Agarwal,451 Gandhi Path,+91 7063525882,upi,2026-03-01T08:46:25.912Z
SYN001160,15,1954.0,0.0,156.32,2110.32,delivered,Aanya Agarwal,478 MG Road,+91 9928625127,upi,2026-07-27T08:46:25.912Z
SYN001161,15,3452.0,0.0,276.16,3728.16,delivered,Aanya Agarwal,241 Laxmi Nagar,+91 7661182294,card,2026-06-03T08:46:25.912Z
SYN001162,15,1721.0,0.0,137.68,1858.68,delivered,Aanya Agarwal,295 Brigade Road,+91 9690956067,upi,2026-07-09T08:46:25.912Z
SYN001163,15,2137.0,0.0,170.96,2307.96,delivered,Aanya Agarwal,499 Brigade Road,+91 7597916728,card,2025-11-19T08:46:25.912Z
SYN001164,15,2273.0,0.0,181.84,2454.84,delivered,Aanya Agarwal,261 Salt Lake,+91 8149686809,upi,2026-05-04T08:46:25.912Z
SYN001165,15,1326.0,0.0,106.08,1432.08,delivered,Aanya Agarwal,88 Andheri West,+91 8801219507,card,2025-09-07T08:46:25.912Z
SYN001166,15,1352.0,0.0,108.16,1460.16,delivered,Aanya Agarwal,290 Salt Lake,+91 7885245418,cash,2026-02-08T08:46:25.912Z
SYN001167,15,2287.0,0.0,182.96,2469.96,delivered,Aanya Agarwal,305 Koramangala,+91 9200692806,upi,2026-04-01T08:46:25.912Z
SYN001168,15,1882.0,0.0,150.56,2032.56,delivered,Aanya Agarwal,1 Salt Lake,+91 7855950589,upi,2025-10-12T08:46:25.912Z
SYN001169,15,1183.0,0.0,94.64,1277.64,delivered,Aanya Agarwal,60 Laxmi Nagar,+91 8770460002,card,2026-01-01T08:46:25.912Z
SYN001170,15,712.0,0.0,56.96,768.96,delivered,Aanya Agarwal,121 Gandhi Path,+91 8444215025,card,2026-02-23T08:46:25.912Z
SYN001171,15,1999.0,0.0,159.92,2158.92,delivered,Aanya Agarwal,449 Park Street,+91 9773494467,upi,2026-01-31T08:46:25.912Z
SYN001172,15,792.0,0.0,63.36,855.36,delivered,Aanya Agarwal,463 Brigade Road,+91 9085853388,card,2026-05-19T08:46:25.912Z
SYN001173,15,2319.0,0.0,185.52,2504.52,delivered,Aanya Agarwal,224 Banjara Hills,+91 8030758988,card,2025-11-09T08:46:25.912Z
SYN001174,15,979.0,0.0,78.32,1057.32,delivered,Aanya Agarwal,41 Koramangala,+91 8818045527,card,2026-01-13T08:46:25.912Z
SYN001175,15,2286.0,0.0,182.88,2468.88,delivered,Aanya Agarwal,79 Laxmi Nagar,+91 7375731698,upi,2025-10-30T08:46:25.912Z
SYN001176,15,1844.0,0.0,147.52,1991.52,delivered,Aanya Agarwal,341 Laxmi Nagar,+91 9368631775,card,2026-08-20T08:46:25.912Z
SYN001177,15,3400.0,0.0,272.0,3672.0,delivered,Aanya Agarwal,363 Laxmi Nagar,+91 9678028962,cash,2026-08-03T08:46:25.912Z
SYN001178,15,2050.0,0.0,164.0,2214.0,delivered,Aanya Agarwal,160 Laxmi Nagar,+91 7882083371,upi,2026-03-10T08:46:25.912Z
SYN001179,15,1440.0,0.0,115.2,1555.2,delivered,Aanya Agarwal,310 Salt Lake,+91 7322324641,cash,2026-03-31T08:46:25.912Z
SYN001180,15,1415.0,0.0,113.2,1528.2,delivered,Aanya Agarwal,111 Andheri West,+91 7753586839,card,2026-07-08T08:46:25.912Z
SYN001181,15,1519.0,0.0,121.52,1640.52,delivered,Aanya Agarwal,76 Park Street,+91 7444550662,card,2026-06-07T08:46:25.912Z
SYN001182,15,2638.0,0.0,211.04,2849.04,delivered,Aanya Agarwal,95 Gandhi Path,+91 8000480431,card,2026-06-15T08:46:25.912Z
SYN001183,15,1368.0,0.0,109.44,1477.44,delivered,Aanya Agarwal,98 MG Road,+91 9420851792,card,2025-10-25T08:46:25.912Z
SYN001184,16,2178.0,0.0,174.24,2352.24,delivered,Isha Nair,414 Koramangala,+91 9926080037,cash,2026-07-04T08:46:25.912Z
SYN001185,16,2198.0,0.0,175.84,2373.84,delivered,Isha Nair,103 Koramangala,+91 7659718109,card,2026-05-07T08:46:25.912Z
SYN001186,16,1510.0,0.0,120.8,1630.8,delivered,Isha Nair,248 Banjara Hills,+91 8049861540,upi,2026-01-07T08:46:25.912Z
SYN001187,16,1353.0,0.0,108.24,1461.24,delivered,Isha Nair,353 Park Street,+91 9021329304,upi,2026-01-14T08:46:25.912Z
SYN001188,16,1543.0,0.0,123.44,1666.44,delivered,Isha Nair,248 Nehru Nagar,+91 7403216205,upi,2025-09-29T08:46:25.912Z
SYN001189,16,1895.0,0.0,151.6,2046.6,delivered,Isha Nair,57 Park Street,+91 9530680414,card,2025-11-16T08:46:25.912Z
SYN001190,16,614.0,0.0,49.12,663.12,delivered,Isha Nair,322 Nehru Nagar,+91 7158476083,card,2026-07-04T08:46:25.912Z
SYN001191,16,415.0,49.0,33.2,497.2,delivered,Isha Nair,390 Koramangala,+91 9304372334,card,2026-06-08T08:46:25.912Z
SYN001192,16,675.0,0.0,54.0,729.0,delivered,Isha Nair,490 MG Road,+91 9455711664,upi,2026-04-24T08:46:25.912Z
SYN001193,16,1004.0,0.0,80.32,1084.32,delivered,Isha Nair,399 Andheri West,+91 9761241776,cash,2026-01-05T08:46:25.912Z
SYN001194,16,665.0,0.0,53.2,718.2,delivered,Isha Nair,335 Park Street,+91 7325417727,cash,2025-09-17T08:46:25.912Z
SYN001195,16,814.0,0.0,65.12,879.12,delivered,Isha Nair,466 Salt Lake,+91 8974926775,upi,2026-03-21T08:46:25.912Z
SYN001196,16,803.0,0.0,64.24,867.24,delivered,Isha Nair,276 Park Street,+91 8300034226,cash,2025-11-28T08:46:25.912Z
SYN001197,16,1769.0,0.0,141.52,1910.52,delivered,Isha Nair,188 Gandhi Path,+91 8882379793,card,2026-07-14T08:46:25.912Z
SYN001198,16,1651.0,0.0,132.08,1783.08,delivered,Isha Nair,171 Park Street,+91 7581464384,upi,2025-11-13T08:46:25.912Z
SYN001199,16,1969.0,0.0,157.52,2126.52,delivered,Isha Nair,500 MG Road,+91 8164390350,upi,2026-08-10T08:46:25.912Z
SYN001200,16,1783.0,0.0,142.64,1925.64,delivered,Isha Nair,114 Brigade Road,+91 9972276421,upi,2026-01-19T08:46:25.912Z
SYN001201,16,1611.0,0.0,128.88,1739.88,delivered,Isha Nair,219 Salt Lake,+91 7908947006,upi,2025-10-20T08:46:25.912Z
SYN001202,16,1562.0,0.0,124.96,1686.96,delivered,Isha Nair,271 Gandhi Path,+91 9783943284,upi,2026-03-18T08:46:25.912Z
SYN001203,16,1221.0,0.0,97.68,1318.68,delivered,Isha Nair,409 Andheri West,+91 7190157515,cash,2026-07-22T08:46:25.912Z
SYN001204,16,1720.0,0.0,137.6,1857.6,delivered,Isha Nair,175 Salt Lake,+91 8109943448,cash,2026-08-09T08:46:25.912Z
SYN001205,16,2042.0,0.0,163.36,2205.36,delivered,Isha Nair,253 Salt Lake,+91 7722853142,card,2026-07-23T08:46:25.912Z
SYN001206,16,2239.0,0.0,179.12,2418.12,delivered,Isha Nair,426 Nehru Nagar,+91 8371577372,card,2026-06-04T08:46:25.912Z
SYN001207,16,1142.0,0.0,91.36,1233.36,delivered,Isha Nair,363 Brigade Road,+91 8905493497,card,2025-10-11T08:46:25.912Z
SYN001208,16,2128.0,0.0,170.24,2298.24,delivered,Isha Nair,18 Andheri West,+91 7370799326,cash,2026-01-03T08:46:25.912Z
SYN001209,16,650.0,0.0,52.0,702.0,delivered,Isha Nair,376 Nehru Nagar,+91 9875720339,upi,2026-01-17T08:46:25.912Z
SYN001210,16,1677.0,0.0,134.16,1811.16,delivered,Isha Nair,470 Nehru Nagar,+91 8738435429,upi,2025-11-14T08:46:25.912Z
SYN001211,16,1004.0,0.0,80.32,1084.32,delivered,Isha Nair,410 Banjara Hills,+91 9359577308,card,2026-06-28T08:46:25.912Z
SYN001212,16,314.0,49.0,25.12,388.12,delivered,Isha Nair,21 Brigade Road,+91 9862166199,upi,2025-11-27T08:46:25.912Z
SYN001213,16,2501.0,0.0,200.08,2701.08,delivered,Isha Nair,344 MG Road,+91 9679494351,cash,2026-04-28T08:46:25.912Z
SYN001214,16,1460.0,0.0,116.8,1576.8,delivered,Isha Nair,363 Brigade Road,+91 7633056384,cash,2025-11-10T08:46:25.912Z
SYN001215,16,1844.0,0.0,147.52,1991.52,delivered,Isha Nair,431 Nehru Nagar,+91 9647420079,card,2025-11-24T08:46:25.912Z
SYN001216,16,892.0,0.0,71.36,963.36,delivered,Isha Nair,363 Brigade Road,+91 7508243746,upi,2026-03-30T08:46:25.912Z
SYN001217,16,1495.0,0.0,119.6,1614.6,delivered,Isha Nair,322 Koramangala,+91 7772379398,upi,2026-02-08T08:46:25.912Z
SYN001218,16,706.0,0.0,56.48,762.48,delivered,Isha Nair,223 Banjara Hills,+91 7519292659,cash,2026-02-16T08:46:25.912Z
SYN001219,16,1643.0,0.0,131.44,1774.44,delivered,Isha Nair,485 Nehru Nagar,+91 8470494970,upi,2026-04-25T08:46:25.912Z
SYN001220,16,915.0,0.0,73.2,988.2,delivered,Isha Nair,455 Andheri West,+91 8799767766,card,2026-04-07T08:46:25.912Z
SYN001221,16,1422.0,0.0,113.76,1535.76,delivered,Isha Nair,311 Laxmi Nagar,+91 7462328183,card,2025-09-16T08:46:25.912Z
SYN001222,16,676.0,0.0,54.08,730.08,delivered,Isha Nair,396 Gandhi Path,+91 9303660858,card,2026-02-12T08:46:25.912Z
SYN001223,16,1012.0,0.0,80.96,1092.96,delivered,Isha Nair,87 Park Street,+91 8275114235,cash,2026-03-24T08:46:25.912Z
SYN001224,16,1293.0,0.0,103.44,1396.44,delivered,Isha Nair,353 Nehru Nagar,+91 9006529638,card,2026-01-11T08:46:25.912Z
SYN001225,16,2570.0,0.0,205.6,2775.6,delivered,Isha Nair,383 Laxmi Nagar,+91 9420069879,cash,2025-12-28T08:46:25.912Z
SYN001226,16,854.0,0.0,68.32,922.32,delivered,Isha Nair,43 Koramangala,+91 9246711896,cash,2026-02-27T08:46:25.912Z
SYN001227,16,974.0,0.0,77.92,1051.92,delivered,Isha Nair,190 Gandhi Path,+91 7547825612,card,2025-10-28T08:46:25.912Z
SYN001228,16,972.0,0.0,77.76,1049.76,delivered,Isha Nair,248 Park Street,+91 7480050462,cash,2026-08-02T08:46:25.912Z
SYN001229,16,1582.0,0.0,126.56,1708.56,delivered,Isha Nair,16 Koramangala,+91 9925991773,upi,2026-04-21T08:46:25.912Z
SYN001230,16,2021.0,0.0,161.68,2182.68,delivered,Isha Nair,236 Nehru Nagar,+91 9321715399,cash,2026-03-02T08:46:25.912Z
SYN001231,16,2467.0,0.0,197.36,2664.36,delivered,Isha Nair,103 Nehru Nagar,+91 9438582943,upi,2025-11-03T08:46:25.912Z
SYN001232,16,1581.0,0.0,126.48,1707.48,delivered,Isha Nair,48 Koramangala,+91 8639934626,upi,2026-05-19T08:46:25.912Z
SYN001233,16,2160.0,0.0,172.8,2332.8,delivered,Isha Nair,267 Andheri West,+91 8631320017,upi,2026-06-05T08:46:25.912Z
SYN001234,16,2582.0,0.0,206.56,2788.56,delivered,Isha Nair,251 Koramangala,+91 8101665809,cash,2026-07-04T08:46:25.912Z
SYN001235,16,784.0,0.0,62.72,846.72,delivered,Isha Nair,345 Brigade Road,+91 7634039079,card,2026-03-23T08:46:25.912Z
SYN001236,16,1311.0,0.0,104.88,1415.88,delivered,Isha Nair,178 Salt Lake,+91 8553681823,card,2026-02-05T08:46:25.912Z
SYN001237,16,1252.0,0.0,100.16,1352.16,delivered,Isha Nair,380 Gandhi Path,+91 7319885526,cash,2026-02-17T08:46:25.912Z
SYN001238,16,1732.0,0.0,138.56,1870.56,delivered,Isha Nair,60 MG Road,+91 9675111359,upi,2026-05-26T08:46:25.912Z
SYN001239,16,1103.0,0.0,88.24,1191.24,delivered,Isha Nair,500 Andheri West,+91 9715358069,upi,2026-05-15T08:46:25.912Z
SYN001240,16,2310.0,0.0,184.8,2494.8,delivered,Isha Nair,49 Brigade Road,+91 9609495818,cash,2025-09-19T08:46:25.912Z
SYN001241,16,1750.0,0.0,140.0,1890.0,delivered,Isha Nair,450 Koramangala,+91 9952875475,cash,2026-06-01T08:46:25.912Z
SYN001242,16,1244.0,0.0,99.52,1343.52,delivered,Isha Nair,146 Gandhi Path,+91 9233664312,card,2025-09-11T08:46:25.912Z
SYN001243,16,915.0,0.0,73.2,988.2,delivered,Isha Nair,276 Andheri West,+91 8272311924,card,2026-06-20T08:46:25.912Z
SYN001244,16,2211.0,0.0,176.88,2387.88,delivered,Isha Nair,164 Park Street,+91 9534261918,card,2025-10-12T08:46:25.912Z
SYN001245,16,2139.0,0.0,171.12,2310.12,delivered,Isha Nair,337 Gandhi Path,+91 9454479958,card,2026-07-03T08:46:25.912Z
SYN001246,16,1593.0,0.0,127.44,1720.44,delivered,Isha Nair,490 Koramangala,+91 8919672214,cash,2026-03-19T08:46:25.912Z
SYN001247,16,2841.0,0.0,227.28,3068.28,delivered,Isha Nair,182 Park Street,+91 8616783298,cash,2026-05-02T08:46:25.912Z
SYN001248,16,1997.0,0.0,159.76,2156.76,delivered,Isha Nair,62 Gandhi Path,+91 7007726372,card,2026-02-17T08:46:25.912Z
SYN001249,16,1581.0,0.0,126.48,1707.48,delivered,Isha Nair,131 Nehru Nagar,+91 8005836228,cash,2025-11-02T08:46:25.912Z
SYN001250,16,853.0,0.0,68.24,921.24,delivered,Isha Nair,317 Brigade Road,+91 9204556306,card,2026-07-24T08:46:25.912Z
SYN001251,16,1396.0,0.0,111.68,1507.68,delivered,Isha Nair,210 Koramangala,+91 9520579435,upi,2026-05-15T08:46:25.912Z
SYN001252,16,1112.0,0.0,88.96,1200.96,delivered,Isha Nair,320 Park Street,+91 8558135241,upi,2026-04-03T08:46:25.912Z
SYN001253,16,1493.0,0.0,119.44,1612.44,delivered,Isha Nair,137 Nehru Nagar,+91 7804894359,card,2026-02-11T08:46:25.912Z
SYN001254,16,1407.0,0.0,112.56,1519.56,delivered,Isha Nair,261 Brigade Road,+91 8269073820,cash,2026-02-20T08:46:25.912Z
SYN001255,16,1258.0,0.0,100.64,1358.64,delivered,Isha Nair,93 Gandhi Path,+91 8343237578,cash,2025-12-16T08:46:25.912Z
SYN001256,16,1283.0,0.0,102.64,1385.64,delivered,Isha Nair,213 Nehru Nagar,+91 8241614348,cash,2026-08-03T08:46:25.912Z
SYN001257,16,1667.0,0.0,133.36,1800.36,delivered,Isha Nair,74 Park Street,+91 9171098094,cash,2025-10-26T08:46:25.912Z
SYN001258,16,255.0,49.0,20.4,324.4,delivered,Isha Nair,126 Nehru Nagar,+91 7418439427,card,2025-10-10T08:46:25.912Z
SYN001259,16,849.0,0.0,67.92,916.92,delivered,Isha Nair,244 Brigade Road,+91 7648813775,cash,2026-03-29T08:46:25.912Z
SYN001260,16,1279.0,0.0,102.32,1381.32,delivered,Isha Nair,402 Koramangala,+91 8313887546,card,2026-04-19T08:46:25.912Z
SYN001261,16,1012.0,0.0,80.96,1092.96,delivered,Isha Nair,235 Andheri West,+91 8945840503,card,2026-04-25T08:46:25.912Z
SYN001262,16,1173.0,0.0,93.84,1266.84,delivered,Isha Nair,230 Laxmi Nagar,+91 7698765002,cash,2025-11-08T08:46:25.912Z
SYN001263,16,2500.0,0.0,200.0,2700.0,delivered,Isha Nair,107 Laxmi Nagar,+91 8536892550,upi,2026-02-13T08:46:25.912Z
SYN001264,16,593.0,0.0,47.44,640.44,delivered,Isha Nair,478 MG Road,+91 7524227407,upi,2026-06-24T08:46:25.912Z
SYN001265,16,1120.0,0.0,89.6,1209.6,delivered,Isha Nair,395 Laxmi Nagar,+91 7064284404,card,2026-06-30T08:46:25.912Z
SYN001266,16,407.0,49.0,32.56,488.56,delivered,Isha Nair,175 Koramangala,+91 7241869298,card,2026-03-25T08:46:25.912Z
SYN001267,16,964.0,0.0,77.12,1041.12,delivered,Isha Nair,107 Gandhi Path,+91 7354458634,cash,2025-09-21T08:46:25.912Z
SYN001268,16,1572.0,0.0,125.76,1697.76,delivered,Isha Nair,319 Laxmi Nagar,+91 8539962094,cash,2025-12-15T08:46:25.912Z
SYN001269,16,1350.0,0.0,108.0,1458.0,delivered,Isha Nair,386 Brigade Road,+91 8167036375,card,2026-07-27T08:46:25.912Z
SYN001270,16,1213.0,0.0,97.04,1310.04,delivered,Isha Nair,317 Laxmi Nagar,+91 7590147558,upi,2025-09-22T08:46:25.912Z
SYN001271,16,2128.0,0.0,170.24,2298.24,delivered,Isha Nair,426 Andheri West,+91 7778425832,upi,2025-09-25T08:46:25.912Z
SYN001272,16,1064.0,0.0,85.12,1149.12,delivered,Isha Nair,123 MG Road,+91 9048433111,upi,2026-07-19T08:46:25.912Z
SYN001273,16,1401.0,0.0,112.08,1513.08,delivered,Isha Nair,464 Gandhi Path,+91 8579965585,card,2026-04-21T08:46:25.912Z
SYN001274,16,2309.0,0.0,184.72,2493.72,delivered,Isha Nair,136 Laxmi Nagar,+91 7465470228,card,2026-07-17T08:46:25.912Z
SYN001275,16,2487.0,0.0,198.96,2685.96,delivered,Isha Nair,219 Salt Lake,+91 8024634308,card,2025-12-16T08:46:25.912Z
SYN001276,16,482.0,49.0,38.56,569.56,delivered,Isha Nair,110 Gandhi Path,+91 9146795175,cash,2025-10-29T08:46:25.912Z
SYN001277,16,1628.0,0.0,130.24,1758.24,delivered,Isha Nair,308 Brigade Road,+91 8170137186,upi,2025-10-13T08:46:25.912Z
SYN001278,16,1878.0,0.0,150.24,2028.24,delivered,Isha Nair,176 Andheri West,+91 8808532633,card,2025-09-14T08:46:25.912Z
SYN001279,16,1263.0,0.0,101.04,1364.04,delivered,Isha Nair,144 Koramangala,+91 7680213696,cash,2026-07-20T08:46:25.912Z
SYN001280,16,2049.0,0.0,163.92,2212.92,delivered,Isha Nair,385 Koramangala,+91 7195421102,cash,2026-04-05T08:46:25.912Z
SYN001281,16,1793.0,0.0,143.44,1936.44,delivered,Isha Nair,114 Nehru Nagar,+91 8282770267,upi,2026-01-31T08:46:25.912Z
SYN001282,16,1219.0,0.0,97.52,1316.52,delivered,Isha Nair,155 Gandhi Path,+91 8014872515,card,2025-10-28T08:46:25.912Z
SYN001283,16,1692.0,0.0,135.36,1827.36,delivered,Isha Nair,150 Park Street,+91 8325532506,cash,2026-01-22T08:46:25.912Z
SYN001284,16,1334.0,0.0,106.72,1440.72,delivered,Isha Nair,38 Nehru Nagar,+91 9554683252,card,2025-09-22T08:46:25.912Z
SYN001285,16,2189.0,0.0,175.12,2364.12,delivered,Isha Nair,80 Gandhi Path,+91 9011836606,card,2026-01-26T08:46:25.912Z
SYN001286,16,2659.0,0.0,212.72,2871.72,delivered,Isha Nair,156 Andheri West,+91 9474326617,cash,2025-12-31T08:46:25.912Z
SYN001287,16,1892.0,0.0,151.36,2043.36,delivered,Isha Nair,107 Koramangala,+91 9596078098,upi,2025-09-15T08:46:25.912Z
SYN001288,16,1989.0,0.0,159.12,2148.12,delivered,Isha Nair,400 Koramangala,+91 9328762827,cash,2025-12-02T08:46:25.912Z
SYN001289,16,871.0,0.0,69.68,940.68,delivered,Isha Nair,130 Salt Lake,+91 9309358203,upi,2026-03-23T08:46:25.912Z
SYN001290,16,1681.0,0.0,134.48,1815.48,delivered,Isha Nair,497 Nehru Nagar,+91 9923023813,upi,2025-11-21T08:46:25.912Z
SYN001291,16,1176.0,0.0,94.08,1270.08,delivered,Isha Nair,305 MG Road,+91 7523720354,card,2026-02-16T08:46:25.912Z
SYN001292,16,513.0,0.0,41.04,554.04,delivered,Isha Nair,317 Salt Lake,+91 7570292100,upi,2026-01-03T08:46:25.912Z
SYN001293,16,1361.0,0.0,108.88,1469.88,delivered,Isha Nair,196 Salt Lake,+91 7140199558,card,2026-01-07T08:46:25.912Z
SYN001294,16,1021.0,0.0,81.68,1102.68,delivered,Isha Nair,365 Koramangala,+91 8021195576,cash,2026-03-25T08:46:25.912Z
SYN001295,16,1470.0,0.0,117.6,1587.6,delivered,Isha Nair,284 Gandhi Path,+91 7484579511,upi,2026-06-12T08:46:25.912Z
SYN001296,16,1490.0,0.0,119.2,1609.2,delivered,Isha Nair,294 Park Street,+91 9926751332,card,2026-05-23T08:46:25.912Z
SYN001297,16,905.0,0.0,72.4,977.4,delivered,Isha Nair,187 Andheri West,+91 9191650272,upi,2025-09-13T08:46:25.912Z
SYN001298,16,944.0,0.0,75.52,1019.52,delivered,Isha Nair,356 Brigade Road,+91 9427582854,cash,2025-10-01T08:46:25.912Z
SYN001299,16,1172.0,0.0,93.76,1265.76,delivered,Isha Nair,415 Nehru Nagar,+91 8955916290,upi,2026-08-03T08:46:25.912Z
SYN001300,16,1771.0,0.0,141.68,1912.68,delivered,Isha Nair,385 Laxmi Nagar,+91 8514194666,upi,2026-04-30T08:46:25.912Z
SYN001301,16,1448.0,0.0,115.84,1563.84,delivered,Isha Nair,327 MG Road,+91 9369848105,cash,2026-01-15T08:46:25.912Z
SYN001302,16,1391.0,0.0,111.28,1502.28,delivered,Isha Nair,152 Andheri West,+91 7809979417,card,2026-02-17T08:46:25.912Z
SYN001303,16,1709.0,0.0,136.72,1845.72,delivered,Isha Nair,274 Banjara Hills,+91 9877733210,card,2026-03-18T08:46:25.912Z
SYN001304,16,1729.0,0.0,138.32,1867.32,delivered,Isha Nair,407 Laxmi Nagar,+91 7399115507,card,2026-08-17T08:46:25.912Z
SYN001305,16,1253.0,0.0,100.24,1353.24,delivered,Isha Nair,151 Koramangala,+91 7596266526,upi,2025-10-04T08:46:25.912Z
SYN001306,16,1552.0,0.0,124.16,1676.16,delivered,Isha Nair,252 Koramangala,+91 7538041344,card,2025-08-29T08:46:25.912Z
SYN001307,16,1881.0,0.0,150.48,2031.48,delivered,Isha Nair,367 Andheri West,+91 7239157850,upi,2026-06-08T08:46:25.912Z
SYN001308,16,1737.0,0.0,138.96,1875.96,delivered,Isha Nair,250 Gandhi Path,+91 9734021997,card,2025-09-18T08:46:25.912Z
SYN001309,16,2108.0,0.0,168.64,2276.64,delivered,Isha Nair,292 Salt Lake,+91 7027128148,cash,2026-06-28T08:46:25.912Z
SYN001310,16,1322.0,0.0,105.76,1427.76,delivered,Isha Nair,368 Andheri West,+91 9195550734,cash,2026-02-01T08:46:25.912Z
SYN001311,16,587.0,0.0,46.96,633.96,delivered,Isha Nair,221 Salt Lake,+91 9567393642,upi,2025-12-15T08:46:25.912Z
SYN001312,16,1034.0,0.0,82.72,1116.72,delivered,Isha Nair,324 Nehru Nagar,+91 8294961779,card,2025-12-29T08:46:25.912Z
SYN001313,16,694.0,0.0,55.52,749.52,delivered,Isha Nair,214 Nehru Nagar,+91 7651487323,upi,2026-05-08T08:46:25.912Z
SYN001314,16,632.0,0.0,50.56,682.56,delivered,Isha Nair,472 Brigade Road,+91 8325255045,cash,2026-01-30T08:46:25.912Z
SYN001315,16,1359.0,0.0,108.72,1467.72,delivered,Isha Nair,385 Laxmi Nagar,+91 8933288080,cash,2025-10-13T08:46:25.912Z
SYN001316,16,1521.0,0.0,121.68,1642.68,delivered,Isha Nair,473 Park Street,+91 8985649398,card,2026-05-21T08:46:25.912Z
SYN001317,16,1195.0,0.0,95.6,1290.6,delivered,Isha Nair,426 MG Road,+91 9494279333,card,2026-04-15T08:46:25.912Z
SYN001318,16,2067.0,0.0,165.36,2232.36,delivered,Isha Nair,220 Gandhi Path,+91 9319872806,upi,2026-05-30T08:46:25.912Z
SYN001319,16,1700.0,0.0,136.0,1836.0,delivered,Isha Nair,94 Koramangala,+91 9698963372,cash,2026-07-19T08:46:25.912Z
SYN001320,16,2179.0,0.0,174.32,2353.32,delivered,Isha Nair,106 Andheri West,+91 8942180707,cash,2026-04-21T08:46:25.912Z
SYN001321,16,2241.0,0.0,179.28,2420.28,delivered,Isha Nair,489 Salt Lake,+91 9174834686,cash,2026-07-25T08:46:25.912Z
SYN001322,16,424.0,49.0,33.92,506.92,delivered,Isha Nair,66 Salt Lake,+91 8974936487,card,2026-03-30T08:46:25.912Z
SYN001323,16,1500.0,0.0,120.0,1620.0,delivered,Isha Nair,146 Brigade Road,+91 8242520780,cash,2026-08-13T08:46:25.912Z
SYN001324,16,694.0,0.0,55.52,749.52,delivered,Isha Nair,150 Koramangala,+91 8143970245,card,2026-08-01T08:46:25.912Z
SYN001325,16,2450.0,0.0,196.0,2646.0,delivered,Isha Nair,455 Salt Lake,+91 7654925886,upi,2025-12-16T08:46:25.912Z
SYN001326,16,1053.0,0.0,84.24,1137.24,delivered,Isha Nair,121 Banjara Hills,+91 7761274208,card,2026-01-17T08:46:25.912Z
SYN001327,16,1013.0,0.0,81.04,1094.04,delivered,Isha Nair,290 Nehru Nagar,+91 8100566688,cash,2026-03-09T08:46:25.912Z
SYN001328,16,1060.0,0.0,84.8,1144.8,delivered,Isha Nair,470 Gandhi Path,+91 9345696690,upi,2025-09-28T08:46:25.912Z
SYN001329,17,2640.0,0.0,211.2,2851.2,delivered,Pari Reddy,226 Andheri West,+91 9423967313,upi,2025-10-04T08:46:25.912Z
SYN001330,17,2417.0,0.0,193.36,2610.36,delivered,Pari Reddy,109 MG Road,+91 8102989731,card,2026-06-19T08:46:25.912Z
SYN001331,17,5184.0,0.0,414.72,5598.72,delivered,Pari Reddy,371 Andheri West,+91 8348255869,upi,2026-02-18T08:46:25.912Z
SYN001332,17,3396.0,0.0,271.68,3667.68,delivered,Pari Reddy,105 Laxmi Nagar,+91 7056182835,upi,2026-05-29T08:46:25.912Z
SYN001333,17,2679.0,0.0,214.32,2893.32,delivered,Pari Reddy,315 Laxmi Nagar,+91 7547350700,card,2026-02-26T08:46:25.912Z
SYN001334,17,1889.0,0.0,151.12,2040.12,delivered,Pari Reddy,47 Laxmi Nagar,+91 7886780915,cash,2026-01-27T08:46:25.912Z
SYN001335,17,3455.0,0.0,276.4,3731.4,delivered,Pari Reddy,184 Salt Lake,+91 8755730548,card,2026-05-02T08:46:25.912Z
SYN001336,17,3632.0,0.0,290.56,3922.56,delivered,Pari Reddy,370 Gandhi Path,+91 8813031510,cash,2025-12-27T08:46:25.912Z
SYN001337,17,3358.0,0.0,268.64,3626.64,delivered,Pari Reddy,460 Salt Lake,+91 9191927488,upi,2026-03-29T08:46:25.912Z
SYN001338,17,1154.0,0.0,92.32,1246.32,delivered,Pari Reddy,326 Salt Lake,+91 8678515916,upi,2026-05-23T08:46:25.912Z
SYN001339,17,4442.0,0.0,355.36,4797.36,delivered,Pari Reddy,55 Salt Lake,+91 9658921137,upi,2026-04-21T08:46:25.912Z
SYN001340,17,3585.0,0.0,286.8,3871.8,delivered,Pari Reddy,212 Salt Lake,+91 8151470986,upi,2026-05-26T08:46:25.912Z
SYN001341,17,3632.0,0.0,290.56,3922.56,delivered,Pari Reddy,272 Park Street,+91 8388811305,upi,2026-06-30T08:46:25.912Z
SYN001342,17,1831.0,0.0,146.48,1977.48,delivered,Pari Reddy,201 Gandhi Path,+91 8248296435,cash,2025-12-19T08:46:25.912Z
SYN001343,17,2525.0,0.0,202.0,2727.0,delivered,Pari Reddy,332 MG Road,+91 7051568871,upi,2026-01-12T08:46:25.912Z
SYN001344,17,2689.0,0.0,215.12,2904.12,delivered,Pari Reddy,453 Park Street,+91 9807374163,cash,2025-12-26T08:46:25.912Z
SYN001345,17,3819.0,0.0,305.52,4124.52,delivered,Pari Reddy,478 Park Street,+91 8500961560,card,2026-05-07T08:46:25.912Z
SYN001346,17,2887.0,0.0,230.96,3117.96,delivered,Pari Reddy,79 Andheri West,+91 8452099934,upi,2026-04-06T08:46:25.912Z
SYN001347,17,1323.0,0.0,105.84,1428.84,delivered,Pari Reddy,70 MG Road,+91 8696331849,cash,2026-02-13T08:46:25.912Z
SYN001348,17,1879.0,0.0,150.32,2029.32,delivered,Pari Reddy,473 Koramangala,+91 8085967409,upi,2025-09-30T08:46:25.912Z
SYN001349,17,2101.0,0.0,168.08,2269.08,delivered,Pari Reddy,435 Andheri West,+91 7924437341,upi,2026-03-15T08:46:25.912Z
SYN001350,17,1888.0,0.0,151.04,2039.04,delivered,Pari Reddy,60 Laxmi Nagar,+91 9329095149,cash,2026-02-13T08:46:25.912Z
SYN001351,17,3075.0,0.0,246.0,3321.0,delivered,Pari Reddy,156 Laxmi Nagar,+91 9414273589,cash,2026-01-19T08:46:25.912Z
SYN001352,17,2836.0,0.0,226.88,3062.88,delivered,Pari Reddy,462 Park Street,+91 9608450441,cash,2025-11-06T08:46:25.912Z
SYN001353,17,2637.0,0.0,210.96,2847.96,delivered,Pari Reddy,474 Brigade Road,+91 9363496370,cash,2025-10-27T08:46:25.912Z
SYN001354,17,3139.0,0.0,251.12,3390.12,delivered,Pari Reddy,498 Nehru Nagar,+91 8515624253,upi,2026-05-08T08:46:25.912Z
SYN001355,17,3484.0,0.0,278.72,3762.72,delivered,Pari Reddy,119 Laxmi Nagar,+91 9979993374,upi,2025-12-26T08:46:25.912Z
SYN001356,17,3520.0,0.0,281.6,3801.6,delivered,Pari Reddy,170 Koramangala,+91 8074017514,cash,2026-08-10T08:46:25.912Z
SYN001357,17,1887.0,0.0,150.96,2037.96,delivered,Pari Reddy,85 Salt Lake,+91 7168540851,cash,2026-08-09T08:46:25.912Z
SYN001358,17,4236.0,0.0,338.88,4574.88,delivered,Pari Reddy,51 Banjara Hills,+91 8611526820,cash,2025-11-08T08:46:25.912Z
SYN001359,17,3176.0,0.0,254.08,3430.08,delivered,Pari Reddy,458 Brigade Road,+91 9906973981,cash,2025-11-27T08:46:25.912Z
SYN001360,17,5480.0,0.0,438.4,5918.4,delivered,Pari Reddy,432 Gandhi Path,+91 7477126537,card,2025-12-30T08:46:25.912Z
SYN001361,17,4981.0,0.0,398.48,5379.48,delivered,Pari Reddy,42 Laxmi Nagar,+91 7156922286,card,2026-01-19T08:46:25.912Z
SYN001362,17,2937.0,0.0,234.96,3171.96,delivered,Pari Reddy,329 Laxmi Nagar,+91 9964749383,card,2026-03-22T08:46:25.912Z
SYN001363,17,2639.0,0.0,211.12,2850.12,delivered,Pari Reddy,423 MG Road,+91 7536926091,cash,2026-01-09T08:46:25.912Z
SYN001364,17,4413.0,0.0,353.04,4766.04,delivered,Pari Reddy,355 Nehru Nagar,+91 9237997851,upi,2025-10-29T08:46:25.912Z
SYN001365,17,4888.0,0.0,391.04,5279.04,delivered,Pari Reddy,349 Park Street,+91 8067783676,upi,2026-07-13T08:46:25.912Z
SYN001366,17,5515.0,0.0,441.2,5956.2,delivered,Pari Reddy,134 Andheri West,+91 8624531482,upi,2025-11-25T08:46:25.912Z
SYN001367,17,2516.0,0.0,201.28,2717.28,delivered,Pari Reddy,213 Salt Lake,+91 7545894877,card,2026-03-31T08:46:25.912Z
SYN001368,17,2420.0,0.0,193.6,2613.6,delivered,Pari Reddy,429 Park Street,+91 8544390246,card,2026-05-26T08:46:25.912Z
SYN001369,17,2534.0,0.0,202.72,2736.72,delivered,Pari Reddy,434 Koramangala,+91 7680436024,upi,2026-07-03T08:46:25.912Z
SYN001370,17,3086.0,0.0,246.88,3332.88,delivered,Pari Reddy,218 Banjara Hills,+91 9425227641,card,2026-05-14T08:46:25.912Z
SYN001371,17,1649.0,0.0,131.92,1780.92,delivered,Pari Reddy,73 Banjara Hills,+91 8861035064,card,2026-03-30T08:46:25.912Z
SYN001372,17,3035.0,0.0,242.8,3277.8,delivered,Pari Reddy,212 Park Street,+91 8936270392,cash,2026-04-13T08:46:25.912Z
SYN001373,17,4079.0,0.0,326.32,4405.32,delivered,Pari Reddy,2 MG Road,+91 8911197937,upi,2025-10-30T08:46:25.912Z
SYN001374,17,3924.0,0.0,313.92,4237.92,delivered,Pari Reddy,10 Andheri West,+91 7888938511,card,2026-03-18T08:46:25.912Z
SYN001375,17,4359.0,0.0,348.72,4707.72,delivered,Pari Reddy,168 Gandhi Path,+91 8662059912,upi,2026-07-21T08:46:25.912Z
SYN001376,17,2239.0,0.0,179.12,2418.12,delivered,Pari Reddy,209 Koramangala,+91 9715048835,cash,2025-12-13T08:46:25.912Z
SYN001377,17,5626.0,0.0,450.08,6076.08,delivered,Pari Reddy,305 MG Road,+91 8332760508,cash,2026-08-11T08:46:25.912Z
SYN001378,17,3037.0,0.0,242.96,3279.96,delivered,Pari Reddy,102 Gandhi Path,+91 9278929865,upi,2025-10-01T08:46:25.912Z
SYN001379,17,2886.0,0.0,230.88,3116.88,delivered,Pari Reddy,480 MG Road,+91 7124643497,card,2026-07-22T08:46:25.912Z
SYN001380,17,3542.0,0.0,283.36,3825.36,delivered,Pari Reddy,407 Salt Lake,+91 8926451603,cash,2025-08-28T08:46:25.912Z
SYN001381,17,3041.0,0.0,243.28,3284.28,delivered,Pari Reddy,464 Andheri West,+91 7432528500,upi,2026-02-19T08:46:25.912Z
SYN001382,17,2815.0,0.0,225.2,3040.2,delivered,Pari Reddy,252 Laxmi Nagar,+91 8369381659,cash,2026-05-17T08:46:25.912Z
SYN001383,17,3040.0,0.0,243.2,3283.2,delivered,Pari Reddy,358 Salt Lake,+91 7327896468,card,2026-06-02T08:46:25.912Z
SYN001384,17,4531.0,0.0,362.48,4893.48,delivered,Pari Reddy,226 Koramangala,+91 8219974493,upi,2025-11-19T08:46:25.912Z
SYN001385,17,2499.0,0.0,199.92,2698.92,delivered,Pari Reddy,64 Nehru Nagar,+91 9170811849,card,2025-10-17T08:46:25.912Z
SYN001386,17,4181.0,0.0,334.48,4515.48,delivered,Pari Reddy,130 Nehru Nagar,+91 7959165971,cash,2026-08-05T08:46:25.912Z
SYN001387,17,2579.0,0.0,206.32,2785.32,delivered,Pari Reddy,428 Gandhi Path,+91 7299816210,upi,2026-08-02T08:46:25.912Z
SYN001388,17,2288.0,0.0,183.04,2471.04,delivered,Pari Reddy,303 Laxmi Nagar,+91 9424380134,cash,2025-10-20T08:46:25.912Z
SYN001389,17,1342.0,0.0,107.36,1449.36,delivered,Pari Reddy,188 Laxmi Nagar,+91 9636853881,card,2026-04-07T08:46:25.912Z
SYN001390,17,2090.0,0.0,167.2,2257.2,delivered,Pari Reddy,490 Banjara Hills,+91 8625663095,cash,2026-05-04T08:46:25.912Z
SYN001391,17,3783.0,0.0,302.64,4085.64,delivered,Pari Reddy,343 MG Road,+91 9764637716,upi,2026-05-31T08:46:25.912Z
SYN001392,17,4605.0,0.0,368.4,4973.4,delivered,Pari Reddy,367 MG Road,+91 7661756851,cash,2026-07-12T08:46:25.912Z
SYN001393,17,3027.0,0.0,242.16,3269.16,delivered,Pari Reddy,256 Banjara Hills,+91 9534943574,upi,2026-02-26T08:46:25.912Z
SYN001394,17,3412.0,0.0,272.96,3684.96,delivered,Pari Reddy,25 Andheri West,+91 7527123884,upi,2026-02-23T08:46:25.912Z
SYN001395,18,2982.0,0.0,238.56,3220.56,delivered,Diya Reddy,370 Andheri West,+91 9085795074,cash,2025-10-07T08:46:25.912Z
SYN001396,18,2738.0,0.0,219.04,2957.04,delivered,Diya Reddy,348 Banjara Hills,+91 8167578120,cash,2026-07-28T08:46:25.912Z
SYN001397,18,3804.0,0.0,304.32,4108.32,delivered,Diya Reddy,162 Gandhi Path,+91 7068469893,upi,2026-02-06T08:46:25.912Z
SYN001398,18,3391.0,0.0,271.28,3662.28,delivered,Diya Reddy,105 MG Road,+91 7451997545,card,2026-03-06T08:46:25.912Z
SYN001399,18,2864.0,0.0,229.12,3093.12,delivered,Diya Reddy,86 Park Street,+91 7712247608,cash,2026-07-08T08:46:25.912Z
SYN001400,18,3149.0,0.0,251.92,3400.92,delivered,Diya Reddy,454 Andheri West,+91 9451145336,upi,2026-05-05T08:46:25.912Z
SYN001401,18,4722.0,0.0,377.76,5099.76,delivered,Diya Reddy,491 Laxmi Nagar,+91 9969259317,upi,2025-10-07T08:46:25.912Z
SYN001402,18,4871.0,0.0,389.68,5260.68,delivered,Diya Reddy,97 Gandhi Path,+91 7211234778,cash,2025-12-22T08:46:25.912Z
SYN001403,18,3783.0,0.0,302.64,4085.64,delivered,Diya Reddy,276 Andheri West,+91 8103293313,cash,2026-04-18T08:46:25.912Z
SYN001404,18,7027.0,0.0,562.16,7589.16,delivered,Diya Reddy,56 Gandhi Path,+91 8725744318,upi,2025-12-19T08:46:25.912Z
SYN001405,18,3856.0,0.0,308.48,4164.48,delivered,Diya Reddy,379 Gandhi Path,+91 8955970014,card,2025-11-25T08:46:25.912Z
SYN001406,18,2692.0,0.0,215.36,2907.36,delivered,Diya Reddy,96 Salt Lake,+91 7096516646,cash,2025-10-06T08:46:25.912Z
SYN001407,18,6270.0,0.0,501.6,6771.6,delivered,Diya Reddy,227 MG Road,+91 7795419039,cash,2026-07-03T08:46:25.912Z
SYN001408,18,2622.0,0.0,209.76,2831.76,delivered,Diya Reddy,206 Koramangala,+91 7736822067,card,2026-06-06T08:46:25.912Z
SYN001409,18,4145.0,0.0,331.6,4476.6,delivered,Diya Reddy,6 MG Road,+91 9404796632,cash,2025-11-24T08:46:25.912Z
SYN001410,18,4045.0,0.0,323.6,4368.6,delivered,Diya Reddy,434 Gandhi Path,+91 7762055140,upi,2026-07-19T08:46:25.912Z
SYN001411,18,5727.0,0.0,458.16,6185.16,delivered,Diya Reddy,323 Gandhi Path,+91 9428332675,card,2025-11-16T08:46:25.912Z
SYN001412,18,2374.0,0.0,189.92,2563.92,delivered,Diya Reddy,447 Andheri West,+91 9758950729,cash,2026-05-13T08:46:25.912Z
SYN001413,18,4962.0,0.0,396.96,5358.96,delivered,Diya Reddy,494 Laxmi Nagar,+91 9706094390,card,2026-03-08T08:46:25.912Z
SYN001414,18,6351.0,0.0,508.08,6859.08,delivered,Diya Reddy,255 Nehru Nagar,+91 7549148620,cash,2026-07-15T08:46:25.912Z
SYN001415,18,2335.0,0.0,186.8,2521.8,delivered,Diya Reddy,441 Andheri West,+91 7621061733,upi,2026-01-12T08:46:25.912Z
SYN001416,18,3896.0,0.0,311.68,4207.68,delivered,Diya Reddy,183 Banjara Hills,+91 9307222569,cash,2026-02-19T08:46:25.912Z
SYN001417,18,3406.0,0.0,272.48,3678.48,delivered,Diya Reddy,310 Brigade Road,+91 8451443499,upi,2026-01-08T08:46:25.912Z
SYN001418,18,6591.0,0.0,527.28,7118.28,delivered,Diya Reddy,50 Gandhi Path,+91 9976340221,upi,2026-02-04T08:46:25.912Z
SYN001419,18,4970.0,0.0,397.6,5367.6,delivered,Diya Reddy,286 Banjara Hills,+91 7458247180,card,2026-07-17T08:46:25.912Z
SYN001420,18,2256.0,0.0,180.48,2436.48,delivered,Diya Reddy,114 Andheri West,+91 9703885528,card,2025-10-07T08:46:25.912Z
SYN001421,18,2566.0,0.0,205.28,2771.28,delivered,Diya Reddy,122 Salt Lake,+91 9982473418,cash,2025-10-31T08:46:25.912Z
SYN001422,18,5537.0,0.0,442.96,5979.96,delivered,Diya Reddy,204 Nehru Nagar,+91 7606679582,cash,2025-09-27T08:46:25.912Z
SYN001423,18,5746.0,0.0,459.68,6205.68,delivered,Diya Reddy,446 MG Road,+91 9569625004,upi,2026-07-31T08:46:25.912Z
SYN001424,18,3441.0,0.0,275.28,3716.28,delivered,Diya Reddy,375 Andheri West,+91 9812725353,cash,2026-01-07T08:46:25.912Z
SYN001425,18,4899.0,0.0,391.92,5290.92,delivered,Diya Reddy,430 Park Street,+91 7060814168,card,2026-04-09T08:46:25.912Z
SYN001426,18,4047.0,0.0,323.76,4370.76,delivered,Diya Reddy,109 Park Street,+91 7859063183,upi,2025-12-10T08:46:25.912Z
SYN001427,18,6525.0,0.0,522.0,7047.0,delivered,Diya Reddy,16 MG Road,+91 8626756920,cash,2026-03-17T08:46:25.912Z
SYN001428,18,4632.0,0.0,370.56,5002.56,delivered,Diya Reddy,310 Salt Lake,+91 9402174669,card,2026-07-16T08:46:25.912Z
SYN001429,18,6375.0,0.0,510.0,6885.0,delivered,Diya Reddy,319 Nehru Nagar,+91 9950633328,card,2025-10-10T08:46:25.912Z
SYN001430,18,4306.0,0.0,344.48,4650.48,delivered,Diya Reddy,432 Andheri West,+91 8835893820,cash,2026-02-08T08:46:25.912Z
SYN001431,18,7402.0,0.0,592.16,7994.16,delivered,Diya Reddy,19 Andheri West,+91 8953061161,cash,2026-03-30T08:46:25.912Z
SYN001432,18,4217.0,0.0,337.36,4554.36,delivered,Diya Reddy,359 Brigade Road,+91 9052724849,cash,2026-07-26T08:46:25.912Z
SYN001433,18,4626.0,0.0,370.08,4996.08,delivered,Diya Reddy,421 Salt Lake,+91 9228170909,card,2025-10-08T08:46:25.912Z
SYN001434,18,3281.0,0.0,262.48,3543.48,delivered,Diya Reddy,59 Koramangala,+91 9466971921,card,2025-09-25T08:46:25.912Z
SYN001435,19,1481.0,0.0,118.48,1599.48,delivered,Myra Singh,44 MG Road,+91 8725962278,card,2025-11-09T08:46:25.912Z
SYN001436,19,2940.0,0.0,235.2,3175.2,delivered,Myra Singh,463 Andheri West,+91 9236231502,card,2026-04-09T08:46:25.912Z
SYN001437,19,456.0,49.0,36.48,541.48,delivered,Myra Singh,211 Banjara Hills,+91 9101098260,cash,2025-09-05T08:46:25.912Z
SYN001438,19,2295.0,0.0,183.6,2478.6,delivered,Myra Singh,34 Banjara Hills,+91 8798181682,card,2025-12-09T08:46:25.912Z
SYN001439,19,848.0,0.0,67.84,915.84,delivered,Myra Singh,139 Banjara Hills,+91 7356999492,cash,2026-05-07T08:46:25.912Z
SYN001440,19,1294.0,0.0,103.52,1397.52,delivered,Myra Singh,466 Laxmi Nagar,+91 8792321208,cash,2026-05-16T08:46:25.912Z
SYN001441,19,1032.0,0.0,82.56,1114.56,delivered,Myra Singh,462 Salt Lake,+91 8945842515,cash,2026-01-23T08:46:25.912Z
SYN001442,19,696.0,0.0,55.68,751.68,delivered,Myra Singh,137 Banjara Hills,+91 7928264389,cash,2025-11-05T08:46:25.912Z
SYN001443,19,1345.0,0.0,107.6,1452.6,delivered,Myra Singh,77 Banjara Hills,+91 9166141720,card,2025-09-20T08:46:25.912Z
SYN001444,19,1295.0,0.0,103.6,1398.6,delivered,Myra Singh,477 Koramangala,+91 9050521643,card,2026-07-20T08:46:25.912Z
SYN001445,19,1445.0,0.0,115.6,1560.6,delivered,Myra Singh,322 Andheri West,+91 8767138524,upi,2026-04-19T08:46:25.912Z
SYN001446,19,1293.0,0.0,103.44,1396.44,delivered,Myra Singh,424 MG Road,+91 7397242379,upi,2026-08-02T08:46:25.912Z
SYN001447,19,1742.0,0.0,139.36,1881.36,delivered,Myra Singh,316 Laxmi Nagar,+91 7837483655,upi,2025-09-19T08:46:25.912Z
SYN001448,19,2124.0,0.0,169.92,2293.92,delivered,Myra Singh,111 Park Street,+91 9643797661,cash,2026-06-04T08:46:25.912Z
SYN001449,19,845.0,0.0,67.6,912.6,delivered,Myra Singh,93 Koramangala,+91 8898769568,cash,2025-09-23T08:46:25.912Z
SYN001450,19,228.0,49.0,18.24,295.24,delivered,Myra Singh,357 Park Street,+91 8606748956,upi,2025-09-10T08:46:25.912Z
SYN001451,19,1096.0,0.0,87.68,1183.68,delivered,Myra Singh,446 Gandhi Path,+91 8245741780,upi,2026-02-28T08:46:25.912Z
SYN001452,19,1222.0,0.0,97.76,1319.76,delivered,Myra Singh,60 Banjara Hills,+91 9074475874,upi,2026-06-11T08:46:25.912Z
SYN001453,19,2622.0,0.0,209.76,2831.76,delivered,Myra Singh,366 Andheri West,+91 9306586353,card,2026-07-31T08:46:25.912Z
SYN001454,19,1730.0,0.0,138.4,1868.4,delivered,Myra Singh,481 Nehru Nagar,+91 8653838348,upi,2026-06-25T08:46:25.912Z
SYN001455,19,1696.0,0.0,135.68,1831.68,delivered,Myra Singh,1 Brigade Road,+91 8073749150,cash,2026-03-14T08:46:25.912Z
SYN001456,19,1246.0,0.0,99.68,1345.68,delivered,Myra Singh,236 MG Road,+91 8579036374,card,2026-04-09T08:46:25.912Z
SYN001457,19,935.0,0.0,74.8,1009.8,delivered,Myra Singh,401 Banjara Hills,+91 7745229069,cash,2025-10-22T08:46:25.912Z
SYN001458,20,4084.0,0.0,326.72,4410.72,delivered,Sara Verma,149 Andheri West,+91 7271742301,cash,2025-12-24T08:46:25.912Z
SYN001459,20,2303.0,0.0,184.24,2487.24,delivered,Sara Verma,255 Park Street,+91 8588965755,cash,2025-10-23T08:46:25.912Z
SYN001460,20,3166.0,0.0,253.28,3419.28,delivered,Sara Verma,342 Andheri West,+91 8132168553,card,2026-06-16T08:46:25.912Z
SYN001461,20,2159.0,0.0,172.72,2331.72,delivered,Sara Verma,410 Banjara Hills,+91 9330096741,card,2026-07-05T08:46:25.912Z
SYN001462,20,3586.0,0.0,286.88,3872.88,delivered,Sara Verma,216 Park Street,+91 7231247820,upi,2026-08-16T08:46:25.912Z
SYN001463,20,4963.0,0.0,397.04,5360.04,delivered,Sara Verma,152 Salt Lake,+91 9494316823,cash,2026-01-03T08:46:25.912Z
SYN001464,20,1751.0,0.0,140.08,1891.08,delivered,Sara Verma,357 Brigade Road,+91 9692325256,cash,2025-08-27T08:46:25.912Z
SYN001465,20,4314.0,0.0,345.12,4659.12,delivered,Sara Verma,218 Koramangala,+91 8554895192,cash,2026-02-21T08:46:25.912Z
SYN001466,20,3609.0,0.0,288.72,3897.72,delivered,Sara Verma,480 Andheri West,+91 9065850633,cash,2026-07-07T08:46:25.912Z
SYN001467,20,2664.0,0.0,213.12,2877.12,delivered,Sara Verma,59 MG Road,+91 9680965244,card,2025-10-10T08:46:25.912Z
SYN001468,20,2146.0,0.0,171.68,2317.68,delivered,Sara Verma,440 MG Road,+91 7087110042,upi,2026-05-07T08:46:25.912Z
SYN001469,20,2931.0,0.0,234.48,3165.48,delivered,Sara Verma,196 Nehru Nagar,+91 7309447980,card,2026-06-08T08:46:25.912Z
SYN001470,20,3339.0,0.0,267.12,3606.12,delivered,Sara Verma,277 Nehru Nagar,+91 7383558358,upi,2026-05-09T08:46:25.912Z
SYN001471,20,2454.0,0.0,196.32,2650.32,delivered,Sara Verma,296 Salt Lake,+91 8526116306,upi,2026-06-16T08:46:25.912Z
SYN001472,20,3063.0,0.0,245.04,3308.04,delivered,Sara Verma,273 Banjara Hills,+91 7293162248,cash,2026-05-08T08:46:25.912Z
SYN001473,20,4441.0,0.0,355.28,4796.28,delivered,Sara Verma,451 Koramangala,+91 7924585466,upi,2025-08-26T08:46:25.912Z
SYN001474,20,2872.0,0.0,229.76,3101.76,delivered,Sara Verma,402 Brigade Road,+91 9627359794,upi,2025-11-24T08:46:25.912Z
SYN001475,20,2166.0,0.0,173.28,2339.28,delivered,Sara Verma,476 MG Road,+91 7770574751,upi,2025-08-29T08:46:25.912Z
SYN001476,20,1768.0,0.0,141.44,1909.44,delivered,Sara Verma,195 Gandhi Path,+91 7282678482,upi,2025-12-16T08:46:25.912Z
SYN001477,20,2775.0,0.0,222.0,2997.0,delivered,Sara Verma,168 MG Road,+91 8430412834,card,2026-05-03T08:46:25.912Z
SYN001478,20,2279.0,0.0,182.32,2461.32,delivered,Sara Verma,132 Gandhi Path,+91 9168442708,cash,2025-09-03T08:46:25.912Z
SYN001479,20,1370.0,0.0,109.6,1479.6,delivered,Sara Verma,107 Park Street,+91 9673685121,card,2026-06-17T08:46:25.912Z
SYN001480,20,2957.0,0.0,236.56,3193.56,delivered,Sara Verma,475 Salt Lake,+91 9726110042,cash,2026-07-09T08:46:25.912Z
SYN001481,20,3613.0,0.0,289.04,3902.04,delivered,Sara Verma,315 Brigade Road,+91 9343328799,upi,2026-02-07T08:46:25.912Z
SYN001482,20,3530.0,0.0,282.4,3812.4,delivered,Sara Verma,13 Banjara Hills,+91 9135929515,card,2026-04-25T08:46:25.912Z
SYN001483,20,4618.0,0.0,369.44,4987.44,delivered,Sara Verma,53 Salt Lake,+91 9106143969,upi,2026-02-16T08:46:25.912Z
SYN001484,20,4022.0,0.0,321.76,4343.76,delivered,Sara Verma,207 Brigade Road,+91 9125021732,cash,2026-05-21T08:46:25.912Z
SYN001485,20,4286.0,0.0,342.88,4628.88,delivered,Sara Verma,162 Koramangala,+91 9333333691,cash,2026-08-09T08:46:25.912Z
SYN001486,20,4213.0,0.0,337.04,4550.04,delivered,Sara Verma,189 Koramangala,+91 8556399582,upi,2026-02-17T08:46:25.912Z
SYN001487,20,3125.0,0.0,250.0,3375.0,delivered,Sara Verma,45 Salt Lake,+91 8210913095,cash,2026-02-27T08:46:25.912Z
SYN001488,20,2514.0,0.0,201.12,2715.12,delivered,Sara Verma,241 Brigade Road,+91 9938348633,card,2026-08-14T08:46:25.912Z
SYN001489,20,2555.0,0.0,204.4,2759.4,delivered,Sara Verma,183 Brigade Road,+91 9763679856,card,2026-07-15T08:46:25.912Z
SYN001490,20,3752.0,0.0,300.16,4052.16,delivered,Sara Verma,87 MG Road,+91 7990894639,upi,2026-06-09T08:46:25.912Z
SYN001491,20,1738.0,0.0,139.04,1877.04,delivered,Sara Verma,103 Gandhi Path,+91 8386416876,cash,2026-01-27T08:46:25.912Z
SYN001492,20,3965.0,0.0,317.2,4282.2,delivered,Sara Verma,168 Andheri West,+91 9186383481,cash,2026-07-26T08:46:25.912Z
SYN001493,20,3482.0,0.0,278.56,3760.56,delivered,Sara Verma,23 Brigade Road,+91 7884089643,cash,2025-10-08T08:46:25.912Z
SYN001494,20,4860.0,0.0,388.8,5248.8,delivered,Sara Verma,316 MG Road,+91 8301596873,cash,2026-07-09T08:46:25.912Z
SYN001495,20,6722.0,0.0,537.76,7259.76,delivered,Sara Verma,73 Laxmi Nagar,+91 8789088526,card,2025-10-27T08:46:25.912Z
SYN001496,20,3754.0,0.0,300.32,4054.32,delivered,Sara Verma,486 Brigade Road,+91 7165846867,upi,2025-11-02T08:46:25.912Z
SYN001497,20,4550.0,0.0,364.0,4914.0,delivered,Sara Verma,339 Andheri West,+91 8519524222,upi,2025-11-17T08:46:25.912Z
SYN001498,20,1788.0,0.0,143.04,1931.04,delivered,Sara Verma,228 Park Street,+91 9014062223,card,2025-11-14T08:46:25.912Z
SYN001499,20,2730.0,0.0,218.4,2948.4,delivered,Sara Verma,356 Nehru Nagar,+91 9728450864,cash,2026-05-15T08:46:25.912Z
SYN001500,20,3497.0,0.0,279.76,3776.76,delivered,Sara Verma,4 Gandhi Path,+91 9315819480,card,2025-12-25T08:46:25.912Z
SYN001501,20,5220.0,0.0,417.6,5637.6,delivered,Sara Verma,107 Salt Lake,+91 9668646417,upi,2026-04-12T08:46:25.912Z
SYN001502,20,5574.0,0.0,445.92,6019.92,delivered,Sara Verma,411 Park Street,+91 7122324899,card,2026-05-23T08:46:25.912Z
SYN001503,20,2855.0,0.0,228.4,3083.4,delivered,Sara Verma,168 Brigade Road,+91 7953946214,upi,2026-08-16T08:46:25.912Z
SYN001504,20,4501.0,0.0,360.08,4861.08,delivered,Sara Verma,391 Banjara Hills,+91 9631175287,cash,2026-05-23T08:46:25.912Z
SYN001505,20,2543.0,0.0,203.44,2746.44,delivered,Sara Verma,409 Andheri West,+91 9213247737,cash,2025-12-16T08:46:25.912Z
SYN001506,20,3626.0,0.0,290.08,3916.08,delivered,Sara Verma,129 Koramangala,+91 8844576677,upi,2026-01-15T08:46:25.912Z
SYN001507,20,2694.0,0.0,215.52,2909.52,delivered,Sara Verma,478 Laxmi Nagar,+91 7552764282,cash,2026-02-20T08:46:25.912Z
SYN001508,20,4277.0,0.0,342.16,4619.16,delivered,Sara Verma,33 Park Street,+91 8926725780,upi,2026-03-11T08:46:25.912Z
SYN001509,20,4718.0,0.0,377.44,5095.44,delivered,Sara Verma,346 Gandhi Path,+91 9047529444,cash,2026-06-17T08:46:25.912Z
SYN001510,20,1349.0,0.0,107.92,1456.92,delivered,Sara Verma,150 Gandhi Path,+91 9859252584,card,2026-07-13T08:46:25.912Z
SYN001511,20,1570.0,0.0,125.6,1695.6,delivered,Sara Verma,454 Koramangala,+91 8686129498,cash,2026-01-11T08:46:25.912Z
SYN001512,20,1758.0,0.0,140.64,1898.64,delivered,Sara Verma,355 Park Street,+91 7076385891,cash,2026-05-28T08:46:25.912Z
SYN001513,20,3524.0,0.0,281.92,3805.92,delivered,Sara Verma,439 Park Street,+91 9223669774,card,2026-08-18T08:46:25.912Z
SYN001514,20,5733.0,0.0,458.64,6191.64,delivered,Sara Verma,421 Banjara Hills,+91 7125810858,card,2026-01-02T08:46:25.912Z
SYN001515,20,3086.0,0.0,246.88,3332.88,delivered,Sara Verma,74 MG Road,+91 8001388850,upi,2025-09-03T08:46:25.912Z
SYN001516,20,3661.0,0.0,292.88,3953.88,delivered,Sara Verma,447 Banjara Hills,+91 7746077717,upi,2026-04-07T08:46:25.912Z
SYN001517,20,2098.0,0.0,167.84,2265.84,delivered,Sara Verma,114 Laxmi Nagar,+91 8106825626,cash,2025-11-04T08:46:25.912Z
SYN001518,20,3877.0,0.0,310.16,4187.16,delivered,Sara Verma,446 Gandhi Path,+91 8156763385,card,2026-06-14T08:46:25.912Z
SYN001519,20,2962.0,0.0,236.96,3198.96,delivered,Sara Verma,434 Park Street,+91 9361550044,cash,2025-09-12T08:46:25.912Z
SYN001520,20,4046.0,0.0,323.68,4369.68,delivered,Sara Verma,310 MG Road,+91 7801827094,cash,2026-02-06T08:46:25.912Z
SYN001521,20,4038.0,0.0,323.04,4361.04,delivered,Sara Verma,257 Andheri West,+91 9724832319,cash,2026-01-13T08:46:25.912Z
SYN001522,20,4820.0,0.0,385.6,5205.6,delivered,Sara Verma,12 Andheri West,+91 8254068497,cash,2025-10-05T08:46:25.912Z
SYN001523,20,2227.0,0.0,178.16,2405.16,delivered,Sara Verma,213 MG Road,+91 7094868139,cash,2026-06-05T08:46:25.912Z
SYN001524,20,3577.0,0.0,286.16,3863.16,delivered,Sara Verma,339 Andheri West,+91 7934973319,card,2026-01-30T08:46:25.912Z
SYN001525,20,4187.0,0.0,334.96,4521.96,delivered,Sara Verma,472 Andheri West,+91 7290412681,upi,2026-02-21T08:46:25.912Z
SYN001526,20,2087.0,0.0,166.96,2253.96,delivered,Sara Verma,474 Andheri West,+91 9641583057,cash,2026-03-29T08:46:25.912Z
SYN001527,20,2485.0,0.0,198.8,2683.8,delivered,Sara Verma,95 Andheri West,+91 8000542948,upi,2025-09-17T08:46:25.912Z
SYN001528,20,2676.0,0.0,214.08,2890.08,delivered,Sara Verma,312 Nehru Nagar,+91 9048864249,upi,2026-08-18T08:46:25.912Z
SYN001529,20,3155.0,0.0,252.4,3407.4,delivered,Sara Verma,64 Andheri West,+91 8991341526,cash,2026-05-05T08:46:25.912Z
SYN001530,20,4570.0,0.0,365.6,4935.6,delivered,Sara Verma,57 Nehru Nagar,+91 8630793130,cash,2026-06-21T08:46:25.912Z
SYN001531,20,3576.0,0.0,286.08,3862.08,delivered,Sara Verma,333 Andheri West,+91 8340247320,card,2026-01-09T08:46:25.912Z
SYN001532,20,4898.0,0.0,391.84,5289.84,delivered,Sara Verma,35 Park Street,+91 9724428711,cash,2026-05-19T08:46:25.912Z
SYN001533,20,3747.0,0.0,299.76,4046.76,delivered,Sara Verma,162 Andheri West,+91 9917033089,upi,2026-08-20T08:46:25.912Z
SYN001534,20,5865.0,0.0,469.2,6334.2,delivered,Sara Verma,331 Nehru Nagar,+91 7651881724,cash,2025-09-13T08:46:25.912Z
SYN001535,20,3568.0,0.0,285.44,3853.44,delivered,Sara Verma,227 Andheri West,+91 9041089178,cash,2026-06-19T08:46:25.912Z
SYN001536,20,3298.0,0.0,263.84,3561.84,delivered,Sara Verma,115 Laxmi Nagar,+91 8585779594,card,2026-03-12T08:46:25.912Z
SYN001537,20,2689.0,0.0,215.12,2904.12,delivered,Sara Verma,267 Nehru Nagar,+91 8742777165,upi,2026-08-08T08:46:25.912Z
SYN001538,20,1920.0,0.0,153.6,2073.6,delivered,Sara Verma,8 Nehru Nagar,+91 9882468234,upi,2026-07-28T08:46:25.912Z
SYN001539,20,4694.0,0.0,375.52,5069.52,delivered,Sara Verma,220 Andheri West,+91 9511221497,cash,2025-09-21T08:46:25.912Z
SYN001540,20,3989.0,0.0,319.12,4308.12,delivered,Sara Verma,319 Brigade Road,+91 8276279124,card,2026-04-09T08:46:25.912Z
SYN001541,20,3332.0,0.0,266.56,3598.56,delivered,Sara Verma,387 Nehru Nagar,+91 9155723664,upi,2026-08-07T08:46:25.912Z
SYN001542,20,4957.0,0.0,396.56,5353.56,delivered,Sara Verma,180 Andheri West,+91 8508743511,cash,2025-11-29T08:46:25.912Z
SYN001543,20,4480.0,0.0,358.4,4838.4,delivered,Sara Verma,337 Banjara Hills,+91 9109338951,card,2026-06-01T08:46:25.912Z
SYN001544,20,3609.0,0.0,288.72,3897.72,delivered,Sara Verma,320 Banjara Hills,+91 9808068102,cash,2026-07-18T08:46:25.912Z
SYN001545,20,2733.0,0.0,218.64,2951.64,delivered,Sara Verma,458 Banjara Hills,+91 7956460246,cash,2026-06-29T08:46:25.912Z
SYN001546,20,4014.0,0.0,321.12,4335.12,delivered,Sara Verma,333 MG Road,+91 8454523504,upi,2026-01-17T08:46:25.912Z
SYN001547,20,3377.0,0.0,270.16,3647.16,delivered,Sara Verma,224 Nehru Nagar,+91 7063931937,upi,2025-09-12T08:46:25.912Z
SYN001548,20,2029.0,0.0,162.32,2191.32,delivered,Sara Verma,108 Gandhi Path,+91 9496412532,upi,2025-09-21T08:46:25.912Z
SYN001549,20,1128.0,0.0,90.24,1218.24,delivered,Sara Verma,336 MG Road,+91 7752648195,upi,2025-10-13T08:46:25.912Z
SYN001550,20,5242.0,0.0,419.36,5661.36,delivered,Sara Verma,148 Nehru Nagar,+91 8387956431,upi,2025-10-06T08:46:25.912Z
SYN001551,20,4482.0,0.0,358.56,4840.56,delivered,Sara Verma,466 Koramangala,+91 8851017188,card,2026-08-12T08:46:25.912Z
SYN001552,20,4321.0,0.0,345.68,4666.68,delivered,Sara Verma,196 MG Road,+91 9126582174,cash,2026-04-14T08:46:25.912Z
SYN001553,20,3480.0,0.0,278.4,3758.4,delivered,Sara Verma,6 MG Road,+91 7026828149,cash,2026-06-11T08:46:25.912Z
SYN001554,20,1730.0,0.0,138.4,1868.4,delivered,Sara Verma,66 Park Street,+91 9103665785,card,2026-03-31T08:46:25.912Z
SYN001555,20,6618.0,0.0,529.44,7147.44,delivered,Sara Verma,40 Gandhi Path,+91 8105785455,upi,2026-06-20T08:46:25.912Z
SYN001556,20,2492.0,0.0,199.36,2691.36,delivered,Sara Verma,366 Salt Lake,+91 8392276239,upi,2026-07-23T08:46:25.912Z
SYN001557,20,1668.0,0.0,133.44,1801.44,delivered,Sara Verma,464 Brigade Road,+91 7464482611,upi,2026-06-12T08:46:25.912Z
SYN001558,20,2594.0,0.0,207.52,2801.52,delivered,Sara Verma,58 Salt Lake,+91 8075376289,cash,2025-09-07T08:46:25.912Z
SYN001559,20,3548.0,0.0,283.84,3831.84,delivered,Sara Verma,480 Koramangala,+91 7315563778,upi,2026-05-30T08:46:25.912Z
SYN001560,20,2860.0,0.0,228.8,3088.8,delivered,Sara Verma,439 Laxmi Nagar,+91 9067721327,cash,2026-07-02T08:46:25.912Z
SYN001561,20,4748.0,0.0,379.84,5127.84,delivered,Sara Verma,216 Koramangala,+91 8429454175,card,2026-06-04T08:46:25.912Z
SYN001562,20,3788.0,0.0,303.04,4091.04,delivered,Sara Verma,374 MG Road,+91 8295753099,card,2025-12-12T08:46:25.912Z
SYN001563,20,3841.0,0.0,307.28,4148.28,delivered,Sara Verma,272 Salt Lake,+91 7335352230,card,2025-11-19T08:46:25.912Z
SYN001564,20,5307.0,0.0,424.56,5731.56,delivered,Sara Verma,356 Park Street,+91 9990797807,card,2026-02-10T08:46:25.912Z
SYN001565,20,3437.0,0.0,274.96,3711.96,delivered,Sara Verma,22 Brigade Road,+91 9337230942,upi,2025-10-02T08:46:25.912Z
SYN001566,20,3520.0,0.0,281.6,3801.6,delivered,Sara Verma,109 Gandhi Path,+91 8891526126,card,2026-02-21T08:46:25.912Z
SYN001567,20,2801.0,0.0,224.08,3025.08,delivered,Sara Verma,57 Salt Lake,+91 8715930002,cash,2026-04-14T08:46:25.912Z
SYN001568,20,3734.0,0.0,298.72,4032.72,delivered,Sara Verma,232 Andheri West,+91 9813363300,card,2025-11-14T08:46:25.912Z
SYN001569,20,5036.0,0.0,402.88,5438.88,delivered,Sara Verma,21 Gandhi Path,+91 9266429309,upi,2026-02-28T08:46:25.912Z
SYN001570,20,2730.0,0.0,218.4,2948.4,delivered,Sara Verma,197 MG Road,+91 8840112149,card,2025-09-05T08:46:25.912Z
SYN001571,20,2980.0,0.0,238.4,3218.4,delivered,Sara Verma,74 MG Road,+91 7413442741,cash,2025-12-07T08:46:25.912Z
SYN001572,20,1691.0,0.0,135.28,1826.28,delivered,Sara Verma,309 Park Street,+91 9519341510,card,2025-09-30T08:46:25.912Z
SYN001573,20,2535.0,0.0,202.8,2737.8,delivered,Sara Verma,312 Gandhi Path,+91 7146589100,card,2025-10-29T08:46:25.912Z
SYN001574,20,5405.0,0.0,432.4,5837.4,delivered,Sara Verma,297 Brigade Road,+91 9488442405,card,2026-05-27T08:46:25.912Z
SYN001575,20,1847.0,0.0,147.76,1994.76,delivered,Sara Verma,202 MG Road,+91 8082017550,cash,2026-03-28T08:46:25.912Z
SYN001576,20,3165.0,0.0,253.2,3418.2,delivered,Sara Verma,202 Laxmi Nagar,+91 9263594077,upi,2026-02-16T08:46:25.912Z
SYN001577,20,5453.0,0.0,436.24,5889.24,delivered,Sara Verma,479 Brigade Road,+91 8445114774,upi,2026-07-27T08:46:25.912Z
SYN001578,20,3044.0,0.0,243.52,3287.52,delivered,Sara Verma,235 MG Road,+91 9378560918,upi,2026-07-11T08:46:25.912Z
SYN001579,20,4437.0,0.0,354.96,4791.96,delivered,Sara Verma,443 Nehru Nagar,+91 8978611672,card,2026-08-21T08:46:25.912Z
SYN001580,20,1846.0,0.0,147.68,1993.68,delivered,Sara Verma,482 Koramangala,+91 9933591207,upi,2026-06-08T08:46:25.912Z
SYN001581,20,4503.0,0.0,360.24,4863.24,delivered,Sara Verma,98 Nehru Nagar,+91 8281097041,card,2026-02-26T08:46:25.912Z
SYN001582,20,2623.0,0.0,209.84,2832.84,delivered,Sara Verma,329 MG Road,+91 9741665574,cash,2026-08-07T08:46:25.912Z
SYN001583,20,3572.0,0.0,285.76,3857.76,delivered,Sara Verma,12 Nehru Nagar,+91 9526836536,card,2025-11-25T08:46:25.912Z
SYN001584,20,2736.0,0.0,218.88,2954.88,delivered,Sara Verma,448 Gandhi Path,+91 9589113836,card,2026-08-02T08:46:25.912Z
SYN001585,20,2287.0,0.0,182.96,2469.96,delivered,Sara Verma,388 Laxmi Nagar,+91 7751614300,cash,2026-01-10T08:46:25.912Z
SYN001586,20,3954.0,0.0,316.32,4270.32,delivered,Sara Verma,478 Nehru Nagar,+91 8047131557,upi,2025-10-18T08:46:25.912Z
SYN001587,21,2136.0,0.0,170.88,2306.88,delivered,Prisha Kumar,336 Brigade Road,+91 9877737299,upi,2026-01-05T08:46:25.912Z
SYN001588,21,1553.0,0.0,124.24,1677.24,delivered,Prisha Kumar,365 Salt Lake,+91 8408894260,cash,2026-02-06T08:46:25.912Z
SYN001589,21,2286.0,0.0,182.88,2468.88,delivered,Prisha Kumar,463 Park Street,+91 8739694997,upi,2026-07-14T08:46:25.912Z
SYN001590,21,3204.0,0.0,256.32,3460.32,delivered,Prisha Kumar,160 Salt Lake,+91 8432967058,card,2025-12-15T08:46:25.912Z
SYN001591,21,1510.0,0.0,120.8,1630.8,delivered,Prisha Kumar,244 Laxmi Nagar,+91 7834130172,cash,2025-09-09T08:46:25.912Z
SYN001592,21,1209.0,0.0,96.72,1305.72,delivered,Prisha Kumar,438 Park Street,+91 9537122442,card,2025-10-28T08:46:25.912Z
SYN001593,21,1838.0,0.0,147.04,1985.04,delivered,Prisha Kumar,294 Andheri West,+91 8666125985,cash,2026-02-01T08:46:25.912Z
SYN001594,21,1258.0,0.0,100.64,1358.64,delivered,Prisha Kumar,467 Banjara Hills,+91 8241085681,cash,2026-05-10T08:46:25.912Z
SYN001595,21,2222.0,0.0,177.76,2399.76,delivered,Prisha Kumar,90 Park Street,+91 8202963952,cash,2026-06-30T08:46:25.912Z
SYN001596,21,1718.0,0.0,137.44,1855.44,delivered,Prisha Kumar,326 Banjara Hills,+91 8154743317,upi,2026-08-06T08:46:25.912Z
SYN001597,21,1857.0,0.0,148.56,2005.56,delivered,Prisha Kumar,333 Salt Lake,+91 9136411008,card,2025-12-13T08:46:25.912Z
SYN001598,21,1925.0,0.0,154.0,2079.0,delivered,Prisha Kumar,372 Banjara Hills,+91 8316998869,upi,2026-01-10T08:46:25.912Z
SYN001599,21,384.0,49.0,30.72,463.72,delivered,Prisha Kumar,121 MG Road,+91 9162256737,upi,2026-05-23T08:46:25.912Z
SYN001600,21,3274.0,0.0,261.92,3535.92,delivered,Prisha Kumar,498 Banjara Hills,+91 7238758408,upi,2026-03-01T08:46:25.912Z
SYN001601,21,1610.0,0.0,128.8,1738.8,delivered,Prisha Kumar,350 Nehru Nagar,+91 9599685755,upi,2025-12-11T08:46:25.912Z
SYN001602,21,1121.0,0.0,89.68,1210.68,delivered,Prisha Kumar,371 Laxmi Nagar,+91 7109635110,cash,2026-04-15T08:46:25.912Z
SYN001603,21,2265.0,0.0,181.2,2446.2,delivered,Prisha Kumar,494 Laxmi Nagar,+91 9964112549,cash,2025-10-08T08:46:25.912Z
SYN001604,21,1100.0,0.0,88.0,1188.0,delivered,Prisha Kumar,248 Salt Lake,+91 7877072446,card,2025-10-10T08:46:25.912Z
SYN001605,21,2157.0,0.0,172.56,2329.56,delivered,Prisha Kumar,481 Andheri West,+91 8994056158,upi,2026-07-21T08:46:25.912Z
SYN001606,21,1270.0,0.0,101.6,1371.6,delivered,Prisha Kumar,202 Gandhi Path,+91 9829322643,cash,2026-08-18T08:46:25.912Z
SYN001607,21,1223.0,0.0,97.84,1320.84,delivered,Prisha Kumar,201 Koramangala,+91 8414848928,upi,2025-10-30T08:46:25.912Z
SYN001608,21,2277.0,0.0,182.16,2459.16,delivered,Prisha Kumar,466 Andheri West,+91 9688487610,cash,2025-11-24T08:46:25.912Z
SYN001609,21,1709.0,0.0,136.72,1845.72,delivered,Prisha Kumar,2 Laxmi Nagar,+91 9533787388,upi,2026-01-20T08:46:25.912Z
SYN001610,21,1640.0,0.0,131.2,1771.2,delivered,Prisha Kumar,247 Salt Lake,+91 9909463382,upi,2026-06-13T08:46:25.912Z
SYN001611,21,1972.0,0.0,157.76,2129.76,delivered,Prisha Kumar,93 Andheri West,+91 9947929137,upi,2025-11-25T08:46:25.912Z
SYN001612,21,811.0,0.0,64.88,875.88,delivered,Prisha Kumar,124 Gandhi Path,+91 7204673999,card,2026-08-08T08:46:25.912Z
SYN001613,21,2746.0,0.0,219.68,2965.68,delivered,Prisha Kumar,245 Park Street,+91 8478494494,upi,2025-09-11T08:46:25.912Z
SYN001614,21,2028.0,0.0,162.24,2190.24,delivered,Prisha Kumar,57 Banjara Hills,+91 9829243023,upi,2026-02-09T08:46:25.912Z
SYN001615,21,644.0,0.0,51.52,695.52,delivered,Prisha Kumar,11 MG Road,+91 8916519707,upi,2025-11-10T08:46:25.912Z
SYN001616,21,1371.0,0.0,109.68,1480.68,delivered,Prisha Kumar,135 Park Street,+91 8124013429,card,2025-10-02T08:46:25.912Z
SYN001617,21,3085.0,0.0,246.8,3331.8,delivered,Prisha Kumar,228 Nehru Nagar,+91 8668657372,card,2026-05-18T08:46:25.912Z
SYN001618,21,1700.0,0.0,136.0,1836.0,delivered,Prisha Kumar,420 Koramangala,+91 9437869309,upi,2025-08-27T08:46:25.912Z
SYN001619,21,1608.0,0.0,128.64,1736.64,delivered,Prisha Kumar,288 Koramangala,+91 9830713252,cash,2026-06-20T08:46:25.912Z
SYN001620,21,661.0,0.0,52.88,713.88,delivered,Prisha Kumar,450 Koramangala,+91 9101959410,cash,2025-11-20T08:46:25.912Z
SYN001621,21,784.0,0.0,62.72,846.72,delivered,Prisha Kumar,276 Salt Lake,+91 9962053417,upi,2025-10-20T08:46:25.912Z
SYN001622,21,1636.0,0.0,130.88,1766.88,delivered,Prisha Kumar,152 Brigade Road,+91 8323383695,cash,2026-07-24T08:46:25.912Z
SYN001623,21,1589.0,0.0,127.12,1716.12,delivered,Prisha Kumar,85 Salt Lake,+91 7757451083,cash,2026-08-03T08:46:25.912Z
SYN001624,21,2682.0,0.0,214.56,2896.56,delivered,Prisha Kumar,188 Brigade Road,+91 7911717104,upi,2025-11-14T08:46:25.912Z
SYN001625,21,2396.0,0.0,191.68,2587.68,delivered,Prisha Kumar,191 Laxmi Nagar,+91 7796414306,cash,2026-07-22T08:46:25.912Z
SYN001626,21,1459.0,0.0,116.72,1575.72,delivered,Prisha Kumar,16 Gandhi Path,+91 9603673546,cash,2026-08-02T08:46:25.912Z
SYN001627,21,904.0,0.0,72.32,976.32,delivered,Prisha Kumar,321 Brigade Road,+91 8346365576,card,2026-05-12T08:46:25.912Z
SYN001628,21,2854.0,0.0,228.32,3082.32,delivered,Prisha Kumar,298 Gandhi Path,+91 7901656789,upi,2026-03-24T08:46:25.912Z
SYN001629,21,2398.0,0.0,191.84,2589.84,delivered,Prisha Kumar,406 Banjara Hills,+91 8607519971,cash,2026-06-14T08:46:25.912Z
SYN001630,21,522.0,0.0,41.76,563.76,delivered,Prisha Kumar,332 Park Street,+91 7139137219,cash,2026-07-10T08:46:25.912Z
SYN001631,21,1974.0,0.0,157.92,2131.92,delivered,Prisha Kumar,442 Banjara Hills,+91 7197387068,cash,2026-02-12T08:46:25.912Z
SYN001632,21,1697.0,0.0,135.76,1832.76,delivered,Prisha Kumar,56 Salt Lake,+91 7763167224,card,2026-01-14T08:46:25.912Z
SYN001633,21,3175.0,0.0,254.0,3429.0,delivered,Prisha Kumar,12 Salt Lake,+91 9614064826,card,2025-12-16T08:46:25.912Z
SYN001634,21,941.0,0.0,75.28,1016.28,delivered,Prisha Kumar,36 Nehru Nagar,+91 7170973482,cash,2026-05-05T08:46:25.912Z
SYN001635,21,1986.0,0.0,158.88,2144.88,delivered,Prisha Kumar,133 Brigade Road,+91 8210928255,cash,2025-12-13T08:46:25.912Z
SYN001636,21,2161.0,0.0,172.88,2333.88,delivered,Prisha Kumar,32 Salt Lake,+91 9333681067,card,2025-09-26T08:46:25.912Z
SYN001637,21,1706.0,0.0,136.48,1842.48,delivered,Prisha Kumar,483 Laxmi Nagar,+91 7949067346,cash,2026-02-27T08:46:25.912Z
SYN001638,21,1609.0,0.0,128.72,1737.72,delivered,Prisha Kumar,441 Laxmi Nagar,+91 9964331389,card,2026-02-07T08:46:25.912Z
SYN001639,21,2855.0,0.0,228.4,3083.4,delivered,Prisha Kumar,25 MG Road,+91 9184574328,cash,2026-08-18T08:46:25.912Z
SYN001640,21,3382.0,0.0,270.56,3652.56,delivered,Prisha Kumar,209 MG Road,+91 8943055362,cash,2026-03-14T08:46:25.912Z
SYN001641,21,948.0,0.0,75.84,1023.84,delivered,Prisha Kumar,350 Andheri West,+91 7316818683,card,2025-12-19T08:46:25.912Z
SYN001642,21,1730.0,0.0,138.4,1868.4,delivered,Prisha Kumar,8 MG Road,+91 9724917545,cash,2025-09-10T08:46:25.912Z
SYN001643,21,2004.0,0.0,160.32,2164.32,delivered,Prisha Kumar,350 Gandhi Path,+91 7456992408,card,2026-08-12T08:46:25.912Z
SYN001644,21,1688.0,0.0,135.04,1823.04,delivered,Prisha Kumar,135 Park Street,+91 8064573763,card,2025-10-10T08:46:25.912Z
SYN001645,21,1382.0,0.0,110.56,1492.56,delivered,Prisha Kumar,86 Koramangala,+91 8547311811,card,2026-01-22T08:46:25.912Z
SYN001646,21,2289.0,0.0,183.12,2472.12,delivered,Prisha Kumar,422 Gandhi Path,+91 8817124067,upi,2025-08-29T08:46:25.912Z
SYN001647,21,1072.0,0.0,85.76,1157.76,delivered,Prisha Kumar,458 Salt Lake,+91 7246659798,card,2026-05-26T08:46:25.912Z
SYN001648,21,2232.0,0.0,178.56,2410.56,delivered,Prisha Kumar,107 Laxmi Nagar,+91 9492311249,card,2025-11-26T08:46:25.912Z
SYN001649,21,1490.0,0.0,119.2,1609.2,delivered,Prisha Kumar,154 Banjara Hills,+91 7085246495,cash,2025-10-25T08:46:25.912Z
SYN001650,21,1782.0,0.0,142.56,1924.56,delivered,Prisha Kumar,147 Nehru Nagar,+91 9607812691,upi,2025-08-29T08:46:25.912Z
SYN001651,21,2608.0,0.0,208.64,2816.64,delivered,Prisha Kumar,219 Andheri West,+91 8480533775,upi,2026-08-08T08:46:25.912Z
SYN001652,21,1668.0,0.0,133.44,1801.44,delivered,Prisha Kumar,414 MG Road,+91 8713651102,card,2026-07-13T08:46:25.912Z
SYN001653,21,1219.0,0.0,97.52,1316.52,delivered,Prisha Kumar,103 Brigade Road,+91 7456366651,card,2025-12-07T08:46:25.912Z
SYN001654,21,2118.0,0.0,169.44,2287.44,delivered,Prisha Kumar,323 Banjara Hills,+91 9549566525,upi,2026-08-13T08:46:25.912Z
SYN001655,21,1660.0,0.0,132.8,1792.8,delivered,Prisha Kumar,292 Salt Lake,+91 9209160120,upi,2026-01-21T08:46:25.912Z
SYN001656,21,809.0,0.0,64.72,873.72,delivered,Prisha Kumar,330 Gandhi Path,+91 8507642883,upi,2025-10-27T08:46:25.912Z
SYN001657,21,782.0,0.0,62.56,844.56,delivered,Prisha Kumar,104 Banjara Hills,+91 8758174236,upi,2026-03-03T08:46:25.912Z
SYN001658,21,2248.0,0.0,179.84,2427.84,delivered,Prisha Kumar,312 Park Street,+91 8522367239,cash,2026-05-06T08:46:25.912Z
SYN001659,21,1211.0,0.0,96.88,1307.88,delivered,Prisha Kumar,346 Banjara Hills,+91 8817983879,upi,2025-08-26T08:46:25.912Z
SYN001660,21,2366.0,0.0,189.28,2555.28,delivered,Prisha Kumar,373 Park Street,+91 9827425493,cash,2025-10-31T08:46:25.912Z
SYN001661,21,2706.0,0.0,216.48,2922.48,delivered,Prisha Kumar,213 Laxmi Nagar,+91 8718871845,cash,2025-09-16T08:46:25.912Z
SYN001662,21,1487.0,0.0,118.96,1605.96,delivered,Prisha Kumar,110 Brigade Road,+91 7176475399,upi,2026-07-10T08:46:25.912Z
SYN001663,21,2623.0,0.0,209.84,2832.84,delivered,Prisha Kumar,38 Nehru Nagar,+91 8219464616,card,2026-06-10T08:46:25.912Z
SYN001664,21,1935.0,0.0,154.8,2089.8,delivered,Prisha Kumar,208 Koramangala,+91 9026294754,card,2025-10-07T08:46:25.912Z
SYN001665,21,1668.0,0.0,133.44,1801.44,delivered,Prisha Kumar,181 Laxmi Nagar,+91 9404935893,card,2025-12-26T08:46:25.912Z
SYN001666,21,2045.0,0.0,163.6,2208.6,delivered,Prisha Kumar,459 Park Street,+91 7005435303,card,2025-12-29T08:46:25.912Z
SYN001667,21,2353.0,0.0,188.24,2541.24,delivered,Prisha Kumar,491 MG Road,+91 8124690678,cash,2025-09-27T08:46:25.912Z
SYN001668,21,1112.0,0.0,88.96,1200.96,delivered,Prisha Kumar,289 Banjara Hills,+91 8102570033,upi,2025-10-05T08:46:25.912Z
SYN001669,21,1816.0,0.0,145.28,1961.28,delivered,Prisha Kumar,422 Park Street,+91 9652054104,cash,2026-04-23T08:46:25.912Z
SYN001670,21,951.0,0.0,76.08,1027.08,delivered,Prisha Kumar,237 Brigade Road,+91 8359281805,cash,2025-09-27T08:46:25.912Z
SYN001671,21,2498.0,0.0,199.84,2697.84,delivered,Prisha Kumar,477 MG Road,+91 7732734638,cash,2026-03-22T08:46:25.912Z
SYN001672,21,1334.0,0.0,106.72,1440.72,delivered,Prisha Kumar,345 Park Street,+91 7088054075,upi,2025-09-08T08:46:25.912Z
SYN001673,21,2209.0,0.0,176.72,2385.72,delivered,Prisha Kumar,398 Andheri West,+91 9567534095,upi,2025-12-24T08:46:25.912Z
SYN001674,21,831.0,0.0,66.48,897.48,delivered,Prisha Kumar,6 Park Street,+91 9730836115,upi,2026-06-07T08:46:25.912Z
SYN001675,21,2079.0,0.0,166.32,2245.32,delivered,Prisha Kumar,128 Nehru Nagar,+91 9770082314,card,2025-09-02T08:46:25.912Z
SYN001676,21,2725.0,0.0,218.0,2943.0,delivered,Prisha Kumar,411 Salt Lake,+91 9462399654,card,2026-04-29T08:46:25.912Z
SYN001677,21,2099.0,0.0,167.92,2266.92,delivered,Prisha Kumar,68 Park Street,+91 7496935904,card,2026-06-30T08:46:25.912Z
SYN001678,21,1170.0,0.0,93.6,1263.6,delivered,Prisha Kumar,120 Banjara Hills,+91 9686366602,cash,2025-12-24T08:46:25.912Z
SYN001679,21,3204.0,0.0,256.32,3460.32,delivered,Prisha Kumar,473 MG Road,+91 9245482754,card,2026-01-01T08:46:25.912Z
SYN001680,21,2634.0,0.0,210.72,2844.72,delivered,Prisha Kumar,25 Laxmi Nagar,+91 9806682985,upi,2026-08-12T08:46:25.912Z
SYN001681,21,1527.0,0.0,122.16,1649.16,delivered,Prisha Kumar,495 MG Road,+91 7995280557,cash,2025-12-26T08:46:25.912Z
SYN001682,21,1593.0,0.0,127.44,1720.44,delivered,Prisha Kumar,26 Nehru Nagar,+91 7154140472,card,2026-02-21T08:46:25.912Z
SYN001683,21,1900.0,0.0,152.0,2052.0,delivered,Prisha Kumar,433 Laxmi Nagar,+91 9071626835,upi,2025-11-10T08:46:25.912Z
SYN001684,21,2326.0,0.0,186.08,2512.08,delivered,Prisha Kumar,262 Brigade Road,+91 8629970437,card,2026-06-22T08:46:25.912Z
SYN001685,21,2175.0,0.0,174.0,2349.0,delivered,Prisha Kumar,36 Laxmi Nagar,+91 9281639509,upi,2025-12-14T08:46:25.912Z
SYN001686,21,2288.0,0.0,183.04,2471.04,delivered,Prisha Kumar,315 Nehru Nagar,+91 7720446300,upi,2025-09-05T08:46:25.912Z
SYN001687,21,1142.0,0.0,91.36,1233.36,delivered,Prisha Kumar,428 Park Street,+91 9271874639,cash,2026-05-08T08:46:25.912Z
SYN001688,21,1134.0,0.0,90.72,1224.72,delivered,Prisha Kumar,328 MG Road,+91 7232632201,cash,2026-02-24T08:46:25.912Z
SYN001689,21,1412.0,0.0,112.96,1524.96,delivered,Prisha Kumar,211 Salt Lake,+91 9743949561,upi,2026-05-15T08:46:25.912Z
SYN001690,21,1544.0,0.0,123.52,1667.52,delivered,Prisha Kumar,216 Salt Lake,+91 7134998259,upi,2025-11-09T08:46:25.912Z
SYN001691,21,625.0,0.0,50.0,675.0,delivered,Prisha Kumar,298 Banjara Hills,+91 9132886781,card,2025-11-28T08:46:25.912Z
SYN001692,21,1740.0,0.0,139.2,1879.2,delivered,Prisha Kumar,439 Nehru Nagar,+91 9256637425,card,2025-12-10T08:46:25.912Z
SYN001693,21,1149.0,0.0,91.92,1240.92,delivered,Prisha Kumar,305 Park Street,+91 7166250585,cash,2026-02-15T08:46:25.912Z
SYN001694,21,752.0,0.0,60.16,812.16,delivered,Prisha Kumar,21 MG Road,+91 9201150064,upi,2026-02-12T08:46:25.912Z
SYN001695,21,1747.0,0.0,139.76,1886.76,delivered,Prisha Kumar,138 Brigade Road,+91 8239356343,card,2025-10-16T08:46:25.912Z
SYN001696,21,1741.0,0.0,139.28,1880.28,delivered,Prisha Kumar,260 Koramangala,+91 9644484265,upi,2026-08-06T08:46:25.912Z
SYN001697,21,4142.0,0.0,331.36,4473.36,delivered,Prisha Kumar,464 Andheri West,+91 7316782168,cash,2026-03-27T08:46:25.912Z
SYN001698,21,2275.0,0.0,182.0,2457.0,delivered,Prisha Kumar,175 Gandhi Path,+91 8778376660,card,2025-12-10T08:46:25.912Z
SYN001699,21,2525.0,0.0,202.0,2727.0,delivered,Prisha Kumar,145 Park Street,+91 9367219478,upi,2026-08-06T08:46:25.912Z
SYN001700,21,874.0,0.0,69.92,943.92,delivered,Prisha Kumar,246 Andheri West,+91 9814391774,upi,2026-02-18T08:46:25.912Z
SYN001701,21,1879.0,0.0,150.32,2029.32,delivered,Prisha Kumar,403 Salt Lake,+91 9360277852,cash,2026-01-08T08:46:25.912Z
SYN001702,21,2710.0,0.0,216.8,2926.8,delivered,Prisha Kumar,492 Banjara Hills,+91 8139467745,card,2025-09-29T08:46:25.912Z
SYN001703,21,2133.0,0.0,170.64,2303.64,delivered,Prisha Kumar,381 Brigade Road,+91 7763838010,upi,2026-05-06T08:46:25.912Z
SYN001704,22,1071.0,0.0,85.68,1156.68,delivered,Riya Bhat,348 Banjara Hills,+91 8078828725,upi,2025-11-07T08:46:25.912Z
SYN001705,22,2485.0,0.0,198.8,2683.8,delivered,Riya Bhat,487 Salt Lake,+91 9366822229,upi,2025-09-25T08:46:25.912Z
SYN001706,22,1133.0,0.0,90.64,1223.64,delivered,Riya Bhat,191 Andheri West,+91 9607257670,cash,2025-08-30T08:46:25.912Z
SYN001707,22,1879.0,0.0,150.32,2029.32,delivered,Riya Bhat,334 MG Road,+91 9580049268,cash,2026-07-03T08:46:25.912Z
SYN001708,22,1382.0,0.0,110.56,1492.56,delivered,Riya Bhat,278 Park Street,+91 8190352738,cash,2025-10-05T08:46:25.912Z
SYN001709,22,2018.0,0.0,161.44,2179.44,delivered,Riya Bhat,333 Nehru Nagar,+91 7003648797,cash,2025-12-26T08:46:25.912Z
SYN001710,22,1172.0,0.0,93.76,1265.76,delivered,Riya Bhat,192 Gandhi Path,+91 8226090911,upi,2025-09-16T08:46:25.912Z
SYN001711,22,953.0,0.0,76.24,1029.24,delivered,Riya Bhat,441 Banjara Hills,+91 9319859939,upi,2026-04-01T08:46:25.912Z
SYN001712,22,922.0,0.0,73.76,995.76,delivered,Riya Bhat,266 Koramangala,+91 9613395181,cash,2025-12-13T08:46:25.912Z
SYN001713,22,1054.0,0.0,84.32,1138.32,delivered,Riya Bhat,167 Andheri West,+91 8020981308,card,2026-05-14T08:46:25.912Z
SYN001714,22,2482.0,0.0,198.56,2680.56,delivered,Riya Bhat,74 Park Street,+91 9453819533,cash,2025-09-16T08:46:25.912Z
SYN001715,22,1499.0,0.0,119.92,1618.92,delivered,Riya Bhat,39 Banjara Hills,+91 7337223783,upi,2026-03-15T08:46:25.912Z
SYN001716,22,2741.0,0.0,219.28,2960.28,delivered,Riya Bhat,229 Laxmi Nagar,+91 8828944388,upi,2025-09-10T08:46:25.912Z
SYN001717,22,1281.0,0.0,102.48,1383.48,delivered,Riya Bhat,381 MG Road,+91 9775371032,card,2025-11-04T08:46:25.912Z
SYN001718,22,1778.0,0.0,142.24,1920.24,delivered,Riya Bhat,169 Banjara Hills,+91 9341241991,cash,2026-04-24T08:46:25.912Z
SYN001719,22,2517.0,0.0,201.36,2718.36,delivered,Riya Bhat,38 Salt Lake,+91 9788461829,upi,2026-05-09T08:46:25.912Z
SYN001720,22,1100.0,0.0,88.0,1188.0,delivered,Riya Bhat,248 MG Road,+91 7284467794,upi,2026-03-27T08:46:25.912Z
SYN001721,22,2010.0,0.0,160.8,2170.8,delivered,Riya Bhat,492 Banjara Hills,+91 7615212819,card,2025-10-18T08:46:25.912Z
SYN001722,22,1468.0,0.0,117.44,1585.44,delivered,Riya Bhat,428 Andheri West,+91 9840375918,upi,2025-11-09T08:46:25.912Z
SYN001723,22,1491.0,0.0,119.28,1610.28,delivered,Riya Bhat,368 Brigade Road,+91 7685099710,upi,2026-04-29T08:46:25.912Z
SYN001724,22,1646.0,0.0,131.68,1777.68,delivered,Riya Bhat,145 Banjara Hills,+91 8314620683,cash,2026-07-24T08:46:25.912Z
SYN001725,22,1431.0,0.0,114.48,1545.48,delivered,Riya Bhat,472 Nehru Nagar,+91 9600334496,card,2026-05-10T08:46:25.912Z
SYN001726,22,2032.0,0.0,162.56,2194.56,delivered,Riya Bhat,313 MG Road,+91 9737633232,card,2025-08-27T08:46:25.912Z
SYN001727,22,1852.0,0.0,148.16,2000.16,delivered,Riya Bhat,46 Brigade Road,+91 7766140978,cash,2026-05-21T08:46:25.912Z
SYN001728,22,972.0,0.0,77.76,1049.76,delivered,Riya Bhat,68 Andheri West,+91 8503770131,cash,2025-12-31T08:46:25.912Z
SYN001729,22,1093.0,0.0,87.44,1180.44,delivered,Riya Bhat,262 Nehru Nagar,+91 7728556162,card,2026-06-13T08:46:25.912Z
SYN001730,22,1341.0,0.0,107.28,1448.28,delivered,Riya Bhat,228 Gandhi Path,+91 9526641707,cash,2025-12-06T08:46:25.912Z
SYN001731,22,1789.0,0.0,143.12,1932.12,delivered,Riya Bhat,495 Banjara Hills,+91 9623179412,card,2026-05-28T08:46:25.912Z
SYN001732,22,337.0,49.0,26.96,412.96,delivered,Riya Bhat,353 Laxmi Nagar,+91 9470594162,upi,2026-07-25T08:46:25.912Z
SYN001733,22,1897.0,0.0,151.76,2048.76,delivered,Riya Bhat,93 Koramangala,+91 7576156004,cash,2025-10-21T08:46:25.912Z
SYN001734,22,2259.0,0.0,180.72,2439.72,delivered,Riya Bhat,250 Gandhi Path,+91 7660613863,card,2026-08-02T08:46:25.912Z
SYN001735,22,1881.0,0.0,150.48,2031.48,delivered,Riya Bhat,244 Koramangala,+91 9360014414,card,2026-04-03T08:46:25.912Z
SYN001736,22,1398.0,0.0,111.84,1509.84,delivered,Riya Bhat,333 MG Road,+91 7607914625,upi,2025-10-29T08:46:25.912Z
SYN001737,22,584.0,0.0,46.72,630.72,delivered,Riya Bhat,495 MG Road,+91 7866358823,card,2026-01-31T08:46:25.912Z
SYN001738,22,742.0,0.0,59.36,801.36,delivered,Riya Bhat,14 Laxmi Nagar,+91 7828517920,cash,2025-10-22T08:46:25.912Z
SYN001739,22,764.0,0.0,61.12,825.12,delivered,Riya Bhat,180 Banjara Hills,+91 9653231903,card,2026-04-27T08:46:25.912Z
SYN001740,22,823.0,0.0,65.84,888.84,delivered,Riya Bhat,433 Andheri West,+91 8760719390,card,2026-06-07T08:46:25.912Z
SYN001741,22,1268.0,0.0,101.44,1369.44,delivered,Riya Bhat,397 MG Road,+91 8534374245,card,2025-08-31T08:46:25.912Z
SYN001742,22,1473.0,0.0,117.84,1590.84,delivered,Riya Bhat,241 Andheri West,+91 7609036421,cash,2026-02-01T08:46:25.912Z
SYN001743,22,715.0,0.0,57.2,772.2,delivered,Riya Bhat,89 Nehru Nagar,+91 8266652255,upi,2026-05-13T08:46:25.912Z
SYN001744,22,636.0,0.0,50.88,686.88,delivered,Riya Bhat,468 Andheri West,+91 9636728169,cash,2026-07-16T08:46:25.912Z
SYN001745,22,1041.0,0.0,83.28,1124.28,delivered,Riya Bhat,393 Andheri West,+91 8552382856,card,2026-03-15T08:46:25.912Z
SYN001746,22,1919.0,0.0,153.52,2072.52,delivered,Riya Bhat,333 Laxmi Nagar,+91 9641915488,cash,2026-02-15T08:46:25.912Z
SYN001747,22,1840.0,0.0,147.2,1987.2,delivered,Riya Bhat,377 MG Road,+91 7895270462,cash,2025-10-14T08:46:25.912Z
SYN001748,22,1023.0,0.0,81.84,1104.84,delivered,Riya Bhat,179 Koramangala,+91 9369643740,upi,2026-06-12T08:46:25.912Z
SYN001749,22,702.0,0.0,56.16,758.16,delivered,Riya Bhat,53 Koramangala,+91 8576273707,upi,2026-07-28T08:46:25.912Z
SYN001750,22,1594.0,0.0,127.52,1721.52,delivered,Riya Bhat,142 Banjara Hills,+91 9152333932,cash,2026-07-28T08:46:25.912Z
SYN001751,22,2260.0,0.0,180.8,2440.8,delivered,Riya Bhat,421 Brigade Road,+91 8939311945,cash,2026-03-07T08:46:25.912Z
SYN001752,22,3395.0,0.0,271.6,3666.6,delivered,Riya Bhat,486 Park Street,+91 7200833602,card,2025-12-03T08:46:25.912Z
SYN001753,22,2767.0,0.0,221.36,2988.36,delivered,Riya Bhat,449 Banjara Hills,+91 8199394587,cash,2026-07-25T08:46:25.912Z
SYN001754,22,1608.0,0.0,128.64,1736.64,delivered,Riya Bhat,179 Gandhi Path,+91 9508562131,card,2026-06-16T08:46:25.912Z
SYN001755,22,2228.0,0.0,178.24,2406.24,delivered,Riya Bhat,259 MG Road,+91 9382643606,upi,2025-10-08T08:46:25.912Z
SYN001756,22,2158.0,0.0,172.64,2330.64,delivered,Riya Bhat,484 Brigade Road,+91 8015286169,cash,2026-01-30T08:46:25.912Z
SYN001757,22,2387.0,0.0,190.96,2577.96,delivered,Riya Bhat,110 Andheri West,+91 8066745734,cash,2026-06-26T08:46:25.912Z
SYN001758,22,1691.0,0.0,135.28,1826.28,delivered,Riya Bhat,133 Brigade Road,+91 8069156460,cash,2025-11-20T08:46:25.912Z
SYN001759,22,3337.0,0.0,266.96,3603.96,delivered,Riya Bhat,150 Koramangala,+91 9638437765,cash,2026-04-21T08:46:25.912Z
SYN001760,22,1580.0,0.0,126.4,1706.4,delivered,Riya Bhat,106 Park Street,+91 9900721434,card,2026-06-13T08:46:25.912Z
SYN001761,22,702.0,0.0,56.16,758.16,delivered,Riya Bhat,46 Nehru Nagar,+91 9855378982,cash,2026-04-14T08:46:25.912Z
SYN001762,22,914.0,0.0,73.12,987.12,delivered,Riya Bhat,376 Koramangala,+91 7132215680,upi,2026-07-25T08:46:25.912Z
SYN001763,22,2428.0,0.0,194.24,2622.24,delivered,Riya Bhat,161 MG Road,+91 8807116034,upi,2025-09-30T08:46:25.912Z
SYN001764,22,1940.0,0.0,155.2,2095.2,delivered,Riya Bhat,476 Laxmi Nagar,+91 9423826938,cash,2025-10-28T08:46:25.912Z
SYN001765,22,495.0,49.0,39.6,583.6,delivered,Riya Bhat,328 Koramangala,+91 9054340190,upi,2025-10-08T08:46:25.912Z
SYN001766,22,2040.0,0.0,163.2,2203.2,delivered,Riya Bhat,226 Andheri West,+91 7492952516,upi,2026-01-20T08:46:25.912Z
SYN001767,22,2261.0,0.0,180.88,2441.88,delivered,Riya Bhat,405 Nehru Nagar,+91 9460836756,upi,2026-02-07T08:46:25.912Z
SYN001768,22,1572.0,0.0,125.76,1697.76,delivered,Riya Bhat,465 Nehru Nagar,+91 7817676316,cash,2026-06-15T08:46:25.912Z
SYN001769,22,953.0,0.0,76.24,1029.24,delivered,Riya Bhat,362 Gandhi Path,+91 9768111745,upi,2025-11-14T08:46:25.912Z
SYN001770,22,1501.0,0.0,120.08,1621.08,delivered,Riya Bhat,185 Koramangala,+91 7609449635,upi,2026-04-03T08:46:25.912Z
SYN001771,22,990.0,0.0,79.2,1069.2,delivered,Riya Bhat,71 Gandhi Path,+91 9108872512,upi,2026-04-17T08:46:25.912Z
SYN001772,22,1543.0,0.0,123.44,1666.44,delivered,Riya Bhat,66 Andheri West,+91 8554458745,cash,2026-02-06T08:46:25.912Z
SYN001773,22,1654.0,0.0,132.32,1786.32,delivered,Riya Bhat,54 Nehru Nagar,+91 8386658051,card,2026-06-22T08:46:25.912Z
SYN001774,22,1032.0,0.0,82.56,1114.56,delivered,Riya Bhat,364 Laxmi Nagar,+91 8032222959,cash,2026-03-12T08:46:25.912Z
SYN001775,22,1741.0,0.0,139.28,1880.28,delivered,Riya Bhat,36 Laxmi Nagar,+91 7046512442,cash,2026-08-11T08:46:25.912Z
SYN001776,22,1770.0,0.0,141.6,1911.6,delivered,Riya Bhat,260 Banjara Hills,+91 8564261616,cash,2025-09-16T08:46:25.912Z
SYN001777,22,876.0,0.0,70.08,946.08,delivered,Riya Bhat,251 Laxmi Nagar,+91 7238986526,upi,2025-11-08T08:46:25.912Z
SYN001778,22,1821.0,0.0,145.68,1966.68,delivered,Riya Bhat,324 Gandhi Path,+91 9707619066,cash,2026-03-21T08:46:25.912Z
SYN001779,22,1857.0,0.0,148.56,2005.56,delivered,Riya Bhat,376 Salt Lake,+91 7723364115,upi,2026-08-08T08:46:25.912Z
SYN001780,22,1232.0,0.0,98.56,1330.56,delivered,Riya Bhat,371 Nehru Nagar,+91 8180624496,cash,2025-12-23T08:46:25.912Z
SYN001781,22,2081.0,0.0,166.48,2247.48,delivered,Riya Bhat,45 Andheri West,+91 7312032471,card,2026-07-20T08:46:25.912Z
SYN001782,22,945.0,0.0,75.6,1020.6,delivered,Riya Bhat,34 Brigade Road,+91 9349214071,cash,2026-08-14T08:46:25.912Z
SYN001783,22,2440.0,0.0,195.2,2635.2,delivered,Riya Bhat,185 Park Street,+91 9735765830,cash,2025-11-07T08:46:25.912Z
SYN001784,22,1991.0,0.0,159.28,2150.28,delivered,Riya Bhat,197 Nehru Nagar,+91 8234537726,upi,2026-01-13T08:46:25.912Z
SYN001785,22,1243.0,0.0,99.44,1342.44,delivered,Riya Bhat,167 Banjara Hills,+91 8481750500,cash,2025-12-02T08:46:25.912Z
SYN001786,22,1608.0,0.0,128.64,1736.64,delivered,Riya Bhat,81 Park Street,+91 9286599064,cash,2025-12-23T08:46:25.912Z
SYN001787,22,1760.0,0.0,140.8,1900.8,delivered,Riya Bhat,159 Andheri West,+91 8076961319,card,2026-07-28T08:46:25.912Z
SYN001788,22,2072.0,0.0,165.76,2237.76,delivered,Riya Bhat,258 Banjara Hills,+91 8577740434,card,2025-11-28T08:46:25.912Z
SYN001789,22,781.0,0.0,62.48,843.48,delivered,Riya Bhat,491 Park Street,+91 7348862405,card,2025-12-19T08:46:25.912Z
SYN001790,22,2550.0,0.0,204.0,2754.0,delivered,Riya Bhat,465 Brigade Road,+91 9232421090,cash,2025-09-14T08:46:25.912Z
SYN001791,22,2742.0,0.0,219.36,2961.36,delivered,Riya Bhat,234 Nehru Nagar,+91 7937834460,upi,2026-06-06T08:46:25.912Z
SYN001792,22,2270.0,0.0,181.6,2451.6,delivered,Riya Bhat,376 Gandhi Path,+91 8506320170,cash,2026-07-24T08:46:25.912Z
SYN001793,22,1413.0,0.0,113.04,1526.04,delivered,Riya Bhat,48 Brigade Road,+91 7054487168,upi,2025-11-21T08:46:25.912Z
SYN001794,22,1678.0,0.0,134.24,1812.24,delivered,Riya Bhat,59 Park Street,+91 7143934426,card,2026-07-10T08:46:25.912Z
SYN001795,22,314.0,49.0,25.12,388.12,delivered,Riya Bhat,6 Salt Lake,+91 8450074638,upi,2026-06-04T08:46:25.912Z
SYN001796,22,2305.0,0.0,184.4,2489.4,delivered,Riya Bhat,139 Nehru Nagar,+91 7930735187,upi,2026-06-22T08:46:25.912Z
SYN001797,22,1545.0,0.0,123.6,1668.6,delivered,Riya Bhat,260 Koramangala,+91 8043126790,card,2025-09-03T08:46:25.912Z
SYN001798,22,1062.0,0.0,84.96,1146.96,delivered,Riya Bhat,260 Brigade Road,+91 9534549790,card,2026-01-29T08:46:25.912Z
SYN001799,22,1858.0,0.0,148.64,2006.64,delivered,Riya Bhat,392 MG Road,+91 7704473435,cash,2026-08-06T08:46:25.912Z
SYN001800,22,577.0,0.0,46.16,623.16,delivered,Riya Bhat,238 Salt Lake,+91 9933174703,upi,2026-01-16T08:46:25.912Z
SYN001801,22,1420.0,0.0,113.6,1533.6,delivered,Riya Bhat,404 Andheri West,+91 9423410733,upi,2025-08-31T08:46:25.912Z
SYN001802,22,2968.0,0.0,237.44,3205.44,delivered,Riya Bhat,349 Banjara Hills,+91 8906950608,cash,2025-11-24T08:46:25.912Z
SYN001803,22,784.0,0.0,62.72,846.72,delivered,Riya Bhat,427 Banjara Hills,+91 9005376881,upi,2025-09-05T08:46:25.912Z
SYN001804,22,2726.0,0.0,218.08,2944.08,delivered,Riya Bhat,45 Park Street,+91 8494877700,upi,2026-04-02T08:46:25.912Z
SYN001805,22,1562.0,0.0,124.96,1686.96,delivered,Riya Bhat,70 Koramangala,+91 7354487976,upi,2025-09-15T08:46:25.912Z
SYN001806,22,2024.0,0.0,161.92,2185.92,delivered,Riya Bhat,94 Gandhi Path,+91 7077757042,upi,2025-09-15T08:46:25.912Z
SYN001807,22,1294.0,0.0,103.52,1397.52,delivered,Riya Bhat,478 MG Road,+91 8296629073,upi,2025-10-14T08:46:25.912Z
SYN001808,22,494.0,49.0,39.52,582.52,delivered,Riya Bhat,287 Nehru Nagar,+91 8292612905,card,2026-01-12T08:46:25.912Z
SYN001809,22,1799.0,0.0,143.92,1942.92,delivered,Riya Bhat,51 Andheri West,+91 9034471497,cash,2026-07-20T08:46:25.912Z
SYN001810,22,1303.0,0.0,104.24,1407.24,delivered,Riya Bhat,445 MG Road,+91 8855823039,cash,2026-05-28T08:46:25.912Z
SYN001811,22,1138.0,0.0,91.04,1229.04,delivered,Riya Bhat,413 Park Street,+91 7479692944,cash,2025-10-23T08:46:25.912Z
SYN001812,22,1545.0,0.0,123.6,1668.6,delivered,Riya Bhat,124 Brigade Road,+91 7504221036,upi,2025-11-15T08:46:25.912Z
SYN001813,22,2278.0,0.0,182.24,2460.24,delivered,Riya Bhat,150 Salt Lake,+91 8457346572,upi,2025-09-12T08:46:25.912Z
SYN001814,22,1400.0,0.0,112.0,1512.0,delivered,Riya Bhat,211 Banjara Hills,+91 9302335788,upi,2025-12-21T08:46:25.912Z
SYN001815,22,1223.0,0.0,97.84,1320.84,delivered,Riya Bhat,226 Salt Lake,+91 9515039090,card,2026-06-10T08:46:25.912Z
SYN001816,22,1679.0,0.0,134.32,1813.32,delivered,Riya Bhat,179 Banjara Hills,+91 7794551627,upi,2026-05-11T08:46:25.912Z
SYN001817,22,1342.0,0.0,107.36,1449.36,delivered,Riya Bhat,341 Andheri West,+91 9835095092,card,2025-11-26T08:46:25.912Z
SYN001818,22,2130.0,0.0,170.4,2300.4,delivered,Riya Bhat,414 Andheri West,+91 9808678224,card,2025-10-14T08:46:25.912Z
SYN001819,22,946.0,0.0,75.68,1021.68,delivered,Riya Bhat,136 Koramangala,+91 7275767185,cash,2025-10-27T08:46:25.912Z
SYN001820,22,1844.0,0.0,147.52,1991.52,delivered,Riya Bhat,405 Nehru Nagar,+91 9348533399,upi,2026-06-01T08:46:25.912Z
SYN001821,22,3373.0,0.0,269.84,3642.84,delivered,Riya Bhat,403 Gandhi Path,+91 8142879192,cash,2026-08-16T08:46:25.912Z
SYN001822,22,2002.0,0.0,160.16,2162.16,delivered,Riya Bhat,24 Brigade Road,+91 7316744442,upi,2025-10-08T08:46:25.912Z
SYN001823,22,930.0,0.0,74.4,1004.4,delivered,Riya Bhat,251 Gandhi Path,+91 8498538764,card,2026-02-28T08:46:25.912Z
SYN001824,22,724.0,0.0,57.92,781.92,delivered,Riya Bhat,266 Koramangala,+91 9112727857,upi,2025-08-28T08:46:25.912Z
SYN001825,22,1747.0,0.0,139.76,1886.76,delivered,Riya Bhat,258 Gandhi Path,+91 9279583011,card,2026-02-04T08:46:25.912Z
SYN001826,22,1928.0,0.0,154.24,2082.24,delivered,Riya Bhat,251 Koramangala,+91 8932380017,card,2026-07-02T08:46:25.912Z
SYN001827,22,1359.0,0.0,108.72,1467.72,delivered,Riya Bhat,111 Banjara Hills,+91 9921350206,card,2026-08-04T08:46:25.912Z
SYN001828,22,1242.0,0.0,99.36,1341.36,delivered,Riya Bhat,410 Brigade Road,+91 8882226546,upi,2025-09-14T08:46:25.912Z
SYN001829,22,1652.0,0.0,132.16,1784.16,delivered,Riya Bhat,231 Nehru Nagar,+91 7018224690,card,2026-08-08T08:46:25.912Z
SYN001830,22,1732.0,0.0,138.56,1870.56,delivered,Riya Bhat,331 Banjara Hills,+91 9801313288,cash,2026-05-03T08:46:25.912Z
SYN001831,22,1443.0,0.0,115.44,1558.44,delivered,Riya Bhat,66 MG Road,+91 7491877713,cash,2025-12-17T08:46:25.912Z
SYN001832,22,1530.0,0.0,122.4,1652.4,delivered,Riya Bhat,73 Banjara Hills,+91 7652213642,cash,2026-02-05T08:46:25.912Z
SYN001833,22,1473.0,0.0,117.84,1590.84,delivered,Riya Bhat,57 Nehru Nagar,+91 9630468365,card,2026-08-15T08:46:25.912Z
SYN001834,22,553.0,0.0,44.24,597.24,delivered,Riya Bhat,344 Gandhi Path,+91 8741090960,upi,2025-11-19T08:46:25.912Z
SYN001835,22,1633.0,0.0,130.64,1763.64,delivered,Riya Bhat,100 Banjara Hills,+91 8530579644,upi,2025-11-26T08:46:25.912Z
SYN001836,22,2377.0,0.0,190.16,2567.16,delivered,Riya Bhat,337 Nehru Nagar,+91 9431880862,cash,2026-07-11T08:46:25.912Z
SYN001837,22,2380.0,0.0,190.4,2570.4,delivered,Riya Bhat,129 Gandhi Path,+91 7979977587,upi,2026-03-02T08:46:25.912Z
SYN001838,22,1839.0,0.0,147.12,1986.12,delivered,Riya Bhat,447 Park Street,+91 8781231781,card,2025-10-25T08:46:25.912Z
SYN001839,22,892.0,0.0,71.36,963.36,delivered,Riya Bhat,228 Salt Lake,+91 8115796889,cash,2026-06-05T08:46:25.912Z
SYN001840,22,522.0,0.0,41.76,563.76,delivered,Riya Bhat,56 Salt Lake,+91 7472061014,card,2026-07-26T08:46:25.912Z
SYN001841,22,1942.0,0.0,155.36,2097.36,delivered,Riya Bhat,332 Banjara Hills,+91 9407991215,card,2025-10-12T08:46:25.912Z
SYN001842,22,1930.0,0.0,154.4,2084.4,delivered,Riya Bhat,343 Salt Lake,+91 8838867397,upi,2026-05-20T08:46:25.912Z
SYN001843,22,1550.0,0.0,124.0,1674.0,delivered,Riya Bhat,387 Park Street,+91 8422830954,cash,2025-09-14T08:46:25.912Z
SYN001844,22,1359.0,0.0,108.72,1467.72,delivered,Riya Bhat,38 Laxmi Nagar,+91 9589612555,cash,2025-12-30T08:46:25.912Z
SYN001845,23,4535.0,0.0,362.8,4897.8,delivered,Rahul Iyer,431 Park Street,+91 9919336857,card,2025-11-11T08:46:25.912Z
SYN001846,23,3238.0,0.0,259.04,3497.04,delivered,Rahul Iyer,216 Nehru Nagar,+91 7084773506,card,2025-12-27T08:46:25.912Z
SYN001847,23,3875.0,0.0,310.0,4185.0,delivered,Rahul Iyer,80 Gandhi Path,+91 8723441225,cash,2026-05-01T08:46:25.912Z
SYN001848,23,4781.0,0.0,382.48,5163.48,delivered,Rahul Iyer,367 Koramangala,+91 7849752472,card,2026-06-28T08:46:25.912Z
SYN001849,23,2924.0,0.0,233.92,3157.92,delivered,Rahul Iyer,367 Laxmi Nagar,+91 8254554903,card,2026-08-07T08:46:25.912Z
SYN001850,23,2868.0,0.0,229.44,3097.44,delivered,Rahul Iyer,397 Nehru Nagar,+91 7246238626,upi,2025-09-27T08:46:25.912Z
SYN001851,23,2976.0,0.0,238.08,3214.08,delivered,Rahul Iyer,213 Nehru Nagar,+91 9620041408,cash,2025-10-21T08:46:25.912Z
SYN001852,23,3243.0,0.0,259.44,3502.44,delivered,Rahul Iyer,45 Gandhi Path,+91 9033849140,card,2025-10-28T08:46:25.912Z
SYN001853,23,2428.0,0.0,194.24,2622.24,delivered,Rahul Iyer,213 Banjara Hills,+91 7445316291,upi,2026-03-13T08:46:25.912Z
SYN001854,23,3622.0,0.0,289.76,3911.76,delivered,Rahul Iyer,185 Koramangala,+91 8365618526,cash,2026-03-07T08:46:25.912Z
SYN001855,23,3572.0,0.0,285.76,3857.76,delivered,Rahul Iyer,290 Park Street,+91 9778472979,cash,2026-07-10T08:46:25.912Z
SYN001856,23,2217.0,0.0,177.36,2394.36,delivered,Rahul Iyer,130 Andheri West,+91 7613498113,upi,2026-01-04T08:46:25.912Z
SYN001857,23,3122.0,0.0,249.76,3371.76,delivered,Rahul Iyer,375 Andheri West,+91 7103467827,cash,2026-05-24T08:46:25.912Z
SYN001858,23,2738.0,0.0,219.04,2957.04,delivered,Rahul Iyer,436 Park Street,+91 9725421335,upi,2025-10-01T08:46:25.912Z
SYN001859,23,4328.0,0.0,346.24,4674.24,delivered,Rahul Iyer,51 Banjara Hills,+91 9424859018,upi,2025-11-01T08:46:25.912Z
SYN001860,23,4108.0,0.0,328.64,4436.64,delivered,Rahul Iyer,333 Park Street,+91 8444369129,cash,2025-12-05T08:46:25.912Z
SYN001861,23,3731.0,0.0,298.48,4029.48,delivered,Rahul Iyer,87 Laxmi Nagar,+91 7012123494,cash,2026-04-13T08:46:25.912Z
SYN001862,23,4683.0,0.0,374.64,5057.64,delivered,Rahul Iyer,469 Salt Lake,+91 9710358057,card,2026-06-27T08:46:25.912Z
SYN001863,23,2099.0,0.0,167.92,2266.92,delivered,Rahul Iyer,351 Park Street,+91 7023466908,cash,2026-06-04T08:46:25.912Z
SYN001864,23,3478.0,0.0,278.24,3756.24,delivered,Rahul Iyer,316 MG Road,+91 8257396691,cash,2025-10-18T08:46:25.912Z
SYN001865,23,2937.0,0.0,234.96,3171.96,delivered,Rahul Iyer,342 Banjara Hills,+91 8234285101,upi,2026-01-17T08:46:25.912Z
SYN001866,23,3187.0,0.0,254.96,3441.96,delivered,Rahul Iyer,140 Laxmi Nagar,+91 7854086727,card,2026-02-02T08:46:25.912Z
SYN001867,23,2986.0,0.0,238.88,3224.88,delivered,Rahul Iyer,399 Salt Lake,+91 9091837832,card,2025-12-22T08:46:25.912Z
SYN001868,23,3392.0,0.0,271.36,3663.36,delivered,Rahul Iyer,465 Koramangala,+91 9154345766,cash,2026-07-03T08:46:25.912Z
SYN001869,23,4940.0,0.0,395.2,5335.2,delivered,Rahul Iyer,376 Banjara Hills,+91 9181918056,card,2025-12-14T08:46:25.912Z
SYN001870,23,1580.0,0.0,126.4,1706.4,delivered,Rahul Iyer,43 Laxmi Nagar,+91 8239819602,cash,2026-06-10T08:46:25.912Z
SYN001871,23,4273.0,0.0,341.84,4614.84,delivered,Rahul Iyer,3 Koramangala,+91 8972414131,card,2025-11-09T08:46:25.912Z
SYN001872,23,3933.0,0.0,314.64,4247.64,delivered,Rahul Iyer,35 Andheri West,+91 7951599475,cash,2025-09-19T08:46:25.912Z
SYN001873,23,3774.0,0.0,301.92,4075.92,delivered,Rahul Iyer,341 Brigade Road,+91 8349819530,upi,2025-12-27T08:46:25.912Z
SYN001874,23,3699.0,0.0,295.92,3994.92,delivered,Rahul Iyer,145 Banjara Hills,+91 9771936562,card,2026-06-15T08:46:25.912Z
SYN001875,23,2440.0,0.0,195.2,2635.2,delivered,Rahul Iyer,489 MG Road,+91 8614935161,upi,2026-08-10T08:46:25.912Z
SYN001876,23,3717.0,0.0,297.36,4014.36,delivered,Rahul Iyer,276 Banjara Hills,+91 7629515087,cash,2026-04-18T08:46:25.912Z
SYN001877,23,2007.0,0.0,160.56,2167.56,delivered,Rahul Iyer,449 Banjara Hills,+91 8167653343,cash,2026-07-07T08:46:25.912Z
SYN001878,23,1641.0,0.0,131.28,1772.28,delivered,Rahul Iyer,167 Banjara Hills,+91 8654399301,card,2026-07-21T08:46:25.912Z
SYN001879,23,3214.0,0.0,257.12,3471.12,delivered,Rahul Iyer,51 Banjara Hills,+91 8093465685,upi,2025-12-23T08:46:25.912Z
SYN001880,23,2068.0,0.0,165.44,2233.44,delivered,Rahul Iyer,378 Park Street,+91 7704314849,card,2026-05-12T08:46:25.912Z
SYN001881,23,2290.0,0.0,183.2,2473.2,delivered,Rahul Iyer,441 Banjara Hills,+91 8386880730,card,2026-04-08T08:46:25.912Z
SYN001882,23,5271.0,0.0,421.68,5692.68,delivered,Rahul Iyer,468 Koramangala,+91 7383348602,upi,2026-01-04T08:46:25.912Z
SYN001883,23,3764.0,0.0,301.12,4065.12,delivered,Rahul Iyer,276 Brigade Road,+91 7514424445,card,2026-04-22T08:46:25.912Z
SYN001884,23,3445.0,0.0,275.6,3720.6,delivered,Rahul Iyer,341 Laxmi Nagar,+91 9337990190,cash,2026-02-10T08:46:25.912Z
SYN001885,23,5331.0,0.0,426.48,5757.48,delivered,Rahul Iyer,368 Banjara Hills,+91 7367952063,cash,2026-07-09T08:46:25.912Z
SYN001886,23,3336.0,0.0,266.88,3602.88,delivered,Rahul Iyer,301 MG Road,+91 7988268815,card,2026-04-19T08:46:25.912Z
SYN001887,23,2104.0,0.0,168.32,2272.32,delivered,Rahul Iyer,3 Salt Lake,+91 7835048808,cash,2025-10-08T08:46:25.912Z
SYN001888,23,2277.0,0.0,182.16,2459.16,delivered,Rahul Iyer,332 Park Street,+91 8028548612,card,2026-06-18T08:46:25.912Z
SYN001889,23,2329.0,0.0,186.32,2515.32,delivered,Rahul Iyer,279 Salt Lake,+91 7176111770,card,2026-08-16T08:46:25.912Z
SYN001890,23,1632.0,0.0,130.56,1762.56,delivered,Rahul Iyer,132 Koramangala,+91 8156417114,card,2026-04-03T08:46:25.912Z
SYN001891,23,3216.0,0.0,257.28,3473.28,delivered,Rahul Iyer,444 Nehru Nagar,+91 7963260162,card,2026-02-13T08:46:25.912Z
SYN001892,23,4573.0,0.0,365.84,4938.84,delivered,Rahul Iyer,134 Brigade Road,+91 8735226827,card,2026-03-28T08:46:25.912Z
SYN001893,23,2051.0,0.0,164.08,2215.08,delivered,Rahul Iyer,497 Andheri West,+91 9722834543,cash,2026-06-20T08:46:25.912Z
SYN001894,23,3188.0,0.0,255.04,3443.04,delivered,Rahul Iyer,147 Andheri West,+91 7081921603,upi,2026-05-14T08:46:25.912Z
SYN001895,23,3196.0,0.0,255.68,3451.68,delivered,Rahul Iyer,203 Salt Lake,+91 8976530513,upi,2026-07-06T08:46:25.912Z
SYN001896,23,5219.0,0.0,417.52,5636.52,delivered,Rahul Iyer,220 Banjara Hills,+91 7060244503,cash,2026-07-09T08:46:25.912Z
SYN001897,23,3386.0,0.0,270.88,3656.88,delivered,Rahul Iyer,492 Andheri West,+91 9768834714,cash,2025-11-18T08:46:25.912Z
SYN001898,23,2303.0,0.0,184.24,2487.24,delivered,Rahul Iyer,488 Park Street,+91 9476492976,card,2025-11-21T08:46:25.912Z
SYN001899,23,2944.0,0.0,235.52,3179.52,delivered,Rahul Iyer,366 Park Street,+91 7012189469,card,2026-01-25T08:46:25.912Z
SYN001900,23,2637.0,0.0,210.96,2847.96,delivered,Rahul Iyer,486 Andheri West,+91 8178131256,card,2026-06-06T08:46:25.912Z
SYN001901,23,5258.0,0.0,420.64,5678.64,delivered,Rahul Iyer,347 Koramangala,+91 8846859253,upi,2025-12-12T08:46:25.912Z
SYN001902,23,5531.0,0.0,442.48,5973.48,delivered,Rahul Iyer,160 Salt Lake,+91 7023781471,upi,2026-07-26T08:46:25.912Z
SYN001903,23,3088.0,0.0,247.04,3335.04,delivered,Rahul Iyer,338 Salt Lake,+91 9710067797,card,2025-09-13T08:46:25.912Z
SYN001904,23,5439.0,0.0,435.12,5874.12,delivered,Rahul Iyer,283 Brigade Road,+91 8901730052,upi,2026-08-01T08:46:25.912Z
SYN001905,23,3972.0,0.0,317.76,4289.76,delivered,Rahul Iyer,359 Park Street,+91 8191783141,upi,2026-05-01T08:46:25.912Z
SYN001906,23,3586.0,0.0,286.88,3872.88,delivered,Rahul Iyer,170 Koramangala,+91 8612595028,card,2026-08-08T08:46:25.912Z
SYN001907,23,1463.0,0.0,117.04,1580.04,delivered,Rahul Iyer,407 Gandhi Path,+91 8100274632,upi,2026-01-26T08:46:25.912Z
SYN001908,23,5427.0,0.0,434.16,5861.16,delivered,Rahul Iyer,403 MG Road,+91 7331086845,card,2025-12-10T08:46:25.912Z
SYN001909,23,3411.0,0.0,272.88,3683.88,delivered,Rahul Iyer,390 Andheri West,+91 9127248178,card,2026-03-10T08:46:25.912Z
SYN001910,23,1980.0,0.0,158.4,2138.4,delivered,Rahul Iyer,64 Koramangala,+91 7530975356,upi,2026-05-22T08:46:25.912Z
SYN001911,23,3621.0,0.0,289.68,3910.68,delivered,Rahul Iyer,379 Nehru Nagar,+91 9022424689,cash,2026-03-02T08:46:25.912Z
SYN001912,23,3486.0,0.0,278.88,3764.88,delivered,Rahul Iyer,419 Park Street,+91 8077024519,card,2026-03-15T08:46:25.912Z
SYN001913,23,4061.0,0.0,324.88,4385.88,delivered,Rahul Iyer,180 MG Road,+91 8763910308,card,2025-10-18T08:46:25.912Z
SYN001914,23,3788.0,0.0,303.04,4091.04,delivered,Rahul Iyer,499 Banjara Hills,+91 7322944371,upi,2025-11-29T08:46:25.912Z
SYN001915,23,4877.0,0.0,390.16,5267.16,delivered,Rahul Iyer,143 Laxmi Nagar,+91 9095388020,upi,2026-08-15T08:46:25.912Z
SYN001916,23,3333.0,0.0,266.64,3599.64,delivered,Rahul Iyer,164 MG Road,+91 7100191061,upi,2026-05-21T08:46:25.912Z
SYN001917,23,1991.0,0.0,159.28,2150.28,delivered,Rahul Iyer,99 Laxmi Nagar,+91 8729262107,upi,2026-08-01T08:46:25.912Z
SYN001918,23,2527.0,0.0,202.16,2729.16,delivered,Rahul Iyer,119 Salt Lake,+91 7331477019,card,2026-08-06T08:46:25.912Z
SYN001919,23,2347.0,0.0,187.76,2534.76,delivered,Rahul Iyer,363 Nehru Nagar,+91 8725866090,card,2026-03-18T08:46:25.912Z
SYN001920,23,3397.0,0.0,271.76,3668.76,delivered,Rahul Iyer,28 Andheri West,+91 7875120568,card,2025-11-23T08:46:25.912Z
SYN001921,23,2885.0,0.0,230.8,3115.8,delivered,Rahul Iyer,108 Nehru Nagar,+91 8753168560,upi,2026-06-30T08:46:25.912Z
SYN001922,23,2338.0,0.0,187.04,2525.04,delivered,Rahul Iyer,253 Gandhi Path,+91 9460662929,cash,2026-08-19T08:46:25.912Z
SYN001923,23,2966.0,0.0,237.28,3203.28,delivered,Rahul Iyer,130 Gandhi Path,+91 9805843009,cash,2026-05-22T08:46:25.912Z
SYN001924,23,2240.0,0.0,179.2,2419.2,delivered,Rahul Iyer,297 Laxmi Nagar,+91 8846432748,cash,2026-03-13T08:46:25.912Z
SYN001925,23,2684.0,0.0,214.72,2898.72,delivered,Rahul Iyer,314 MG Road,+91 9894248060,card,2025-12-02T08:46:25.912Z
SYN001926,23,2988.0,0.0,239.04,3227.04,delivered,Rahul Iyer,190 Laxmi Nagar,+91 9670984908,upi,2025-08-31T08:46:25.912Z
SYN001927,23,4234.0,0.0,338.72,4572.72,delivered,Rahul Iyer,486 Laxmi Nagar,+91 7056859774,cash,2026-08-09T08:46:25.912Z
SYN001928,23,4011.0,0.0,320.88,4331.88,delivered,Rahul Iyer,319 Gandhi Path,+91 7977429032,cash,2025-11-04T08:46:25.912Z
SYN001929,23,3737.0,0.0,298.96,4035.96,delivered,Rahul Iyer,313 Brigade Road,+91 7461229082,card,2026-06-09T08:46:25.912Z
SYN001930,24,4413.0,0.0,353.04,4766.04,delivered,Neha Bhat,63 Nehru Nagar,+91 8751656285,card,2026-06-16T08:46:25.912Z
SYN001931,24,4035.0,0.0,322.8,4357.8,delivered,Neha Bhat,108 Park Street,+91 9079185176,upi,2025-10-04T08:46:25.912Z
SYN001932,24,4403.0,0.0,352.24,4755.24,delivered,Neha Bhat,251 Park Street,+91 9924939272,card,2026-05-09T08:46:25.912Z
SYN001933,24,4178.0,0.0,334.24,4512.24,delivered,Neha Bhat,304 Park Street,+91 9640696765,cash,2026-07-06T08:46:25.912Z
SYN001934,24,3292.0,0.0,263.36,3555.36,delivered,Neha Bhat,198 Salt Lake,+91 7862679605,card,2025-09-02T08:46:25.912Z
SYN001935,24,4136.0,0.0,330.88,4466.88,delivered,Neha Bhat,172 Laxmi Nagar,+91 7310212186,card,2025-10-31T08:46:25.912Z
SYN001936,24,3207.0,0.0,256.56,3463.56,delivered,Neha Bhat,472 Koramangala,+91 9738515118,upi,2025-08-26T08:46:25.912Z
SYN001937,24,5759.0,0.0,460.72,6219.72,delivered,Neha Bhat,459 Gandhi Path,+91 7014086809,upi,2025-09-29T08:46:25.912Z
SYN001938,24,3548.0,0.0,283.84,3831.84,delivered,Neha Bhat,431 Andheri West,+91 8451113583,cash,2026-07-14T08:46:25.912Z
SYN001939,24,4366.0,0.0,349.28,4715.28,delivered,Neha Bhat,331 Andheri West,+91 8060563439,card,2025-11-18T08:46:25.912Z
SYN001940,24,2543.0,0.0,203.44,2746.44,delivered,Neha Bhat,361 Gandhi Path,+91 7218316934,cash,2025-11-03T08:46:25.912Z
SYN001941,24,5229.0,0.0,418.32,5647.32,delivered,Neha Bhat,207 Brigade Road,+91 9250890055,upi,2025-08-26T08:46:25.912Z
SYN001942,24,2343.0,0.0,187.44,2530.44,delivered,Neha Bhat,107 Gandhi Path,+91 9860499186,cash,2026-03-23T08:46:25.912Z
SYN001943,24,4681.0,0.0,374.48,5055.48,delivered,Neha Bhat,9 Laxmi Nagar,+91 9846893597,cash,2025-12-01T08:46:25.912Z
SYN001944,24,5421.0,0.0,433.68,5854.68,delivered,Neha Bhat,159 Koramangala,+91 7910673873,cash,2026-05-03T08:46:25.912Z
SYN001945,24,4770.0,0.0,381.6,5151.6,delivered,Neha Bhat,116 Brigade Road,+91 8701068075,cash,2026-01-07T08:46:25.912Z
SYN001946,24,5542.0,0.0,443.36,5985.36,delivered,Neha Bhat,259 Park Street,+91 9169634953,upi,2026-04-03T08:46:25.912Z
SYN001947,24,4488.0,0.0,359.04,4847.04,delivered,Neha Bhat,479 Koramangala,+91 8679477132,upi,2026-03-18T08:46:25.912Z
SYN001948,24,3861.0,0.0,308.88,4169.88,delivered,Neha Bhat,349 Nehru Nagar,+91 9808567298,cash,2025-10-25T08:46:25.912Z
SYN001949,24,6237.0,0.0,498.96,6735.96,delivered,Neha Bhat,207 Koramangala,+91 8717820991,card,2026-01-05T08:46:25.912Z
SYN001950,24,6220.0,0.0,497.6,6717.6,delivered,Neha Bhat,485 Salt Lake,+91 8421445165,upi,2026-04-08T08:46:25.912Z
SYN001951,24,3366.0,0.0,269.28,3635.28,delivered,Neha Bhat,329 Banjara Hills,+91 8539247957,cash,2026-02-01T08:46:25.912Z
SYN001952,24,5948.0,0.0,475.84,6423.84,delivered,Neha Bhat,316 Gandhi Path,+91 8287190017,upi,2026-03-01T08:46:25.912Z
SYN001953,24,2935.0,0.0,234.8,3169.8,delivered,Neha Bhat,250 MG Road,+91 8519892709,card,2026-05-14T08:46:25.912Z
SYN001954,24,3192.0,0.0,255.36,3447.36,delivered,Neha Bhat,144 Park Street,+91 9087185799,cash,2025-08-27T08:46:25.912Z
SYN001955,24,2891.0,0.0,231.28,3122.28,delivered,Neha Bhat,30 Salt Lake,+91 7851993532,cash,2025-12-18T08:46:25.912Z
SYN001956,24,4357.0,0.0,348.56,4705.56,delivered,Neha Bhat,416 Brigade Road,+91 8717038648,cash,2025-11-05T08:46:25.912Z
SYN001957,24,5600.0,0.0,448.0,6048.0,delivered,Neha Bhat,363 Brigade Road,+91 7152062381,upi,2026-07-18T08:46:25.912Z
SYN001958,24,5178.0,0.0,414.24,5592.24,delivered,Neha Bhat,438 Nehru Nagar,+91 8699148481,cash,2026-07-09T08:46:25.912Z
SYN001959,24,4131.0,0.0,330.48,4461.48,delivered,Neha Bhat,475 MG Road,+91 8828719757,cash,2025-10-14T08:46:25.912Z
SYN001960,24,4069.0,0.0,325.52,4394.52,delivered,Neha Bhat,444 Gandhi Path,+91 9979624938,upi,2026-07-22T08:46:25.912Z
SYN001961,24,5464.0,0.0,437.12,5901.12,delivered,Neha Bhat,40 Salt Lake,+91 8151136908,upi,2026-06-05T08:46:25.912Z
SYN001962,24,3430.0,0.0,274.4,3704.4,delivered,Neha Bhat,395 MG Road,+91 7728823583,card,2026-05-25T08:46:25.912Z
SYN001963,24,5236.0,0.0,418.88,5654.88,delivered,Neha Bhat,104 Nehru Nagar,+91 8805536124,card,2026-01-10T08:46:25.912Z
SYN001964,24,5015.0,0.0,401.2,5416.2,delivered,Neha Bhat,72 Brigade Road,+91 9013568685,cash,2026-08-01T08:46:25.912Z
SYN001965,24,2765.0,0.0,221.2,2986.2,delivered,Neha Bhat,52 Brigade Road,+91 7410027753,cash,2026-01-30T08:46:25.912Z
SYN001966,24,1816.0,0.0,145.28,1961.28,delivered,Neha Bhat,418 Gandhi Path,+91 9972387030,cash,2025-10-04T08:46:25.912Z
SYN001967,24,5559.0,0.0,444.72,6003.72,delivered,Neha Bhat,184 Gandhi Path,+91 8068267396,card,2025-11-15T08:46:25.912Z
SYN001968,24,3627.0,0.0,290.16,3917.16,delivered,Neha Bhat,477 Nehru Nagar,+91 7016568357,upi,2026-04-29T08:46:25.912Z
SYN001969,24,3049.0,0.0,243.92,3292.92,delivered,Neha Bhat,302 Andheri West,+91 9442424453,cash,2026-06-09T08:46:25.912Z
SYN001970,24,2662.0,0.0,212.96,2874.96,delivered,Neha Bhat,436 Banjara Hills,+91 7968226915,upi,2026-03-22T08:46:25.912Z
SYN001971,24,4458.0,0.0,356.64,4814.64,delivered,Neha Bhat,432 Gandhi Path,+91 7137097897,card,2025-09-13T08:46:25.912Z
SYN001972,24,5881.0,0.0,470.48,6351.48,delivered,Neha Bhat,33 Banjara Hills,+91 8601819197,card,2026-07-05T08:46:25.912Z
SYN001973,24,4625.0,0.0,370.0,4995.0,delivered,Neha Bhat,2 Brigade Road,+91 7566372322,cash,2026-05-25T08:46:25.912Z
SYN001974,24,4373.0,0.0,349.84,4722.84,delivered,Neha Bhat,311 Gandhi Path,+91 8727768193,cash,2025-10-11T08:46:25.912Z
SYN001975,24,3372.0,0.0,269.76,3641.76,delivered,Neha Bhat,308 Gandhi Path,+91 7273124219,card,2026-05-08T08:46:25.912Z
SYN001976,24,4227.0,0.0,338.16,4565.16,delivered,Neha Bhat,38 Nehru Nagar,+91 9710083252,card,2026-07-09T08:46:25.912Z
SYN001977,24,3788.0,0.0,303.04,4091.04,delivered,Neha Bhat,154 Park Street,+91 9475641108,card,2025-11-09T08:46:25.912Z
SYN001978,24,5735.0,0.0,458.8,6193.8,delivered,Neha Bhat,348 Nehru Nagar,+91 7583249012,card,2026-03-02T08:46:25.912Z
SYN001979,24,4485.0,0.0,358.8,4843.8,delivered,Neha Bhat,131 Laxmi Nagar,+91 9513787210,card,2026-02-01T08:46:25.912Z
SYN001980,24,4691.0,0.0,375.28,5066.28,delivered,Neha Bhat,273 Brigade Road,+91 7489985831,cash,2026-08-09T08:46:25.912Z
SYN001981,24,3023.0,0.0,241.84,3264.84,delivered,Neha Bhat,80 Salt Lake,+91 9357077132,card,2025-10-22T08:46:25.912Z
SYN001982,24,4752.0,0.0,380.16,5132.16,delivered,Neha Bhat,302 Koramangala,+91 9173918659,cash,2026-06-29T08:46:25.912Z
SYN001983,24,4426.0,0.0,354.08,4780.08,delivered,Neha Bhat,423 Brigade Road,+91 9203741201,upi,2025-11-04T08:46:25.912Z
SYN001984,24,4375.0,0.0,350.0,4725.0,delivered,Neha Bhat,230 Nehru Nagar,+91 7162147783,upi,2025-12-03T08:46:25.912Z
SYN001985,24,2782.0,0.0,222.56,3004.56,delivered,Neha Bhat,5 Park Street,+91 8306098412,card,2025-12-29T08:46:25.912Z
SYN001986,24,4357.0,0.0,348.56,4705.56,delivered,Neha Bhat,263 Andheri West,+91 8879939730,cash,2025-10-30T08:46:25.912Z
SYN001987,24,3032.0,0.0,242.56,3274.56,delivered,Neha Bhat,51 Brigade Road,+91 7341783689,cash,2026-02-28T08:46:25.912Z
SYN001988,24,4523.0,0.0,361.84,4884.84,delivered,Neha Bhat,174 Laxmi Nagar,+91 9200718812,card,2026-03-20T08:46:25.912Z
SYN001989,24,5809.0,0.0,464.72,6273.72,delivered,Neha Bhat,324 Gandhi Path,+91 9996642115,card,2026-02-27T08:46:25.912Z
SYN001990,25,595.0,0.0,47.6,642.6,delivered,Priya Chopra,164 Brigade Road,+91 7935970561,card,2025-09-20T08:46:25.912Z
SYN001991,25,746.0,0.0,59.68,805.68,delivered,Priya Chopra,283 Gandhi Path,+91 8240951299,card,2026-07-30T08:46:25.912Z
SYN001992,25,497.0,49.0,39.76,585.76,delivered,Priya Chopra,11 Gandhi Path,+91 8649614354,cash,2026-02-08T08:46:25.912Z
SYN001993,25,447.0,49.0,35.76,531.76,delivered,Priya Chopra,167 Koramangala,+91 7129234718,cash,2025-12-21T08:46:25.912Z
SYN001994,25,2244.0,0.0,179.52,2423.52,delivered,Priya Chopra,114 Salt Lake,+91 8625026901,cash,2025-10-24T08:46:25.912Z
SYN001995,25,597.0,0.0,47.76,644.76,delivered,Priya Chopra,244 Park Street,+91 9838840024,upi,2026-01-26T08:46:25.912Z
SYN001996,25,1045.0,0.0,83.6,1128.6,delivered,Priya Chopra,213 Laxmi Nagar,+91 9415623208,card,2025-08-26T08:46:25.912Z
SYN001997,25,1373.0,0.0,109.84,1482.84,delivered,Priya Chopra,187 Andheri West,+91 9378137888,cash,2026-08-06T08:46:25.912Z
SYN001998,25,657.0,0.0,52.56,709.56,delivered,Priya Chopra,331 Nehru Nagar,+91 9400136635,upi,2026-01-29T08:46:25.912Z
SYN001999,25,646.0,0.0,51.68,697.68,delivered,Priya Chopra,435 Laxmi Nagar,+91 7426553662,upi,2026-04-01T08:46:25.912Z
SYN002000,25,397.0,49.0,31.76,477.76,delivered,Priya Chopra,153 Salt Lake,+91 7310161518,upi,2026-01-08T08:46:25.912Z
SYN002001,25,1424.0,0.0,113.92,1537.92,delivered,Priya Chopra,490 Gandhi Path,+91 9627198733,card,2026-01-12T08:46:25.912Z
SYN002002,25,2244.0,0.0,179.52,2423.52,delivered,Priya Chopra,269 Gandhi Path,+91 8312046629,cash,2025-12-15T08:46:25.912Z
SYN002003,25,448.0,49.0,35.84,532.84,delivered,Priya Chopra,290 Gandhi Path,+91 8928248659,card,2026-07-11T08:46:25.912Z
SYN002004,25,735.0,0.0,58.8,793.8,delivered,Priya Chopra,64 Laxmi Nagar,+91 8444146481,upi,2026-03-22T08:46:25.912Z
SYN002005,25,1414.0,0.0,113.12,1527.12,delivered,Priya Chopra,328 Koramangala,+91 9208748787,cash,2026-03-21T08:46:25.912Z
SYN002006,25,1046.0,0.0,83.68,1129.68,delivered,Priya Chopra,124 MG Road,+91 7868096980,cash,2026-03-07T08:46:25.912Z
SYN002007,25,1543.0,0.0,123.44,1666.44,delivered,Priya Chopra,95 Banjara Hills,+91 8753213823,cash,2025-10-09T08:46:25.912Z
SYN002008,25,1294.0,0.0,103.52,1397.52,delivered,Priya Chopra,302 Banjara Hills,+91 8854445390,upi,2025-10-10T08:46:25.912Z
SYN002009,25,1142.0,0.0,91.36,1233.36,delivered,Priya Chopra,244 Salt Lake,+91 9677748269,upi,2026-02-13T08:46:25.912Z
SYN002010,25,1454.0,0.0,116.32,1570.32,delivered,Priya Chopra,54 Koramangala,+91 8152854958,upi,2026-03-17T08:46:25.912Z
SYN002011,25,1592.0,0.0,127.36,1719.36,delivered,Priya Chopra,414 Brigade Road,+91 8000266817,card,2026-02-12T08:46:25.912Z
SYN002012,25,646.0,0.0,51.68,697.68,delivered,Priya Chopra,168 Gandhi Path,+91 9034129936,cash,2026-05-09T08:46:25.912Z
SYN002013,25,1701.0,0.0,136.08,1837.08,delivered,Priya Chopra,76 Laxmi Nagar,+91 9551644026,cash,2026-02-07T08:46:25.912Z
SYN002014,25,486.0,49.0,38.88,573.88,delivered,Priya Chopra,67 Banjara Hills,+91 7099579631,cash,2026-07-30T08:46:25.912Z
SYN002015,26,3326.0,0.0,266.08,3592.08,delivered,Amit Patel,382 Laxmi Nagar,+91 7677997497,card,2026-01-11T08:46:25.912Z
SYN002016,26,3466.0,0.0,277.28,3743.28,delivered,Amit Patel,241 Koramangala,+91 8832914985,cash,2026-04-26T08:46:25.912Z
SYN002017,26,1528.0,0.0,122.24,1650.24,delivered,Amit Patel,247 Banjara Hills,+91 8135620790,cash,2025-10-03T08:46:25.912Z
SYN002018,26,5165.0,0.0,413.2,5578.2,delivered,Amit Patel,89 Koramangala,+91 8924919348,upi,2025-11-30T08:46:25.912Z
SYN002019,26,1247.0,0.0,99.76,1346.76,delivered,Amit Patel,79 Park Street,+91 7447464011,card,2025-12-30T08:46:25.912Z
SYN002020,26,2280.0,0.0,182.4,2462.4,delivered,Amit Patel,132 Koramangala,+91 9892115737,card,2026-05-15T08:46:25.912Z
SYN002021,26,3263.0,0.0,261.04,3524.04,delivered,Amit Patel,87 Salt Lake,+91 7649012464,cash,2026-06-11T08:46:25.912Z
SYN002022,26,4047.0,0.0,323.76,4370.76,delivered,Amit Patel,149 Salt Lake,+91 9220757885,card,2026-04-12T08:46:25.912Z
SYN002023,26,3657.0,0.0,292.56,3949.56,delivered,Amit Patel,497 Brigade Road,+91 7340669660,cash,2025-09-21T08:46:25.912Z
SYN002024,26,2936.0,0.0,234.88,3170.88,delivered,Amit Patel,279 Park Street,+91 8577929786,upi,2026-02-12T08:46:25.912Z
SYN002025,26,1478.0,0.0,118.24,1596.24,delivered,Amit Patel,384 Salt Lake,+91 8867068053,cash,2026-03-31T08:46:25.912Z
SYN002026,26,2288.0,0.0,183.04,2471.04,delivered,Amit Patel,447 Park Street,+91 8332334830,cash,2026-02-02T08:46:25.912Z
SYN002027,26,4742.0,0.0,379.36,5121.36,delivered,Amit Patel,488 Gandhi Path,+91 8928458602,cash,2026-04-03T08:46:25.912Z
SYN002028,26,4323.0,0.0,345.84,4668.84,delivered,Amit Patel,478 Nehru Nagar,+91 8204669627,cash,2026-05-19T08:46:25.912Z
SYN002029,26,3470.0,0.0,277.6,3747.6,delivered,Amit Patel,263 Salt Lake,+91 8767269517,card,2026-07-18T08:46:25.912Z
SYN002030,26,3216.0,0.0,257.28,3473.28,delivered,Amit Patel,71 Park Street,+91 8051817742,upi,2025-12-16T08:46:25.912Z
SYN002031,26,2733.0,0.0,218.64,2951.64,delivered,Amit Patel,312 Andheri West,+91 8224682329,cash,2025-10-21T08:46:25.912Z
SYN002032,26,4389.0,0.0,351.12,4740.12,delivered,Amit Patel,466 Salt Lake,+91 9961999425,card,2025-12-22T08:46:25.912Z
SYN002033,26,2577.0,0.0,206.16,2783.16,delivered,Amit Patel,429 Banjara Hills,+91 7758010501,upi,2025-08-28T08:46:25.912Z
SYN002034,26,2420.0,0.0,193.6,2613.6,delivered,Amit Patel,423 Salt Lake,+91 9029457678,upi,2025-09-22T08:46:25.912Z
SYN002035,26,2797.0,0.0,223.76,3020.76,delivered,Amit Patel,171 Salt Lake,+91 7954622565,card,2026-06-30T08:46:25.912Z
SYN002036,26,2276.0,0.0,182.08,2458.08,delivered,Amit Patel,421 Andheri West,+91 7145954281,card,2026-01-03T08:46:25.912Z
SYN002037,26,4084.0,0.0,326.72,4410.72,delivered,Amit Patel,270 Andheri West,+91 9237636041,cash,2026-05-13T08:46:25.912Z
SYN002038,26,3739.0,0.0,299.12,4038.12,delivered,Amit Patel,427 MG Road,+91 7133717838,upi,2026-02-16T08:46:25.912Z
SYN002039,26,2287.0,0.0,182.96,2469.96,delivered,Amit Patel,299 Andheri West,+91 8493080001,cash,2026-02-21T08:46:25.912Z
SYN002040,26,2752.0,0.0,220.16,2972.16,delivered,Amit Patel,251 Gandhi Path,+91 9611794797,card,2025-12-30T08:46:25.912Z
SYN002041,26,2685.0,0.0,214.8,2899.8,delivered,Amit Patel,192 Laxmi Nagar,+91 8473034104,cash,2026-04-24T08:46:25.912Z
SYN002042,26,3482.0,0.0,278.56,3760.56,delivered,Amit Patel,13 MG Road,+91 8588694908,cash,2025-12-26T08:46:25.912Z
SYN002043,26,3514.0,0.0,281.12,3795.12,delivered,Amit Patel,176 Brigade Road,+91 7270914044,cash,2026-08-16T08:46:25.912Z
SYN002044,26,4928.0,0.0,394.24,5322.24,delivered,Amit Patel,496 Laxmi Nagar,+91 9184975660,card,2026-01-06T08:46:25.912Z
SYN002045,26,2427.0,0.0,194.16,2621.16,delivered,Amit Patel,122 Park Street,+91 7825856178,upi,2026-03-10T08:46:25.912Z
SYN002046,26,3856.0,0.0,308.48,4164.48,delivered,Amit Patel,16 Brigade Road,+91 9015779100,cash,2026-06-20T08:46:25.912Z
SYN002047,26,5687.0,0.0,454.96,6141.96,delivered,Amit Patel,285 Salt Lake,+91 9727077384,upi,2025-09-08T08:46:25.912Z
SYN002048,26,5088.0,0.0,407.04,5495.04,delivered,Amit Patel,219 Park Street,+91 7033164414,card,2025-11-14T08:46:25.912Z
SYN002049,26,2606.0,0.0,208.48,2814.48,delivered,Amit Patel,284 Salt Lake,+91 7759741183,cash,2026-01-22T08:46:25.912Z
SYN002050,26,5766.0,0.0,461.28,6227.28,delivered,Amit Patel,198 MG Road,+91 9044614250,upi,2025-12-04T08:46:25.912Z
SYN002051,26,2625.0,0.0,210.0,2835.0,delivered,Amit Patel,359 MG Road,+91 7059098943,upi,2026-04-22T08:46:25.912Z
SYN002052,26,6173.0,0.0,493.84,6666.84,delivered,Amit Patel,177 Salt Lake,+91 7410178466,upi,2026-05-13T08:46:25.912Z
SYN002053,26,3191.0,0.0,255.28,3446.28,delivered,Amit Patel,354 Salt Lake,+91 8357146886,card,2025-09-08T08:46:25.912Z
SYN002054,26,3054.0,0.0,244.32,3298.32,delivered,Amit Patel,374 Banjara Hills,+91 9928147251,card,2025-08-30T08:46:25.912Z
SYN002055,26,2746.0,0.0,219.68,2965.68,delivered,Amit Patel,30 MG Road,+91 7305438685,upi,2026-06-28T08:46:25.912Z
SYN002056,26,4370.0,0.0,349.6,4719.6,delivered,Amit Patel,361 Park Street,+91 9330070008,cash,2025-09-09T08:46:25.912Z
SYN002057,26,2688.0,0.0,215.04,2903.04,delivered,Amit Patel,318 Salt Lake,+91 9820583279,card,2026-05-11T08:46:25.912Z
SYN002058,26,3887.0,0.0,310.96,4197.96,delivered,Amit Patel,238 Andheri West,+91 8387970387,cash,2026-04-13T08:46:25.912Z
SYN002059,26,5964.0,0.0,477.12,6441.12,delivered,Amit Patel,379 MG Road,+91 7773352313,upi,2025-10-24T08:46:25.912Z
SYN002060,26,5373.0,0.0,429.84,5802.84,delivered,Amit Patel,424 Laxmi Nagar,+91 8780817311,card,2025-11-29T08:46:25.912Z
SYN002061,26,4507.0,0.0,360.56,4867.56,delivered,Amit Patel,450 Banjara Hills,+91 9134490605,card,2025-10-01T08:46:25.912Z
SYN002062,26,3322.0,0.0,265.76,3587.76,delivered,Amit Patel,337 Banjara Hills,+91 9261376624,upi,2026-05-16T08:46:25.912Z
SYN002063,26,4730.0,0.0,378.4,5108.4,delivered,Amit Patel,238 Gandhi Path,+91 7329692812,upi,2025-12-25T08:46:25.912Z
SYN002064,26,3461.0,0.0,276.88,3737.88,delivered,Amit Patel,287 Salt Lake,+91 7642368679,cash,2026-02-16T08:46:25.912Z
SYN002065,26,3070.0,0.0,245.6,3315.6,delivered,Amit Patel,134 Banjara Hills,+91 9116270356,cash,2026-02-22T08:46:25.912Z
SYN002066,26,3591.0,0.0,287.28,3878.28,delivered,Amit Patel,418 Nehru Nagar,+91 8321930574,cash,2026-02-28T08:46:25.912Z
SYN002067,26,4761.0,0.0,380.88,5141.88,delivered,Amit Patel,379 Gandhi Path,+91 9657829090,cash,2025-10-17T08:46:25.912Z
SYN002068,26,2535.0,0.0,202.8,2737.8,delivered,Amit Patel,423 Nehru Nagar,+91 9829042445,upi,2026-08-11T08:46:25.912Z
SYN002069,26,2305.0,0.0,184.4,2489.4,delivered,Amit Patel,421 Park Street,+91 9363684683,upi,2026-03-02T08:46:25.912Z
SYN002070,26,3124.0,0.0,249.92,3373.92,delivered,Amit Patel,210 Brigade Road,+91 7898653970,cash,2026-08-20T08:46:25.912Z
SYN002071,26,2957.0,0.0,236.56,3193.56,delivered,Amit Patel,50 MG Road,+91 9812729965,card,2025-12-15T08:46:25.912Z
SYN002072,26,5033.0,0.0,402.64,5435.64,delivered,Amit Patel,125 MG Road,+91 8839418277,upi,2026-07-25T08:46:25.912Z
SYN002073,26,3120.0,0.0,249.6,3369.6,delivered,Amit Patel,174 Laxmi Nagar,+91 8785327630,card,2025-10-05T08:46:25.912Z
SYN002074,26,2890.0,0.0,231.2,3121.2,delivered,Amit Patel,133 Banjara Hills,+91 9484119148,card,2026-02-19T08:46:25.912Z
SYN002075,26,3717.0,0.0,297.36,4014.36,delivered,Amit Patel,254 Andheri West,+91 7314734447,card,2026-08-07T08:46:25.912Z
SYN002076,26,3388.0,0.0,271.04,3659.04,delivered,Amit Patel,384 Banjara Hills,+91 8820056444,cash,2026-07-01T08:46:25.912Z
SYN002077,26,4312.0,0.0,344.96,4656.96,delivered,Amit Patel,302 Gandhi Path,+91 8851596551,cash,2026-08-20T08:46:25.912Z
SYN002078,26,1292.0,0.0,103.36,1395.36,delivered,Amit Patel,136 Banjara Hills,+91 9095220990,card,2026-01-19T08:46:25.912Z
SYN002079,26,4093.0,0.0,327.44,4420.44,delivered,Amit Patel,10 Park Street,+91 8900079442,cash,2026-04-19T08:46:25.912Z
SYN002080,26,3659.0,0.0,292.72,3951.72,delivered,Amit Patel,392 Laxmi Nagar,+91 9391968317,card,2026-02-22T08:46:25.912Z
SYN002081,26,3304.0,0.0,264.32,3568.32,delivered,Amit Patel,173 Brigade Road,+91 7482738147,card,2026-01-12T08:46:25.912Z
SYN002082,26,1422.0,0.0,113.76,1535.76,delivered,Amit Patel,175 Gandhi Path,+91 7532965895,cash,2025-11-27T08:46:25.912Z
SYN002083,26,1649.0,0.0,131.92,1780.92,delivered,Amit Patel,64 Koramangala,+91 7205079652,cash,2026-05-25T08:46:25.912Z
SYN002084,26,4951.0,0.0,396.08,5347.08,delivered,Amit Patel,39 Gandhi Path,+91 9963156666,card,2026-07-11T08:46:25.912Z
SYN002085,26,2240.0,0.0,179.2,2419.2,delivered,Amit Patel,257 Brigade Road,+91 7084798827,upi,2026-03-16T08:46:25.912Z
SYN002086,26,1718.0,0.0,137.44,1855.44,delivered,Amit Patel,17 Nehru Nagar,+91 9591385782,upi,2025-11-02T08:46:25.912Z
SYN002087,26,4970.0,0.0,397.6,5367.6,delivered,Amit Patel,347 Gandhi Path,+91 7437726088,card,2025-12-21T08:46:25.912Z
SYN002088,26,3796.0,0.0,303.68,4099.68,delivered,Amit Patel,302 Brigade Road,+91 8100629998,card,2025-09-29T08:46:25.912Z
SYN002089,26,5394.0,0.0,431.52,5825.52,delivered,Amit Patel,430 Brigade Road,+91 7350357305,cash,2026-07-02T08:46:25.912Z
SYN002090,26,2494.0,0.0,199.52,2693.52,delivered,Amit Patel,306 Salt Lake,+91 7422058861,card,2025-11-10T08:46:25.912Z
SYN002091,26,2942.0,0.0,235.36,3177.36,delivered,Amit Patel,483 Andheri West,+91 7121190772,upi,2025-11-23T08:46:25.912Z
SYN002092,26,2166.0,0.0,173.28,2339.28,delivered,Amit Patel,352 Laxmi Nagar,+91 8453889720,cash,2025-11-21T08:46:25.912Z
SYN002093,26,1549.0,0.0,123.92,1672.92,delivered,Amit Patel,378 Koramangala,+91 7507417093,upi,2026-01-20T08:46:25.912Z
SYN002094,26,5034.0,0.0,402.72,5436.72,delivered,Amit Patel,106 MG Road,+91 7930449236,cash,2026-04-16T08:46:25.912Z
SYN002095,26,2078.0,0.0,166.24,2244.24,delivered,Amit Patel,221 Laxmi Nagar,+91 8685260513,cash,2025-10-18T08:46:25.912Z
SYN002096,26,3031.0,0.0,242.48,3273.48,delivered,Amit Patel,375 Nehru Nagar,+91 7518715267,upi,2026-02-22T08:46:25.912Z
SYN002097,26,2027.0,0.0,162.16,2189.16,delivered,Amit Patel,347 Brigade Road,+91 7286311631,upi,2025-11-10T08:46:25.912Z
SYN002098,26,2488.0,0.0,199.04,2687.04,delivered,Amit Patel,415 Andheri West,+91 8567247472,upi,2025-12-05T08:46:25.912Z
SYN002099,26,4455.0,0.0,356.4,4811.4,delivered,Amit Patel,51 Banjara Hills,+91 9832225290,card,2026-01-30T08:46:25.912Z
SYN002100,26,3612.0,0.0,288.96,3900.96,delivered,Amit Patel,34 Koramangala,+91 8756212766,card,2026-05-28T08:46:25.912Z
SYN002101,26,2765.0,0.0,221.2,2986.2,delivered,Amit Patel,483 Salt Lake,+91 8987167579,card,2026-05-13T08:46:25.912Z
SYN002102,26,3204.0,0.0,256.32,3460.32,delivered,Amit Patel,31 Banjara Hills,+91 9380429111,upi,2026-03-06T08:46:25.912Z
SYN002103,26,2286.0,0.0,182.88,2468.88,delivered,Amit Patel,136 Andheri West,+91 7305636004,cash,2025-09-14T08:46:25.912Z
SYN002104,26,3579.0,0.0,286.32,3865.32,delivered,Amit Patel,74 Laxmi Nagar,+91 7421697461,upi,2026-04-25T08:46:25.912Z
SYN002105,26,3237.0,0.0,258.96,3495.96,delivered,Amit Patel,428 Laxmi Nagar,+91 8027819246,upi,2026-08-04T08:46:25.912Z
SYN002106,26,3833.0,0.0,306.64,4139.64,delivered,Amit Patel,247 MG Road,+91 7512472036,cash,2026-05-27T08:46:25.912Z
SYN002107,26,3271.0,0.0,261.68,3532.68,delivered,Amit Patel,23 Salt Lake,+91 8859798157,upi,2025-11-25T08:46:25.912Z
SYN002108,26,4043.0,0.0,323.44,4366.44,delivered,Amit Patel,180 Gandhi Path,+91 8566410605,cash,2025-11-17T08:46:25.912Z
SYN002109,26,4167.0,0.0,333.36,4500.36,delivered,Amit Patel,202 Koramangala,+91 9431529097,cash,2025-10-25T08:46:25.912Z
SYN002110,26,3580.0,0.0,286.4,3866.4,delivered,Amit Patel,221 Gandhi Path,+91 7796153826,card,2026-04-25T08:46:25.912Z
SYN002111,26,2165.0,0.0,173.2,2338.2,delivered,Amit Patel,342 Salt Lake,+91 9535667434,card,2026-07-06T08:46:25.912Z
SYN002112,26,2046.0,0.0,163.68,2209.68,delivered,Amit Patel,149 Laxmi Nagar,+91 8281170655,cash,2026-03-07T08:46:25.912Z
SYN002113,26,3471.0,0.0,277.68,3748.68,delivered,Amit Patel,430 Brigade Road,+91 8338681955,cash,2026-08-13T08:46:25.912Z
SYN002114,26,4025.0,0.0,322.0,4347.0,delivered,Amit Patel,269 Banjara Hills,+91 9446567686,card,2025-11-25T08:46:25.912Z
SYN002115,26,3513.0,0.0,281.04,3794.04,delivered,Amit Patel,221 Brigade Road,+91 9349388340,card,2026-05-10T08:46:25.912Z
SYN002116,26,3474.0,0.0,277.92,3751.92,delivered,Amit Patel,367 Salt Lake,+91 7174244980,card,2025-10-29T08:46:25.912Z
SYN002117,26,3598.0,0.0,287.84,3885.84,delivered,Amit Patel,451 Laxmi Nagar,+91 9920245840,cash,2026-01-13T08:46:25.912Z
SYN002118,26,5179.0,0.0,414.32,5593.32,delivered,Amit Patel,158 Banjara Hills,+91 9967457504,cash,2026-06-11T08:46:25.912Z
SYN002119,26,4091.0,0.0,327.28,4418.28,delivered,Amit Patel,283 Brigade Road,+91 8336591304,cash,2026-03-30T08:46:25.912Z
SYN002120,26,3459.0,0.0,276.72,3735.72,delivered,Amit Patel,430 Banjara Hills,+91 8296356037,cash,2026-07-08T08:46:25.912Z
SYN002121,26,4239.0,0.0,339.12,4578.12,delivered,Amit Patel,497 Banjara Hills,+91 9883627121,cash,2026-08-13T08:46:25.912Z
SYN002122,26,3319.0,0.0,265.52,3584.52,delivered,Amit Patel,472 Brigade Road,+91 9954473669,upi,2026-06-02T08:46:25.912Z
SYN002123,26,3941.0,0.0,315.28,4256.28,delivered,Amit Patel,319 Banjara Hills,+91 9292486907,upi,2025-09-06T08:46:25.912Z
SYN002124,26,3993.0,0.0,319.44,4312.44,delivered,Amit Patel,411 MG Road,+91 8395974930,card,2026-02-24T08:46:25.912Z
SYN002125,26,3160.0,0.0,252.8,3412.8,delivered,Amit Patel,477 Laxmi Nagar,+91 8707880728,cash,2025-12-18T08:46:25.912Z
SYN002126,26,2971.0,0.0,237.68,3208.68,delivered,Amit Patel,292 Brigade Road,+91 7535823299,card,2026-08-02T08:46:25.912Z
SYN002127,26,3854.0,0.0,308.32,4162.32,delivered,Amit Patel,82 Banjara Hills,+91 8102389927,upi,2026-07-19T08:46:25.912Z
SYN002128,26,2914.0,0.0,233.12,3147.12,delivered,Amit Patel,147 Banjara Hills,+91 7763970275,cash,2025-09-18T08:46:25.912Z
SYN002129,26,2829.0,0.0,226.32,3055.32,delivered,Amit Patel,97 Andheri West,+91 9193172920,cash,2025-11-03T08:46:25.912Z
SYN002130,26,3485.0,0.0,278.8,3763.8,delivered,Amit Patel,308 Park Street,+91 9783136376,upi,2026-08-01T08:46:25.912Z
SYN002131,26,3334.0,0.0,266.72,3600.72,delivered,Amit Patel,238 MG Road,+91 8206968266,upi,2026-05-15T08:46:25.912Z
SYN002132,26,4926.0,0.0,394.08,5320.08,delivered,Amit Patel,21 Gandhi Path,+91 8873763299,card,2026-05-26T08:46:25.912Z
SYN002133,26,3280.0,0.0,262.4,3542.4,delivered,Amit Patel,311 MG Road,+91 8029986848,upi,2025-12-12T08:46:25.912Z
SYN002134,26,5985.0,0.0,478.8,6463.8,delivered,Amit Patel,27 Brigade Road,+91 8871171915,card,2025-11-19T08:46:25.912Z
SYN002135,27,1669.0,0.0,133.52,1802.52,delivered,Sneha Iyer,380 Andheri West,+91 9214554884,upi,2026-05-15T08:46:25.912Z
SYN002136,27,1242.0,0.0,99.36,1341.36,delivered,Sneha Iyer,4 Salt Lake,+91 7150843157,cash,2026-06-10T08:46:25.912Z
SYN002137,27,1062.0,0.0,84.96,1146.96,delivered,Sneha Iyer,369 Koramangala,+91 8764478580,upi,2026-01-06T08:46:25.912Z
SYN002138,27,1389.0,0.0,111.12,1500.12,delivered,Sneha Iyer,180 Brigade Road,+91 9813320358,card,2026-03-10T08:46:25.912Z
SYN002139,27,1999.0,0.0,159.92,2158.92,delivered,Sneha Iyer,291 Andheri West,+91 8614975459,cash,2026-08-19T08:46:25.912Z
SYN002140,27,743.0,0.0,59.44,802.44,delivered,Sneha Iyer,238 Park Street,+91 9375424940,cash,2026-05-11T08:46:25.912Z
SYN002141,27,1998.0,0.0,159.84,2157.84,delivered,Sneha Iyer,215 MG Road,+91 9969326140,cash,2026-04-06T08:46:25.912Z
SYN002142,27,3182.0,0.0,254.56,3436.56,delivered,Sneha Iyer,125 MG Road,+91 7713897763,cash,2025-10-14T08:46:25.912Z
SYN002143,27,934.0,0.0,74.72,1008.72,delivered,Sneha Iyer,4 Brigade Road,+91 9574970704,cash,2026-01-16T08:46:25.912Z
SYN002144,27,1420.0,0.0,113.6,1533.6,delivered,Sneha Iyer,39 Koramangala,+91 7635412809,card,2026-01-02T08:46:25.912Z
SYN002145,27,1527.0,0.0,122.16,1649.16,delivered,Sneha Iyer,276 Koramangala,+91 7090897376,cash,2025-09-24T08:46:25.912Z
SYN002146,27,1719.0,0.0,137.52,1856.52,delivered,Sneha Iyer,446 Nehru Nagar,+91 9311517326,cash,2026-03-31T08:46:25.912Z
SYN002147,27,3711.0,0.0,296.88,4007.88,delivered,Sneha Iyer,421 Andheri West,+91 7236763776,card,2025-12-16T08:46:25.912Z
SYN002148,27,1958.0,0.0,156.64,2114.64,delivered,Sneha Iyer,109 Laxmi Nagar,+91 7758144539,cash,2026-07-12T08:46:25.912Z
SYN002149,27,1537.0,0.0,122.96,1659.96,delivered,Sneha Iyer,389 Salt Lake,+91 8109852472,card,2026-08-07T08:46:25.912Z
SYN002150,27,2266.0,0.0,181.28,2447.28,delivered,Sneha Iyer,45 Laxmi Nagar,+91 7303373971,cash,2025-09-17T08:46:25.912Z
SYN002151,27,2264.0,0.0,181.12,2445.12,delivered,Sneha Iyer,25 Brigade Road,+91 9807854446,cash,2025-08-29T08:46:25.912Z
SYN002152,27,1587.0,0.0,126.96,1713.96,delivered,Sneha Iyer,248 Andheri West,+91 7201747420,cash,2026-05-17T08:46:25.912Z
SYN002153,27,1536.0,0.0,122.88,1658.88,delivered,Sneha Iyer,51 Laxmi Nagar,+91 9192143492,card,2026-07-20T08:46:25.912Z
SYN002154,27,2754.0,0.0,220.32,2974.32,delivered,Sneha Iyer,258 Gandhi Path,+91 8884360395,cash,2026-07-26T08:46:25.912Z
SYN002155,27,1230.0,0.0,98.4,1328.4,delivered,Sneha Iyer,292 Park Street,+91 9225460093,upi,2026-03-06T08:46:25.912Z
SYN002156,27,1230.0,0.0,98.4,1328.4,delivered,Sneha Iyer,40 Laxmi Nagar,+91 9953861963,upi,2025-12-11T08:46:25.912Z
SYN002157,27,722.0,0.0,57.76,779.76,delivered,Sneha Iyer,350 Koramangala,+91 9923583883,cash,2025-12-16T08:46:25.912Z
SYN002158,27,1501.0,0.0,120.08,1621.08,delivered,Sneha Iyer,160 Koramangala,+91 9758824313,upi,2026-06-06T08:46:25.912Z
SYN002159,27,565.0,0.0,45.2,610.2,delivered,Sneha Iyer,287 Salt Lake,+91 9598676458,upi,2025-08-27T08:46:25.912Z
SYN002160,27,2455.0,0.0,196.4,2651.4,delivered,Sneha Iyer,354 Salt Lake,+91 8708178095,card,2026-04-25T08:46:25.912Z
SYN002161,27,1410.0,0.0,112.8,1522.8,delivered,Sneha Iyer,276 Gandhi Path,+91 9799369275,card,2026-02-15T08:46:25.912Z
SYN002162,27,2253.0,0.0,180.24,2433.24,delivered,Sneha Iyer,74 Banjara Hills,+91 9691310920,upi,2025-09-10T08:46:25.912Z
SYN002163,27,3195.0,0.0,255.6,3450.6,delivered,Sneha Iyer,315 Andheri West,+91 8387149624,card,2026-07-10T08:46:25.912Z
SYN002164,27,1648.0,0.0,131.84,1779.84,delivered,Sneha Iyer,308 Nehru Nagar,+91 7274926950,card,2026-05-18T08:46:25.912Z
SYN002165,27,2289.0,0.0,183.12,2472.12,delivered,Sneha Iyer,468 Laxmi Nagar,+91 9382218748,upi,2025-09-14T08:46:25.912Z
SYN002166,27,1322.0,0.0,105.76,1427.76,delivered,Sneha Iyer,403 Brigade Road,+91 8892289192,upi,2025-10-28T08:46:25.912Z
SYN002167,27,2418.0,0.0,193.44,2611.44,delivered,Sneha Iyer,218 Nehru Nagar,+91 8210239911,upi,2026-07-12T08:46:25.912Z
SYN002168,27,1383.0,0.0,110.64,1493.64,delivered,Sneha Iyer,222 Koramangala,+91 7985698429,upi,2025-10-24T08:46:25.912Z
SYN002169,27,1472.0,0.0,117.76,1589.76,delivered,Sneha Iyer,309 Park Street,+91 8310485929,card,2025-10-01T08:46:25.912Z
SYN002170,27,2347.0,0.0,187.76,2534.76,delivered,Sneha Iyer,455 Laxmi Nagar,+91 7318568470,cash,2025-09-04T08:46:25.912Z
SYN002171,27,1528.0,0.0,122.24,1650.24,delivered,Sneha Iyer,338 Salt Lake,+91 8339551469,cash,2026-02-05T08:46:25.912Z
SYN002172,27,2013.0,0.0,161.04,2174.04,delivered,Sneha Iyer,424 Brigade Road,+91 7221538848,cash,2026-06-15T08:46:25.912Z
SYN002173,27,1967.0,0.0,157.36,2124.36,delivered,Sneha Iyer,284 Park Street,+91 9593163453,cash,2026-03-28T08:46:25.912Z
SYN002174,27,1759.0,0.0,140.72,1899.72,delivered,Sneha Iyer,19 Nehru Nagar,+91 9514494526,upi,2026-07-22T08:46:25.912Z
SYN002175,27,1649.0,0.0,131.92,1780.92,delivered,Sneha Iyer,39 Laxmi Nagar,+91 7171189825,upi,2026-04-20T08:46:25.912Z
SYN002176,27,701.0,0.0,56.08,757.08,delivered,Sneha Iyer,306 Brigade Road,+91 8254769807,upi,2026-06-07T08:46:25.912Z
SYN002177,27,1566.0,0.0,125.28,1691.28,delivered,Sneha Iyer,433 Laxmi Nagar,+91 7517779884,card,2026-03-03T08:46:25.912Z
SYN002178,27,1190.0,0.0,95.2,1285.2,delivered,Sneha Iyer,52 MG Road,+91 8840338554,cash,2026-05-25T08:46:25.912Z
SYN002179,27,1677.0,0.0,134.16,1811.16,delivered,Sneha Iyer,148 Park Street,+91 7490718220,cash,2026-08-04T08:46:25.912Z
SYN002180,27,1540.0,0.0,123.2,1663.2,delivered,Sneha Iyer,142 Brigade Road,+91 7110396706,cash,2026-04-18T08:46:25.912Z
SYN002181,27,1579.0,0.0,126.32,1705.32,delivered,Sneha Iyer,351 Salt Lake,+91 9563773495,card,2025-12-17T08:46:25.912Z
SYN002182,27,812.0,0.0,64.96,876.96,delivered,Sneha Iyer,256 Laxmi Nagar,+91 9627886332,card,2026-01-06T08:46:25.912Z
SYN002183,27,2156.0,0.0,172.48,2328.48,delivered,Sneha Iyer,377 Brigade Road,+91 7494068812,upi,2026-07-18T08:46:25.912Z
SYN002184,27,1241.0,0.0,99.28,1340.28,delivered,Sneha Iyer,461 MG Road,+91 9667476357,upi,2025-09-02T08:46:25.912Z
SYN002185,27,1696.0,0.0,135.68,1831.68,delivered,Sneha Iyer,3 Banjara Hills,+91 7677098549,cash,2026-02-07T08:46:25.912Z
SYN002186,27,1320.0,0.0,105.6,1425.6,delivered,Sneha Iyer,444 Laxmi Nagar,+91 7894214278,cash,2025-12-30T08:46:25.912Z
SYN002187,27,1457.0,0.0,116.56,1573.56,delivered,Sneha Iyer,309 MG Road,+91 8006013201,upi,2026-02-07T08:46:25.912Z
SYN002188,27,3101.0,0.0,248.08,3349.08,delivered,Sneha Iyer,242 Koramangala,+91 8427368388,card,2025-11-10T08:46:25.912Z
SYN002189,27,902.0,0.0,72.16,974.16,delivered,Sneha Iyer,484 Koramangala,+91 7118538491,card,2026-05-10T08:46:25.912Z
SYN002190,27,2434.0,0.0,194.72,2628.72,delivered,Sneha Iyer,155 Gandhi Path,+91 7524087276,upi,2025-11-16T08:46:25.912Z
SYN002191,27,1846.0,0.0,147.68,1993.68,delivered,Sneha Iyer,215 Banjara Hills,+91 9504188805,card,2025-12-27T08:46:25.912Z
SYN002192,27,1031.0,0.0,82.48,1113.48,delivered,Sneha Iyer,277 Nehru Nagar,+91 8270226835,upi,2025-09-29T08:46:25.912Z
SYN002193,27,1591.0,0.0,127.28,1718.28,delivered,Sneha Iyer,434 Nehru Nagar,+91 9734933114,card,2026-05-20T08:46:25.912Z
SYN002194,27,1520.0,0.0,121.6,1641.6,delivered,Sneha Iyer,462 Banjara Hills,+91 9231840415,upi,2026-03-23T08:46:25.912Z
SYN002195,27,1550.0,0.0,124.0,1674.0,delivered,Sneha Iyer,454 Andheri West,+91 7812519028,cash,2026-03-27T08:46:25.912Z
SYN002196,27,2517.0,0.0,201.36,2718.36,delivered,Sneha Iyer,218 Brigade Road,+91 8793392029,card,2026-05-19T08:46:25.912Z
SYN002197,27,1460.0,0.0,116.8,1576.8,delivered,Sneha Iyer,149 Park Street,+91 9048424360,upi,2025-12-07T08:46:25.912Z
SYN002198,27,1767.0,0.0,141.36,1908.36,delivered,Sneha Iyer,37 Salt Lake,+91 9374883840,card,2025-12-12T08:46:25.912Z
SYN002199,27,2710.0,0.0,216.8,2926.8,delivered,Sneha Iyer,374 Nehru Nagar,+91 9576789681,cash,2026-05-19T08:46:25.912Z
SYN002200,27,2144.0,0.0,171.52,2315.52,delivered,Sneha Iyer,1 Laxmi Nagar,+91 8816717737,cash,2026-02-21T08:46:25.912Z
SYN002201,27,2157.0,0.0,172.56,2329.56,delivered,Sneha Iyer,336 Nehru Nagar,+91 7865654230,upi,2026-03-10T08:46:25.912Z
SYN002202,27,1660.0,0.0,132.8,1792.8,delivered,Sneha Iyer,40 Nehru Nagar,+91 7187920972,cash,2025-12-11T08:46:25.912Z
SYN002203,27,1651.0,0.0,132.08,1783.08,delivered,Sneha Iyer,188 Koramangala,+91 7172277648,upi,2025-09-06T08:46:25.912Z
SYN002204,27,1052.0,0.0,84.16,1136.16,delivered,Sneha Iyer,72 MG Road,+91 8963626406,upi,2025-11-01T08:46:25.912Z
SYN002205,27,3025.0,0.0,242.0,3267.0,delivered,Sneha Iyer,112 MG Road,+91 7731476590,card,2026-07-23T08:46:25.912Z
SYN002206,27,1748.0,0.0,139.84,1887.84,delivered,Sneha Iyer,264 Koramangala,+91 8499532278,card,2026-01-05T08:46:25.912Z
SYN002207,27,3871.0,0.0,309.68,4180.68,delivered,Sneha Iyer,295 Nehru Nagar,+91 8661825648,cash,2026-01-01T08:46:25.912Z
SYN002208,27,1838.0,0.0,147.04,1985.04,delivered,Sneha Iyer,361 Koramangala,+91 9809873083,card,2026-04-29T08:46:25.912Z
SYN002209,27,1231.0,0.0,98.48,1329.48,delivered,Sneha Iyer,373 Nehru Nagar,+91 8541451862,upi,2025-10-05T08:46:25.912Z
SYN002210,27,1848.0,0.0,147.84,1995.84,delivered,Sneha Iyer,339 Banjara Hills,+91 7845253675,cash,2026-04-25T08:46:25.912Z
SYN002211,27,2664.0,0.0,213.12,2877.12,delivered,Sneha Iyer,345 Koramangala,+91 7446428455,card,2025-10-13T08:46:25.912Z
SYN002212,27,1131.0,0.0,90.48,1221.48,delivered,Sneha Iyer,202 Andheri West,+91 8960348929,upi,2026-05-14T08:46:25.912Z
SYN002213,27,1193.0,0.0,95.44,1288.44,delivered,Sneha Iyer,255 Banjara Hills,+91 7576393844,card,2025-10-25T08:46:25.912Z
SYN002214,27,1988.0,0.0,159.04,2147.04,delivered,Sneha Iyer,334 Gandhi Path,+91 7070466688,cash,2026-01-02T08:46:25.912Z
SYN002215,27,2038.0,0.0,163.04,2201.04,delivered,Sneha Iyer,418 Salt Lake,+91 8044918943,cash,2026-02-14T08:46:25.912Z
SYN002216,27,1163.0,0.0,93.04,1256.04,delivered,Sneha Iyer,242 Salt Lake,+91 9875779012,upi,2026-03-06T08:46:25.912Z
SYN002217,27,1188.0,0.0,95.04,1283.04,delivered,Sneha Iyer,302 Gandhi Path,+91 8830772797,cash,2026-05-30T08:46:25.912Z
SYN002218,27,2705.0,0.0,216.4,2921.4,delivered,Sneha Iyer,354 Park Street,+91 8934678898,card,2025-09-02T08:46:25.912Z
SYN002219,27,1698.0,0.0,135.84,1833.84,delivered,Sneha Iyer,492 Park Street,+91 9747365955,card,2026-04-11T08:46:25.912Z
SYN002220,27,1792.0,0.0,143.36,1935.36,delivered,Sneha Iyer,489 Koramangala,+91 8310667582,cash,2025-08-29T08:46:25.912Z
SYN002221,27,1172.0,0.0,93.76,1265.76,delivered,Sneha Iyer,110 Brigade Road,+91 7317578638,upi,2025-12-19T08:46:25.912Z
SYN002222,27,2875.0,0.0,230.0,3105.0,delivered,Sneha Iyer,328 Laxmi Nagar,+91 8280855649,upi,2026-06-09T08:46:25.912Z
SYN002223,27,1718.0,0.0,137.44,1855.44,delivered,Sneha Iyer,83 MG Road,+91 7703976640,upi,2025-09-19T08:46:25.912Z
SYN002224,27,1689.0,0.0,135.12,1824.12,delivered,Sneha Iyer,497 Banjara Hills,+91 9815442202,card,2025-09-04T08:46:25.912Z
SYN002225,27,1238.0,0.0,99.04,1337.04,delivered,Sneha Iyer,67 Gandhi Path,+91 9867026256,upi,2026-07-16T08:46:25.912Z
SYN002226,27,1878.0,0.0,150.24,2028.24,delivered,Sneha Iyer,131 Gandhi Path,+91 9372137799,card,2026-07-24T08:46:25.912Z
SYN002227,27,961.0,0.0,76.88,1037.88,delivered,Sneha Iyer,13 Gandhi Path,+91 8535777474,card,2026-05-31T08:46:25.912Z
SYN002228,27,1395.0,0.0,111.6,1506.6,delivered,Sneha Iyer,395 Koramangala,+91 8680227867,upi,2026-03-18T08:46:25.912Z
SYN002229,27,1229.0,0.0,98.32,1327.32,delivered,Sneha Iyer,257 Gandhi Path,+91 8208025595,card,2025-10-24T08:46:25.912Z
SYN002230,27,2792.0,0.0,223.36,3015.36,delivered,Sneha Iyer,246 Nehru Nagar,+91 9891132429,card,2026-07-02T08:46:25.912Z
SYN002231,27,1388.0,0.0,111.04,1499.04,delivered,Sneha Iyer,353 Salt Lake,+91 8114112698,upi,2026-08-13T08:46:25.912Z
SYN002232,27,2543.0,0.0,203.44,2746.44,delivered,Sneha Iyer,202 Nehru Nagar,+91 9253455479,upi,2026-03-26T08:46:25.912Z
SYN002233,27,2710.0,0.0,216.8,2926.8,delivered,Sneha Iyer,435 Park Street,+91 8514947532,upi,2025-09-26T08:46:25.912Z
SYN002234,27,2375.0,0.0,190.0,2565.0,delivered,Sneha Iyer,274 Salt Lake,+91 7506638240,upi,2026-07-27T08:46:25.912Z
SYN002235,27,2406.0,0.0,192.48,2598.48,delivered,Sneha Iyer,246 Salt Lake,+91 9844111563,upi,2026-01-22T08:46:25.912Z
SYN002236,27,1092.0,0.0,87.36,1179.36,delivered,Sneha Iyer,458 Gandhi Path,+91 8411575533,upi,2026-02-03T08:46:25.912Z
SYN002237,27,1530.0,0.0,122.4,1652.4,delivered,Sneha Iyer,47 Nehru Nagar,+91 7622650468,cash,2026-03-02T08:46:25.912Z
SYN002238,28,1322.0,0.0,105.76,1427.76,delivered,Kiran Kumar,222 Andheri West,+91 9973298764,cash,2026-02-17T08:46:25.912Z
SYN002239,28,1124.0,0.0,89.92,1213.92,delivered,Kiran Kumar,20 Laxmi Nagar,+91 7234376007,card,2026-06-11T08:46:25.912Z
SYN002240,28,1931.0,0.0,154.48,2085.48,delivered,Kiran Kumar,311 Brigade Road,+91 8891198987,cash,2026-02-19T08:46:25.912Z
SYN002241,28,1722.0,0.0,137.76,1859.76,delivered,Kiran Kumar,414 Nehru Nagar,+91 9168630815,cash,2026-08-03T08:46:25.912Z
SYN002242,28,1145.0,0.0,91.6,1236.6,delivered,Kiran Kumar,360 Salt Lake,+91 9798070690,card,2026-02-22T08:46:25.912Z
SYN002243,28,1530.0,0.0,122.4,1652.4,delivered,Kiran Kumar,370 Salt Lake,+91 8271583743,cash,2025-11-25T08:46:25.912Z
SYN002244,28,903.0,0.0,72.24,975.24,delivered,Kiran Kumar,469 Gandhi Path,+91 9136559635,cash,2026-04-18T08:46:25.912Z
SYN002245,28,1828.0,0.0,146.24,1974.24,delivered,Kiran Kumar,324 Nehru Nagar,+91 7269198938,upi,2025-10-25T08:46:25.912Z
SYN002246,28,365.0,49.0,29.2,443.2,delivered,Kiran Kumar,419 Andheri West,+91 7402254548,cash,2026-06-30T08:46:25.912Z
SYN002247,28,3034.0,0.0,242.72,3276.72,delivered,Kiran Kumar,182 Gandhi Path,+91 7167822659,cash,2026-04-01T08:46:25.912Z
SYN002248,28,951.0,0.0,76.08,1027.08,delivered,Kiran Kumar,47 Banjara Hills,+91 8539390142,cash,2026-06-16T08:46:25.912Z
SYN002249,28,1751.0,0.0,140.08,1891.08,delivered,Kiran Kumar,92 Salt Lake,+91 8474591522,upi,2025-12-18T08:46:25.912Z
SYN002250,28,1114.0,0.0,89.12,1203.12,delivered,Kiran Kumar,34 Laxmi Nagar,+91 8993266727,card,2025-11-18T08:46:25.912Z
SYN002251,28,1145.0,0.0,91.6,1236.6,delivered,Kiran Kumar,405 Park Street,+91 7043018054,cash,2026-04-29T08:46:25.912Z
SYN002252,28,1241.0,0.0,99.28,1340.28,delivered,Kiran Kumar,215 Brigade Road,+91 8792634569,cash,2026-03-28T08:46:25.912Z
SYN002253,28,835.0,0.0,66.8,901.8,delivered,Kiran Kumar,299 Banjara Hills,+91 8414427504,upi,2026-01-25T08:46:25.912Z
SYN002254,28,2150.0,0.0,172.0,2322.0,delivered,Kiran Kumar,105 MG Road,+91 8051920016,card,2026-01-23T08:46:25.912Z
SYN002255,28,1095.0,0.0,87.6,1182.6,delivered,Kiran Kumar,416 Nehru Nagar,+91 8612395153,upi,2025-09-17T08:46:25.912Z
SYN002256,28,765.0,0.0,61.2,826.2,delivered,Kiran Kumar,177 MG Road,+91 9257066329,cash,2026-04-14T08:46:25.912Z
SYN002257,28,1840.0,0.0,147.2,1987.2,delivered,Kiran Kumar,325 Nehru Nagar,+91 8716136910,card,2026-03-09T08:46:25.912Z
SYN002258,28,1479.0,0.0,118.32,1597.32,delivered,Kiran Kumar,195 Koramangala,+91 9641450963,upi,2025-12-07T08:46:25.912Z
SYN002259,28,796.0,0.0,63.68,859.68,delivered,Kiran Kumar,205 Andheri West,+91 8630154081,cash,2026-02-08T08:46:25.912Z
SYN002260,28,1790.0,0.0,143.2,1933.2,delivered,Kiran Kumar,290 Andheri West,+91 8230864099,upi,2026-02-23T08:46:25.912Z
SYN002261,28,2050.0,0.0,164.0,2214.0,delivered,Kiran Kumar,13 Salt Lake,+91 9781684899,cash,2025-09-15T08:46:25.912Z
SYN002262,28,3446.0,0.0,275.68,3721.68,delivered,Kiran Kumar,45 MG Road,+91 7540395363,cash,2026-08-12T08:46:25.912Z
SYN002263,28,1993.0,0.0,159.44,2152.44,delivered,Kiran Kumar,325 Salt Lake,+91 8326027652,card,2026-07-14T08:46:25.912Z
SYN002264,28,2391.0,0.0,191.28,2582.28,delivered,Kiran Kumar,148 Nehru Nagar,+91 7158537223,upi,2025-09-22T08:46:25.912Z
SYN002265,28,2576.0,0.0,206.08,2782.08,delivered,Kiran Kumar,13 Laxmi Nagar,+91 9017578480,card,2026-06-20T08:46:25.912Z
SYN002266,28,575.0,0.0,46.0,621.0,delivered,Kiran Kumar,137 Banjara Hills,+91 8781911861,card,2026-07-06T08:46:25.912Z
SYN002267,28,1888.0,0.0,151.04,2039.04,delivered,Kiran Kumar,161 Andheri West,+91 9330110222,card,2026-02-10T08:46:25.912Z
SYN002268,28,1650.0,0.0,132.0,1782.0,delivered,Kiran Kumar,103 Park Street,+91 8275376183,card,2025-09-04T08:46:25.912Z
SYN002269,28,1692.0,0.0,135.36,1827.36,delivered,Kiran Kumar,134 Andheri West,+91 8481019106,card,2026-01-19T08:46:25.912Z
SYN002270,28,1464.0,0.0,117.12,1581.12,delivered,Kiran Kumar,163 Nehru Nagar,+91 8688381080,upi,2026-02-20T08:46:25.912Z
SYN002271,28,1639.0,0.0,131.12,1770.12,delivered,Kiran Kumar,7 Brigade Road,+91 8294755418,upi,2025-08-30T08:46:25.912Z
SYN002272,28,1586.0,0.0,126.88,1712.88,delivered,Kiran Kumar,283 Gandhi Path,+91 9930588093,card,2026-03-08T08:46:25.912Z
SYN002273,28,2517.0,0.0,201.36,2718.36,delivered,Kiran Kumar,181 Banjara Hills,+91 8403670553,cash,2026-06-29T08:46:25.912Z
SYN002274,28,953.0,0.0,76.24,1029.24,delivered,Kiran Kumar,407 Salt Lake,+91 7304672644,card,2025-10-12T08:46:25.912Z
SYN002275,28,1623.0,0.0,129.84,1752.84,delivered,Kiran Kumar,358 Salt Lake,+91 8515012866,cash,2025-12-29T08:46:25.912Z
SYN002276,28,1592.0,0.0,127.36,1719.36,delivered,Kiran Kumar,403 Koramangala,+91 9382842579,cash,2025-09-26T08:46:25.912Z
SYN002277,28,1310.0,0.0,104.8,1414.8,delivered,Kiran Kumar,52 Koramangala,+91 7017494311,upi,2025-10-18T08:46:25.912Z
SYN002278,28,2209.0,0.0,176.72,2385.72,delivered,Kiran Kumar,113 Banjara Hills,+91 9143650307,cash,2026-02-07T08:46:25.912Z
SYN002279,28,744.0,0.0,59.52,803.52,delivered,Kiran Kumar,300 Banjara Hills,+91 8058943769,cash,2025-08-28T08:46:25.912Z
SYN002280,28,1842.0,0.0,147.36,1989.36,delivered,Kiran Kumar,331 Banjara Hills,+91 7962212123,card,2026-07-01T08:46:25.912Z
SYN002281,28,1391.0,0.0,111.28,1502.28,delivered,Kiran Kumar,65 Park Street,+91 8358590002,cash,2026-07-30T08:46:25.912Z
SYN002282,28,2319.0,0.0,185.52,2504.52,delivered,Kiran Kumar,39 Banjara Hills,+91 8094581648,upi,2026-01-29T08:46:25.912Z
SYN002283,28,841.0,0.0,67.28,908.28,delivered,Kiran Kumar,347 Brigade Road,+91 9338726041,card,2026-07-26T08:46:25.912Z
SYN002284,28,1427.0,0.0,114.16,1541.16,delivered,Kiran Kumar,407 Laxmi Nagar,+91 8884224373,cash,2026-03-20T08:46:25.912Z
SYN002285,28,942.0,0.0,75.36,1017.36,delivered,Kiran Kumar,244 Park Street,+91 7340653330,upi,2026-08-02T08:46:25.912Z
SYN002286,28,646.0,0.0,51.68,697.68,delivered,Kiran Kumar,47 Laxmi Nagar,+91 7805037398,card,2026-01-26T08:46:25.912Z
SYN002287,28,2487.0,0.0,198.96,2685.96,delivered,Kiran Kumar,356 Park Street,+91 9951635403,upi,2025-10-05T08:46:25.912Z
SYN002288,28,417.0,49.0,33.36,499.36,delivered,Kiran Kumar,196 Park Street,+91 9206599049,card,2026-05-04T08:46:25.912Z
SYN002289,28,1320.0,0.0,105.6,1425.6,delivered,Kiran Kumar,292 MG Road,+91 9755474098,upi,2026-06-04T08:46:25.912Z
SYN002290,28,1930.0,0.0,154.4,2084.4,delivered,Kiran Kumar,392 Banjara Hills,+91 7985141757,card,2025-09-02T08:46:25.912Z
SYN002291,28,2706.0,0.0,216.48,2922.48,delivered,Kiran Kumar,182 Brigade Road,+91 7247018708,cash,2026-02-26T08:46:25.912Z
SYN002292,28,1170.0,0.0,93.6,1263.6,delivered,Kiran Kumar,185 Nehru Nagar,+91 7041375053,card,2026-04-05T08:46:25.912Z
SYN002293,28,3689.0,0.0,295.12,3984.12,delivered,Kiran Kumar,155 Brigade Road,+91 8764064120,card,2026-03-30T08:46:25.912Z
SYN002294,28,2058.0,0.0,164.64,2222.64,delivered,Kiran Kumar,182 Banjara Hills,+91 8585027634,cash,2025-12-06T08:46:25.912Z
SYN002295,28,306.0,49.0,24.48,379.48,delivered,Kiran Kumar,57 Salt Lake,+91 9678258269,cash,2025-12-24T08:46:25.912Z
SYN002296,28,1409.0,0.0,112.72,1521.72,delivered,Kiran Kumar,103 Salt Lake,+91 9780828999,cash,2026-01-02T08:46:25.912Z
SYN002297,28,968.0,0.0,77.44,1045.44,delivered,Kiran Kumar,181 MG Road,+91 8133999906,card,2025-10-22T08:46:25.912Z
SYN002298,28,2347.0,0.0,187.76,2534.76,delivered,Kiran Kumar,494 MG Road,+91 8912292012,card,2025-09-02T08:46:25.912Z
SYN002299,28,2359.0,0.0,188.72,2547.72,delivered,Kiran Kumar,178 Koramangala,+91 9603862598,card,2026-02-05T08:46:25.912Z
SYN002300,28,1481.0,0.0,118.48,1599.48,delivered,Kiran Kumar,338 Andheri West,+91 8853393617,cash,2026-07-12T08:46:25.912Z
SYN002301,28,2293.0,0.0,183.44,2476.44,delivered,Kiran Kumar,444 Banjara Hills,+91 8459447834,card,2025-10-22T08:46:25.912Z
SYN002302,28,705.0,0.0,56.4,761.4,delivered,Kiran Kumar,252 Nehru Nagar,+91 7622711715,cash,2025-09-01T08:46:25.912Z
SYN002303,28,1801.0,0.0,144.08,1945.08,delivered,Kiran Kumar,343 Park Street,+91 7176690977,cash,2026-04-29T08:46:25.912Z
SYN002304,28,1144.0,0.0,91.52,1235.52,delivered,Kiran Kumar,440 Andheri West,+91 7371487647,cash,2025-10-07T08:46:25.912Z
SYN002305,28,1010.0,0.0,80.8,1090.8,delivered,Kiran Kumar,247 MG Road,+91 8897635031,card,2026-02-23T08:46:25.912Z
SYN002306,28,505.0,0.0,40.4,545.4,delivered,Kiran Kumar,496 MG Road,+91 9536328664,card,2025-10-17T08:46:25.912Z
SYN002307,28,1780.0,0.0,142.4,1922.4,delivered,Kiran Kumar,84 Nehru Nagar,+91 8905087820,card,2026-05-16T08:46:25.912Z
SYN002308,28,3157.0,0.0,252.56,3409.56,delivered,Kiran Kumar,256 Brigade Road,+91 7221894779,cash,2026-02-07T08:46:25.912Z
SYN002309,28,1293.0,0.0,103.44,1396.44,delivered,Kiran Kumar,325 Nehru Nagar,+91 9063353749,cash,2025-09-09T08:46:25.912Z
SYN002310,28,925.0,0.0,74.0,999.0,delivered,Kiran Kumar,256 Banjara Hills,+91 8911043601,upi,2025-11-29T08:46:25.912Z
SYN002311,28,1413.0,0.0,113.04,1526.04,delivered,Kiran Kumar,289 Brigade Road,+91 8860072515,card,2026-08-07T08:46:25.912Z
SYN002312,28,2429.0,0.0,194.32,2623.32,delivered,Kiran Kumar,206 Park Street,+91 9109613156,card,2026-04-04T08:46:25.912Z
SYN002313,28,1729.0,0.0,138.32,1867.32,delivered,Kiran Kumar,7 Laxmi Nagar,+91 7667843157,upi,2025-08-29T08:46:25.912Z
SYN002314,28,1471.0,0.0,117.68,1588.68,delivered,Kiran Kumar,27 MG Road,+91 8564592442,upi,2026-06-30T08:46:25.912Z
SYN002315,28,1401.0,0.0,112.08,1513.08,delivered,Kiran Kumar,142 Brigade Road,+91 7151224860,cash,2025-10-29T08:46:25.912Z
SYN002316,28,813.0,0.0,65.04,878.04,delivered,Kiran Kumar,13 Banjara Hills,+91 9203033608,upi,2025-09-15T08:46:25.912Z
SYN002317,28,1290.0,0.0,103.2,1393.2,delivered,Kiran Kumar,302 Laxmi Nagar,+91 9818768468,card,2026-03-07T08:46:25.912Z
SYN002318,28,2606.0,0.0,208.48,2814.48,delivered,Kiran Kumar,44 MG Road,+91 9084957477,cash,2026-06-29T08:46:25.912Z
SYN002319,28,1370.0,0.0,109.6,1479.6,delivered,Kiran Kumar,222 Nehru Nagar,+91 8330243038,upi,2026-05-10T08:46:25.912Z
SYN002320,28,621.0,0.0,49.68,670.68,delivered,Kiran Kumar,101 Koramangala,+91 9103937546,cash,2025-12-17T08:46:25.912Z
SYN002321,28,1808.0,0.0,144.64,1952.64,delivered,Kiran Kumar,473 Brigade Road,+91 9368684134,cash,2025-10-10T08:46:25.912Z
SYN002322,28,663.0,0.0,53.04,716.04,delivered,Kiran Kumar,488 Andheri West,+91 7087487497,cash,2026-05-20T08:46:25.912Z
SYN002323,28,1759.0,0.0,140.72,1899.72,delivered,Kiran Kumar,500 Nehru Nagar,+91 9849321061,card,2026-02-04T08:46:25.912Z
SYN002324,28,622.0,0.0,49.76,671.76,delivered,Kiran Kumar,32 Andheri West,+91 8412352698,upi,2025-12-05T08:46:25.912Z
SYN002325,28,2540.0,0.0,203.2,2743.2,delivered,Kiran Kumar,57 MG Road,+91 9843268959,cash,2026-08-01T08:46:25.912Z
SYN002326,28,1074.0,0.0,85.92,1159.92,delivered,Kiran Kumar,473 MG Road,+91 8423475594,card,2026-02-06T08:46:25.912Z
SYN002327,28,1150.0,0.0,92.0,1242.0,delivered,Kiran Kumar,188 Park Street,+91 7132787322,card,2025-11-17T08:46:25.912Z
SYN002328,28,623.0,0.0,49.84,672.84,delivered,Kiran Kumar,393 MG Road,+91 8026864148,cash,2026-03-16T08:46:25.912Z
SYN002329,28,1173.0,0.0,93.84,1266.84,delivered,Kiran Kumar,241 Salt Lake,+91 8057341994,upi,2026-07-31T08:46:25.912Z
SYN002330,28,1134.0,0.0,90.72,1224.72,delivered,Kiran Kumar,88 Koramangala,+91 8305164519,cash,2025-10-09T08:46:25.912Z
SYN002331,28,1191.0,0.0,95.28,1286.28,delivered,Kiran Kumar,72 Banjara Hills,+91 9182761323,cash,2026-08-03T08:46:25.912Z
SYN002332,28,1960.0,0.0,156.8,2116.8,delivered,Kiran Kumar,426 Salt Lake,+91 9336589912,cash,2025-10-19T08:46:25.912Z
SYN002333,28,2141.0,0.0,171.28,2312.28,delivered,Kiran Kumar,279 Nehru Nagar,+91 8265456269,card,2026-03-03T08:46:25.912Z
SYN002334,28,1224.0,0.0,97.92,1321.92,delivered,Kiran Kumar,71 Laxmi Nagar,+91 7930464032,cash,2025-10-27T08:46:25.912Z
SYN002335,28,2469.0,0.0,197.52,2666.52,delivered,Kiran Kumar,267 MG Road,+91 9014712719,upi,2026-07-17T08:46:25.912Z
SYN002336,28,885.0,0.0,70.8,955.8,delivered,Kiran Kumar,219 Nehru Nagar,+91 8774066540,upi,2026-03-26T08:46:25.912Z
SYN002337,28,826.0,0.0,66.08,892.08,delivered,Kiran Kumar,87 Gandhi Path,+91 7866782762,upi,2026-06-01T08:46:25.912Z
SYN002338,28,834.0,0.0,66.72,900.72,delivered,Kiran Kumar,323 Nehru Nagar,+91 8815688297,card,2025-11-20T08:46:25.912Z
SYN002339,28,1052.0,0.0,84.16,1136.16,delivered,Kiran Kumar,232 Laxmi Nagar,+91 8299787851,cash,2026-05-27T08:46:25.912Z
SYN002340,29,2794.0,0.0,223.52,3017.52,delivered,Vikram Kapoor,141 Brigade Road,+91 7993955419,upi,2026-04-22T08:46:25.912Z
SYN002341,29,2558.0,0.0,204.64,2762.64,delivered,Vikram Kapoor,259 Gandhi Path,+91 8336563999,cash,2026-05-28T08:46:25.912Z
SYN002342,29,3581.0,0.0,286.48,3867.48,delivered,Vikram Kapoor,255 Koramangala,+91 8221847922,upi,2025-10-23T08:46:25.912Z
SYN002343,29,4223.0,0.0,337.84,4560.84,delivered,Vikram Kapoor,301 Brigade Road,+91 9346924347,card,2026-06-05T08:46:25.912Z
SYN002344,29,1640.0,0.0,131.2,1771.2,delivered,Vikram Kapoor,83 MG Road,+91 7306835911,upi,2026-04-18T08:46:25.912Z
SYN002345,29,2939.0,0.0,235.12,3174.12,delivered,Vikram Kapoor,142 Laxmi Nagar,+91 7133881544,card,2026-08-01T08:46:25.912Z
SYN002346,29,2477.0,0.0,198.16,2675.16,delivered,Vikram Kapoor,495 Brigade Road,+91 7923386075,card,2025-12-06T08:46:25.912Z
SYN002347,29,4980.0,0.0,398.4,5378.4,delivered,Vikram Kapoor,351 MG Road,+91 9782212736,cash,2026-07-08T08:46:25.912Z
SYN002348,29,4285.0,0.0,342.8,4627.8,delivered,Vikram Kapoor,492 Gandhi Path,+91 7023467686,upi,2026-07-18T08:46:25.912Z
SYN002349,29,2788.0,0.0,223.04,3011.04,delivered,Vikram Kapoor,234 Brigade Road,+91 8839137910,cash,2025-11-07T08:46:25.912Z
SYN002350,29,4613.0,0.0,369.04,4982.04,delivered,Vikram Kapoor,302 Park Street,+91 9307712044,upi,2025-09-10T08:46:25.912Z
SYN002351,29,2866.0,0.0,229.28,3095.28,delivered,Vikram Kapoor,163 Andheri West,+91 8324548503,card,2026-05-24T08:46:25.912Z
SYN002352,29,2039.0,0.0,163.12,2202.12,delivered,Vikram Kapoor,325 Salt Lake,+91 8102373011,cash,2025-09-06T08:46:25.912Z
SYN002353,29,4528.0,0.0,362.24,4890.24,delivered,Vikram Kapoor,160 Brigade Road,+91 8793886872,card,2026-07-26T08:46:25.912Z
SYN002354,29,2884.0,0.0,230.72,3114.72,delivered,Vikram Kapoor,218 Koramangala,+91 8325541138,upi,2025-11-04T08:46:25.912Z
SYN002355,29,1970.0,0.0,157.6,2127.6,delivered,Vikram Kapoor,255 Laxmi Nagar,+91 9161595240,cash,2026-07-13T08:46:25.912Z
SYN002356,29,3365.0,0.0,269.2,3634.2,delivered,Vikram Kapoor,416 MG Road,+91 8904943642,card,2026-05-06T08:46:25.912Z
SYN002357,29,4482.0,0.0,358.56,4840.56,delivered,Vikram Kapoor,100 Brigade Road,+91 9588390718,upi,2025-12-01T08:46:25.912Z
SYN002358,29,3424.0,0.0,273.92,3697.92,delivered,Vikram Kapoor,126 Koramangala,+91 7075391283,cash,2026-04-03T08:46:25.912Z
SYN002359,29,2885.0,0.0,230.8,3115.8,delivered,Vikram Kapoor,50 Gandhi Path,+91 9757341359,cash,2025-12-26T08:46:25.912Z
SYN002360,29,2441.0,0.0,195.28,2636.28,delivered,Vikram Kapoor,7 MG Road,+91 7917892722,upi,2026-05-20T08:46:25.912Z
SYN002361,29,2435.0,0.0,194.8,2629.8,delivered,Vikram Kapoor,331 Gandhi Path,+91 7667790333,upi,2026-05-16T08:46:25.912Z
SYN002362,29,4203.0,0.0,336.24,4539.24,delivered,Vikram Kapoor,171 Banjara Hills,+91 8844450559,cash,2025-10-18T08:46:25.912Z
SYN002363,29,3036.0,0.0,242.88,3278.88,delivered,Vikram Kapoor,400 Banjara Hills,+91 9749011240,upi,2025-12-26T08:46:25.912Z
SYN002364,29,2612.0,0.0,208.96,2820.96,delivered,Vikram Kapoor,232 Koramangala,+91 9909325823,upi,2026-03-22T08:46:25.912Z
SYN002365,29,3254.0,0.0,260.32,3514.32,delivered,Vikram Kapoor,412 Laxmi Nagar,+91 7136166681,cash,2026-01-15T08:46:25.912Z
SYN002366,29,5068.0,0.0,405.44,5473.44,delivered,Vikram Kapoor,107 Koramangala,+91 8768033749,cash,2026-03-23T08:46:25.912Z
SYN002367,29,3669.0,0.0,293.52,3962.52,delivered,Vikram Kapoor,145 Laxmi Nagar,+91 7641518476,upi,2026-01-17T08:46:25.912Z
SYN002368,29,2190.0,0.0,175.2,2365.2,delivered,Vikram Kapoor,134 Banjara Hills,+91 9101838395,upi,2025-12-29T08:46:25.912Z
SYN002369,29,1710.0,0.0,136.8,1846.8,delivered,Vikram Kapoor,490 Park Street,+91 8932575142,cash,2026-04-13T08:46:25.912Z
SYN002370,29,3953.0,0.0,316.24,4269.24,delivered,Vikram Kapoor,267 MG Road,+91 9437244877,cash,2026-03-08T08:46:25.912Z
SYN002371,29,4412.0,0.0,352.96,4764.96,delivered,Vikram Kapoor,277 Koramangala,+91 8419712956,cash,2026-04-09T08:46:25.912Z
SYN002372,29,3995.0,0.0,319.6,4314.6,delivered,Vikram Kapoor,399 Brigade Road,+91 9411311583,upi,2026-01-13T08:46:25.912Z
SYN002373,29,2835.0,0.0,226.8,3061.8,delivered,Vikram Kapoor,444 Andheri West,+91 9261021044,card,2026-05-22T08:46:25.912Z
SYN002374,29,4125.0,0.0,330.0,4455.0,delivered,Vikram Kapoor,82 Salt Lake,+91 7381476307,card,2026-06-26T08:46:25.912Z
SYN002375,29,3516.0,0.0,281.28,3797.28,delivered,Vikram Kapoor,424 Salt Lake,+91 7401064320,cash,2026-02-21T08:46:25.912Z
SYN002376,29,2220.0,0.0,177.6,2397.6,delivered,Vikram Kapoor,126 Andheri West,+91 9361942718,upi,2026-03-16T08:46:25.912Z
SYN002377,29,3587.0,0.0,286.96,3873.96,delivered,Vikram Kapoor,87 Park Street,+91 8194719927,upi,2026-03-27T08:46:25.912Z
SYN002378,29,3508.0,0.0,280.64,3788.64,delivered,Vikram Kapoor,313 Park Street,+91 8274068464,upi,2025-11-04T08:46:25.912Z
SYN002379,29,3683.0,0.0,294.64,3977.64,delivered,Vikram Kapoor,176 Koramangala,+91 7370868324,upi,2025-12-15T08:46:25.912Z
SYN002380,29,4237.0,0.0,338.96,4575.96,delivered,Vikram Kapoor,366 Laxmi Nagar,+91 7194185516,card,2026-07-16T08:46:25.912Z
SYN002381,29,1679.0,0.0,134.32,1813.32,delivered,Vikram Kapoor,418 Brigade Road,+91 7312186678,cash,2026-02-27T08:46:25.912Z
SYN002382,29,3665.0,0.0,293.2,3958.2,delivered,Vikram Kapoor,51 Andheri West,+91 7486791691,card,2026-07-02T08:46:25.912Z
SYN002383,29,4268.0,0.0,341.44,4609.44,delivered,Vikram Kapoor,237 MG Road,+91 7837270611,upi,2025-09-12T08:46:25.912Z
SYN002384,29,3782.0,0.0,302.56,4084.56,delivered,Vikram Kapoor,376 Andheri West,+91 7368447129,upi,2026-06-09T08:46:25.912Z
SYN002385,29,3243.0,0.0,259.44,3502.44,delivered,Vikram Kapoor,468 Banjara Hills,+91 9987114767,cash,2026-06-09T08:46:25.912Z
SYN002386,29,1789.0,0.0,143.12,1932.12,delivered,Vikram Kapoor,321 Andheri West,+91 8415885887,card,2025-10-25T08:46:25.912Z
SYN002387,29,3189.0,0.0,255.12,3444.12,delivered,Vikram Kapoor,241 Koramangala,+91 7225575558,upi,2025-09-27T08:46:25.912Z
SYN002388,29,3097.0,0.0,247.76,3344.76,delivered,Vikram Kapoor,245 Nehru Nagar,+91 7424114980,cash,2026-06-25T08:46:25.912Z
SYN002389,29,2047.0,0.0,163.76,2210.76,delivered,Vikram Kapoor,332 MG Road,+91 9754724166,card,2026-07-27T08:46:25.912Z
SYN002390,29,3551.0,0.0,284.08,3835.08,delivered,Vikram Kapoor,203 Salt Lake,+91 7388139168,cash,2025-11-23T08:46:25.912Z
SYN002391,29,3635.0,0.0,290.8,3925.8,delivered,Vikram Kapoor,141 Koramangala,+91 7882314725,card,2026-03-21T08:46:25.912Z
SYN002392,29,2987.0,0.0,238.96,3225.96,delivered,Vikram Kapoor,314 Park Street,+91 9568444678,cash,2026-08-06T08:46:25.912Z
SYN002393,29,3632.0,0.0,290.56,3922.56,delivered,Vikram Kapoor,360 Andheri West,+91 8906930498,cash,2025-09-05T08:46:25.912Z
SYN002394,29,2536.0,0.0,202.88,2738.88,delivered,Vikram Kapoor,227 Brigade Road,+91 9073582757,cash,2026-06-13T08:46:25.912Z
SYN002395,29,3884.0,0.0,310.72,4194.72,delivered,Vikram Kapoor,355 Banjara Hills,+91 8814720003,cash,2026-05-11T08:46:25.912Z
SYN002396,29,2589.0,0.0,207.12,2796.12,delivered,Vikram Kapoor,487 Park Street,+91 7718155377,upi,2026-06-18T08:46:25.912Z
SYN002397,29,2589.0,0.0,207.12,2796.12,delivered,Vikram Kapoor,369 Salt Lake,+91 7623939560,cash,2026-08-05T08:46:25.912Z
SYN002398,30,4522.0,0.0,361.76,4883.76,delivered,Pooja Nair,9 Park Street,+91 7928166198,upi,2026-05-05T08:46:25.912Z
SYN002399,30,4515.0,0.0,361.2,4876.2,delivered,Pooja Nair,331 Andheri West,+91 7032838260,card,2026-01-14T08:46:25.912Z
SYN002400,30,4119.0,0.0,329.52,4448.52,delivered,Pooja Nair,152 Banjara Hills,+91 8374573891,card,2026-02-26T08:46:25.912Z
SYN002401,30,2306.0,0.0,184.48,2490.48,delivered,Pooja Nair,378 Gandhi Path,+91 9906998444,card,2026-05-28T08:46:25.912Z
SYN002402,30,3423.0,0.0,273.84,3696.84,delivered,Pooja Nair,274 Brigade Road,+91 7687444197,cash,2026-01-25T08:46:25.912Z
SYN002403,30,4580.0,0.0,366.4,4946.4,delivered,Pooja Nair,114 Nehru Nagar,+91 9016355445,upi,2026-05-24T08:46:25.912Z
SYN002404,30,4155.0,0.0,332.4,4487.4,delivered,Pooja Nair,402 Salt Lake,+91 7984927767,upi,2026-07-31T08:46:25.912Z
SYN002405,30,3033.0,0.0,242.64,3275.64,delivered,Pooja Nair,326 Laxmi Nagar,+91 8478746734,upi,2025-12-13T08:46:25.912Z
SYN002406,30,3654.0,0.0,292.32,3946.32,delivered,Pooja Nair,487 Banjara Hills,+91 7995041282,upi,2026-01-04T08:46:25.912Z
SYN002407,30,4062.0,0.0,324.96,4386.96,delivered,Pooja Nair,285 Koramangala,+91 9542955644,upi,2025-11-25T08:46:25.912Z
SYN002408,30,3108.0,0.0,248.64,3356.64,delivered,Pooja Nair,429 Koramangala,+91 8307733902,card,2025-11-26T08:46:25.912Z
SYN002409,30,3588.0,0.0,287.04,3875.04,delivered,Pooja Nair,265 Salt Lake,+91 9458283425,upi,2026-08-04T08:46:25.912Z
SYN002410,30,4238.0,0.0,339.04,4577.04,delivered,Pooja Nair,231 Andheri West,+91 7080517481,cash,2025-09-22T08:46:25.912Z
SYN002411,30,4178.0,0.0,334.24,4512.24,delivered,Pooja Nair,441 Nehru Nagar,+91 7160626588,upi,2025-10-01T08:46:25.912Z
SYN002412,30,4627.0,0.0,370.16,4997.16,delivered,Pooja Nair,377 Gandhi Path,+91 8231268708,card,2026-07-30T08:46:25.912Z
SYN002413,30,4492.0,0.0,359.36,4851.36,delivered,Pooja Nair,401 Banjara Hills,+91 9669782351,cash,2025-11-10T08:46:25.912Z
SYN002414,30,4302.0,0.0,344.16,4646.16,delivered,Pooja Nair,219 Koramangala,+91 7564857598,upi,2025-09-08T08:46:25.912Z
SYN002415,30,2046.0,0.0,163.68,2209.68,delivered,Pooja Nair,305 Nehru Nagar,+91 9051491441,upi,2026-05-16T08:46:25.912Z
SYN002416,30,3285.0,0.0,262.8,3547.8,delivered,Pooja Nair,214 Banjara Hills,+91 9862595639,upi,2026-04-06T08:46:25.912Z
SYN002417,30,5510.0,0.0,440.8,5950.8,delivered,Pooja Nair,368 Banjara Hills,+91 8262671285,card,2026-05-15T08:46:25.912Z
SYN002418,30,3508.0,0.0,280.64,3788.64,delivered,Pooja Nair,352 Laxmi Nagar,+91 7324315806,cash,2026-06-05T08:46:25.912Z
SYN002419,30,2533.0,0.0,202.64,2735.64,delivered,Pooja Nair,238 Andheri West,+91 8291132479,upi,2026-01-08T08:46:25.912Z
SYN002420,30,4094.0,0.0,327.52,4421.52,delivered,Pooja Nair,235 Brigade Road,+91 7459560418,cash,2026-06-03T08:46:25.912Z
SYN002421,30,6041.0,0.0,483.28,6524.28,delivered,Pooja Nair,97 Park Street,+91 7684253972,upi,2026-03-15T08:46:25.912Z
SYN002422,30,4200.0,0.0,336.0,4536.0,delivered,Pooja Nair,176 Brigade Road,+91 9930645854,card,2026-08-17T08:46:25.912Z
SYN002423,30,1937.0,0.0,154.96,2091.96,delivered,Pooja Nair,211 MG Road,+91 9312982345,cash,2025-12-04T08:46:25.912Z
SYN002424,30,3273.0,0.0,261.84,3534.84,delivered,Pooja Nair,430 Brigade Road,+91 8045210503,cash,2026-01-27T08:46:25.912Z
SYN002425,30,3190.0,0.0,255.2,3445.2,delivered,Pooja Nair,221 Andheri West,+91 7483682110,cash,2025-12-04T08:46:25.912Z
SYN002426,30,2976.0,0.0,238.08,3214.08,delivered,Pooja Nair,218 Koramangala,+91 7350038401,upi,2026-01-02T08:46:25.912Z
SYN002427,30,3143.0,0.0,251.44,3394.44,delivered,Pooja Nair,196 Banjara Hills,+91 9549359190,cash,2025-10-03T08:46:25.912Z
SYN002428,30,5683.0,0.0,454.64,6137.64,delivered,Pooja Nair,386 Koramangala,+91 8713728267,cash,2026-02-17T08:46:25.912Z
SYN002429,30,4546.0,0.0,363.68,4909.68,delivered,Pooja Nair,209 Andheri West,+91 9499689206,card,2025-12-11T08:46:25.912Z
SYN002430,30,4904.0,0.0,392.32,5296.32,delivered,Pooja Nair,281 Laxmi Nagar,+91 8861458196,card,2025-10-19T08:46:25.912Z
SYN002431,30,3990.0,0.0,319.2,4309.2,delivered,Pooja Nair,181 Park Street,+91 7913246526,cash,2026-07-12T08:46:25.912Z
SYN002432,30,5134.0,0.0,410.72,5544.72,delivered,Pooja Nair,171 Banjara Hills,+91 8456875427,cash,2025-09-30T08:46:25.912Z
SYN002433,30,4113.0,0.0,329.04,4442.04,delivered,Pooja Nair,63 Laxmi Nagar,+91 8478936215,card,2026-06-21T08:46:25.912Z
SYN002434,30,3262.0,0.0,260.96,3522.96,delivered,Pooja Nair,6 Andheri West,+91 7866832609,cash,2026-04-04T08:46:25.912Z
SYN002435,30,4235.0,0.0,338.8,4573.8,delivered,Pooja Nair,442 Banjara Hills,+91 7777521520,card,2026-07-13T08:46:25.912Z
SYN002436,30,6277.0,0.0,502.16,6779.16,delivered,Pooja Nair,458 Salt Lake,+91 9213181311,cash,2025-12-02T08:46:25.912Z
SYN002437,30,3248.0,0.0,259.84,3507.84,delivered,Pooja Nair,269 Koramangala,+91 8650875304,cash,2026-01-26T08:46:25.912Z
SYN002438,30,2384.0,0.0,190.72,2574.72,delivered,Pooja Nair,16 Brigade Road,+91 9856047288,card,2026-06-02T08:46:25.912Z
SYN002439,30,6454.0,0.0,516.32,6970.32,delivered,Pooja Nair,76 Gandhi Path,+91 7356343107,card,2026-03-12T08:46:25.912Z
SYN002440,30,3450.0,0.0,276.0,3726.0,delivered,Pooja Nair,89 Brigade Road,+91 7304597291,cash,2026-03-19T08:46:25.912Z
SYN002441,30,5377.0,0.0,430.16,5807.16,delivered,Pooja Nair,230 Laxmi Nagar,+91 7087557614,upi,2026-07-23T08:46:25.912Z
SYN002442,30,3701.0,0.0,296.08,3997.08,delivered,Pooja Nair,481 Laxmi Nagar,+91 9965254232,cash,2025-09-12T08:46:25.912Z
SYN002443,30,3827.0,0.0,306.16,4133.16,delivered,Pooja Nair,141 Salt Lake,+91 8742743522,cash,2025-10-22T08:46:25.912Z
SYN002444,31,1544.0,0.0,123.52,1667.52,delivered,Rohan Nair,21 Nehru Nagar,+91 7713957072,card,2025-11-08T08:46:25.912Z
SYN002445,31,1541.0,0.0,123.28,1664.28,delivered,Rohan Nair,98 MG Road,+91 7953053769,upi,2025-11-22T08:46:25.912Z
SYN002446,31,596.0,0.0,47.68,643.68,delivered,Rohan Nair,377 Gandhi Path,+91 9946965366,cash,2026-04-27T08:46:25.912Z
SYN002447,31,1193.0,0.0,95.44,1288.44,delivered,Rohan Nair,202 Salt Lake,+91 7066722914,upi,2026-04-23T08:46:25.912Z
SYN002448,31,2088.0,0.0,167.04,2255.04,delivered,Rohan Nair,143 Koramangala,+91 8755395696,cash,2026-05-30T08:46:25.912Z
SYN002449,31,1892.0,0.0,151.36,2043.36,delivered,Rohan Nair,185 Brigade Road,+91 9931956457,card,2025-09-08T08:46:25.912Z
SYN002450,31,3092.0,0.0,247.36,3339.36,delivered,Rohan Nair,135 Gandhi Path,+91 8241831603,card,2026-04-29T08:46:25.912Z
SYN002451,31,2225.0,0.0,178.0,2403.0,delivered,Rohan Nair,197 Salt Lake,+91 7771487764,cash,2025-10-18T08:46:25.912Z
SYN002452,31,882.0,0.0,70.56,952.56,delivered,Rohan Nair,183 MG Road,+91 9946832945,upi,2026-05-08T08:46:25.912Z
SYN002453,31,1480.0,0.0,118.4,1598.4,delivered,Rohan Nair,158 MG Road,+91 8536072129,card,2026-04-24T08:46:25.912Z
SYN002454,31,1393.0,0.0,111.44,1504.44,delivered,Rohan Nair,144 Gandhi Path,+91 9255272854,upi,2025-10-30T08:46:25.912Z
SYN002455,31,744.0,0.0,59.52,803.52,delivered,Rohan Nair,133 Andheri West,+91 8023128557,card,2026-05-10T08:46:25.912Z
SYN002456,31,1445.0,0.0,115.6,1560.6,delivered,Rohan Nair,273 Gandhi Path,+91 8885093542,cash,2025-10-09T08:46:25.912Z
SYN002457,31,905.0,0.0,72.4,977.4,delivered,Rohan Nair,139 Gandhi Path,+91 8940068696,cash,2026-07-21T08:46:25.912Z
SYN002458,31,995.0,0.0,79.6,1074.6,delivered,Rohan Nair,205 Salt Lake,+91 9076977483,cash,2026-03-02T08:46:25.912Z
SYN002459,31,1145.0,0.0,91.6,1236.6,delivered,Rohan Nair,86 Salt Lake,+91 9559273087,cash,2026-02-03T08:46:25.912Z
SYN002460,31,1244.0,0.0,99.52,1343.52,delivered,Rohan Nair,11 Salt Lake,+91 9436260948,cash,2026-04-04T08:46:25.912Z
SYN002461,31,2141.0,0.0,171.28,2312.28,delivered,Rohan Nair,467 Brigade Road,+91 9301158655,cash,2025-08-26T08:46:25.912Z
SYN002462,31,1394.0,0.0,111.52,1505.52,delivered,Rohan Nair,49 Gandhi Path,+91 8912996162,cash,2025-12-10T08:46:25.912Z
SYN002463,31,2593.0,0.0,207.44,2800.44,delivered,Rohan Nair,118 Brigade Road,+91 9560871843,upi,2026-03-27T08:46:25.912Z
SYN002464,31,1544.0,0.0,123.52,1667.52,delivered,Rohan Nair,42 Koramangala,+91 7118689819,upi,2026-07-06T08:46:25.912Z
SYN002465,31,897.0,0.0,71.76,968.76,delivered,Rohan Nair,209 Nehru Nagar,+91 7400533765,cash,2026-02-26T08:46:25.912Z
SYN002466,32,1590.0,0.0,127.2,1717.2,delivered,Meera Nair,137 MG Road,+91 9064244903,cash,2026-01-03T08:46:25.912Z
SYN002467,32,3010.0,0.0,240.8,3250.8,delivered,Meera Nair,18 Park Street,+91 8553343375,card,2026-01-03T08:46:25.912Z
SYN002468,32,3041.0,0.0,243.28,3284.28,delivered,Meera Nair,328 Park Street,+91 7798344750,card,2025-10-23T08:46:25.912Z
SYN002469,32,6375.0,0.0,510.0,6885.0,delivered,Meera Nair,384 Park Street,+91 9385634383,card,2026-06-21T08:46:25.912Z
SYN002470,32,2506.0,0.0,200.48,2706.48,delivered,Meera Nair,81 Laxmi Nagar,+91 9109493653,upi,2026-03-01T08:46:25.912Z
SYN002471,32,4006.0,0.0,320.48,4326.48,delivered,Meera Nair,288 Nehru Nagar,+91 8018759105,cash,2026-06-25T08:46:25.912Z
SYN002472,32,1778.0,0.0,142.24,1920.24,delivered,Meera Nair,174 Park Street,+91 8081064954,card,2025-11-30T08:46:25.912Z
SYN002473,32,3937.0,0.0,314.96,4251.96,delivered,Meera Nair,146 Park Street,+91 7494229221,card,2026-02-25T08:46:25.912Z
SYN002474,32,3325.0,0.0,266.0,3591.0,delivered,Meera Nair,216 Banjara Hills,+91 8828195827,upi,2026-01-21T08:46:25.912Z
SYN002475,32,3889.0,0.0,311.12,4200.12,delivered,Meera Nair,336 Laxmi Nagar,+91 8343863828,cash,2025-10-20T08:46:25.912Z
SYN002476,32,4450.0,0.0,356.0,4806.0,delivered,Meera Nair,196 Nehru Nagar,+91 8462787885,upi,2025-10-27T08:46:25.912Z
SYN002477,32,2972.0,0.0,237.76,3209.76,delivered,Meera Nair,456 Banjara Hills,+91 9563373431,card,2025-09-01T08:46:25.912Z
SYN002478,32,1685.0,0.0,134.8,1819.8,delivered,Meera Nair,94 Banjara Hills,+91 7666882905,upi,2025-09-12T08:46:25.912Z
SYN002479,32,3611.0,0.0,288.88,3899.88,delivered,Meera Nair,319 Nehru Nagar,+91 8016873187,upi,2026-06-10T08:46:25.912Z
SYN002480,32,5048.0,0.0,403.84,5451.84,delivered,Meera Nair,150 Banjara Hills,+91 9553563900,card,2026-02-25T08:46:25.912Z
SYN002481,32,3470.0,0.0,277.6,3747.6,delivered,Meera Nair,272 Andheri West,+91 9502868697,card,2026-01-29T08:46:25.912Z
SYN002482,32,3034.0,0.0,242.72,3276.72,delivered,Meera Nair,264 Laxmi Nagar,+91 9325635800,cash,2026-03-24T08:46:25.912Z
SYN002483,32,3785.0,0.0,302.8,4087.8,delivered,Meera Nair,203 Brigade Road,+91 7494566744,upi,2026-02-15T08:46:25.912Z
SYN002484,32,3051.0,0.0,244.08,3295.08,delivered,Meera Nair,366 Brigade Road,+91 8217479958,card,2026-06-27T08:46:25.912Z
SYN002485,32,3667.0,0.0,293.36,3960.36,delivered,Meera Nair,56 Salt Lake,+91 7601960568,card,2025-12-25T08:46:25.912Z
SYN002486,32,3917.0,0.0,313.36,4230.36,delivered,Meera Nair,274 Banjara Hills,+91 8646757411,upi,2026-02-07T08:46:25.912Z
SYN002487,32,5671.0,0.0,453.68,6124.68,delivered,Meera Nair,450 Koramangala,+91 9252338006,cash,2026-02-20T08:46:25.912Z
SYN002488,32,2544.0,0.0,203.52,2747.52,delivered,Meera Nair,21 Banjara Hills,+91 8403819874,cash,2025-10-15T08:46:25.912Z
SYN002489,32,3487.0,0.0,278.96,3765.96,delivered,Meera Nair,109 Nehru Nagar,+91 8777821497,cash,2025-11-28T08:46:25.912Z
SYN002490,32,2357.0,0.0,188.56,2545.56,delivered,Meera Nair,62 Banjara Hills,+91 7912689245,upi,2025-10-03T08:46:25.912Z
SYN002491,32,3575.0,0.0,286.0,3861.0,delivered,Meera Nair,349 Banjara Hills,+91 9946479866,cash,2026-08-15T08:46:25.912Z
SYN002492,32,2807.0,0.0,224.56,3031.56,delivered,Meera Nair,455 Andheri West,+91 9425773615,upi,2026-04-18T08:46:25.912Z
SYN002493,32,2673.0,0.0,213.84,2886.84,delivered,Meera Nair,6 Nehru Nagar,+91 7940453847,card,2025-12-20T08:46:25.912Z
SYN002494,32,3372.0,0.0,269.76,3641.76,delivered,Meera Nair,187 Banjara Hills,+91 8249040532,upi,2026-08-03T08:46:25.912Z
SYN002495,32,3068.0,0.0,245.44,3313.44,delivered,Meera Nair,333 Gandhi Path,+91 8039913731,upi,2026-02-05T08:46:25.912Z
SYN002496,32,2543.0,0.0,203.44,2746.44,delivered,Meera Nair,97 MG Road,+91 7526714457,card,2026-07-10T08:46:25.912Z
SYN002497,32,5421.0,0.0,433.68,5854.68,delivered,Meera Nair,355 Banjara Hills,+91 7298812951,cash,2026-05-13T08:46:25.912Z
SYN002498,32,4548.0,0.0,363.84,4911.84,delivered,Meera Nair,262 Laxmi Nagar,+91 7434972053,cash,2025-09-27T08:46:25.912Z
SYN002499,32,2965.0,0.0,237.2,3202.2,delivered,Meera Nair,196 Brigade Road,+91 7850453647,upi,2026-01-21T08:46:25.912Z
SYN002500,32,2983.0,0.0,238.64,3221.64,delivered,Meera Nair,432 Salt Lake,+91 8659624531,card,2026-06-01T08:46:25.912Z
SYN002501,32,1899.0,0.0,151.92,2050.92,delivered,Meera Nair,338 Laxmi Nagar,+91 8572517274,card,2025-09-27T08:46:25.912Z
SYN002502,32,5307.0,0.0,424.56,5731.56,delivered,Meera Nair,318 Koramangala,+91 8719833280,card,2026-08-08T08:46:25.912Z
SYN002503,32,5289.0,0.0,423.12,5712.12,delivered,Meera Nair,12 Koramangala,+91 7753419081,upi,2026-03-01T08:46:25.912Z
SYN002504,32,4179.0,0.0,334.32,4513.32,delivered,Meera Nair,9 Koramangala,+91 9048338947,upi,2026-05-26T08:46:25.912Z
SYN002505,32,2317.0,0.0,185.36,2502.36,delivered,Meera Nair,465 Salt Lake,+91 7077152585,card,2026-01-28T08:46:25.912Z
SYN002506,32,3257.0,0.0,260.56,3517.56,delivered,Meera Nair,439 Koramangala,+91 9640319690,card,2025-11-20T08:46:25.912Z
SYN002507,32,3722.0,0.0,297.76,4019.76,delivered,Meera Nair,236 Andheri West,+91 8625653016,cash,2025-09-28T08:46:25.912Z
SYN002508,32,5235.0,0.0,418.8,5653.8,delivered,Meera Nair,426 Park Street,+91 7316274355,cash,2026-08-11T08:46:25.912Z
SYN002509,32,1578.0,0.0,126.24,1704.24,delivered,Meera Nair,268 Gandhi Path,+91 9929879105,cash,2025-12-28T08:46:25.912Z
SYN002510,32,4885.0,0.0,390.8,5275.8,delivered,Meera Nair,132 Gandhi Path,+91 8541184618,card,2026-08-10T08:46:25.912Z
SYN002511,32,4087.0,0.0,326.96,4413.96,delivered,Meera Nair,402 Park Street,+91 7432971540,cash,2026-04-26T08:46:25.912Z
SYN002512,32,4275.0,0.0,342.0,4617.0,delivered,Meera Nair,170 Laxmi Nagar,+91 7896179476,card,2025-12-14T08:46:25.912Z
SYN002513,32,2192.0,0.0,175.36,2367.36,delivered,Meera Nair,177 Koramangala,+91 8002217005,cash,2026-06-01T08:46:25.912Z
SYN002514,32,2246.0,0.0,179.68,2425.68,delivered,Meera Nair,137 Koramangala,+91 9449262079,card,2025-12-28T08:46:25.912Z
SYN002515,32,3389.0,0.0,271.12,3660.12,delivered,Meera Nair,58 Nehru Nagar,+91 7064014920,upi,2026-01-31T08:46:25.912Z
SYN002516,32,4748.0,0.0,379.84,5127.84,delivered,Meera Nair,92 Park Street,+91 7387592074,cash,2026-06-04T08:46:25.912Z
SYN002517,32,5090.0,0.0,407.2,5497.2,delivered,Meera Nair,476 Salt Lake,+91 9694148082,card,2025-10-14T08:46:25.912Z
SYN002518,32,3015.0,0.0,241.2,3256.2,delivered,Meera Nair,149 Gandhi Path,+91 7006489899,upi,2025-08-28T08:46:25.912Z
SYN002519,32,3415.0,0.0,273.2,3688.2,delivered,Meera Nair,331 Laxmi Nagar,+91 9040428904,cash,2025-12-22T08:46:25.912Z
SYN002520,32,5068.0,0.0,405.44,5473.44,delivered,Meera Nair,324 Banjara Hills,+91 8619663549,cash,2025-09-25T08:46:25.912Z
SYN002521,32,3598.0,0.0,287.84,3885.84,delivered,Meera Nair,435 Banjara Hills,+91 8650643532,cash,2026-03-08T08:46:25.912Z
SYN002522,32,6135.0,0.0,490.8,6625.8,delivered,Meera Nair,306 Banjara Hills,+91 7251486943,upi,2026-06-20T08:46:25.912Z
SYN002523,32,3052.0,0.0,244.16,3296.16,delivered,Meera Nair,293 Banjara Hills,+91 9873060776,cash,2025-09-20T08:46:25.912Z
SYN002524,32,1679.0,0.0,134.32,1813.32,delivered,Meera Nair,65 Park Street,+91 8902432130,upi,2025-09-09T08:46:25.912Z
SYN002525,32,1898.0,0.0,151.84,2049.84,delivered,Meera Nair,174 Andheri West,+91 7412877652,card,2026-06-17T08:46:25.912Z
SYN002526,32,2487.0,0.0,198.96,2685.96,delivered,Meera Nair,198 Brigade Road,+91 7472123942,upi,2026-04-08T08:46:25.912Z
SYN002527,32,3662.0,0.0,292.96,3954.96,delivered,Meera Nair,313 Gandhi Path,+91 8611299222,upi,2026-04-28T08:46:25.912Z
SYN002528,32,2139.0,0.0,171.12,2310.12,delivered,Meera Nair,243 Park Street,+91 8497583083,upi,2025-11-28T08:46:25.912Z
SYN002529,32,3834.0,0.0,306.72,4140.72,delivered,Meera Nair,200 Brigade Road,+91 9709647159,card,2026-06-21T08:46:25.912Z
SYN002530,32,3322.0,0.0,265.76,3587.76,delivered,Meera Nair,148 Nehru Nagar,+91 7391296376,cash,2025-09-30T08:46:25.912Z
SYN002531,32,4580.0,0.0,366.4,4946.4,delivered,Meera Nair,80 Park Street,+91 8955170528,card,2025-11-25T08:46:25.912Z
SYN002532,32,1858.0,0.0,148.64,2006.64,delivered,Meera Nair,183 Park Street,+91 9609788350,card,2025-10-05T08:46:25.912Z
SYN002533,32,3244.0,0.0,259.52,3503.52,delivered,Meera Nair,161 Park Street,+91 9082966059,upi,2026-06-04T08:46:25.912Z
SYN002534,32,6235.0,0.0,498.8,6733.8,delivered,Meera Nair,333 Salt Lake,+91 7431912272,card,2026-02-14T08:46:25.912Z
SYN002535,32,2737.0,0.0,218.96,2955.96,delivered,Meera Nair,380 Park Street,+91 8459655419,upi,2026-08-21T08:46:25.912Z
SYN002536,32,1748.0,0.0,139.84,1887.84,delivered,Meera Nair,358 Salt Lake,+91 9660831007,cash,2026-08-02T08:46:25.912Z
SYN002537,32,6047.0,0.0,483.76,6530.76,delivered,Meera Nair,359 Gandhi Path,+91 9474473665,cash,2026-01-18T08:46:25.912Z
SYN002538,32,3187.0,0.0,254.96,3441.96,delivered,Meera Nair,415 Salt Lake,+91 7712033238,upi,2025-10-21T08:46:25.912Z
SYN002539,32,1962.0,0.0,156.96,2118.96,delivered,Meera Nair,32 Laxmi Nagar,+91 7754952245,cash,2026-05-28T08:46:25.912Z
SYN002540,32,4640.0,0.0,371.2,5011.2,delivered,Meera Nair,264 Park Street,+91 8862080883,cash,2025-10-24T08:46:25.912Z
SYN002541,32,2734.0,0.0,218.72,2952.72,delivered,Meera Nair,438 MG Road,+91 8488942248,cash,2026-08-08T08:46:25.912Z
SYN002542,32,2646.0,0.0,211.68,2857.68,delivered,Meera Nair,372 Salt Lake,+91 8950224338,card,2026-01-03T08:46:25.912Z
SYN002543,32,2664.0,0.0,213.12,2877.12,delivered,Meera Nair,471 Salt Lake,+91 9786525586,card,2025-12-31T08:46:25.912Z
SYN002544,32,4974.0,0.0,397.92,5371.92,delivered,Meera Nair,459 Park Street,+91 9664791133,cash,2026-01-03T08:46:25.912Z
SYN002545,32,1478.0,0.0,118.24,1596.24,delivered,Meera Nair,108 Brigade Road,+91 7429892217,card,2026-06-01T08:46:25.912Z
SYN002546,32,2545.0,0.0,203.6,2748.6,delivered,Meera Nair,215 Nehru Nagar,+91 8688563585,upi,2025-09-08T08:46:25.912Z
SYN002547,32,4164.0,0.0,333.12,4497.12,delivered,Meera Nair,427 Koramangala,+91 8488729782,cash,2026-06-03T08:46:25.912Z
SYN002548,32,2288.0,0.0,183.04,2471.04,delivered,Meera Nair,209 Andheri West,+91 9869198636,cash,2025-09-02T08:46:25.912Z
SYN002549,32,3153.0,0.0,252.24,3405.24,delivered,Meera Nair,88 Banjara Hills,+91 7596683249,cash,2026-01-07T08:46:25.912Z
SYN002550,32,5041.0,0.0,403.28,5444.28,delivered,Meera Nair,28 Salt Lake,+91 8556818998,card,2026-05-25T08:46:25.912Z
SYN002551,32,3014.0,0.0,241.12,3255.12,delivered,Meera Nair,456 Laxmi Nagar,+91 9227475426,cash,2026-08-04T08:46:25.912Z
SYN002552,32,2166.0,0.0,173.28,2339.28,delivered,Meera Nair,239 Brigade Road,+91 9578176454,cash,2025-11-14T08:46:25.912Z
SYN002553,32,3249.0,0.0,259.92,3508.92,delivered,Meera Nair,32 Koramangala,+91 8414225999,upi,2026-06-20T08:46:25.912Z
SYN002554,32,2428.0,0.0,194.24,2622.24,delivered,Meera Nair,155 Park Street,+91 9087694917,upi,2025-10-02T08:46:25.912Z
SYN002555,32,3446.0,0.0,275.68,3721.68,delivered,Meera Nair,1 Park Street,+91 8121935225,upi,2026-01-08T08:46:25.912Z
SYN002556,32,2197.0,0.0,175.76,2372.76,delivered,Meera Nair,153 Banjara Hills,+91 8086745855,upi,2025-12-12T08:46:25.912Z
SYN002557,32,2327.0,0.0,186.16,2513.16,delivered,Meera Nair,491 Laxmi Nagar,+91 8088288367,upi,2025-12-07T08:46:25.912Z
SYN002558,32,2744.0,0.0,219.52,2963.52,delivered,Meera Nair,379 Laxmi Nagar,+91 8478078097,upi,2025-12-12T08:46:25.912Z
SYN002559,32,3230.0,0.0,258.4,3488.4,delivered,Meera Nair,397 Gandhi Path,+91 9547528288,cash,2026-07-06T08:46:25.912Z
SYN002560,32,3675.0,0.0,294.0,3969.0,delivered,Meera Nair,420 Brigade Road,+91 9546280281,upi,2026-02-23T08:46:25.912Z
SYN002561,32,2014.0,0.0,161.12,2175.12,delivered,Meera Nair,173 Andheri West,+91 9508569003,card,2026-07-25T08:46:25.912Z
SYN002562,32,4430.0,0.0,354.4,4784.4,delivered,Meera Nair,309 Laxmi Nagar,+91 9767635112,card,2025-11-02T08:46:25.912Z
SYN002563,32,1828.0,0.0,146.24,1974.24,delivered,Meera Nair,239 Andheri West,+91 9669175138,cash,2026-06-08T08:46:25.912Z
SYN002564,32,3851.0,0.0,308.08,4159.08,delivered,Meera Nair,145 Park Street,+91 7512816217,cash,2025-09-19T08:46:25.912Z
SYN002565,32,5306.0,0.0,424.48,5730.48,delivered,Meera Nair,10 Laxmi Nagar,+91 9239846522,cash,2025-09-22T08:46:25.912Z
SYN002566,32,5657.0,0.0,452.56,6109.56,delivered,Meera Nair,246 Gandhi Path,+91 7144095595,card,2025-09-15T08:46:25.912Z
SYN002567,32,4548.0,0.0,363.84,4911.84,delivered,Meera Nair,388 Gandhi Path,+91 7858796583,upi,2025-11-27T08:46:25.912Z
SYN002568,32,2799.0,0.0,223.92,3022.92,delivered,Meera Nair,297 Salt Lake,+91 7302010089,card,2026-08-02T08:46:25.912Z
SYN002569,32,5624.0,0.0,449.92,6073.92,delivered,Meera Nair,395 Brigade Road,+91 7859768129,card,2025-12-28T08:46:25.912Z
SYN002570,32,2858.0,0.0,228.64,3086.64,delivered,Meera Nair,190 Banjara Hills,+91 9723974232,cash,2026-07-05T08:46:25.912Z
SYN002571,32,1456.0,0.0,116.48,1572.48,delivered,Meera Nair,110 Laxmi Nagar,+91 9109567472,upi,2025-10-09T08:46:25.912Z
SYN002572,32,3981.0,0.0,318.48,4299.48,delivered,Meera Nair,349 Koramangala,+91 9887248540,cash,2026-08-13T08:46:25.912Z
SYN002573,32,2726.0,0.0,218.08,2944.08,delivered,Meera Nair,135 Laxmi Nagar,+91 7223631052,card,2025-10-12T08:46:25.912Z
SYN002574,32,3378.0,0.0,270.24,3648.24,delivered,Meera Nair,253 MG Road,+91 8105075106,cash,2026-07-03T08:46:25.912Z
SYN002575,32,3685.0,0.0,294.8,3979.8,delivered,Meera Nair,24 Nehru Nagar,+91 7601645054,cash,2026-07-03T08:46:25.912Z
SYN002576,32,1749.0,0.0,139.92,1888.92,delivered,Meera Nair,401 Andheri West,+91 7353498787,card,2025-12-26T08:46:25.912Z
SYN002577,33,1566.0,0.0,125.28,1691.28,delivered,Suresh Reddy,293 Gandhi Path,+91 8621321216,card,2026-01-07T08:46:25.912Z
SYN002578,33,2644.0,0.0,211.52,2855.52,delivered,Suresh Reddy,339 Nehru Nagar,+91 7363562764,card,2025-12-19T08:46:25.912Z
SYN002579,33,1735.0,0.0,138.8,1873.8,delivered,Suresh Reddy,88 Gandhi Path,+91 8755698688,cash,2026-02-20T08:46:25.912Z
SYN002580,33,1436.0,0.0,114.88,1550.88,delivered,Suresh Reddy,72 Salt Lake,+91 8347067410,cash,2026-03-13T08:46:25.912Z
SYN002581,33,914.0,0.0,73.12,987.12,delivered,Suresh Reddy,355 Park Street,+91 9053988490,card,2026-01-15T08:46:25.912Z
SYN002582,33,2553.0,0.0,204.24,2757.24,delivered,Suresh Reddy,241 MG Road,+91 7608621024,upi,2026-04-25T08:46:25.912Z
SYN002583,33,2028.0,0.0,162.24,2190.24,delivered,Suresh Reddy,6 Gandhi Path,+91 8548536328,card,2025-10-27T08:46:25.912Z
SYN002584,33,1421.0,0.0,113.68,1534.68,delivered,Suresh Reddy,365 Salt Lake,+91 7120334949,cash,2026-07-18T08:46:25.912Z
SYN002585,33,1895.0,0.0,151.6,2046.6,delivered,Suresh Reddy,453 Park Street,+91 7301112210,upi,2025-12-16T08:46:25.912Z
SYN002586,33,1230.0,0.0,98.4,1328.4,delivered,Suresh Reddy,398 Laxmi Nagar,+91 7421348619,upi,2025-08-30T08:46:25.912Z
SYN002587,33,1307.0,0.0,104.56,1411.56,delivered,Suresh Reddy,311 Salt Lake,+91 8567790670,upi,2025-09-29T08:46:25.912Z
SYN002588,33,2068.0,0.0,165.44,2233.44,delivered,Suresh Reddy,196 Nehru Nagar,+91 8746837627,cash,2026-05-26T08:46:25.912Z
SYN002589,33,1583.0,0.0,126.64,1709.64,delivered,Suresh Reddy,77 Brigade Road,+91 9557764278,cash,2025-11-24T08:46:25.912Z
SYN002590,33,791.0,0.0,63.28,854.28,delivered,Suresh Reddy,179 Laxmi Nagar,+91 8712673104,card,2026-04-14T08:46:25.912Z
SYN002591,33,1291.0,0.0,103.28,1394.28,delivered,Suresh Reddy,469 Banjara Hills,+91 8537375560,cash,2026-08-04T08:46:25.912Z
SYN002592,33,1808.0,0.0,144.64,1952.64,delivered,Suresh Reddy,43 Park Street,+91 8354694335,cash,2025-10-22T08:46:25.912Z
SYN002593,33,1460.0,0.0,116.8,1576.8,delivered,Suresh Reddy,78 Nehru Nagar,+91 7464271587,cash,2026-06-18T08:46:25.912Z
SYN002594,33,1589.0,0.0,127.12,1716.12,delivered,Suresh Reddy,239 Laxmi Nagar,+91 8650187159,cash,2025-11-12T08:46:25.912Z
SYN002595,33,1885.0,0.0,150.8,2035.8,delivered,Suresh Reddy,402 Park Street,+91 7597985350,cash,2026-06-02T08:46:25.912Z
SYN002596,33,1417.0,0.0,113.36,1530.36,delivered,Suresh Reddy,246 Banjara Hills,+91 8849563261,cash,2025-09-21T08:46:25.912Z
SYN002597,33,831.0,0.0,66.48,897.48,delivered,Suresh Reddy,352 MG Road,+91 7194027767,upi,2026-07-10T08:46:25.912Z
SYN002598,33,3744.0,0.0,299.52,4043.52,delivered,Suresh Reddy,497 Laxmi Nagar,+91 9785074796,card,2025-12-22T08:46:25.912Z
SYN002599,33,1896.0,0.0,151.68,2047.68,delivered,Suresh Reddy,77 Laxmi Nagar,+91 8904039856,card,2025-10-14T08:46:25.912Z
SYN002600,33,1749.0,0.0,139.92,1888.92,delivered,Suresh Reddy,263 MG Road,+91 8119259081,upi,2025-11-05T08:46:25.912Z
SYN002601,33,603.0,0.0,48.24,651.24,delivered,Suresh Reddy,457 Laxmi Nagar,+91 8192179537,upi,2025-12-31T08:46:25.912Z
SYN002602,33,1988.0,0.0,159.04,2147.04,delivered,Suresh Reddy,188 Nehru Nagar,+91 8379921635,upi,2026-02-14T08:46:25.912Z
SYN002603,33,1606.0,0.0,128.48,1734.48,delivered,Suresh Reddy,264 Koramangala,+91 9863776763,upi,2025-12-31T08:46:25.912Z
SYN002604,33,1556.0,0.0,124.48,1680.48,delivered,Suresh Reddy,192 Laxmi Nagar,+91 9443059512,cash,2026-05-15T08:46:25.912Z
SYN002605,33,1411.0,0.0,112.88,1523.88,delivered,Suresh Reddy,463 Laxmi Nagar,+91 9321325083,upi,2025-11-06T08:46:25.912Z
SYN002606,33,1029.0,0.0,82.32,1111.32,delivered,Suresh Reddy,20 Laxmi Nagar,+91 7406631910,upi,2025-09-12T08:46:25.912Z
SYN002607,33,1866.0,0.0,149.28,2015.28,delivered,Suresh Reddy,65 Gandhi Path,+91 9572546322,cash,2025-08-30T08:46:25.912Z
SYN002608,33,810.0,0.0,64.8,874.8,delivered,Suresh Reddy,345 Koramangala,+91 9698661908,card,2026-01-06T08:46:25.912Z
SYN002609,33,2286.0,0.0,182.88,2468.88,delivered,Suresh Reddy,142 Gandhi Path,+91 8845616362,cash,2025-11-19T08:46:25.912Z
SYN002610,33,1638.0,0.0,131.04,1769.04,delivered,Suresh Reddy,238 Salt Lake,+91 9097387873,card,2026-05-25T08:46:25.912Z
SYN002611,33,1575.0,0.0,126.0,1701.0,delivered,Suresh Reddy,317 MG Road,+91 7132282354,upi,2026-04-01T08:46:25.912Z
SYN002612,33,3197.0,0.0,255.76,3452.76,delivered,Suresh Reddy,181 Laxmi Nagar,+91 8215581533,card,2026-05-14T08:46:25.912Z
SYN002613,33,1174.0,0.0,93.92,1267.92,delivered,Suresh Reddy,317 Laxmi Nagar,+91 7768171037,card,2026-07-03T08:46:25.912Z
SYN002614,33,3013.0,0.0,241.04,3254.04,delivered,Suresh Reddy,329 Laxmi Nagar,+91 7269441134,cash,2026-03-28T08:46:25.912Z
SYN002615,33,1151.0,0.0,92.08,1243.08,delivered,Suresh Reddy,304 Andheri West,+91 9210175860,cash,2025-10-28T08:46:25.912Z
SYN002616,33,2288.0,0.0,183.04,2471.04,delivered,Suresh Reddy,362 Park Street,+91 7413648010,cash,2026-07-04T08:46:25.912Z
SYN002617,33,1351.0,0.0,108.08,1459.08,delivered,Suresh Reddy,216 Nehru Nagar,+91 7890250401,upi,2026-02-06T08:46:25.912Z
SYN002618,33,1331.0,0.0,106.48,1437.48,delivered,Suresh Reddy,35 Salt Lake,+91 9104310780,upi,2026-06-20T08:46:25.912Z
SYN002619,33,2714.0,0.0,217.12,2931.12,delivered,Suresh Reddy,315 Banjara Hills,+91 7017462656,cash,2026-02-06T08:46:25.912Z
SYN002620,33,2804.0,0.0,224.32,3028.32,delivered,Suresh Reddy,173 Salt Lake,+91 9459970651,cash,2025-10-07T08:46:25.912Z
SYN002621,33,1950.0,0.0,156.0,2106.0,delivered,Suresh Reddy,283 Gandhi Path,+91 7462673122,upi,2026-04-12T08:46:25.912Z
SYN002622,33,1996.0,0.0,159.68,2155.68,delivered,Suresh Reddy,172 Laxmi Nagar,+91 8670380018,card,2025-10-14T08:46:25.912Z
SYN002623,33,2541.0,0.0,203.28,2744.28,delivered,Suresh Reddy,279 Andheri West,+91 7275366378,card,2025-10-20T08:46:25.912Z
SYN002624,33,1479.0,0.0,118.32,1597.32,delivered,Suresh Reddy,163 Nehru Nagar,+91 8737737296,card,2026-04-05T08:46:25.912Z
SYN002625,33,1528.0,0.0,122.24,1650.24,delivered,Suresh Reddy,481 Nehru Nagar,+91 8907017424,card,2025-12-23T08:46:25.912Z
SYN002626,33,724.0,0.0,57.92,781.92,delivered,Suresh Reddy,497 Salt Lake,+91 8884427999,card,2026-04-13T08:46:25.912Z
SYN002627,33,2289.0,0.0,183.12,2472.12,delivered,Suresh Reddy,296 Banjara Hills,+91 7440661516,card,2026-01-08T08:46:25.912Z
SYN002628,33,801.0,0.0,64.08,865.08,delivered,Suresh Reddy,307 Andheri West,+91 7845241180,upi,2026-06-13T08:46:25.912Z
SYN002629,33,2016.0,0.0,161.28,2177.28,delivered,Suresh Reddy,30 Nehru Nagar,+91 9074822297,card,2026-06-16T08:46:25.912Z
SYN002630,33,3254.0,0.0,260.32,3514.32,delivered,Suresh Reddy,107 Park Street,+91 7404295625,cash,2026-04-25T08:46:25.912Z
SYN002631,33,3613.0,0.0,289.04,3902.04,delivered,Suresh Reddy,347 Laxmi Nagar,+91 7809050625,card,2026-07-21T08:46:25.912Z
SYN002632,33,884.0,0.0,70.72,954.72,delivered,Suresh Reddy,496 MG Road,+91 9744238868,cash,2025-11-20T08:46:25.912Z
SYN002633,33,2796.0,0.0,223.68,3019.68,delivered,Suresh Reddy,491 Salt Lake,+91 7107417117,cash,2026-01-10T08:46:25.912Z
SYN002634,33,1311.0,0.0,104.88,1415.88,delivered,Suresh Reddy,44 Brigade Road,+91 9111582365,upi,2025-09-21T08:46:25.912Z
SYN002635,33,2633.0,0.0,210.64,2843.64,delivered,Suresh Reddy,38 Banjara Hills,+91 9864323592,cash,2025-10-20T08:46:25.912Z
SYN002636,33,863.0,0.0,69.04,932.04,delivered,Suresh Reddy,484 MG Road,+91 8258515962,card,2026-02-27T08:46:25.912Z
SYN002637,33,1087.0,0.0,86.96,1173.96,delivered,Suresh Reddy,491 Nehru Nagar,+91 8451877069,upi,2026-07-17T08:46:25.912Z
SYN002638,33,1340.0,0.0,107.2,1447.2,delivered,Suresh Reddy,115 Andheri West,+91 8827125751,card,2025-10-15T08:46:25.912Z
SYN002639,33,1674.0,0.0,133.92,1807.92,delivered,Suresh Reddy,361 MG Road,+91 9721391348,card,2026-04-03T08:46:25.912Z
SYN002640,33,2746.0,0.0,219.68,2965.68,delivered,Suresh Reddy,469 Andheri West,+91 7987057891,card,2026-03-17T08:46:25.912Z
SYN002641,33,1697.0,0.0,135.76,1832.76,delivered,Suresh Reddy,430 Gandhi Path,+91 7803795462,card,2026-02-28T08:46:25.912Z
SYN002642,33,2439.0,0.0,195.12,2634.12,delivered,Suresh Reddy,191 Salt Lake,+91 7857615338,upi,2026-05-14T08:46:25.912Z
SYN002643,33,1804.0,0.0,144.32,1948.32,delivered,Suresh Reddy,46 Laxmi Nagar,+91 8595077320,upi,2025-12-04T08:46:25.912Z
SYN002644,33,555.0,0.0,44.4,599.4,delivered,Suresh Reddy,296 Koramangala,+91 9976756599,cash,2026-01-16T08:46:25.912Z
SYN002645,33,631.0,0.0,50.48,681.48,delivered,Suresh Reddy,147 Salt Lake,+91 8709342303,card,2026-04-17T08:46:25.912Z
SYN002646,33,2038.0,0.0,163.04,2201.04,delivered,Suresh Reddy,425 Banjara Hills,+91 7890397185,card,2025-12-27T08:46:25.912Z
SYN002647,33,1168.0,0.0,93.44,1261.44,delivered,Suresh Reddy,400 Nehru Nagar,+91 9216862133,upi,2026-03-02T08:46:25.912Z
SYN002648,33,1997.0,0.0,159.76,2156.76,delivered,Suresh Reddy,186 Banjara Hills,+91 9259345139,cash,2025-10-13T08:46:25.912Z
SYN002649,33,1370.0,0.0,109.6,1479.6,delivered,Suresh Reddy,6 Salt Lake,+91 8329798158,cash,2026-02-01T08:46:25.912Z
SYN002650,33,1219.0,0.0,97.52,1316.52,delivered,Suresh Reddy,331 Koramangala,+91 7081188266,upi,2025-09-13T08:46:25.912Z
SYN002651,33,1082.0,0.0,86.56,1168.56,delivered,Suresh Reddy,35 Gandhi Path,+91 9256215644,cash,2026-01-25T08:46:25.912Z
SYN002652,33,2651.0,0.0,212.08,2863.08,delivered,Suresh Reddy,476 Brigade Road,+91 7330036168,upi,2025-11-15T08:46:25.912Z
SYN002653,33,1708.0,0.0,136.64,1844.64,delivered,Suresh Reddy,436 Brigade Road,+91 8058966321,card,2026-07-08T08:46:25.912Z
SYN002654,33,1691.0,0.0,135.28,1826.28,delivered,Suresh Reddy,57 Andheri West,+91 8654118487,upi,2026-01-16T08:46:25.912Z
SYN002655,33,2047.0,0.0,163.76,2210.76,delivered,Suresh Reddy,67 Brigade Road,+91 7708574053,upi,2026-02-01T08:46:25.912Z
SYN002656,33,1491.0,0.0,119.28,1610.28,delivered,Suresh Reddy,132 Laxmi Nagar,+91 9822643485,cash,2026-04-19T08:46:25.912Z
SYN002657,33,1231.0,0.0,98.48,1329.48,delivered,Suresh Reddy,197 Banjara Hills,+91 8319342708,cash,2025-12-12T08:46:25.912Z
SYN002658,33,1600.0,0.0,128.0,1728.0,delivered,Suresh Reddy,74 Andheri West,+91 9808275307,upi,2026-05-19T08:46:25.912Z
SYN002659,33,1448.0,0.0,115.84,1563.84,delivered,Suresh Reddy,329 Koramangala,+91 7640988634,card,2025-09-13T08:46:25.912Z
SYN002660,33,1620.0,0.0,129.6,1749.6,delivered,Suresh Reddy,27 Andheri West,+91 7203128153,cash,2026-01-10T08:46:25.912Z
SYN002661,33,2108.0,0.0,168.64,2276.64,delivered,Suresh Reddy,241 Andheri West,+91 9186135964,upi,2026-03-14T08:46:25.912Z
SYN002662,33,1987.0,0.0,158.96,2145.96,delivered,Suresh Reddy,307 Brigade Road,+91 9648650891,cash,2026-08-11T08:46:25.912Z
SYN002663,33,3087.0,0.0,246.96,3333.96,delivered,Suresh Reddy,431 Laxmi Nagar,+91 7940679741,upi,2026-04-16T08:46:25.912Z
SYN002664,33,3564.0,0.0,285.12,3849.12,delivered,Suresh Reddy,454 Brigade Road,+91 9411610190,card,2025-10-30T08:46:25.912Z
SYN002665,33,1480.0,0.0,118.4,1598.4,delivered,Suresh Reddy,375 Banjara Hills,+91 7431088968,upi,2026-01-23T08:46:25.912Z
SYN002666,33,1729.0,0.0,138.32,1867.32,delivered,Suresh Reddy,293 Park Street,+91 8824446320,card,2026-01-25T08:46:25.912Z
SYN002667,33,3443.0,0.0,275.44,3718.44,delivered,Suresh Reddy,405 Banjara Hills,+91 8968411667,card,2025-12-18T08:46:25.912Z
SYN002668,33,1669.0,0.0,133.52,1802.52,delivered,Suresh Reddy,11 Salt Lake,+91 7566598496,cash,2025-12-09T08:46:25.912Z
SYN002669,33,2206.0,0.0,176.48,2382.48,delivered,Suresh Reddy,31 Park Street,+91 9790290428,card,2026-07-08T08:46:25.912Z
SYN002670,33,2147.0,0.0,171.76,2318.76,delivered,Suresh Reddy,82 Andheri West,+91 7074279744,card,2025-10-22T08:46:25.912Z
SYN002671,34,2727.0,0.0,218.16,2945.16,delivered,Lakshmi Sharma,191 Laxmi Nagar,+91 9750831599,upi,2025-10-31T08:46:25.912Z
SYN002672,34,751.0,0.0,60.08,811.08,delivered,Lakshmi Sharma,16 Salt Lake,+91 8954898157,upi,2026-02-08T08:46:25.912Z
SYN002673,34,1842.0,0.0,147.36,1989.36,delivered,Lakshmi Sharma,63 Andheri West,+91 8889712632,card,2025-10-25T08:46:25.912Z
SYN002674,34,1392.0,0.0,111.36,1503.36,delivered,Lakshmi Sharma,438 Andheri West,+91 8919371554,cash,2026-07-07T08:46:25.912Z
SYN002675,34,1134.0,0.0,90.72,1224.72,delivered,Lakshmi Sharma,459 Salt Lake,+91 9967811430,cash,2026-04-04T08:46:25.912Z
SYN002676,34,1279.0,0.0,102.32,1381.32,delivered,Lakshmi Sharma,38 Laxmi Nagar,+91 9198647468,upi,2026-01-09T08:46:25.912Z
SYN002677,34,1667.0,0.0,133.36,1800.36,delivered,Lakshmi Sharma,499 Koramangala,+91 7552342072,card,2025-11-20T08:46:25.912Z
SYN002678,34,677.0,0.0,54.16,731.16,delivered,Lakshmi Sharma,451 Brigade Road,+91 8954891556,cash,2025-11-10T08:46:25.912Z
SYN002679,34,1993.0,0.0,159.44,2152.44,delivered,Lakshmi Sharma,436 Brigade Road,+91 9304589471,upi,2026-08-02T08:46:25.912Z
SYN002680,34,1800.0,0.0,144.0,1944.0,delivered,Lakshmi Sharma,412 Park Street,+91 8344355032,card,2026-06-22T08:46:25.912Z
SYN002681,34,2598.0,0.0,207.84,2805.84,delivered,Lakshmi Sharma,266 Brigade Road,+91 9650544780,cash,2026-03-09T08:46:25.912Z
SYN002682,34,1002.0,0.0,80.16,1082.16,delivered,Lakshmi Sharma,417 Brigade Road,+91 9715622836,cash,2026-02-09T08:46:25.912Z
SYN002683,34,1971.0,0.0,157.68,2128.68,delivered,Lakshmi Sharma,270 Banjara Hills,+91 8982038463,card,2026-03-04T08:46:25.912Z
SYN002684,34,614.0,0.0,49.12,663.12,delivered,Lakshmi Sharma,407 Laxmi Nagar,+91 8202743134,upi,2026-07-02T08:46:25.912Z
SYN002685,34,1606.0,0.0,128.48,1734.48,delivered,Lakshmi Sharma,279 Laxmi Nagar,+91 9663717151,card,2026-06-22T08:46:25.912Z
SYN002686,34,1194.0,0.0,95.52,1289.52,delivered,Lakshmi Sharma,490 Gandhi Path,+91 8252068845,upi,2025-09-17T08:46:25.912Z
SYN002687,34,1125.0,0.0,90.0,1215.0,delivered,Lakshmi Sharma,175 Brigade Road,+91 8924892192,cash,2025-12-23T08:46:25.912Z
SYN002688,34,675.0,0.0,54.0,729.0,delivered,Lakshmi Sharma,252 Park Street,+91 8074792691,cash,2026-07-07T08:46:25.912Z
SYN002689,34,2033.0,0.0,162.64,2195.64,delivered,Lakshmi Sharma,471 Salt Lake,+91 9014034249,card,2025-12-24T08:46:25.912Z
SYN002690,34,3037.0,0.0,242.96,3279.96,delivered,Lakshmi Sharma,312 Brigade Road,+91 9641221425,card,2026-03-27T08:46:25.912Z
SYN002691,34,1294.0,0.0,103.52,1397.52,delivered,Lakshmi Sharma,229 Banjara Hills,+91 9735498812,cash,2026-02-17T08:46:25.912Z
SYN002692,34,1898.0,0.0,151.84,2049.84,delivered,Lakshmi Sharma,412 MG Road,+91 7419269966,card,2026-06-26T08:46:25.912Z
SYN002693,34,1302.0,0.0,104.16,1406.16,delivered,Lakshmi Sharma,156 Banjara Hills,+91 7316088601,card,2026-08-15T08:46:25.912Z
SYN002694,34,2029.0,0.0,162.32,2191.32,delivered,Lakshmi Sharma,330 Brigade Road,+91 8309990751,upi,2026-08-01T08:46:25.912Z
SYN002695,34,2143.0,0.0,171.44,2314.44,delivered,Lakshmi Sharma,54 Koramangala,+91 8648491747,upi,2026-06-05T08:46:25.912Z
SYN002696,34,1074.0,0.0,85.92,1159.92,delivered,Lakshmi Sharma,353 Brigade Road,+91 9256230648,cash,2026-04-05T08:46:25.912Z
SYN002697,34,1200.0,0.0,96.0,1296.0,delivered,Lakshmi Sharma,46 MG Road,+91 8456323014,cash,2025-09-22T08:46:25.912Z
SYN002698,34,2361.0,0.0,188.88,2549.88,delivered,Lakshmi Sharma,133 Nehru Nagar,+91 7536665164,upi,2026-06-29T08:46:25.912Z
SYN002699,34,1151.0,0.0,92.08,1243.08,delivered,Lakshmi Sharma,437 Salt Lake,+91 8599025791,cash,2025-10-22T08:46:25.912Z
SYN002700,34,1882.0,0.0,150.56,2032.56,delivered,Lakshmi Sharma,481 Koramangala,+91 9040586490,cash,2026-01-11T08:46:25.912Z
SYN002701,34,1273.0,0.0,101.84,1374.84,delivered,Lakshmi Sharma,300 Park Street,+91 8843027638,upi,2026-06-16T08:46:25.912Z
SYN002702,34,383.0,49.0,30.64,462.64,delivered,Lakshmi Sharma,135 Gandhi Path,+91 7725363819,card,2026-07-23T08:46:25.912Z
SYN002703,34,424.0,49.0,33.92,506.92,delivered,Lakshmi Sharma,168 MG Road,+91 7061084276,upi,2026-01-10T08:46:25.912Z
SYN002704,34,1341.0,0.0,107.28,1448.28,delivered,Lakshmi Sharma,175 Nehru Nagar,+91 7953461543,card,2026-04-11T08:46:25.912Z
SYN002705,34,1482.0,0.0,118.56,1600.56,delivered,Lakshmi Sharma,168 Andheri West,+91 7541793041,card,2025-10-16T08:46:25.912Z
SYN002706,34,1451.0,0.0,116.08,1567.08,delivered,Lakshmi Sharma,66 Andheri West,+91 8724111391,upi,2026-05-04T08:46:25.912Z
SYN002707,34,1923.0,0.0,153.84,2076.84,delivered,Lakshmi Sharma,405 Brigade Road,+91 7765661804,cash,2026-04-27T08:46:25.912Z
SYN002708,34,792.0,0.0,63.36,855.36,delivered,Lakshmi Sharma,206 Laxmi Nagar,+91 7689325810,card,2026-05-26T08:46:25.912Z
SYN002709,34,2078.0,0.0,166.24,2244.24,delivered,Lakshmi Sharma,1 Brigade Road,+91 7143127282,card,2025-08-31T08:46:25.912Z
SYN002710,34,1659.0,0.0,132.72,1791.72,delivered,Lakshmi Sharma,438 Gandhi Path,+91 7621592766,cash,2026-05-13T08:46:25.912Z
SYN002711,34,1102.0,0.0,88.16,1190.16,delivered,Lakshmi Sharma,276 Koramangala,+91 7041173733,upi,2025-10-06T08:46:25.912Z
SYN002712,34,1889.0,0.0,151.12,2040.12,delivered,Lakshmi Sharma,97 Andheri West,+91 7343551514,card,2026-03-17T08:46:25.912Z
SYN002713,34,1153.0,0.0,92.24,1245.24,delivered,Lakshmi Sharma,294 Laxmi Nagar,+91 7031285658,upi,2026-05-30T08:46:25.912Z
SYN002714,34,2981.0,0.0,238.48,3219.48,delivered,Lakshmi Sharma,192 Laxmi Nagar,+91 9994840247,card,2026-01-23T08:46:25.912Z
SYN002715,34,1529.0,0.0,122.32,1651.32,delivered,Lakshmi Sharma,260 Laxmi Nagar,+91 7274525556,cash,2026-04-08T08:46:25.912Z
SYN002716,34,1222.0,0.0,97.76,1319.76,delivered,Lakshmi Sharma,65 Gandhi Path,+91 8673588761,cash,2025-12-17T08:46:25.912Z
SYN002717,34,1470.0,0.0,117.6,1587.6,delivered,Lakshmi Sharma,340 Gandhi Path,+91 7019611962,card,2025-12-11T08:46:25.912Z
SYN002718,34,3277.0,0.0,262.16,3539.16,delivered,Lakshmi Sharma,17 Brigade Road,+91 9640537185,upi,2025-09-15T08:46:25.912Z
SYN002719,34,3237.0,0.0,258.96,3495.96,delivered,Lakshmi Sharma,453 Koramangala,+91 7710150177,cash,2026-01-20T08:46:25.912Z
SYN002720,34,1851.0,0.0,148.08,1999.08,delivered,Lakshmi Sharma,283 Park Street,+91 9275349540,cash,2025-11-30T08:46:25.912Z
SYN002721,34,777.0,0.0,62.16,839.16,delivered,Lakshmi Sharma,133 Salt Lake,+91 8854630908,card,2026-06-07T08:46:25.912Z
SYN002722,34,2567.0,0.0,205.36,2772.36,delivered,Lakshmi Sharma,223 Gandhi Path,+91 9788564614,upi,2026-05-28T08:46:25.912Z
SYN002723,34,2766.0,0.0,221.28,2987.28,delivered,Lakshmi Sharma,75 Laxmi Nagar,+91 9979974913,cash,2026-05-14T08:46:25.912Z
SYN002724,34,1659.0,0.0,132.72,1791.72,delivered,Lakshmi Sharma,432 Brigade Road,+91 7967059434,upi,2026-04-10T08:46:25.912Z
SYN002725,34,1103.0,0.0,88.24,1191.24,delivered,Lakshmi Sharma,321 Gandhi Path,+91 9280564197,cash,2026-05-16T08:46:25.912Z
SYN002726,34,496.0,49.0,39.68,584.68,delivered,Lakshmi Sharma,327 Gandhi Path,+91 9487925202,upi,2026-03-20T08:46:25.912Z
SYN002727,34,3091.0,0.0,247.28,3338.28,delivered,Lakshmi Sharma,266 Salt Lake,+91 8465768540,cash,2026-01-08T08:46:25.912Z
SYN002728,34,852.0,0.0,68.16,920.16,delivered,Lakshmi Sharma,289 Laxmi Nagar,+91 7516779902,upi,2025-10-19T08:46:25.912Z
SYN002729,34,1328.0,0.0,106.24,1434.24,delivered,Lakshmi Sharma,461 Koramangala,+91 7536517878,cash,2026-01-08T08:46:25.912Z
SYN002730,34,635.0,0.0,50.8,685.8,delivered,Lakshmi Sharma,228 Banjara Hills,+91 9205596589,cash,2025-11-10T08:46:25.912Z
SYN002731,34,2287.0,0.0,182.96,2469.96,delivered,Lakshmi Sharma,321 Nehru Nagar,+91 7354942334,cash,2026-07-04T08:46:25.912Z
SYN002732,34,1926.0,0.0,154.08,2080.08,delivered,Lakshmi Sharma,7 MG Road,+91 9794430411,upi,2026-07-14T08:46:25.912Z
SYN002733,34,1622.0,0.0,129.76,1751.76,delivered,Lakshmi Sharma,461 Andheri West,+91 9414038879,cash,2025-11-17T08:46:25.912Z
SYN002734,34,703.0,0.0,56.24,759.24,delivered,Lakshmi Sharma,149 Salt Lake,+91 8374342887,card,2026-04-12T08:46:25.912Z
SYN002735,34,1918.0,0.0,153.44,2071.44,delivered,Lakshmi Sharma,313 Laxmi Nagar,+91 9041766291,cash,2026-02-03T08:46:25.912Z
SYN002736,34,2217.0,0.0,177.36,2394.36,delivered,Lakshmi Sharma,465 Laxmi Nagar,+91 7672923749,card,2026-06-25T08:46:25.912Z
SYN002737,34,1534.0,0.0,122.72,1656.72,delivered,Lakshmi Sharma,436 Brigade Road,+91 8471942362,card,2025-11-13T08:46:25.912Z
SYN002738,34,1642.0,0.0,131.36,1773.36,delivered,Lakshmi Sharma,421 Banjara Hills,+91 9744165344,cash,2025-10-12T08:46:25.912Z
SYN002739,34,921.0,0.0,73.68,994.68,delivered,Lakshmi Sharma,283 Koramangala,+91 7902523601,upi,2026-04-16T08:46:25.912Z
SYN002740,34,813.0,0.0,65.04,878.04,delivered,Lakshmi Sharma,346 Salt Lake,+91 7817030240,upi,2026-07-06T08:46:25.912Z
SYN002741,34,880.0,0.0,70.4,950.4,delivered,Lakshmi Sharma,461 Nehru Nagar,+91 9964892858,card,2025-09-02T08:46:25.912Z
SYN002742,34,1263.0,0.0,101.04,1364.04,delivered,Lakshmi Sharma,213 Nehru Nagar,+91 9242210175,upi,2026-07-19T08:46:25.912Z
SYN002743,34,2093.0,0.0,167.44,2260.44,delivered,Lakshmi Sharma,7 Brigade Road,+91 7964582814,upi,2025-10-05T08:46:25.912Z
SYN002744,34,774.0,0.0,61.92,835.92,delivered,Lakshmi Sharma,144 Laxmi Nagar,+91 8554245815,card,2026-04-04T08:46:25.912Z
SYN002745,34,853.0,0.0,68.24,921.24,delivered,Lakshmi Sharma,219 Gandhi Path,+91 7932693251,upi,2026-01-31T08:46:25.912Z
SYN002746,34,2218.0,0.0,177.44,2395.44,delivered,Lakshmi Sharma,271 Park Street,+91 8202392180,upi,2025-10-04T08:46:25.912Z
SYN002747,34,2720.0,0.0,217.6,2937.6,delivered,Lakshmi Sharma,83 Gandhi Path,+91 7164226105,card,2026-07-20T08:46:25.912Z
SYN002748,34,984.0,0.0,78.72,1062.72,delivered,Lakshmi Sharma,466 Banjara Hills,+91 7796819753,card,2026-06-24T08:46:25.912Z
SYN002749,34,1979.0,0.0,158.32,2137.32,delivered,Lakshmi Sharma,173 Laxmi Nagar,+91 8090283201,cash,2025-10-28T08:46:25.912Z
SYN002750,34,1382.0,0.0,110.56,1492.56,delivered,Lakshmi Sharma,277 Park Street,+91 8697489148,card,2026-06-29T08:46:25.912Z
SYN002751,34,1980.0,0.0,158.4,2138.4,delivered,Lakshmi Sharma,27 Salt Lake,+91 8363691129,card,2026-04-02T08:46:25.912Z
SYN002752,34,1894.0,0.0,151.52,2045.52,delivered,Lakshmi Sharma,211 Laxmi Nagar,+91 7320989834,upi,2026-04-12T08:46:25.912Z
SYN002753,34,2217.0,0.0,177.36,2394.36,delivered,Lakshmi Sharma,197 Brigade Road,+91 9095211140,cash,2025-11-10T08:46:25.912Z
SYN002754,34,2218.0,0.0,177.44,2395.44,delivered,Lakshmi Sharma,402 Park Street,+91 7023790516,upi,2025-09-09T08:46:25.912Z
SYN002755,34,630.0,0.0,50.4,680.4,delivered,Lakshmi Sharma,485 Banjara Hills,+91 8891881051,card,2025-12-20T08:46:25.912Z
SYN002756,34,1922.0,0.0,153.76,2075.76,delivered,Lakshmi Sharma,258 Salt Lake,+91 7065448342,cash,2026-06-27T08:46:25.912Z
SYN002757,34,1302.0,0.0,104.16,1406.16,delivered,Lakshmi Sharma,339 Salt Lake,+91 7834750263,upi,2026-03-30T08:46:25.912Z
SYN002758,34,1032.0,0.0,82.56,1114.56,delivered,Lakshmi Sharma,441 Gandhi Path,+91 8090638937,upi,2026-01-22T08:46:25.912Z
SYN002759,34,1860.0,0.0,148.8,2008.8,delivered,Lakshmi Sharma,132 Laxmi Nagar,+91 7409758672,card,2026-05-14T08:46:25.912Z
SYN002760,34,1789.0,0.0,143.12,1932.12,delivered,Lakshmi Sharma,124 Brigade Road,+91 9785646945,card,2026-08-13T08:46:25.912Z
SYN002761,34,2189.0,0.0,175.12,2364.12,delivered,Lakshmi Sharma,435 Nehru Nagar,+91 8154337713,cash,2026-07-29T08:46:25.912Z
SYN002762,34,824.0,0.0,65.92,889.92,delivered,Lakshmi Sharma,416 Brigade Road,+91 8696842803,upi,2026-03-20T08:46:25.912Z
SYN002763,34,1611.0,0.0,128.88,1739.88,delivered,Lakshmi Sharma,106 Gandhi Path,+91 7119176743,cash,2025-09-12T08:46:25.912Z
SYN002764,34,1240.0,0.0,99.2,1339.2,delivered,Lakshmi Sharma,410 Banjara Hills,+91 8460688758,upi,2026-07-30T08:46:25.912Z
SYN002765,34,754.0,0.0,60.32,814.32,delivered,Lakshmi Sharma,200 Koramangala,+91 7779674946,cash,2026-06-25T08:46:25.912Z
SYN002766,34,1538.0,0.0,123.04,1661.04,delivered,Lakshmi Sharma,214 Gandhi Path,+91 9998998642,card,2025-09-17T08:46:25.912Z
SYN002767,34,1085.0,0.0,86.8,1171.8,delivered,Lakshmi Sharma,384 Nehru Nagar,+91 8423685919,card,2026-03-16T08:46:25.912Z
SYN002768,34,1720.0,0.0,137.6,1857.6,delivered,Lakshmi Sharma,141 Andheri West,+91 8698438533,card,2026-06-30T08:46:25.912Z
SYN002769,34,1598.0,0.0,127.84,1725.84,delivered,Lakshmi Sharma,435 MG Road,+91 8967364723,card,2025-10-16T08:46:25.912Z
SYN002770,34,1552.0,0.0,124.16,1676.16,delivered,Lakshmi Sharma,58 Gandhi Path,+91 7656813694,upi,2026-03-10T08:46:25.912Z
SYN002771,34,2041.0,0.0,163.28,2204.28,delivered,Lakshmi Sharma,73 MG Road,+91 7648739419,upi,2025-10-06T08:46:25.912Z
SYN002772,34,533.0,0.0,42.64,575.64,delivered,Lakshmi Sharma,295 Gandhi Path,+91 9626141636,upi,2025-09-12T08:46:25.912Z
SYN002773,34,1641.0,0.0,131.28,1772.28,delivered,Lakshmi Sharma,200 Banjara Hills,+91 8550580743,cash,2025-11-15T08:46:25.912Z
SYN002774,34,955.0,0.0,76.4,1031.4,delivered,Lakshmi Sharma,100 Nehru Nagar,+91 7743276986,card,2026-04-14T08:46:25.912Z
SYN002775,34,1522.0,0.0,121.76,1643.76,delivered,Lakshmi Sharma,402 Brigade Road,+91 9716189488,upi,2026-01-05T08:46:25.912Z
SYN002776,34,2539.0,0.0,203.12,2742.12,delivered,Lakshmi Sharma,352 Gandhi Path,+91 7983440859,upi,2026-05-05T08:46:25.912Z
SYN002777,34,1691.0,0.0,135.28,1826.28,delivered,Lakshmi Sharma,100 Nehru Nagar,+91 8877012937,card,2025-11-25T08:46:25.912Z
SYN002778,34,745.0,0.0,59.6,804.6,delivered,Lakshmi Sharma,167 Laxmi Nagar,+91 7781079472,upi,2026-06-25T08:46:25.912Z
SYN002779,34,1301.0,0.0,104.08,1405.08,delivered,Lakshmi Sharma,326 Andheri West,+91 9746162924,card,2026-01-03T08:46:25.912Z
SYN002780,34,1172.0,0.0,93.76,1265.76,delivered,Lakshmi Sharma,91 Gandhi Path,+91 8970080003,upi,2026-06-27T08:46:25.912Z
SYN002781,34,1250.0,0.0,100.0,1350.0,delivered,Lakshmi Sharma,140 Andheri West,+91 8833872972,upi,2025-12-13T08:46:25.912Z
SYN002782,34,1741.0,0.0,139.28,1880.28,delivered,Lakshmi Sharma,175 MG Road,+91 8340043230,card,2025-09-18T08:46:25.912Z
SYN002783,34,1020.0,0.0,81.6,1101.6,delivered,Lakshmi Sharma,174 Gandhi Path,+91 9942055690,card,2026-02-21T08:46:25.912Z
SYN002784,34,1304.0,0.0,104.32,1408.32,delivered,Lakshmi Sharma,296 Salt Lake,+91 7489429963,cash,2025-12-22T08:46:25.912Z
SYN002785,34,1820.0,0.0,145.6,1965.6,delivered,Lakshmi Sharma,227 Salt Lake,+91 7013296188,cash,2026-04-24T08:46:25.912Z
SYN002786,34,3398.0,0.0,271.84,3669.84,delivered,Lakshmi Sharma,43 Nehru Nagar,+91 8054458355,cash,2026-06-12T08:46:25.912Z
SYN002787,34,2025.0,0.0,162.0,2187.0,delivered,Lakshmi Sharma,427 Gandhi Path,+91 7218946029,cash,2026-03-05T08:46:25.912Z
SYN002788,34,585.0,0.0,46.8,631.8,delivered,Lakshmi Sharma,181 Brigade Road,+91 7188133298,upi,2025-09-28T08:46:25.912Z
SYN002789,34,2679.0,0.0,214.32,2893.32,delivered,Lakshmi Sharma,167 Brigade Road,+91 9321020437,cash,2026-05-18T08:46:25.912Z
SYN002790,34,2129.0,0.0,170.32,2299.32,delivered,Lakshmi Sharma,423 Park Street,+91 7196529061,upi,2026-07-30T08:46:25.912Z
SYN002791,34,1642.0,0.0,131.36,1773.36,delivered,Lakshmi Sharma,263 Banjara Hills,+91 7647653776,cash,2026-03-27T08:46:25.912Z
SYN002792,34,1711.0,0.0,136.88,1847.88,delivered,Lakshmi Sharma,295 Park Street,+91 8477378866,card,2025-09-14T08:46:25.912Z
SYN002793,34,1780.0,0.0,142.4,1922.4,delivered,Lakshmi Sharma,494 Salt Lake,+91 8248010107,cash,2026-03-25T08:46:25.912Z
SYN002794,34,1290.0,0.0,103.2,1393.2,delivered,Lakshmi Sharma,196 Park Street,+91 8369924588,card,2026-04-06T08:46:25.912Z
SYN002795,34,1100.0,0.0,88.0,1188.0,delivered,Lakshmi Sharma,408 Banjara Hills,+91 9198111779,card,2025-12-30T08:46:25.912Z
SYN002796,34,1033.0,0.0,82.64,1115.64,delivered,Lakshmi Sharma,493 Banjara Hills,+91 7468670457,cash,2026-01-21T08:46:25.912Z
SYN002797,34,1063.0,0.0,85.04,1148.04,delivered,Lakshmi Sharma,286 MG Road,+91 7005960871,upi,2025-11-11T08:46:25.912Z
SYN002798,34,1119.0,0.0,89.52,1208.52,delivered,Lakshmi Sharma,417 MG Road,+91 8882794071,upi,2026-02-21T08:46:25.912Z
SYN002799,34,2191.0,0.0,175.28,2366.28,delivered,Lakshmi Sharma,214 Gandhi Path,+91 7567810543,card,2025-10-31T08:46:25.912Z
SYN002800,34,1429.0,0.0,114.32,1543.32,delivered,Lakshmi Sharma,75 Nehru Nagar,+91 7833998701,card,2026-04-07T08:46:25.912Z
SYN002801,34,1429.0,0.0,114.32,1543.32,delivered,Lakshmi Sharma,112 Koramangala,+91 8047354964,upi,2026-02-21T08:46:25.912Z
SYN002802,34,1880.0,0.0,150.4,2030.4,delivered,Lakshmi Sharma,437 Andheri West,+91 8268290764,cash,2026-04-20T08:46:25.912Z
SYN002803,34,686.0,0.0,54.88,740.88,delivered,Lakshmi Sharma,306 Koramangala,+91 7326694444,card,2025-09-01T08:46:25.912Z
SYN002804,34,2315.0,0.0,185.2,2500.2,delivered,Lakshmi Sharma,215 Laxmi Nagar,+91 9171019449,card,2025-09-19T08:46:25.912Z
SYN002805,34,2158.0,0.0,172.64,2330.64,delivered,Lakshmi Sharma,494 Park Street,+91 7840715244,cash,2025-08-30T08:46:25.912Z
SYN002806,34,1572.0,0.0,125.76,1697.76,delivered,Lakshmi Sharma,304 Nehru Nagar,+91 8697054778,cash,2026-05-09T08:46:25.912Z
SYN002807,34,2170.0,0.0,173.6,2343.6,delivered,Lakshmi Sharma,277 Park Street,+91 7839573216,cash,2025-12-08T08:46:25.912Z
SYN002808,34,1697.0,0.0,135.76,1832.76,delivered,Lakshmi Sharma,64 Park Street,+91 8505376835,cash,2026-03-27T08:46:25.912Z
SYN002809,34,3130.0,0.0,250.4,3380.4,delivered,Lakshmi Sharma,419 Andheri West,+91 7256549994,upi,2026-03-19T08:46:25.912Z
SYN002810,34,1102.0,0.0,88.16,1190.16,delivered,Lakshmi Sharma,206 Andheri West,+91 8422299388,upi,2025-12-03T08:46:25.912Z
SYN002811,34,2358.0,0.0,188.64,2546.64,delivered,Lakshmi Sharma,362 Koramangala,+91 8675927539,card,2026-03-29T08:46:25.912Z
SYN002812,34,1084.0,0.0,86.72,1170.72,delivered,Lakshmi Sharma,467 Nehru Nagar,+91 8127736735,card,2025-12-16T08:46:25.912Z
SYN002813,34,386.0,49.0,30.88,465.88,delivered,Lakshmi Sharma,358 Salt Lake,+91 7257511108,upi,2026-07-03T08:46:25.912Z
SYN002814,35,1879.0,0.0,150.32,2029.32,delivered,Rajesh Sharma,51 Laxmi Nagar,+91 8664896430,card,2026-04-10T08:46:25.912Z
SYN002815,35,2139.0,0.0,171.12,2310.12,delivered,Rajesh Sharma,336 Banjara Hills,+91 7900717421,upi,2025-09-13T08:46:25.912Z
SYN002816,35,3535.0,0.0,282.8,3817.8,delivered,Rajesh Sharma,333 Laxmi Nagar,+91 7111865166,upi,2026-07-15T08:46:25.912Z
SYN002817,35,1791.0,0.0,143.28,1934.28,delivered,Rajesh Sharma,129 Park Street,+91 9285619047,card,2026-01-25T08:46:25.912Z
SYN002818,35,3024.0,0.0,241.92,3265.92,delivered,Rajesh Sharma,419 Gandhi Path,+91 8634696381,cash,2026-03-06T08:46:25.912Z
SYN002819,35,4485.0,0.0,358.8,4843.8,delivered,Rajesh Sharma,209 Gandhi Path,+91 8545357739,cash,2025-10-16T08:46:25.912Z
SYN002820,35,2338.0,0.0,187.04,2525.04,delivered,Rajesh Sharma,5 Salt Lake,+91 7641892569,card,2025-12-10T08:46:25.912Z
SYN002821,35,4275.0,0.0,342.0,4617.0,delivered,Rajesh Sharma,420 Koramangala,+91 9063296274,card,2025-11-29T08:46:25.912Z
SYN002822,35,1641.0,0.0,131.28,1772.28,delivered,Rajesh Sharma,169 MG Road,+91 9175235814,upi,2025-09-17T08:46:25.912Z
SYN002823,35,5079.0,0.0,406.32,5485.32,delivered,Rajesh Sharma,59 Park Street,+91 7986931949,upi,2026-08-07T08:46:25.912Z
SYN002824,35,2320.0,0.0,185.6,2505.6,delivered,Rajesh Sharma,113 Brigade Road,+91 9783341222,card,2025-11-12T08:46:25.912Z
SYN002825,35,2141.0,0.0,171.28,2312.28,delivered,Rajesh Sharma,53 Laxmi Nagar,+91 9612955243,upi,2025-11-08T08:46:25.912Z
SYN002826,35,2738.0,0.0,219.04,2957.04,delivered,Rajesh Sharma,175 Gandhi Path,+91 8278913124,card,2025-11-13T08:46:25.912Z
SYN002827,35,2538.0,0.0,203.04,2741.04,delivered,Rajesh Sharma,57 Andheri West,+91 7334723711,card,2026-03-20T08:46:25.912Z
SYN002828,35,4437.0,0.0,354.96,4791.96,delivered,Rajesh Sharma,422 Park Street,+91 8525299409,card,2026-06-12T08:46:25.912Z
SYN002829,35,2707.0,0.0,216.56,2923.56,delivered,Rajesh Sharma,261 Koramangala,+91 8514388183,cash,2025-10-16T08:46:25.912Z
SYN002830,35,2726.0,0.0,218.08,2944.08,delivered,Rajesh Sharma,488 Banjara Hills,+91 7078180061,card,2025-09-04T08:46:25.912Z
SYN002831,35,1598.0,0.0,127.84,1725.84,delivered,Rajesh Sharma,151 Koramangala,+91 8989389033,cash,2025-09-08T08:46:25.912Z
SYN002832,35,2446.0,0.0,195.68,2641.68,delivered,Rajesh Sharma,21 Laxmi Nagar,+91 9374850135,cash,2026-03-06T08:46:25.912Z
SYN002833,35,3976.0,0.0,318.08,4294.08,delivered,Rajesh Sharma,18 Salt Lake,+91 8866435427,card,2025-11-08T08:46:25.912Z
SYN002834,35,2967.0,0.0,237.36,3204.36,delivered,Rajesh Sharma,473 Park Street,+91 9399023778,cash,2025-11-07T08:46:25.912Z
SYN002835,35,2795.0,0.0,223.6,3018.6,delivered,Rajesh Sharma,311 Brigade Road,+91 7894760112,cash,2025-10-29T08:46:25.912Z
SYN002836,35,3034.0,0.0,242.72,3276.72,delivered,Rajesh Sharma,245 Andheri West,+91 9759998656,cash,2026-03-11T08:46:25.912Z
SYN002837,35,3082.0,0.0,246.56,3328.56,delivered,Rajesh Sharma,307 Salt Lake,+91 7159995558,card,2026-06-27T08:46:25.912Z
SYN002838,35,1402.0,0.0,112.16,1514.16,delivered,Rajesh Sharma,414 Laxmi Nagar,+91 9535731356,cash,2026-07-10T08:46:25.912Z
SYN002839,35,2109.0,0.0,168.72,2277.72,delivered,Rajesh Sharma,455 Andheri West,+91 8755547527,upi,2026-04-29T08:46:25.912Z
SYN002840,35,3001.0,0.0,240.08,3241.08,delivered,Rajesh Sharma,429 MG Road,+91 9943155485,cash,2025-11-02T08:46:25.912Z
SYN002841,35,1642.0,0.0,131.36,1773.36,delivered,Rajesh Sharma,163 Park Street,+91 7545066913,cash,2026-05-06T08:46:25.912Z
SYN002842,35,3224.0,0.0,257.92,3481.92,delivered,Rajesh Sharma,116 Nehru Nagar,+91 7380882036,card,2026-04-12T08:46:25.912Z
SYN002843,35,2768.0,0.0,221.44,2989.44,delivered,Rajesh Sharma,237 Brigade Road,+91 7854634715,card,2025-09-07T08:46:25.912Z
SYN002844,35,2038.0,0.0,163.04,2201.04,delivered,Rajesh Sharma,238 Banjara Hills,+91 7467980897,upi,2026-07-16T08:46:25.912Z
SYN002845,35,3136.0,0.0,250.88,3386.88,delivered,Rajesh Sharma,400 Koramangala,+91 7063891698,upi,2025-11-14T08:46:25.912Z
SYN002846,35,2346.0,0.0,187.68,2533.68,delivered,Rajesh Sharma,47 Gandhi Path,+91 7645919319,cash,2025-11-09T08:46:25.912Z
SYN002847,35,2319.0,0.0,185.52,2504.52,delivered,Rajesh Sharma,440 Andheri West,+91 9122513622,card,2026-04-17T08:46:25.912Z
SYN002848,35,2390.0,0.0,191.2,2581.2,delivered,Rajesh Sharma,43 Gandhi Path,+91 8400836702,card,2026-05-04T08:46:25.912Z
SYN002849,35,3689.0,0.0,295.12,3984.12,delivered,Rajesh Sharma,319 Salt Lake,+91 9501071912,upi,2026-04-21T08:46:25.912Z
SYN002850,35,2139.0,0.0,171.12,2310.12,delivered,Rajesh Sharma,340 MG Road,+91 9396689657,upi,2025-12-28T08:46:25.912Z
SYN002851,35,3589.0,0.0,287.12,3876.12,delivered,Rajesh Sharma,398 Salt Lake,+91 9364371230,card,2025-10-02T08:46:25.912Z
SYN002852,35,4443.0,0.0,355.44,4798.44,delivered,Rajesh Sharma,333 Nehru Nagar,+91 7041840623,upi,2026-02-10T08:46:25.912Z
SYN002853,35,3560.0,0.0,284.8,3844.8,delivered,Rajesh Sharma,319 Park Street,+91 9871742707,upi,2026-05-10T08:46:25.912Z
SYN002854,35,2885.0,0.0,230.8,3115.8,delivered,Rajesh Sharma,431 Park Street,+91 7782052791,cash,2025-12-10T08:46:25.912Z
SYN002855,35,2528.0,0.0,202.24,2730.24,delivered,Rajesh Sharma,150 Park Street,+91 8284772514,cash,2026-01-26T08:46:25.912Z
SYN002856,35,2627.0,0.0,210.16,2837.16,delivered,Rajesh Sharma,303 Brigade Road,+91 8438388647,upi,2026-02-19T08:46:25.912Z
SYN002857,35,4530.0,0.0,362.4,4892.4,delivered,Rajesh Sharma,177 Andheri West,+91 9130590136,cash,2026-08-03T08:46:25.912Z
SYN002858,35,3694.0,0.0,295.52,3989.52,delivered,Rajesh Sharma,379 Salt Lake,+91 9348691903,upi,2025-12-20T08:46:25.912Z
SYN002859,35,2729.0,0.0,218.32,2947.32,delivered,Rajesh Sharma,424 Nehru Nagar,+91 8878478327,upi,2026-07-23T08:46:25.912Z
SYN002860,35,3039.0,0.0,243.12,3282.12,delivered,Rajesh Sharma,311 Laxmi Nagar,+91 8469015663,card,2026-05-24T08:46:25.912Z
SYN002861,35,4239.0,0.0,339.12,4578.12,delivered,Rajesh Sharma,363 Brigade Road,+91 9820288855,upi,2025-11-07T08:46:25.912Z
SYN002862,35,1380.0,0.0,110.4,1490.4,delivered,Rajesh Sharma,428 Brigade Road,+91 9401529366,card,2025-10-31T08:46:25.912Z
SYN002863,35,3425.0,0.0,274.0,3699.0,delivered,Rajesh Sharma,459 Banjara Hills,+91 9548428212,cash,2025-12-01T08:46:25.912Z
SYN002864,35,4303.0,0.0,344.24,4647.24,delivered,Rajesh Sharma,71 MG Road,+91 8316834653,upi,2026-03-15T08:46:25.912Z
SYN002865,35,4451.0,0.0,356.08,4807.08,delivered,Rajesh Sharma,262 Nehru Nagar,+91 9126425680,cash,2026-06-01T08:46:25.912Z
SYN002866,35,2858.0,0.0,228.64,3086.64,delivered,Rajesh Sharma,224 Brigade Road,+91 8320677035,card,2026-01-07T08:46:25.912Z
SYN002867,35,5017.0,0.0,401.36,5418.36,delivered,Rajesh Sharma,486 Banjara Hills,+91 8572739546,card,2026-06-27T08:46:25.912Z
SYN002868,35,1990.0,0.0,159.2,2149.2,delivered,Rajesh Sharma,20 Andheri West,+91 7653491171,card,2026-05-28T08:46:25.912Z
SYN002869,35,5180.0,0.0,414.4,5594.4,delivered,Rajesh Sharma,384 Nehru Nagar,+91 8013978680,card,2026-02-24T08:46:25.912Z
SYN002870,35,2909.0,0.0,232.72,3141.72,delivered,Rajesh Sharma,356 Park Street,+91 7528736393,upi,2026-07-19T08:46:25.912Z
SYN002871,35,4491.0,0.0,359.28,4850.28,delivered,Rajesh Sharma,404 MG Road,+91 7308295668,cash,2026-03-31T08:46:25.912Z
SYN002872,35,3782.0,0.0,302.56,4084.56,delivered,Rajesh Sharma,42 Nehru Nagar,+91 9895236061,upi,2026-01-28T08:46:25.912Z
SYN002873,35,3773.0,0.0,301.84,4074.84,delivered,Rajesh Sharma,323 Banjara Hills,+91 8930916467,upi,2026-08-21T08:46:25.912Z
SYN002874,35,3919.0,0.0,313.52,4232.52,delivered,Rajesh Sharma,125 Gandhi Path,+91 8064880912,card,2026-01-16T08:46:25.912Z
SYN002875,35,2387.0,0.0,190.96,2577.96,delivered,Rajesh Sharma,163 Brigade Road,+91 8223023345,cash,2026-07-01T08:46:25.912Z
SYN002876,35,1542.0,0.0,123.36,1665.36,delivered,Rajesh Sharma,338 Gandhi Path,+91 9883772434,card,2025-10-16T08:46:25.912Z
SYN002877,35,2393.0,0.0,191.44,2584.44,delivered,Rajesh Sharma,500 Laxmi Nagar,+91 8836189250,card,2025-10-28T08:46:25.912Z
SYN002878,35,4182.0,0.0,334.56,4516.56,delivered,Rajesh Sharma,132 Nehru Nagar,+91 9344452391,cash,2025-09-12T08:46:25.912Z
SYN002879,35,2052.0,0.0,164.16,2216.16,delivered,Rajesh Sharma,92 Banjara Hills,+91 8293776789,card,2026-04-26T08:46:25.912Z
SYN002880,35,2689.0,0.0,215.12,2904.12,delivered,Rajesh Sharma,462 Koramangala,+91 7630789535,upi,2026-08-15T08:46:25.912Z
SYN002881,35,5070.0,0.0,405.6,5475.6,delivered,Rajesh Sharma,50 Park Street,+91 7355227772,upi,2026-01-23T08:46:25.912Z
SYN002882,35,4530.0,0.0,362.4,4892.4,delivered,Rajesh Sharma,441 MG Road,+91 8244481864,cash,2026-01-03T08:46:25.912Z
SYN002883,35,5004.0,0.0,400.32,5404.32,delivered,Rajesh Sharma,39 Banjara Hills,+91 7861223553,cash,2026-08-20T08:46:25.912Z
SYN002884,35,2041.0,0.0,163.28,2204.28,delivered,Rajesh Sharma,102 Park Street,+91 7069144082,upi,2025-11-10T08:46:25.912Z
SYN002885,35,2986.0,0.0,238.88,3224.88,delivered,Rajesh Sharma,15 Park Street,+91 8938349984,upi,2025-12-27T08:46:25.912Z
SYN002886,35,2786.0,0.0,222.88,3008.88,delivered,Rajesh Sharma,434 Park Street,+91 8307965135,cash,2025-12-18T08:46:25.912Z
SYN002887,36,3765.0,0.0,301.2,4066.2,delivered,Divya Tiwari,244 Gandhi Path,+91 9360798442,cash,2026-04-06T08:46:25.912Z
SYN002888,36,4636.0,0.0,370.88,5006.88,delivered,Divya Tiwari,491 Banjara Hills,+91 8821523303,card,2026-01-04T08:46:25.912Z
SYN002889,36,5714.0,0.0,457.12,6171.12,delivered,Divya Tiwari,32 Gandhi Path,+91 8496727139,upi,2026-06-25T08:46:25.912Z
SYN002890,36,4767.0,0.0,381.36,5148.36,delivered,Divya Tiwari,286 Koramangala,+91 9536844638,card,2026-07-02T08:46:25.912Z
SYN002891,36,2855.0,0.0,228.4,3083.4,delivered,Divya Tiwari,487 Brigade Road,+91 8088751999,cash,2026-05-14T08:46:25.912Z
SYN002892,36,4425.0,0.0,354.0,4779.0,delivered,Divya Tiwari,265 Andheri West,+91 8521392363,upi,2025-09-24T08:46:25.912Z
SYN002893,36,6338.0,0.0,507.04,6845.04,delivered,Divya Tiwari,381 Park Street,+91 8685924003,cash,2026-06-19T08:46:25.912Z
SYN002894,36,4127.0,0.0,330.16,4457.16,delivered,Divya Tiwari,137 Banjara Hills,+91 7308093922,cash,2026-08-05T08:46:25.912Z
SYN002895,36,5913.0,0.0,473.04,6386.04,delivered,Divya Tiwari,197 Park Street,+91 8607475083,upi,2026-03-07T08:46:25.912Z
SYN002896,36,5722.0,0.0,457.76,6179.76,delivered,Divya Tiwari,176 Park Street,+91 9311163403,upi,2026-05-30T08:46:25.912Z
SYN002897,36,3205.0,0.0,256.4,3461.4,delivered,Divya Tiwari,38 Andheri West,+91 9087813428,cash,2025-11-29T08:46:25.912Z
SYN002898,36,6901.0,0.0,552.08,7453.08,delivered,Divya Tiwari,220 Salt Lake,+91 9688690250,cash,2026-01-30T08:46:25.912Z
SYN002899,36,3034.0,0.0,242.72,3276.72,delivered,Divya Tiwari,138 MG Road,+91 8978772210,card,2026-02-01T08:46:25.912Z
SYN002900,36,3810.0,0.0,304.8,4114.8,delivered,Divya Tiwari,397 Nehru Nagar,+91 9351595823,upi,2026-03-08T08:46:25.912Z
SYN002901,36,4959.0,0.0,396.72,5355.72,delivered,Divya Tiwari,387 Banjara Hills,+91 7362183660,upi,2026-01-04T08:46:25.912Z
SYN002902,36,4031.0,0.0,322.48,4353.48,delivered,Divya Tiwari,448 Salt Lake,+91 7379062763,card,2026-07-12T08:46:25.912Z
SYN002903,36,5297.0,0.0,423.76,5720.76,delivered,Divya Tiwari,207 Brigade Road,+91 9697121268,cash,2025-11-25T08:46:25.912Z
SYN002904,36,3883.0,0.0,310.64,4193.64,delivered,Divya Tiwari,130 Banjara Hills,+91 8588847610,card,2026-06-19T08:46:25.912Z
SYN002905,36,2912.0,0.0,232.96,3144.96,delivered,Divya Tiwari,205 Park Street,+91 7393793757,cash,2026-08-08T08:46:25.912Z
SYN002906,36,5307.0,0.0,424.56,5731.56,delivered,Divya Tiwari,124 Laxmi Nagar,+91 8736286514,card,2026-07-18T08:46:25.912Z
SYN002907,36,4908.0,0.0,392.64,5300.64,delivered,Divya Tiwari,398 Gandhi Path,+91 7775569891,card,2026-03-12T08:46:25.912Z
SYN002908,36,2455.0,0.0,196.4,2651.4,delivered,Divya Tiwari,271 Andheri West,+91 8474587347,cash,2026-01-03T08:46:25.912Z
SYN002909,36,2645.0,0.0,211.6,2856.6,delivered,Divya Tiwari,191 Laxmi Nagar,+91 9485672355,card,2026-05-08T08:46:25.912Z
SYN002910,36,5740.0,0.0,459.2,6199.2,delivered,Divya Tiwari,288 Laxmi Nagar,+91 9190517865,upi,2026-07-03T08:46:25.912Z
SYN002911,36,5774.0,0.0,461.92,6235.92,delivered,Divya Tiwari,465 Banjara Hills,+91 8585986668,card,2025-11-26T08:46:25.912Z
SYN002912,36,5619.0,0.0,449.52,6068.52,delivered,Divya Tiwari,138 Salt Lake,+91 7014852154,cash,2026-05-07T08:46:25.912Z
SYN002913,36,5344.0,0.0,427.52,5771.52,delivered,Divya Tiwari,419 Andheri West,+91 7190631426,card,2025-10-10T08:46:25.912Z
SYN002914,36,3753.0,0.0,300.24,4053.24,delivered,Divya Tiwari,243 Laxmi Nagar,+91 7454793431,card,2026-02-02T08:46:25.912Z
SYN002915,36,3778.0,0.0,302.24,4080.24,delivered,Divya Tiwari,115 Laxmi Nagar,+91 8162095442,upi,2025-08-27T08:46:25.912Z
SYN002916,36,3905.0,0.0,312.4,4217.4,delivered,Divya Tiwari,248 Andheri West,+91 9635531719,cash,2025-10-04T08:46:25.912Z
SYN002917,36,3767.0,0.0,301.36,4068.36,delivered,Divya Tiwari,303 Brigade Road,+91 9230073385,upi,2026-06-01T08:46:25.912Z
SYN002918,36,4803.0,0.0,384.24,5187.24,delivered,Divya Tiwari,133 Koramangala,+91 9340159739,card,2025-12-18T08:46:25.912Z
SYN002919,36,7119.0,0.0,569.52,7688.52,delivered,Divya Tiwari,123 Laxmi Nagar,+91 9258654480,card,2026-02-14T08:46:25.912Z
SYN002920,36,4778.0,0.0,382.24,5160.24,delivered,Divya Tiwari,341 Laxmi Nagar,+91 8899737781,cash,2026-08-04T08:46:25.912Z
SYN002921,36,4138.0,0.0,331.04,4469.04,delivered,Divya Tiwari,464 Banjara Hills,+91 7933025640,upi,2026-02-18T08:46:25.912Z
SYN002922,37,577.0,0.0,46.16,623.16,delivered,Nikhil Agarwal,128 Andheri West,+91 7340725544,upi,2025-09-13T08:46:25.912Z
SYN002923,37,873.0,0.0,69.84,942.84,delivered,Nikhil Agarwal,254 Koramangala,+91 7160630315,upi,2026-06-21T08:46:25.912Z
SYN002924,37,298.0,49.0,23.84,370.84,delivered,Nikhil Agarwal,218 Brigade Road,+91 8950357859,card,2025-09-05T08:46:25.912Z
SYN002925,37,1351.0,0.0,108.08,1459.08,delivered,Nikhil Agarwal,343 MG Road,+91 9419730006,cash,2025-09-30T08:46:25.912Z
SYN002926,37,1542.0,0.0,123.36,1665.36,delivered,Nikhil Agarwal,292 Park Street,+91 8299212013,cash,2026-03-07T08:46:25.912Z
SYN002927,37,1893.0,0.0,151.44,2044.44,delivered,Nikhil Agarwal,325 Salt Lake,+91 8450341704,card,2026-02-21T08:46:25.912Z
SYN002928,37,1044.0,0.0,83.52,1127.52,delivered,Nikhil Agarwal,273 Nehru Nagar,+91 7386822972,card,2026-08-21T08:46:25.912Z
SYN002929,37,1193.0,0.0,95.44,1288.44,delivered,Nikhil Agarwal,63 Gandhi Path,+91 9596491622,card,2026-04-26T08:46:25.912Z
SYN002930,37,674.0,0.0,53.92,727.92,delivered,Nikhil Agarwal,426 Andheri West,+91 9663178438,card,2026-08-13T08:46:25.912Z
SYN002931,37,595.0,0.0,47.6,642.6,delivered,Nikhil Agarwal,278 Nehru Nagar,+91 8281578467,upi,2026-01-29T08:46:25.912Z
SYN002932,37,2291.0,0.0,183.28,2474.28,delivered,Nikhil Agarwal,359 MG Road,+91 8199199851,cash,2026-04-14T08:46:25.912Z
SYN002933,37,795.0,0.0,63.6,858.6,delivered,Nikhil Agarwal,70 Koramangala,+91 8360461238,card,2025-10-14T08:46:25.912Z
SYN002934,37,348.0,49.0,27.84,424.84,delivered,Nikhil Agarwal,174 MG Road,+91 7831360342,cash,2025-12-02T08:46:25.912Z
SYN002935,37,2443.0,0.0,195.44,2638.44,delivered,Nikhil Agarwal,204 Koramangala,+91 7675494211,upi,2026-07-31T08:46:25.912Z
SYN002936,37,823.0,0.0,65.84,888.84,delivered,Nikhil Agarwal,161 MG Road,+91 7627347741,cash,2025-11-29T08:46:25.912Z
SYN002937,37,1304.0,0.0,104.32,1408.32,delivered,Nikhil Agarwal,349 Brigade Road,+91 8046533948,cash,2026-05-21T08:46:25.912Z
SYN002938,37,1743.0,0.0,139.44,1882.44,delivered,Nikhil Agarwal,140 Brigade Road,+91 9429046513,upi,2026-02-18T08:46:25.912Z
SYN002939,37,1395.0,0.0,111.6,1506.6,delivered,Nikhil Agarwal,240 Salt Lake,+91 9859716693,upi,2026-02-25T08:46:25.912Z
SYN002940,37,1096.0,0.0,87.68,1183.68,delivered,Nikhil Agarwal,301 Koramangala,+91 8823543843,cash,2026-04-07T08:46:25.912Z
SYN002941,37,2251.0,0.0,180.08,2431.08,delivered,Nikhil Agarwal,121 Nehru Nagar,+91 7622156406,cash,2025-12-23T08:46:25.912Z
SYN002942,37,347.0,49.0,27.76,423.76,delivered,Nikhil Agarwal,312 Koramangala,+91 9668859218,cash,2026-07-06T08:46:25.912Z
SYN002943,37,1531.0,0.0,122.48,1653.48,delivered,Nikhil Agarwal,116 Salt Lake,+91 8445682285,cash,2025-10-28T08:46:25.912Z
SYN002944,37,597.0,0.0,47.76,644.76,delivered,Nikhil Agarwal,458 Andheri West,+91 9783199244,upi,2025-11-12T08:46:25.912Z
SYN002945,37,885.0,0.0,70.8,955.8,delivered,Nikhil Agarwal,57 MG Road,+91 7629872300,cash,2026-07-13T08:46:25.912Z
SYN002946,38,1949.0,0.0,155.92,2104.92,delivered,Kavya Malhotra,121 Gandhi Path,+91 8258785857,upi,2025-12-28T08:46:25.912Z
SYN002947,38,3404.0,0.0,272.32,3676.32,delivered,Kavya Malhotra,83 Park Street,+91 8847346235,upi,2025-10-31T08:46:25.912Z
SYN002948,38,2943.0,0.0,235.44,3178.44,delivered,Kavya Malhotra,104 Banjara Hills,+91 9432570858,cash,2026-01-14T08:46:25.912Z
SYN002949,38,2807.0,0.0,224.56,3031.56,delivered,Kavya Malhotra,205 Gandhi Path,+91 8350280758,upi,2025-09-08T08:46:25.912Z
SYN002950,38,3833.0,0.0,306.64,4139.64,delivered,Kavya Malhotra,381 Gandhi Path,+91 7415167718,card,2026-01-14T08:46:25.912Z
SYN002951,38,2306.0,0.0,184.48,2490.48,delivered,Kavya Malhotra,121 Salt Lake,+91 8060498004,card,2026-08-03T08:46:25.912Z
SYN002952,38,3540.0,0.0,283.2,3823.2,delivered,Kavya Malhotra,101 Koramangala,+91 7076581108,cash,2025-12-23T08:46:25.912Z
SYN002953,38,2634.0,0.0,210.72,2844.72,delivered,Kavya Malhotra,227 Brigade Road,+91 7306543031,card,2026-03-27T08:46:25.912Z
SYN002954,38,4382.0,0.0,350.56,4732.56,delivered,Kavya Malhotra,370 Koramangala,+91 9432382204,upi,2025-11-07T08:46:25.912Z
SYN002955,38,3420.0,0.0,273.6,3693.6,delivered,Kavya Malhotra,490 Brigade Road,+91 9575481003,card,2026-02-08T08:46:25.912Z
SYN002956,38,3599.0,0.0,287.92,3886.92,delivered,Kavya Malhotra,91 Brigade Road,+91 9753474891,cash,2026-06-02T08:46:25.912Z
SYN002957,38,2375.0,0.0,190.0,2565.0,delivered,Kavya Malhotra,171 Banjara Hills,+91 7723484372,card,2026-02-26T08:46:25.912Z
SYN002958,38,2535.0,0.0,202.8,2737.8,delivered,Kavya Malhotra,92 MG Road,+91 8090645566,upi,2026-04-11T08:46:25.912Z
SYN002959,38,2076.0,0.0,166.08,2242.08,delivered,Kavya Malhotra,408 Park Street,+91 7754460142,upi,2026-08-10T08:46:25.912Z
SYN002960,38,4522.0,0.0,361.76,4883.76,delivered,Kavya Malhotra,51 Salt Lake,+91 7777377806,card,2025-11-04T08:46:25.912Z
SYN002961,38,4225.0,0.0,338.0,4563.0,delivered,Kavya Malhotra,494 Laxmi Nagar,+91 9171362127,card,2025-12-05T08:46:25.912Z
SYN002962,38,3648.0,0.0,291.84,3939.84,delivered,Kavya Malhotra,205 Gandhi Path,+91 9851954405,card,2026-07-26T08:46:25.912Z
SYN002963,38,1887.0,0.0,150.96,2037.96,delivered,Kavya Malhotra,8 Brigade Road,+91 7013677346,card,2026-05-22T08:46:25.912Z
SYN002964,38,2919.0,0.0,233.52,3152.52,delivered,Kavya Malhotra,363 Laxmi Nagar,+91 7758379380,card,2026-01-06T08:46:25.912Z
SYN002965,38,2695.0,0.0,215.6,2910.6,delivered,Kavya Malhotra,345 Laxmi Nagar,+91 9993247148,cash,2026-05-20T08:46:25.912Z
SYN002966,38,1936.0,0.0,154.88,2090.88,delivered,Kavya Malhotra,481 Andheri West,+91 7227098860,cash,2025-10-01T08:46:25.912Z
SYN002967,38,4952.0,0.0,396.16,5348.16,delivered,Kavya Malhotra,138 Salt Lake,+91 8503084367,upi,2026-02-14T08:46:25.912Z
SYN002968,38,4607.0,0.0,368.56,4975.56,delivered,Kavya Malhotra,96 Andheri West,+91 7113197146,cash,2025-10-02T08:46:25.912Z
SYN002969,38,4302.0,0.0,344.16,4646.16,delivered,Kavya Malhotra,410 MG Road,+91 8887296606,cash,2025-11-08T08:46:25.912Z
SYN002970,38,3927.0,0.0,314.16,4241.16,delivered,Kavya Malhotra,420 Park Street,+91 8727887599,cash,2026-05-29T08:46:25.912Z
SYN002971,38,3879.0,0.0,310.32,4189.32,delivered,Kavya Malhotra,321 Laxmi Nagar,+91 7604595729,card,2025-09-04T08:46:25.912Z
SYN002972,38,4504.0,0.0,360.32,4864.32,delivered,Kavya Malhotra,391 Gandhi Path,+91 9597115301,upi,2025-11-12T08:46:25.912Z
SYN002973,38,4046.0,0.0,323.68,4369.68,delivered,Kavya Malhotra,165 Brigade Road,+91 7130343432,cash,2025-12-07T08:46:25.912Z
SYN002974,38,2693.0,0.0,215.44,2908.44,delivered,Kavya Malhotra,166 Salt Lake,+91 8478454659,upi,2025-09-17T08:46:25.912Z
SYN002975,38,3743.0,0.0,299.44,4042.44,delivered,Kavya Malhotra,415 Banjara Hills,+91 7732182191,cash,2026-08-09T08:46:25.912Z
SYN002976,38,2035.0,0.0,162.8,2197.8,delivered,Kavya Malhotra,453 Banjara Hills,+91 8236265304,upi,2026-08-06T08:46:25.912Z
SYN002977,38,3701.0,0.0,296.08,3997.08,delivered,Kavya Malhotra,142 Salt Lake,+91 7468586578,upi,2026-01-27T08:46:25.912Z
SYN002978,38,1190.0,0.0,95.2,1285.2,delivered,Kavya Malhotra,134 Koramangala,+91 9821687885,card,2026-04-12T08:46:25.912Z
SYN002979,38,4984.0,0.0,398.72,5382.72,delivered,Kavya Malhotra,11 Park Street,+91 9522267916,card,2025-11-16T08:46:25.912Z
SYN002980,38,4039.0,0.0,323.12,4362.12,delivered,Kavya Malhotra,214 Park Street,+91 8475340504,card,2026-01-30T08:46:25.912Z
SYN002981,38,4410.0,0.0,352.8,4762.8,delivered,Kavya Malhotra,465 Banjara Hills,+91 7366966655,cash,2025-10-29T08:46:25.912Z
SYN002982,38,4108.0,0.0,328.64,4436.64,delivered,Kavya Malhotra,292 Gandhi Path,+91 7636111993,cash,2025-09-11T08:46:25.912Z
SYN002983,38,1856.0,0.0,148.48,2004.48,delivered,Kavya Malhotra,454 Gandhi Path,+91 7435930512,card,2026-02-16T08:46:25.912Z
SYN002984,38,4709.0,0.0,376.72,5085.72,delivered,Kavya Malhotra,463 Park Street,+91 7707419721,card,2025-11-20T08:46:25.912Z
SYN002985,38,1791.0,0.0,143.28,1934.28,delivered,Kavya Malhotra,414 Park Street,+91 8711436095,cash,2026-03-07T08:46:25.912Z
SYN002986,38,2982.0,0.0,238.56,3220.56,delivered,Kavya Malhotra,346 Salt Lake,+91 7887542437,card,2025-11-17T08:46:25.912Z
SYN002987,38,5225.0,0.0,418.0,5643.0,delivered,Kavya Malhotra,315 Banjara Hills,+91 9953574346,card,2025-12-30T08:46:25.912Z
SYN002988,38,4339.0,0.0,347.12,4686.12,delivered,Kavya Malhotra,299 Banjara Hills,+91 9956989240,upi,2026-05-01T08:46:25.912Z
SYN002989,38,3411.0,0.0,272.88,3683.88,delivered,Kavya Malhotra,499 Brigade Road,+91 8920417908,upi,2026-07-27T08:46:25.912Z
SYN002990,38,4716.0,0.0,377.28,5093.28,delivered,Kavya Malhotra,375 Nehru Nagar,+91 8487139754,card,2026-03-15T08:46:25.912Z
SYN002991,38,4327.0,0.0,346.16,4673.16,delivered,Kavya Malhotra,36 Park Street,+91 9592397048,upi,2025-12-13T08:46:25.912Z
SYN002992,38,3530.0,0.0,282.4,3812.4,delivered,Kavya Malhotra,298 Banjara Hills,+91 7890313681,card,2026-07-05T08:46:25.912Z
SYN002993,38,2437.0,0.0,194.96,2631.96,delivered,Kavya Malhotra,43 Banjara Hills,+91 9660195020,cash,2025-12-22T08:46:25.912Z
SYN002994,38,4943.0,0.0,395.44,5338.44,delivered,Kavya Malhotra,39 Banjara Hills,+91 9773940313,upi,2026-03-09T08:46:25.912Z
SYN002995,38,3806.0,0.0,304.48,4110.48,delivered,Kavya Malhotra,219 Salt Lake,+91 9984687090,cash,2025-12-15T08:46:25.912Z
SYN002996,38,3413.0,0.0,273.04,3686.04,delivered,Kavya Malhotra,161 Laxmi Nagar,+91 8056389474,card,2026-05-31T08:46:25.912Z
SYN002997,38,3788.0,0.0,303.04,4091.04,delivered,Kavya Malhotra,198 Laxmi Nagar,+91 7825681954,cash,2026-06-06T08:46:25.912Z
SYN002998,38,3902.0,0.0,312.16,4214.16,delivered,Kavya Malhotra,249 Banjara Hills,+91 8810251662,cash,2026-07-24T08:46:25.912Z
SYN002999,38,1759.0,0.0,140.72,1899.72,delivered,Kavya Malhotra,271 Laxmi Nagar,+91 7502780235,cash,2025-12-25T08:46:25.912Z
SYN003000,38,4138.0,0.0,331.04,4469.04,delivered,Kavya Malhotra,26 Brigade Road,+91 8279824918,upi,2026-03-25T08:46:25.912Z
SYN003001,38,5911.0,0.0,472.88,6383.88,delivered,Kavya Malhotra,448 Banjara Hills,+91 9027956787,card,2025-10-24T08:46:25.912Z
SYN003002,38,3649.0,0.0,291.92,3940.92,delivered,Kavya Malhotra,485 Salt Lake,+91 8720918270,card,2025-10-08T08:46:25.912Z
SYN003003,38,4350.0,0.0,348.0,4698.0,delivered,Kavya Malhotra,138 Laxmi Nagar,+91 7072082785,cash,2025-11-08T08:46:25.912Z
SYN003004,38,6055.0,0.0,484.4,6539.4,delivered,Kavya Malhotra,139 Nehru Nagar,+91 8375473626,upi,2026-02-18T08:46:25.912Z
SYN003005,38,4267.0,0.0,341.36,4608.36,delivered,Kavya Malhotra,212 Banjara Hills,+91 9019239352,card,2025-12-20T08:46:25.912Z
SYN003006,38,2278.0,0.0,182.24,2460.24,delivered,Kavya Malhotra,16 Banjara Hills,+91 9106123800,cash,2026-04-16T08:46:25.912Z
SYN003007,38,6494.0,0.0,519.52,7013.52,delivered,Kavya Malhotra,367 Laxmi Nagar,+91 9584324359,card,2026-02-23T08:46:25.912Z
SYN003008,38,3304.0,0.0,264.32,3568.32,delivered,Kavya Malhotra,406 Laxmi Nagar,+91 9059765995,upi,2025-12-13T08:46:25.912Z
SYN003009,38,2283.0,0.0,182.64,2465.64,delivered,Kavya Malhotra,218 Koramangala,+91 8528820947,cash,2026-02-25T08:46:25.912Z
SYN003010,38,3924.0,0.0,313.92,4237.92,delivered,Kavya Malhotra,420 Nehru Nagar,+91 9659631066,cash,2025-10-11T08:46:25.912Z
SYN003011,38,3035.0,0.0,242.8,3277.8,delivered,Kavya Malhotra,240 MG Road,+91 8816634232,cash,2026-01-17T08:46:25.912Z
SYN003012,38,4304.0,0.0,344.32,4648.32,delivered,Kavya Malhotra,403 Brigade Road,+91 9094548410,upi,2026-02-20T08:46:25.912Z
SYN003013,38,4246.0,0.0,339.68,4585.68,delivered,Kavya Malhotra,104 Salt Lake,+91 8908398602,cash,2025-09-10T08:46:25.912Z
SYN003014,38,6361.0,0.0,508.88,6869.88,delivered,Kavya Malhotra,30 MG Road,+91 8724613600,card,2025-10-10T08:46:25.912Z
SYN003015,38,3787.0,0.0,302.96,4089.96,delivered,Kavya Malhotra,293 Banjara Hills,+91 7386638993,cash,2026-02-10T08:46:25.912Z
SYN003016,38,3938.0,0.0,315.04,4253.04,delivered,Kavya Malhotra,239 Park Street,+91 9544415403,cash,2025-10-17T08:46:25.912Z
SYN003017,38,5576.0,0.0,446.08,6022.08,delivered,Kavya Malhotra,259 Banjara Hills,+91 9992246584,upi,2026-03-31T08:46:25.912Z
SYN003018,38,1731.0,0.0,138.48,1869.48,delivered,Kavya Malhotra,472 Andheri West,+91 9584411467,cash,2025-09-28T08:46:25.912Z
SYN003019,38,1509.0,0.0,120.72,1629.72,delivered,Kavya Malhotra,498 Laxmi Nagar,+91 8039582288,card,2026-01-29T08:46:25.912Z
SYN003020,38,4538.0,0.0,363.04,4901.04,delivered,Kavya Malhotra,273 MG Road,+91 9948144195,upi,2026-05-03T08:46:25.912Z
SYN003021,38,2185.0,0.0,174.8,2359.8,delivered,Kavya Malhotra,90 Nehru Nagar,+91 8256979878,card,2026-07-23T08:46:25.912Z
SYN003022,38,2576.0,0.0,206.08,2782.08,delivered,Kavya Malhotra,98 Banjara Hills,+91 8783667489,upi,2026-07-03T08:46:25.912Z
SYN003023,38,3859.0,0.0,308.72,4167.72,delivered,Kavya Malhotra,451 Gandhi Path,+91 9756036991,card,2026-01-16T08:46:25.912Z
SYN003024,38,1944.0,0.0,155.52,2099.52,delivered,Kavya Malhotra,7 Andheri West,+91 9022023698,cash,2026-02-12T08:46:25.912Z
SYN003025,38,5378.0,0.0,430.24,5808.24,delivered,Kavya Malhotra,125 Brigade Road,+91 7377462243,cash,2026-01-05T08:46:25.912Z
SYN003026,38,3392.0,0.0,271.36,3663.36,delivered,Kavya Malhotra,323 Koramangala,+91 8403030804,cash,2025-09-05T08:46:25.912Z
SYN003027,38,2068.0,0.0,165.44,2233.44,delivered,Kavya Malhotra,364 Koramangala,+91 8596340596,upi,2025-12-22T08:46:25.912Z
SYN003028,38,3093.0,0.0,247.44,3340.44,delivered,Kavya Malhotra,285 Salt Lake,+91 9343314733,upi,2026-08-09T08:46:25.912Z
SYN003029,38,2455.0,0.0,196.4,2651.4,delivered,Kavya Malhotra,473 MG Road,+91 8415738795,card,2025-10-04T08:46:25.912Z
SYN003030,38,1610.0,0.0,128.8,1738.8,delivered,Kavya Malhotra,170 Brigade Road,+91 9399943374,card,2026-03-29T08:46:25.912Z
SYN003031,38,3130.0,0.0,250.4,3380.4,delivered,Kavya Malhotra,354 MG Road,+91 7068592711,cash,2026-05-01T08:46:25.912Z
SYN003032,38,3213.0,0.0,257.04,3470.04,delivered,Kavya Malhotra,395 Brigade Road,+91 7574635424,upi,2026-08-01T08:46:25.912Z
SYN003033,38,3560.0,0.0,284.8,3844.8,delivered,Kavya Malhotra,320 Brigade Road,+91 7905255082,upi,2026-04-17T08:46:25.912Z
SYN003034,38,3444.0,0.0,275.52,3719.52,delivered,Kavya Malhotra,35 Laxmi Nagar,+91 8246344709,upi,2026-08-05T08:46:25.912Z
SYN003035,38,3592.0,0.0,287.36,3879.36,delivered,Kavya Malhotra,226 Park Street,+91 7583125808,cash,2026-01-03T08:46:25.912Z
SYN003036,38,2136.0,0.0,170.88,2306.88,delivered,Kavya Malhotra,18 Andheri West,+91 7624845398,card,2025-12-29T08:46:25.912Z
SYN003037,38,2500.0,0.0,200.0,2700.0,delivered,Kavya Malhotra,142 Park Street,+91 7997424227,upi,2026-03-22T08:46:25.912Z
SYN003038,38,1746.0,0.0,139.68,1885.68,delivered,Kavya Malhotra,64 Laxmi Nagar,+91 9492522117,upi,2025-09-07T08:46:25.912Z
SYN003039,38,4332.0,0.0,346.56,4678.56,delivered,Kavya Malhotra,401 Brigade Road,+91 7770188119,card,2026-08-12T08:46:25.912Z
SYN003040,38,2139.0,0.0,171.12,2310.12,delivered,Kavya Malhotra,251 Banjara Hills,+91 8999668860,upi,2026-03-28T08:46:25.912Z
SYN003041,38,4099.0,0.0,327.92,4426.92,delivered,Kavya Malhotra,427 Andheri West,+91 8984687015,cash,2026-04-20T08:46:25.912Z
SYN003042,38,3653.0,0.0,292.24,3945.24,delivered,Kavya Malhotra,93 Gandhi Path,+91 9246398800,upi,2025-09-13T08:46:25.912Z
SYN003043,38,2881.0,0.0,230.48,3111.48,delivered,Kavya Malhotra,265 Salt Lake,+91 7305594144,card,2026-05-18T08:46:25.912Z
SYN003044,38,2330.0,0.0,186.4,2516.4,delivered,Kavya Malhotra,62 MG Road,+91 8318198804,upi,2026-02-06T08:46:25.912Z
SYN003045,38,2290.0,0.0,183.2,2473.2,delivered,Kavya Malhotra,401 Brigade Road,+91 8794785385,upi,2026-06-09T08:46:25.912Z
SYN003046,38,2249.0,0.0,179.92,2428.92,delivered,Kavya Malhotra,140 Laxmi Nagar,+91 9307995707,card,2026-08-12T08:46:25.912Z
SYN003047,38,4350.0,0.0,348.0,4698.0,delivered,Kavya Malhotra,380 Laxmi Nagar,+91 7918856252,card,2025-11-13T08:46:25.912Z
SYN003048,38,2570.0,0.0,205.6,2775.6,delivered,Kavya Malhotra,499 Gandhi Path,+91 7951395760,card,2025-11-05T08:46:25.912Z
SYN003049,38,3720.0,0.0,297.6,4017.6,delivered,Kavya Malhotra,329 Laxmi Nagar,+91 7164847055,upi,2026-01-04T08:46:25.912Z
SYN003050,38,3055.0,0.0,244.4,3299.4,delivered,Kavya Malhotra,200 Salt Lake,+91 9915596675,cash,2025-11-19T08:46:25.912Z
SYN003051,38,3561.0,0.0,284.88,3845.88,delivered,Kavya Malhotra,366 Brigade Road,+91 9604222366,cash,2026-01-29T08:46:25.912Z
SYN003052,38,4661.0,0.0,372.88,5033.88,delivered,Kavya Malhotra,455 Laxmi Nagar,+91 9521276968,upi,2026-07-24T08:46:25.912Z
SYN003053,38,2517.0,0.0,201.36,2718.36,delivered,Kavya Malhotra,434 Gandhi Path,+91 8217383294,card,2026-04-21T08:46:25.912Z
SYN003054,38,2983.0,0.0,238.64,3221.64,delivered,Kavya Malhotra,203 Koramangala,+91 8044648592,upi,2026-05-23T08:46:25.912Z
SYN003055,38,4986.0,0.0,398.88,5384.88,delivered,Kavya Malhotra,15 Nehru Nagar,+91 7079295992,upi,2026-02-26T08:46:25.912Z
SYN003056,38,1897.0,0.0,151.76,2048.76,delivered,Kavya Malhotra,7 Salt Lake,+91 7240278516,cash,2025-11-22T08:46:25.912Z
SYN003057,38,3210.0,0.0,256.8,3466.8,delivered,Kavya Malhotra,80 Laxmi Nagar,+91 9779091718,card,2026-06-29T08:46:25.912Z
SYN003058,39,2064.0,0.0,165.12,2229.12,delivered,Sanjay Rao,460 Koramangala,+91 7717318431,card,2025-09-18T08:46:25.912Z
SYN003059,39,1664.0,0.0,133.12,1797.12,delivered,Sanjay Rao,413 Koramangala,+91 7026510469,upi,2026-06-10T08:46:25.912Z
SYN003060,39,1340.0,0.0,107.2,1447.2,delivered,Sanjay Rao,410 Park Street,+91 9871818332,upi,2025-11-26T08:46:25.912Z
SYN003061,39,1766.0,0.0,141.28,1907.28,delivered,Sanjay Rao,140 Gandhi Path,+91 7406496685,cash,2026-06-16T08:46:25.912Z
SYN003062,39,2255.0,0.0,180.4,2435.4,delivered,Sanjay Rao,402 Andheri West,+91 9796929858,card,2026-05-08T08:46:25.912Z
SYN003063,39,1473.0,0.0,117.84,1590.84,delivered,Sanjay Rao,99 Brigade Road,+91 8566553939,card,2026-02-03T08:46:25.912Z
SYN003064,39,2962.0,0.0,236.96,3198.96,delivered,Sanjay Rao,11 Andheri West,+91 9633380942,cash,2026-06-16T08:46:25.912Z
SYN003065,39,1230.0,0.0,98.4,1328.4,delivered,Sanjay Rao,170 Andheri West,+91 9326043390,card,2025-12-10T08:46:25.912Z
SYN003066,39,2035.0,0.0,162.8,2197.8,delivered,Sanjay Rao,141 Gandhi Path,+91 7141256928,card,2025-10-22T08:46:25.912Z
SYN003067,39,2018.0,0.0,161.44,2179.44,delivered,Sanjay Rao,286 Banjara Hills,+91 7498195085,cash,2026-07-03T08:46:25.912Z
SYN003068,39,1530.0,0.0,122.4,1652.4,delivered,Sanjay Rao,165 Nehru Nagar,+91 8553066704,cash,2026-07-04T08:46:25.912Z
SYN003069,39,1041.0,0.0,83.28,1124.28,delivered,Sanjay Rao,452 Salt Lake,+91 8991813983,upi,2026-04-26T08:46:25.912Z
SYN003070,39,1270.0,0.0,101.6,1371.6,delivered,Sanjay Rao,123 Gandhi Path,+91 7218627841,upi,2026-07-08T08:46:25.912Z
SYN003071,39,1939.0,0.0,155.12,2094.12,delivered,Sanjay Rao,401 Park Street,+91 9357631708,upi,2026-03-07T08:46:25.912Z
SYN003072,39,2484.0,0.0,198.72,2682.72,delivered,Sanjay Rao,448 Nehru Nagar,+91 8804434627,upi,2026-02-19T08:46:25.912Z
SYN003073,39,1888.0,0.0,151.04,2039.04,delivered,Sanjay Rao,29 Nehru Nagar,+91 7592554431,cash,2026-07-05T08:46:25.912Z
SYN003074,39,2425.0,0.0,194.0,2619.0,delivered,Sanjay Rao,289 Park Street,+91 8063188483,card,2026-04-23T08:46:25.912Z
SYN003075,39,2168.0,0.0,173.44,2341.44,delivered,Sanjay Rao,382 Laxmi Nagar,+91 9999780138,cash,2026-08-05T08:46:25.912Z
SYN003076,39,2037.0,0.0,162.96,2199.96,delivered,Sanjay Rao,460 Brigade Road,+91 7778362228,cash,2026-05-28T08:46:25.912Z
SYN003077,39,2659.0,0.0,212.72,2871.72,delivered,Sanjay Rao,105 Nehru Nagar,+91 9143241425,card,2026-05-20T08:46:25.912Z
SYN003078,39,1023.0,0.0,81.84,1104.84,delivered,Sanjay Rao,293 Laxmi Nagar,+91 9705472903,upi,2025-10-03T08:46:25.912Z
SYN003079,39,825.0,0.0,66.0,891.0,delivered,Sanjay Rao,80 Park Street,+91 8995342263,cash,2026-02-27T08:46:25.912Z
SYN003080,39,1508.0,0.0,120.64,1628.64,delivered,Sanjay Rao,353 Salt Lake,+91 9222973434,cash,2026-03-28T08:46:25.912Z
SYN003081,39,2341.0,0.0,187.28,2528.28,delivered,Sanjay Rao,43 Koramangala,+91 7656277046,card,2025-09-19T08:46:25.912Z
SYN003082,39,1376.0,0.0,110.08,1486.08,delivered,Sanjay Rao,192 Banjara Hills,+91 7931021783,card,2025-09-13T08:46:25.912Z
SYN003083,39,1399.0,0.0,111.92,1510.92,delivered,Sanjay Rao,112 Nehru Nagar,+91 7489071262,card,2025-12-02T08:46:25.912Z
SYN003084,39,2881.0,0.0,230.48,3111.48,delivered,Sanjay Rao,475 Park Street,+91 8816929260,upi,2026-07-14T08:46:25.912Z
SYN003085,39,1772.0,0.0,141.76,1913.76,delivered,Sanjay Rao,137 MG Road,+91 9534344486,cash,2026-04-13T08:46:25.912Z
SYN003086,39,624.0,0.0,49.92,673.92,delivered,Sanjay Rao,303 Salt Lake,+91 7048439867,card,2026-04-08T08:46:25.912Z
SYN003087,39,1655.0,0.0,132.4,1787.4,delivered,Sanjay Rao,430 Salt Lake,+91 9212525031,cash,2025-11-13T08:46:25.912Z
SYN003088,39,2138.0,0.0,171.04,2309.04,delivered,Sanjay Rao,237 Nehru Nagar,+91 8799574845,card,2026-07-25T08:46:25.912Z
SYN003089,39,2323.0,0.0,185.84,2508.84,delivered,Sanjay Rao,333 Andheri West,+91 7801535399,cash,2025-10-31T08:46:25.912Z
SYN003090,39,2812.0,0.0,224.96,3036.96,delivered,Sanjay Rao,102 Nehru Nagar,+91 7358638678,card,2026-05-12T08:46:25.912Z
SYN003091,39,1939.0,0.0,155.12,2094.12,delivered,Sanjay Rao,401 Banjara Hills,+91 9559529713,card,2025-09-25T08:46:25.912Z
SYN003092,39,1399.0,0.0,111.92,1510.92,delivered,Sanjay Rao,408 Park Street,+91 7705347465,card,2026-04-01T08:46:25.912Z
SYN003093,39,2326.0,0.0,186.08,2512.08,delivered,Sanjay Rao,274 Laxmi Nagar,+91 8653444653,cash,2026-05-31T08:46:25.912Z
SYN003094,39,962.0,0.0,76.96,1038.96,delivered,Sanjay Rao,72 Salt Lake,+91 7880657923,card,2026-06-12T08:46:25.912Z
SYN003095,39,1292.0,0.0,103.36,1395.36,delivered,Sanjay Rao,128 MG Road,+91 7072535622,upi,2025-12-10T08:46:25.912Z
SYN003096,39,1758.0,0.0,140.64,1898.64,delivered,Sanjay Rao,52 MG Road,+91 8118628978,cash,2026-04-27T08:46:25.912Z
SYN003097,39,1488.0,0.0,119.04,1607.04,delivered,Sanjay Rao,451 Andheri West,+91 8975565798,cash,2026-03-06T08:46:25.912Z
SYN003098,39,2593.0,0.0,207.44,2800.44,delivered,Sanjay Rao,423 Andheri West,+91 7319693644,cash,2025-12-26T08:46:25.912Z
SYN003099,39,1789.0,0.0,143.12,1932.12,delivered,Sanjay Rao,238 Brigade Road,+91 7330726061,card,2026-01-04T08:46:25.912Z
SYN003100,39,1601.0,0.0,128.08,1729.08,delivered,Sanjay Rao,282 Park Street,+91 9711014950,card,2026-02-10T08:46:25.912Z
SYN003101,39,1603.0,0.0,128.24,1731.24,delivered,Sanjay Rao,391 Gandhi Path,+91 8976062809,upi,2025-11-19T08:46:25.912Z
SYN003102,39,684.0,0.0,54.72,738.72,delivered,Sanjay Rao,248 Brigade Road,+91 8468664668,cash,2026-02-21T08:46:25.912Z
SYN003103,39,1697.0,0.0,135.76,1832.76,delivered,Sanjay Rao,497 Park Street,+91 9858542439,upi,2025-10-03T08:46:25.912Z
SYN003104,39,1976.0,0.0,158.08,2134.08,delivered,Sanjay Rao,103 MG Road,+91 7816149760,upi,2025-11-07T08:46:25.912Z
SYN003105,39,2251.0,0.0,180.08,2431.08,delivered,Sanjay Rao,147 Salt Lake,+91 9767932028,upi,2025-11-18T08:46:25.912Z
SYN003106,39,2040.0,0.0,163.2,2203.2,delivered,Sanjay Rao,9 Nehru Nagar,+91 9376698339,upi,2025-10-22T08:46:25.912Z
SYN003107,39,1160.0,0.0,92.8,1252.8,delivered,Sanjay Rao,128 Laxmi Nagar,+91 9937950974,upi,2025-08-30T08:46:25.912Z
SYN003108,39,1618.0,0.0,129.44,1747.44,delivered,Sanjay Rao,259 Laxmi Nagar,+91 9952454799,cash,2025-10-30T08:46:25.912Z
SYN003109,39,1844.0,0.0,147.52,1991.52,delivered,Sanjay Rao,116 Andheri West,+91 9271599497,cash,2025-08-26T08:46:25.912Z
SYN003110,39,602.0,0.0,48.16,650.16,delivered,Sanjay Rao,267 Park Street,+91 9063988009,upi,2026-01-01T08:46:25.912Z
SYN003111,39,1516.0,0.0,121.28,1637.28,delivered,Sanjay Rao,434 Andheri West,+91 7441069053,upi,2026-02-22T08:46:25.912Z
SYN003112,39,1638.0,0.0,131.04,1769.04,delivered,Sanjay Rao,457 MG Road,+91 7299922946,card,2025-10-21T08:46:25.912Z
SYN003113,39,1407.0,0.0,112.56,1519.56,delivered,Sanjay Rao,360 Brigade Road,+91 9935573390,upi,2025-12-11T08:46:25.912Z
SYN003114,39,1735.0,0.0,138.8,1873.8,delivered,Sanjay Rao,10 Park Street,+91 7183560880,upi,2026-02-18T08:46:25.912Z
SYN003115,39,1538.0,0.0,123.04,1661.04,delivered,Sanjay Rao,377 Nehru Nagar,+91 9089037055,card,2026-05-03T08:46:25.912Z
SYN003116,39,764.0,0.0,61.12,825.12,delivered,Sanjay Rao,313 Andheri West,+91 9170457732,upi,2026-07-17T08:46:25.912Z
SYN003117,39,1084.0,0.0,86.72,1170.72,delivered,Sanjay Rao,373 Laxmi Nagar,+91 9441497790,card,2026-05-05T08:46:25.912Z
SYN003118,39,2154.0,0.0,172.32,2326.32,delivered,Sanjay Rao,251 Park Street,+91 9921053735,card,2026-02-15T08:46:25.912Z
SYN003119,39,1168.0,0.0,93.44,1261.44,delivered,Sanjay Rao,349 Banjara Hills,+91 9971757706,upi,2026-01-12T08:46:25.912Z
SYN003120,39,942.0,0.0,75.36,1017.36,delivered,Sanjay Rao,203 Nehru Nagar,+91 7585620374,card,2026-02-09T08:46:25.912Z
SYN003121,39,1372.0,0.0,109.76,1481.76,delivered,Sanjay Rao,372 Koramangala,+91 9062245463,card,2026-07-20T08:46:25.912Z
SYN003122,39,1039.0,0.0,83.12,1122.12,delivered,Sanjay Rao,465 MG Road,+91 9454319741,cash,2026-05-10T08:46:25.912Z
SYN003123,39,1817.0,0.0,145.36,1962.36,delivered,Sanjay Rao,233 MG Road,+91 8062343356,cash,2025-09-03T08:46:25.912Z
SYN003124,39,1849.0,0.0,147.92,1996.92,delivered,Sanjay Rao,116 Banjara Hills,+91 9426941450,cash,2025-10-21T08:46:25.912Z
SYN003125,39,1963.0,0.0,157.04,2120.04,delivered,Sanjay Rao,124 Brigade Road,+91 9471359995,card,2026-06-16T08:46:25.912Z
SYN003126,39,1290.0,0.0,103.2,1393.2,delivered,Sanjay Rao,106 Nehru Nagar,+91 7514021356,upi,2026-05-25T08:46:25.912Z
SYN003127,39,1530.0,0.0,122.4,1652.4,delivered,Sanjay Rao,404 Park Street,+91 8509950285,cash,2026-05-10T08:46:25.912Z
SYN003128,39,820.0,0.0,65.6,885.6,delivered,Sanjay Rao,438 Banjara Hills,+91 7255840274,card,2026-07-14T08:46:25.912Z
SYN003129,39,1841.0,0.0,147.28,1988.28,delivered,Sanjay Rao,177 Banjara Hills,+91 7380593200,cash,2026-02-09T08:46:25.912Z
SYN003130,39,2418.0,0.0,193.44,2611.44,delivered,Sanjay Rao,163 Salt Lake,+91 7360671349,upi,2026-01-04T08:46:25.912Z
SYN003131,39,2194.0,0.0,175.52,2369.52,delivered,Sanjay Rao,230 Nehru Nagar,+91 8679549498,cash,2026-06-04T08:46:25.912Z
SYN003132,39,1270.0,0.0,101.6,1371.6,delivered,Sanjay Rao,464 Salt Lake,+91 7977536888,cash,2025-10-07T08:46:25.912Z
SYN003133,39,673.0,0.0,53.84,726.84,delivered,Sanjay Rao,270 Koramangala,+91 7653628578,card,2026-06-01T08:46:25.912Z
SYN003134,39,2222.0,0.0,177.76,2399.76,delivered,Sanjay Rao,266 Nehru Nagar,+91 8448129205,card,2026-08-01T08:46:25.912Z
SYN003135,39,2037.0,0.0,162.96,2199.96,delivered,Sanjay Rao,480 Laxmi Nagar,+91 9750961251,upi,2025-11-17T08:46:25.912Z
SYN003136,39,1715.0,0.0,137.2,1852.2,delivered,Sanjay Rao,30 Salt Lake,+91 7672934674,upi,2026-02-22T08:46:25.912Z
SYN003137,39,1201.0,0.0,96.08,1297.08,delivered,Sanjay Rao,264 Banjara Hills,+91 8506324567,card,2025-09-04T08:46:25.912Z
SYN003138,39,2237.0,0.0,178.96,2415.96,delivered,Sanjay Rao,215 Brigade Road,+91 7183885095,upi,2026-08-21T08:46:25.912Z
SYN003139,39,1432.0,0.0,114.56,1546.56,delivered,Sanjay Rao,453 Koramangala,+91 9733514820,cash,2026-03-07T08:46:25.912Z
SYN003140,39,1262.0,0.0,100.96,1362.96,delivered,Sanjay Rao,356 Banjara Hills,+91 8084869608,card,2026-03-25T08:46:25.912Z
SYN003141,39,433.0,49.0,34.64,516.64,delivered,Sanjay Rao,93 Brigade Road,+91 8615646575,cash,2025-09-18T08:46:25.912Z
SYN003142,39,1401.0,0.0,112.08,1513.08,delivered,Sanjay Rao,98 Gandhi Path,+91 7566214270,card,2026-02-14T08:46:25.912Z
SYN003143,39,1627.0,0.0,130.16,1757.16,delivered,Sanjay Rao,16 Nehru Nagar,+91 7302653499,cash,2025-09-30T08:46:25.912Z
SYN003144,39,1715.0,0.0,137.2,1852.2,delivered,Sanjay Rao,2 Park Street,+91 9901070510,upi,2026-02-27T08:46:25.912Z
SYN003145,39,1654.0,0.0,132.32,1786.32,delivered,Sanjay Rao,427 Park Street,+91 9225680254,card,2026-01-14T08:46:25.912Z
SYN003146,39,1839.0,0.0,147.12,1986.12,delivered,Sanjay Rao,384 Koramangala,+91 8149449676,card,2026-01-18T08:46:25.912Z
SYN003147,39,975.0,0.0,78.0,1053.0,delivered,Sanjay Rao,218 Park Street,+91 9898625340,upi,2025-11-20T08:46:25.912Z
SYN003148,40,1366.0,0.0,109.28,1475.28,delivered,Nisha Malhotra,200 MG Road,+91 7092783107,card,2026-04-22T08:46:25.912Z
SYN003149,40,1652.0,0.0,132.16,1784.16,delivered,Nisha Malhotra,325 Salt Lake,+91 8755658118,upi,2026-03-29T08:46:25.912Z
SYN003150,40,1293.0,0.0,103.44,1396.44,delivered,Nisha Malhotra,388 Gandhi Path,+91 9448214201,upi,2026-07-19T08:46:25.912Z
SYN003151,40,1209.0,0.0,96.72,1305.72,delivered,Nisha Malhotra,280 Andheri West,+91 8103324088,cash,2025-11-19T08:46:25.912Z
SYN003152,40,1383.0,0.0,110.64,1493.64,delivered,Nisha Malhotra,188 Park Street,+91 9876112792,card,2026-05-20T08:46:25.912Z
SYN003153,40,2239.0,0.0,179.12,2418.12,delivered,Nisha Malhotra,116 Laxmi Nagar,+91 8358326957,upi,2026-04-05T08:46:25.912Z
SYN003154,40,554.0,0.0,44.32,598.32,delivered,Nisha Malhotra,147 MG Road,+91 7271883290,card,2026-07-12T08:46:25.912Z
SYN003155,40,2229.0,0.0,178.32,2407.32,delivered,Nisha Malhotra,34 Banjara Hills,+91 8087513668,cash,2026-05-17T08:46:25.912Z
SYN003156,40,1185.0,0.0,94.8,1279.8,delivered,Nisha Malhotra,394 Koramangala,+91 7212285595,upi,2025-10-08T08:46:25.912Z
SYN003157,40,434.0,49.0,34.72,517.72,delivered,Nisha Malhotra,260 Nehru Nagar,+91 8850252908,upi,2026-08-05T08:46:25.912Z
SYN003158,40,2798.0,0.0,223.84,3021.84,delivered,Nisha Malhotra,324 Laxmi Nagar,+91 8425752730,card,2026-07-29T08:46:25.912Z
SYN003159,40,1191.0,0.0,95.28,1286.28,delivered,Nisha Malhotra,52 Park Street,+91 9483996952,upi,2025-11-07T08:46:25.912Z
SYN003160,40,714.0,0.0,57.12,771.12,delivered,Nisha Malhotra,220 Koramangala,+91 9925840635,upi,2026-02-11T08:46:25.912Z
SYN003161,40,2567.0,0.0,205.36,2772.36,delivered,Nisha Malhotra,297 Gandhi Path,+91 9383844001,card,2025-11-15T08:46:25.912Z
SYN003162,40,1400.0,0.0,112.0,1512.0,delivered,Nisha Malhotra,122 Gandhi Path,+91 9659580390,cash,2025-09-21T08:46:25.912Z
SYN003163,40,920.0,0.0,73.6,993.6,delivered,Nisha Malhotra,97 Park Street,+91 7839132431,upi,2025-09-29T08:46:25.912Z
SYN003164,40,1312.0,0.0,104.96,1416.96,delivered,Nisha Malhotra,99 Salt Lake,+91 7629512402,card,2025-12-21T08:46:25.912Z
SYN003165,40,1660.0,0.0,132.8,1792.8,delivered,Nisha Malhotra,80 Salt Lake,+91 8351940473,upi,2025-11-21T08:46:25.912Z
SYN003166,40,933.0,0.0,74.64,1007.64,delivered,Nisha Malhotra,196 Banjara Hills,+91 7559216429,card,2026-01-11T08:46:25.912Z
SYN003167,40,1461.0,0.0,116.88,1577.88,delivered,Nisha Malhotra,54 Gandhi Path,+91 7286246879,cash,2026-06-29T08:46:25.912Z
SYN003168,40,1287.0,0.0,102.96,1389.96,delivered,Nisha Malhotra,53 Salt Lake,+91 7098442019,card,2025-11-20T08:46:25.912Z
SYN003169,40,2305.0,0.0,184.4,2489.4,delivered,Nisha Malhotra,180 Banjara Hills,+91 9701160387,card,2025-10-02T08:46:25.912Z
SYN003170,40,1250.0,0.0,100.0,1350.0,delivered,Nisha Malhotra,431 Park Street,+91 8945845760,upi,2026-04-19T08:46:25.912Z
SYN003171,40,1440.0,0.0,115.2,1555.2,delivered,Nisha Malhotra,471 Gandhi Path,+91 8212586632,upi,2026-07-09T08:46:25.912Z
SYN003172,40,1769.0,0.0,141.52,1910.52,delivered,Nisha Malhotra,67 Laxmi Nagar,+91 7278275628,upi,2026-06-27T08:46:25.912Z
SYN003173,40,772.0,0.0,61.76,833.76,delivered,Nisha Malhotra,264 Koramangala,+91 7106796657,upi,2026-01-17T08:46:25.912Z
SYN003174,40,1869.0,0.0,149.52,2018.52,delivered,Nisha Malhotra,354 Banjara Hills,+91 7513727474,cash,2026-04-17T08:46:25.912Z
SYN003175,40,2041.0,0.0,163.28,2204.28,delivered,Nisha Malhotra,102 Nehru Nagar,+91 9495628615,cash,2025-11-05T08:46:25.912Z
SYN003176,40,1332.0,0.0,106.56,1438.56,delivered,Nisha Malhotra,406 Park Street,+91 7794469371,card,2026-08-03T08:46:25.912Z
SYN003177,40,1470.0,0.0,117.6,1587.6,delivered,Nisha Malhotra,325 Park Street,+91 9258940742,upi,2026-05-27T08:46:25.912Z
SYN003178,40,1740.0,0.0,139.2,1879.2,delivered,Nisha Malhotra,21 Laxmi Nagar,+91 8467567169,cash,2026-01-02T08:46:25.912Z
SYN003179,40,694.0,0.0,55.52,749.52,delivered,Nisha Malhotra,214 Park Street,+91 8184177065,cash,2026-02-08T08:46:25.912Z
SYN003180,40,1090.0,0.0,87.2,1177.2,delivered,Nisha Malhotra,466 Banjara Hills,+91 7012077189,card,2025-09-27T08:46:25.912Z
SYN003181,40,1557.0,0.0,124.56,1681.56,delivered,Nisha Malhotra,208 Andheri West,+91 8720655371,upi,2025-11-26T08:46:25.912Z
SYN003182,40,2449.0,0.0,195.92,2644.92,delivered,Nisha Malhotra,76 Nehru Nagar,+91 8919236656,upi,2026-07-09T08:46:25.912Z
SYN003183,40,2528.0,0.0,202.24,2730.24,delivered,Nisha Malhotra,269 Brigade Road,+91 9061767702,card,2026-06-22T08:46:25.912Z
SYN003184,40,1373.0,0.0,109.84,1482.84,delivered,Nisha Malhotra,176 Salt Lake,+91 9114347874,upi,2026-04-06T08:46:25.912Z
SYN003185,40,227.0,49.0,18.16,294.16,delivered,Nisha Malhotra,164 MG Road,+91 7450033296,card,2025-12-02T08:46:25.912Z
SYN003186,40,2001.0,0.0,160.08,2161.08,delivered,Nisha Malhotra,243 Gandhi Path,+91 7349741051,card,2026-05-27T08:46:25.912Z
SYN003187,40,1089.0,0.0,87.12,1176.12,delivered,Nisha Malhotra,490 Koramangala,+91 9079464258,card,2025-11-03T08:46:25.912Z
SYN003188,40,2265.0,0.0,181.2,2446.2,delivered,Nisha Malhotra,438 Banjara Hills,+91 7658047614,card,2026-05-26T08:46:25.912Z
SYN003189,40,3089.0,0.0,247.12,3336.12,delivered,Nisha Malhotra,301 Salt Lake,+91 9950654068,card,2026-07-24T08:46:25.912Z
SYN003190,40,2479.0,0.0,198.32,2677.32,delivered,Nisha Malhotra,390 Brigade Road,+91 9670829101,cash,2026-01-24T08:46:25.912Z
SYN003191,40,1072.0,0.0,85.76,1157.76,delivered,Nisha Malhotra,199 MG Road,+91 8478532551,card,2026-03-21T08:46:25.912Z
SYN003192,40,1344.0,0.0,107.52,1451.52,delivered,Nisha Malhotra,280 Laxmi Nagar,+91 8145647242,upi,2025-11-03T08:46:25.912Z
SYN003193,40,1818.0,0.0,145.44,1963.44,delivered,Nisha Malhotra,389 Park Street,+91 9693893582,card,2026-05-31T08:46:25.912Z
SYN003194,40,1235.0,0.0,98.8,1333.8,delivered,Nisha Malhotra,272 Banjara Hills,+91 8457068799,card,2026-06-26T08:46:25.912Z
SYN003195,40,2538.0,0.0,203.04,2741.04,delivered,Nisha Malhotra,352 Koramangala,+91 9378123916,upi,2025-10-07T08:46:25.912Z
SYN003196,40,2127.0,0.0,170.16,2297.16,delivered,Nisha Malhotra,279 Gandhi Path,+91 7615327579,upi,2026-01-08T08:46:25.912Z
SYN003197,40,1444.0,0.0,115.52,1559.52,delivered,Nisha Malhotra,474 Nehru Nagar,+91 9522951869,upi,2026-05-21T08:46:25.912Z
SYN003198,40,1293.0,0.0,103.44,1396.44,delivered,Nisha Malhotra,80 Laxmi Nagar,+91 7157334899,upi,2025-09-11T08:46:25.912Z
SYN003199,40,855.0,0.0,68.4,923.4,delivered,Nisha Malhotra,224 Koramangala,+91 8551670370,upi,2026-06-07T08:46:25.912Z
SYN003200,40,3136.0,0.0,250.88,3386.88,delivered,Nisha Malhotra,30 Gandhi Path,+91 7147643620,card,2026-07-28T08:46:25.912Z
SYN003201,40,2241.0,0.0,179.28,2420.28,delivered,Nisha Malhotra,291 Gandhi Path,+91 8795823743,card,2026-02-09T08:46:25.912Z
SYN003202,40,1310.0,0.0,104.8,1414.8,delivered,Nisha Malhotra,284 Laxmi Nagar,+91 9529477319,card,2026-03-12T08:46:25.912Z
SYN003203,40,826.0,0.0,66.08,892.08,delivered,Nisha Malhotra,473 Gandhi Path,+91 9087880365,card,2025-11-13T08:46:25.912Z
SYN003204,40,2035.0,0.0,162.8,2197.8,delivered,Nisha Malhotra,196 Brigade Road,+91 7146878506,cash,2026-02-10T08:46:25.912Z
SYN003205,40,1004.0,0.0,80.32,1084.32,delivered,Nisha Malhotra,42 Banjara Hills,+91 8752076212,upi,2025-10-18T08:46:25.912Z
SYN003206,40,1410.0,0.0,112.8,1522.8,delivered,Nisha Malhotra,289 MG Road,+91 9856488195,card,2026-01-03T08:46:25.912Z
SYN003207,40,745.0,0.0,59.6,804.6,delivered,Nisha Malhotra,325 Park Street,+91 7497063637,card,2026-06-30T08:46:25.912Z
SYN003208,40,3559.0,0.0,284.72,3843.72,delivered,Nisha Malhotra,460 Park Street,+91 7055545751,card,2026-07-11T08:46:25.912Z
SYN003209,40,1890.0,0.0,151.2,2041.2,delivered,Nisha Malhotra,456 Laxmi Nagar,+91 7908364202,cash,2025-11-25T08:46:25.912Z
SYN003210,40,1303.0,0.0,104.24,1407.24,delivered,Nisha Malhotra,36 Banjara Hills,+91 9916357453,upi,2026-06-13T08:46:25.912Z
SYN003211,40,1763.0,0.0,141.04,1904.04,delivered,Nisha Malhotra,473 Andheri West,+91 7485391436,upi,2025-11-26T08:46:25.912Z
SYN003212,40,1015.0,0.0,81.2,1096.2,delivered,Nisha Malhotra,269 Koramangala,+91 7179375049,upi,2026-05-27T08:46:25.912Z
SYN003213,40,1762.0,0.0,140.96,1902.96,delivered,Nisha Malhotra,357 Laxmi Nagar,+91 9414249260,upi,2026-08-11T08:46:25.912Z
SYN003214,40,1647.0,0.0,131.76,1778.76,delivered,Nisha Malhotra,457 Gandhi Path,+91 7146029156,card,2026-06-14T08:46:25.912Z
SYN003215,40,1641.0,0.0,131.28,1772.28,delivered,Nisha Malhotra,11 Banjara Hills,+91 8663845103,card,2025-11-07T08:46:25.912Z
SYN003216,40,993.0,0.0,79.44,1072.44,delivered,Nisha Malhotra,207 Andheri West,+91 9794921016,cash,2026-06-12T08:46:25.912Z
SYN003217,40,1770.0,0.0,141.6,1911.6,delivered,Nisha Malhotra,318 Salt Lake,+91 7946520636,cash,2026-04-06T08:46:25.912Z
SYN003218,40,1579.0,0.0,126.32,1705.32,delivered,Nisha Malhotra,394 Park Street,+91 9792848788,card,2026-01-18T08:46:25.912Z
SYN003219,40,524.0,0.0,41.92,565.92,delivered,Nisha Malhotra,401 Koramangala,+91 9322831764,card,2026-04-10T08:46:25.912Z
SYN003220,40,1653.0,0.0,132.24,1785.24,delivered,Nisha Malhotra,482 Andheri West,+91 8608288563,cash,2026-08-04T08:46:25.912Z
SYN003221,40,1353.0,0.0,108.24,1461.24,delivered,Nisha Malhotra,270 MG Road,+91 8460058385,upi,2026-01-18T08:46:25.912Z
SYN003222,40,2126.0,0.0,170.08,2296.08,delivered,Nisha Malhotra,297 Gandhi Path,+91 9319355297,cash,2025-10-28T08:46:25.912Z
SYN003223,40,1168.0,0.0,93.44,1261.44,delivered,Nisha Malhotra,122 Brigade Road,+91 9052178000,upi,2026-01-08T08:46:25.912Z
SYN003224,40,734.0,0.0,58.72,792.72,delivered,Nisha Malhotra,384 Salt Lake,+91 8520759312,upi,2025-11-22T08:46:25.912Z
SYN003225,40,634.0,0.0,50.72,684.72,delivered,Nisha Malhotra,374 Koramangala,+91 7093947410,cash,2026-08-11T08:46:25.912Z
SYN003226,40,1191.0,0.0,95.28,1286.28,delivered,Nisha Malhotra,500 Salt Lake,+91 7451573777,cash,2026-02-04T08:46:25.912Z
SYN003227,40,1698.0,0.0,135.84,1833.84,delivered,Nisha Malhotra,181 Gandhi Path,+91 9039694569,upi,2025-10-31T08:46:25.912Z
SYN003228,40,1122.0,0.0,89.76,1211.76,delivered,Nisha Malhotra,96 Brigade Road,+91 8692337561,upi,2025-12-22T08:46:25.912Z
SYN003229,40,2078.0,0.0,166.24,2244.24,delivered,Nisha Malhotra,71 Koramangala,+91 8585859820,upi,2025-11-26T08:46:25.912Z
SYN003230,40,733.0,0.0,58.64,791.64,delivered,Nisha Malhotra,101 Park Street,+91 8476231009,card,2026-01-01T08:46:25.912Z
SYN003231,40,1718.0,0.0,137.44,1855.44,delivered,Nisha Malhotra,479 Brigade Road,+91 7117331594,card,2025-11-01T08:46:25.912Z
SYN003232,40,971.0,0.0,77.68,1048.68,delivered,Nisha Malhotra,101 Park Street,+91 7968447559,cash,2026-03-24T08:46:25.912Z
SYN003233,40,317.0,49.0,25.36,391.36,delivered,Nisha Malhotra,89 Koramangala,+91 7434691208,cash,2025-09-14T08:46:25.912Z
SYN003234,40,2039.0,0.0,163.12,2202.12,delivered,Nisha Malhotra,466 Andheri West,+91 8532662842,cash,2026-01-16T08:46:25.912Z
SYN003235,40,1487.0,0.0,118.96,1605.96,delivered,Nisha Malhotra,392 Laxmi Nagar,+91 7627776072,card,2025-12-20T08:46:25.912Z
SYN003236,40,1698.0,0.0,135.84,1833.84,delivered,Nisha Malhotra,381 Koramangala,+91 7275163935,cash,2026-04-08T08:46:25.912Z
SYN003237,40,923.0,0.0,73.84,996.84,delivered,Nisha Malhotra,354 Gandhi Path,+91 8178546564,cash,2026-05-31T08:46:25.912Z
SYN003238,40,2097.0,0.0,167.76,2264.76,delivered,Nisha Malhotra,385 Laxmi Nagar,+91 8615213107,card,2026-06-15T08:46:25.912Z
SYN003239,40,2848.0,0.0,227.84,3075.84,delivered,Nisha Malhotra,465 Salt Lake,+91 9495386684,card,2026-08-15T08:46:25.912Z
SYN003240,40,1640.0,0.0,131.2,1771.2,delivered,Nisha Malhotra,311 Nehru Nagar,+91 8980580528,upi,2025-08-28T08:46:25.912Z
SYN003241,40,1889.0,0.0,151.12,2040.12,delivered,Nisha Malhotra,13 Banjara Hills,+91 7688260978,upi,2025-11-24T08:46:25.912Z
SYN003242,40,1844.0,0.0,147.52,1991.52,delivered,Nisha Malhotra,299 Nehru Nagar,+91 7588449220,cash,2026-04-07T08:46:25.912Z
SYN003243,40,1523.0,0.0,121.84,1644.84,delivered,Nisha Malhotra,37 Park Street,+91 9106295224,cash,2026-08-05T08:46:25.912Z
SYN003244,41,3931.0,0.0,314.48,4245.48,delivered,Manish Das,273 Koramangala,+91 9005832553,upi,2026-04-16T08:46:25.912Z
SYN003245,41,1343.0,0.0,107.44,1450.44,delivered,Manish Das,366 Salt Lake,+91 7084983033,card,2026-02-17T08:46:25.912Z
SYN003246,41,3826.0,0.0,306.08,4132.08,delivered,Manish Das,323 MG Road,+91 7827047774,cash,2026-01-21T08:46:25.912Z
SYN003247,41,2190.0,0.0,175.2,2365.2,delivered,Manish Das,362 Gandhi Path,+91 8276299386,card,2026-02-17T08:46:25.912Z
SYN003248,41,1692.0,0.0,135.36,1827.36,delivered,Manish Das,365 Nehru Nagar,+91 8700669145,cash,2025-11-12T08:46:25.912Z
SYN003249,41,1181.0,0.0,94.48,1275.48,delivered,Manish Das,465 Salt Lake,+91 8201847073,cash,2026-05-28T08:46:25.912Z
SYN003250,41,4634.0,0.0,370.72,5004.72,delivered,Manish Das,392 Brigade Road,+91 8212044741,upi,2025-09-08T08:46:25.912Z
SYN003251,41,2189.0,0.0,175.12,2364.12,delivered,Manish Das,460 Salt Lake,+91 7483678066,cash,2026-07-09T08:46:25.912Z
SYN003252,41,3735.0,0.0,298.8,4033.8,delivered,Manish Das,196 MG Road,+91 7643524028,card,2025-09-11T08:46:25.912Z
SYN003253,41,4071.0,0.0,325.68,4396.68,delivered,Manish Das,370 Koramangala,+91 7886344203,cash,2026-01-04T08:46:25.912Z
SYN003254,41,2398.0,0.0,191.84,2589.84,delivered,Manish Das,96 MG Road,+91 9466811571,card,2026-02-27T08:46:25.912Z
SYN003255,41,3482.0,0.0,278.56,3760.56,delivered,Manish Das,181 Gandhi Path,+91 8435144022,card,2025-10-02T08:46:25.912Z
SYN003256,41,3879.0,0.0,310.32,4189.32,delivered,Manish Das,273 Salt Lake,+91 9428289461,upi,2026-01-09T08:46:25.912Z
SYN003257,41,3139.0,0.0,251.12,3390.12,delivered,Manish Das,82 MG Road,+91 9487683689,cash,2026-03-07T08:46:25.912Z
SYN003258,41,3885.0,0.0,310.8,4195.8,delivered,Manish Das,400 Park Street,+91 9197536048,card,2025-10-06T08:46:25.912Z
SYN003259,41,1888.0,0.0,151.04,2039.04,delivered,Manish Das,422 Park Street,+91 9341757389,upi,2026-04-07T08:46:25.912Z
SYN003260,41,1878.0,0.0,150.24,2028.24,delivered,Manish Das,398 Nehru Nagar,+91 7604373311,cash,2026-06-07T08:46:25.912Z
SYN003261,41,3342.0,0.0,267.36,3609.36,delivered,Manish Das,203 MG Road,+91 9665470161,upi,2025-09-20T08:46:25.912Z
SYN003262,41,2088.0,0.0,167.04,2255.04,delivered,Manish Das,223 Laxmi Nagar,+91 8622159256,card,2026-03-22T08:46:25.912Z
SYN003263,41,1940.0,0.0,155.2,2095.2,delivered,Manish Das,401 Brigade Road,+91 7582642170,card,2025-11-28T08:46:25.912Z
SYN003264,41,3025.0,0.0,242.0,3267.0,delivered,Manish Das,300 Banjara Hills,+91 7955694937,card,2025-09-03T08:46:25.912Z
SYN003265,41,4172.0,0.0,333.76,4505.76,delivered,Manish Das,2 Park Street,+91 8375881982,cash,2026-04-11T08:46:25.912Z
SYN003266,41,4661.0,0.0,372.88,5033.88,delivered,Manish Das,77 Park Street,+91 7142069949,cash,2026-04-20T08:46:25.912Z
SYN003267,41,3176.0,0.0,254.08,3430.08,delivered,Manish Das,26 Brigade Road,+91 8796236678,cash,2026-07-19T08:46:25.912Z
SYN003268,41,2987.0,0.0,238.96,3225.96,delivered,Manish Das,136 Laxmi Nagar,+91 8526673541,cash,2026-07-31T08:46:25.912Z
SYN003269,41,1741.0,0.0,139.28,1880.28,delivered,Manish Das,131 Koramangala,+91 8514875851,card,2026-03-18T08:46:25.912Z
SYN003270,41,2987.0,0.0,238.96,3225.96,delivered,Manish Das,28 Park Street,+91 7115770022,upi,2026-03-05T08:46:25.912Z
SYN003271,41,3883.0,0.0,310.64,4193.64,delivered,Manish Das,360 Salt Lake,+91 8929666247,upi,2026-01-20T08:46:25.912Z
SYN003272,41,4063.0,0.0,325.04,4388.04,delivered,Manish Das,275 Nehru Nagar,+91 9050460626,cash,2026-07-27T08:46:25.912Z
SYN003273,41,1989.0,0.0,159.12,2148.12,delivered,Manish Das,168 Andheri West,+91 7063896317,cash,2026-01-14T08:46:25.912Z
SYN003274,41,3771.0,0.0,301.68,4072.68,delivered,Manish Das,377 Banjara Hills,+91 7205492410,card,2026-05-07T08:46:25.912Z
SYN003275,41,2513.0,0.0,201.04,2714.04,delivered,Manish Das,255 Nehru Nagar,+91 8027773259,card,2026-02-02T08:46:25.912Z
SYN003276,41,4916.0,0.0,393.28,5309.28,delivered,Manish Das,389 MG Road,+91 8595663777,upi,2026-01-14T08:46:25.912Z
SYN003277,41,4226.0,0.0,338.08,4564.08,delivered,Manish Das,302 Koramangala,+91 9804438308,card,2026-06-21T08:46:25.912Z
SYN003278,41,1742.0,0.0,139.36,1881.36,delivered,Manish Das,51 Laxmi Nagar,+91 8354763311,card,2026-07-13T08:46:25.912Z
SYN003279,41,4613.0,0.0,369.04,4982.04,delivered,Manish Das,154 Banjara Hills,+91 7996852146,card,2026-05-21T08:46:25.912Z
SYN003280,41,3156.0,0.0,252.48,3408.48,delivered,Manish Das,264 Brigade Road,+91 8060825981,card,2026-02-05T08:46:25.912Z
SYN003281,41,3037.0,0.0,242.96,3279.96,delivered,Manish Das,15 Salt Lake,+91 7091649636,upi,2026-06-30T08:46:25.912Z
SYN003282,41,2986.0,0.0,238.88,3224.88,delivered,Manish Das,89 MG Road,+91 8798875255,cash,2026-05-10T08:46:25.912Z
SYN003283,41,3918.0,0.0,313.44,4231.44,delivered,Manish Das,297 Laxmi Nagar,+91 9190335364,upi,2025-08-30T08:46:25.912Z
SYN003284,41,3485.0,0.0,278.8,3763.8,delivered,Manish Das,110 Gandhi Path,+91 8854793244,card,2026-08-06T08:46:25.912Z
SYN003285,41,2347.0,0.0,187.76,2534.76,delivered,Manish Das,373 Gandhi Path,+91 8949475123,card,2025-11-07T08:46:25.912Z
SYN003286,41,3375.0,0.0,270.0,3645.0,delivered,Manish Das,284 Banjara Hills,+91 8726859839,cash,2026-05-27T08:46:25.912Z
SYN003287,41,1441.0,0.0,115.28,1556.28,delivered,Manish Das,407 Park Street,+91 7280636710,cash,2026-08-15T08:46:25.912Z
SYN003288,41,3140.0,0.0,251.2,3391.2,delivered,Manish Das,440 Gandhi Path,+91 9645271601,upi,2025-10-26T08:46:25.912Z
SYN003289,41,2788.0,0.0,223.04,3011.04,delivered,Manish Das,123 Koramangala,+91 7994354903,card,2025-09-19T08:46:25.912Z
SYN003290,41,3286.0,0.0,262.88,3548.88,delivered,Manish Das,439 Nehru Nagar,+91 8442568872,cash,2025-11-03T08:46:25.912Z
SYN003291,41,4730.0,0.0,378.4,5108.4,delivered,Manish Das,95 Gandhi Path,+91 7600985721,card,2026-06-02T08:46:25.912Z
SYN003292,41,1142.0,0.0,91.36,1233.36,delivered,Manish Das,394 Salt Lake,+91 7302856021,cash,2025-12-12T08:46:25.912Z
SYN003293,41,1529.0,0.0,122.32,1651.32,delivered,Manish Das,70 Koramangala,+91 8276486100,cash,2026-05-17T08:46:25.912Z
SYN003294,41,4935.0,0.0,394.8,5329.8,delivered,Manish Das,375 Gandhi Path,+91 8229497708,cash,2026-02-17T08:46:25.912Z
SYN003295,41,3015.0,0.0,241.2,3256.2,delivered,Manish Das,493 MG Road,+91 8575560322,card,2026-03-05T08:46:25.912Z
SYN003296,41,1862.0,0.0,148.96,2010.96,delivered,Manish Das,234 Park Street,+91 8339819802,card,2026-03-06T08:46:25.912Z
SYN003297,41,2649.0,0.0,211.92,2860.92,delivered,Manish Das,112 Salt Lake,+91 8051873456,cash,2026-04-15T08:46:25.912Z
SYN003298,41,2696.0,0.0,215.68,2911.68,delivered,Manish Das,294 Andheri West,+91 8869634767,cash,2025-08-26T08:46:25.912Z
SYN003299,41,6078.0,0.0,486.24,6564.24,delivered,Manish Das,409 MG Road,+91 9475014146,card,2026-04-28T08:46:25.912Z
SYN003300,41,2736.0,0.0,218.88,2954.88,delivered,Manish Das,85 Nehru Nagar,+91 7149773790,card,2026-02-07T08:46:25.912Z
SYN003301,41,2438.0,0.0,195.04,2633.04,delivered,Manish Das,312 Banjara Hills,+91 8450955123,card,2025-12-18T08:46:25.912Z
SYN003302,41,4913.0,0.0,393.04,5306.04,delivered,Manish Das,166 Koramangala,+91 8307525892,upi,2025-09-25T08:46:25.912Z
SYN003303,41,2989.0,0.0,239.12,3228.12,delivered,Manish Das,284 MG Road,+91 9386670626,upi,2026-07-16T08:46:25.912Z
SYN003304,41,4062.0,0.0,324.96,4386.96,delivered,Manish Das,444 Andheri West,+91 9967928911,upi,2025-12-11T08:46:25.912Z
SYN003305,41,4172.0,0.0,333.76,4505.76,delivered,Manish Das,272 Nehru Nagar,+91 9458361418,cash,2025-08-29T08:46:25.912Z
SYN003306,41,2475.0,0.0,198.0,2673.0,delivered,Manish Das,199 Laxmi Nagar,+91 7138877611,cash,2026-02-20T08:46:25.912Z
SYN003307,41,2037.0,0.0,162.96,2199.96,delivered,Manish Das,111 Gandhi Path,+91 7520398313,cash,2026-08-07T08:46:25.912Z
SYN003308,41,4942.0,0.0,395.36,5337.36,delivered,Manish Das,8 Salt Lake,+91 7451239126,cash,2025-10-24T08:46:25.912Z
SYN003309,41,3524.0,0.0,281.92,3805.92,delivered,Manish Das,86 Banjara Hills,+91 9405848081,card,2026-01-14T08:46:25.912Z
SYN003310,41,2646.0,0.0,211.68,2857.68,delivered,Manish Das,170 Banjara Hills,+91 8369971063,cash,2026-03-15T08:46:25.912Z
SYN003311,41,1701.0,0.0,136.08,1837.08,delivered,Manish Das,371 Koramangala,+91 7418790649,upi,2026-02-12T08:46:25.912Z
SYN003312,41,3307.0,0.0,264.56,3571.56,delivered,Manish Das,457 Andheri West,+91 9476143455,upi,2025-09-01T08:46:25.912Z
SYN003313,41,3536.0,0.0,282.88,3818.88,delivered,Manish Das,76 Gandhi Path,+91 9384710408,card,2025-11-10T08:46:25.912Z
SYN003314,41,2792.0,0.0,223.36,3015.36,delivered,Manish Das,232 MG Road,+91 7091795067,upi,2026-06-29T08:46:25.912Z
SYN003315,41,1632.0,0.0,130.56,1762.56,delivered,Manish Das,450 Banjara Hills,+91 9722069528,card,2026-07-26T08:46:25.912Z
SYN003316,41,1839.0,0.0,147.12,1986.12,delivered,Manish Das,279 Brigade Road,+91 7849073684,upi,2025-10-05T08:46:25.912Z
SYN003317,41,5431.0,0.0,434.48,5865.48,delivered,Manish Das,365 Koramangala,+91 7188487877,cash,2026-02-21T08:46:25.912Z
SYN003318,41,2288.0,0.0,183.04,2471.04,delivered,Manish Das,285 Banjara Hills,+91 9363274014,card,2026-08-01T08:46:25.912Z
SYN003319,41,2805.0,0.0,224.4,3029.4,delivered,Manish Das,221 Park Street,+91 8719980158,upi,2025-09-19T08:46:25.912Z
SYN003320,41,4334.0,0.0,346.72,4680.72,delivered,Manish Das,359 Koramangala,+91 9695893919,card,2026-05-12T08:46:25.912Z
SYN003321,41,4552.0,0.0,364.16,4916.16,delivered,Manish Das,490 Laxmi Nagar,+91 7371626784,card,2026-06-29T08:46:25.912Z
SYN003322,42,6497.0,0.0,519.76,7016.76,delivered,Tanvi Verma,369 Park Street,+91 7183265010,upi,2026-02-25T08:46:25.912Z
SYN003323,42,4408.0,0.0,352.64,4760.64,delivered,Tanvi Verma,353 Andheri West,+91 7937129519,cash,2025-11-25T08:46:25.912Z
SYN003324,42,6238.0,0.0,499.04,6737.04,delivered,Tanvi Verma,272 Gandhi Path,+91 9466834928,cash,2025-12-21T08:46:25.912Z
SYN003325,42,4178.0,0.0,334.24,4512.24,delivered,Tanvi Verma,35 MG Road,+91 7866582832,upi,2025-11-17T08:46:25.912Z
SYN003326,42,3959.0,0.0,316.72,4275.72,delivered,Tanvi Verma,297 MG Road,+91 7371079524,card,2026-01-15T08:46:25.912Z
SYN003327,42,4995.0,0.0,399.6,5394.6,delivered,Tanvi Verma,477 Laxmi Nagar,+91 7261473208,upi,2025-09-16T08:46:25.912Z
SYN003328,42,3582.0,0.0,286.56,3868.56,delivered,Tanvi Verma,146 Brigade Road,+91 9606231122,card,2026-07-09T08:46:25.912Z
SYN003329,42,2903.0,0.0,232.24,3135.24,delivered,Tanvi Verma,227 Koramangala,+91 9566346826,cash,2026-07-29T08:46:25.912Z
SYN003330,42,5331.0,0.0,426.48,5757.48,delivered,Tanvi Verma,110 Gandhi Path,+91 7477122248,cash,2026-02-04T08:46:25.912Z
SYN003331,42,3684.0,0.0,294.72,3978.72,delivered,Tanvi Verma,399 Nehru Nagar,+91 7973390280,upi,2025-09-09T08:46:25.912Z
SYN003332,42,2913.0,0.0,233.04,3146.04,delivered,Tanvi Verma,179 Nehru Nagar,+91 8364835928,cash,2026-07-26T08:46:25.912Z
SYN003333,42,3983.0,0.0,318.64,4301.64,delivered,Tanvi Verma,82 Nehru Nagar,+91 9841888499,cash,2026-02-02T08:46:25.912Z
SYN003334,42,4619.0,0.0,369.52,4988.52,delivered,Tanvi Verma,330 Banjara Hills,+91 9656930555,upi,2026-04-12T08:46:25.912Z
SYN003335,42,5114.0,0.0,409.12,5523.12,delivered,Tanvi Verma,380 Banjara Hills,+91 9065837560,upi,2026-07-03T08:46:25.912Z
SYN003336,42,4016.0,0.0,321.28,4337.28,delivered,Tanvi Verma,110 Nehru Nagar,+91 8427988750,cash,2025-10-23T08:46:25.912Z
SYN003337,42,3918.0,0.0,313.44,4231.44,delivered,Tanvi Verma,175 Salt Lake,+91 7988270504,upi,2025-09-10T08:46:25.912Z
SYN003338,42,4975.0,0.0,398.0,5373.0,delivered,Tanvi Verma,41 Nehru Nagar,+91 9346388761,cash,2025-10-30T08:46:25.912Z
SYN003339,42,3621.0,0.0,289.68,3910.68,delivered,Tanvi Verma,78 Nehru Nagar,+91 7052526278,upi,2026-07-14T08:46:25.912Z
SYN003340,42,3978.0,0.0,318.24,4296.24,delivered,Tanvi Verma,35 MG Road,+91 7151440783,card,2025-12-06T08:46:25.912Z
SYN003341,42,4356.0,0.0,348.48,4704.48,delivered,Tanvi Verma,296 Andheri West,+91 9361962610,upi,2026-04-13T08:46:25.912Z
SYN003342,42,4481.0,0.0,358.48,4839.48,delivered,Tanvi Verma,398 Brigade Road,+91 9846128501,cash,2026-03-09T08:46:25.912Z
SYN003343,42,3587.0,0.0,286.96,3873.96,delivered,Tanvi Verma,210 Salt Lake,+91 7452767863,upi,2025-12-29T08:46:25.912Z
SYN003344,42,5069.0,0.0,405.52,5474.52,delivered,Tanvi Verma,373 Laxmi Nagar,+91 8887982245,card,2026-06-03T08:46:25.912Z
SYN003345,42,5114.0,0.0,409.12,5523.12,delivered,Tanvi Verma,285 Brigade Road,+91 9303395274,card,2026-02-07T08:46:25.912Z
SYN003346,42,6142.0,0.0,491.36,6633.36,delivered,Tanvi Verma,328 Laxmi Nagar,+91 7778575601,upi,2026-07-05T08:46:25.912Z
SYN003347,42,3010.0,0.0,240.8,3250.8,delivered,Tanvi Verma,130 Banjara Hills,+91 9156844417,cash,2025-10-02T08:46:25.912Z
SYN003348,42,5967.0,0.0,477.36,6444.36,delivered,Tanvi Verma,246 Koramangala,+91 8806174298,card,2026-01-01T08:46:25.912Z
SYN003349,42,3486.0,0.0,278.88,3764.88,delivered,Tanvi Verma,16 Brigade Road,+91 8535013385,cash,2025-12-04T08:46:25.912Z
SYN003350,42,2811.0,0.0,224.88,3035.88,delivered,Tanvi Verma,170 Park Street,+91 7296678800,cash,2025-11-11T08:46:25.912Z
SYN003351,42,3694.0,0.0,295.52,3989.52,delivered,Tanvi Verma,186 MG Road,+91 7928452676,card,2025-12-13T08:46:25.912Z
SYN003352,42,3022.0,0.0,241.76,3263.76,delivered,Tanvi Verma,452 Brigade Road,+91 7113272353,cash,2026-06-21T08:46:25.912Z
SYN003353,42,4078.0,0.0,326.24,4404.24,delivered,Tanvi Verma,227 Gandhi Path,+91 8268656148,cash,2026-06-10T08:46:25.912Z
SYN003354,42,4821.0,0.0,385.68,5206.68,delivered,Tanvi Verma,457 MG Road,+91 9623176553,card,2026-06-30T08:46:25.912Z
SYN003355,42,3057.0,0.0,244.56,3301.56,delivered,Tanvi Verma,15 Andheri West,+91 7112849377,card,2026-07-26T08:46:25.912Z
SYN003356,42,3635.0,0.0,290.8,3925.8,delivered,Tanvi Verma,355 Park Street,+91 7823584245,upi,2026-06-13T08:46:25.912Z
SYN003357,42,5335.0,0.0,426.8,5761.8,delivered,Tanvi Verma,275 Laxmi Nagar,+91 8831797460,upi,2026-08-05T08:46:25.912Z
SYN003358,42,3943.0,0.0,315.44,4258.44,delivered,Tanvi Verma,490 Laxmi Nagar,+91 8566810514,upi,2026-02-08T08:46:25.912Z
SYN003359,42,3723.0,0.0,297.84,4020.84,delivered,Tanvi Verma,138 Park Street,+91 8610361996,cash,2026-05-13T08:46:25.912Z
SYN003360,42,5134.0,0.0,410.72,5544.72,delivered,Tanvi Verma,234 Koramangala,+91 7279442122,card,2026-03-13T08:46:25.912Z
SYN003361,42,2854.0,0.0,228.32,3082.32,delivered,Tanvi Verma,25 Banjara Hills,+91 8086756560,cash,2025-12-20T08:46:25.912Z
SYN003362,42,3401.0,0.0,272.08,3673.08,delivered,Tanvi Verma,207 Gandhi Path,+91 7134423288,card,2026-06-25T08:46:25.912Z
SYN003363,42,6068.0,0.0,485.44,6553.44,delivered,Tanvi Verma,348 Banjara Hills,+91 8792065146,cash,2026-06-06T08:46:25.912Z
SYN003364,42,3934.0,0.0,314.72,4248.72,delivered,Tanvi Verma,387 MG Road,+91 8465271292,cash,2025-10-31T08:46:25.912Z
SYN003365,42,2421.0,0.0,193.68,2614.68,delivered,Tanvi Verma,255 Gandhi Path,+91 9414668058,cash,2026-07-09T08:46:25.912Z
SYN003366,42,4532.0,0.0,362.56,4894.56,delivered,Tanvi Verma,475 Laxmi Nagar,+91 8496969668,upi,2025-09-14T08:46:25.912Z
SYN003367,42,3430.0,0.0,274.4,3704.4,delivered,Tanvi Verma,436 Gandhi Path,+91 7880693533,card,2026-08-08T08:46:25.912Z
SYN003368,42,3934.0,0.0,314.72,4248.72,delivered,Tanvi Verma,145 Banjara Hills,+91 8989690997,upi,2026-07-21T08:46:25.912Z
SYN003369,42,3600.0,0.0,288.0,3888.0,delivered,Tanvi Verma,287 MG Road,+91 8699812087,upi,2026-08-17T08:46:25.912Z
SYN003370,42,5771.0,0.0,461.68,6232.68,delivered,Tanvi Verma,277 Laxmi Nagar,+91 7972641450,cash,2026-07-23T08:46:25.912Z
SYN003371,42,3257.0,0.0,260.56,3517.56,delivered,Tanvi Verma,222 Laxmi Nagar,+91 8457971801,cash,2026-01-12T08:46:25.912Z
SYN003372,42,4079.0,0.0,326.32,4405.32,delivered,Tanvi Verma,447 Brigade Road,+91 9382384686,cash,2025-10-28T08:46:25.912Z
SYN003373,42,3124.0,0.0,249.92,3373.92,delivered,Tanvi Verma,90 Nehru Nagar,+91 8027553452,card,2026-02-04T08:46:25.912Z
SYN003374,42,1697.0,0.0,135.76,1832.76,delivered,Tanvi Verma,432 MG Road,+91 7255419129,upi,2026-08-12T08:46:25.912Z
SYN003375,42,4764.0,0.0,381.12,5145.12,delivered,Tanvi Verma,478 MG Road,+91 7800032967,cash,2026-04-18T08:46:25.912Z
SYN003376,42,4634.0,0.0,370.72,5004.72,delivered,Tanvi Verma,425 Park Street,+91 8756288167,cash,2026-02-20T08:46:25.912Z
SYN003377,42,4478.0,0.0,358.24,4836.24,delivered,Tanvi Verma,106 MG Road,+91 9913082370,upi,2025-10-20T08:46:25.912Z
SYN003378,42,4094.0,0.0,327.52,4421.52,delivered,Tanvi Verma,294 Brigade Road,+91 7321420452,cash,2026-08-06T08:46:25.912Z
SYN003379,43,1840.0,0.0,147.2,1987.2,delivered,Gaurav Mehta,465 Nehru Nagar,+91 7097497942,upi,2026-03-30T08:46:25.912Z
SYN003380,43,1221.0,0.0,97.68,1318.68,delivered,Gaurav Mehta,229 Nehru Nagar,+91 7662920789,upi,2025-09-25T08:46:25.912Z
SYN003381,43,605.0,0.0,48.4,653.4,delivered,Gaurav Mehta,354 Salt Lake,+91 8473457290,cash,2026-03-03T08:46:25.912Z
SYN003382,43,1483.0,0.0,118.64,1601.64,delivered,Gaurav Mehta,34 Nehru Nagar,+91 8925292392,cash,2026-01-19T08:46:25.912Z
SYN003383,43,548.0,0.0,43.84,591.84,delivered,Gaurav Mehta,382 Brigade Road,+91 9027640801,upi,2025-10-08T08:46:25.912Z
SYN003384,43,1144.0,0.0,91.52,1235.52,delivered,Gaurav Mehta,342 Koramangala,+91 7058381190,card,2025-08-30T08:46:25.912Z
SYN003385,43,1155.0,0.0,92.4,1247.4,delivered,Gaurav Mehta,108 MG Road,+91 7499835294,card,2026-06-22T08:46:25.912Z
SYN003386,43,415.0,49.0,33.2,497.2,delivered,Gaurav Mehta,109 Andheri West,+91 9791721952,cash,2025-09-23T08:46:25.912Z
SYN003387,43,1072.0,0.0,85.76,1157.76,delivered,Gaurav Mehta,72 Laxmi Nagar,+91 8337472934,upi,2026-08-02T08:46:25.912Z
SYN003388,43,2842.0,0.0,227.36,3069.36,delivered,Gaurav Mehta,293 Park Street,+91 9034283655,upi,2026-05-27T08:46:25.912Z
SYN003389,43,895.0,0.0,71.6,966.6,delivered,Gaurav Mehta,106 Laxmi Nagar,+91 9820084425,card,2025-11-13T08:46:25.912Z
SYN003390,43,2189.0,0.0,175.12,2364.12,delivered,Gaurav Mehta,99 Koramangala,+91 9710896510,card,2025-10-17T08:46:25.912Z
SYN003391,43,846.0,0.0,67.68,913.68,delivered,Gaurav Mehta,1 Andheri West,+91 7348618497,upi,2026-07-01T08:46:25.912Z
SYN003392,43,1043.0,0.0,83.44,1126.44,delivered,Gaurav Mehta,336 Brigade Road,+91 8468291229,cash,2025-10-30T08:46:25.912Z
SYN003393,43,2244.0,0.0,179.52,2423.52,delivered,Gaurav Mehta,59 Salt Lake,+91 8003954433,upi,2026-04-20T08:46:25.912Z
SYN003394,43,745.0,0.0,59.6,804.6,delivered,Gaurav Mehta,382 Koramangala,+91 9126168223,upi,2026-04-01T08:46:25.912Z
SYN003395,43,1342.0,0.0,107.36,1449.36,delivered,Gaurav Mehta,380 Gandhi Path,+91 9654910798,cash,2025-11-20T08:46:25.912Z
SYN003396,43,2643.0,0.0,211.44,2854.44,delivered,Gaurav Mehta,361 MG Road,+91 9342594432,cash,2026-04-17T08:46:25.912Z
SYN003397,43,697.0,0.0,55.76,752.76,delivered,Gaurav Mehta,154 Gandhi Path,+91 9737994900,card,2026-04-25T08:46:25.912Z
SYN003398,43,2839.0,0.0,227.12,3066.12,delivered,Gaurav Mehta,339 MG Road,+91 9592274975,upi,2026-03-08T08:46:25.912Z
SYN003399,43,1494.0,0.0,119.52,1613.52,delivered,Gaurav Mehta,332 Andheri West,+91 7698640574,card,2025-09-05T08:46:25.912Z
SYN003400,43,1092.0,0.0,87.36,1179.36,delivered,Gaurav Mehta,278 Park Street,+91 9053344653,card,2026-07-05T08:46:25.912Z
SYN003401,43,1895.0,0.0,151.6,2046.6,delivered,Gaurav Mehta,492 Nehru Nagar,+91 7066874912,cash,2026-04-16T08:46:25.912Z
SYN003402,43,844.0,0.0,67.52,911.52,delivered,Gaurav Mehta,7 Gandhi Path,+91 9507740043,card,2026-02-13T08:46:25.912Z
SYN003403,43,795.0,0.0,63.6,858.6,delivered,Gaurav Mehta,176 Laxmi Nagar,+91 7076164339,card,2026-08-16T08:46:25.912Z
SYN003404,43,946.0,0.0,75.68,1021.68,delivered,Gaurav Mehta,195 Gandhi Path,+91 9821073563,cash,2025-11-08T08:46:25.912Z
SYN003405,43,1323.0,0.0,105.84,1428.84,delivered,Gaurav Mehta,390 MG Road,+91 9990711641,card,2026-06-20T08:46:25.912Z
SYN003406,43,1643.0,0.0,131.44,1774.44,delivered,Gaurav Mehta,309 Laxmi Nagar,+91 7841578479,cash,2025-12-28T08:46:25.912Z
SYN003407,44,2784.0,0.0,222.72,3006.72,delivered,Swati Gupta,248 Koramangala,+91 8797337079,upi,2026-08-01T08:46:25.912Z
SYN003408,44,2504.0,0.0,200.32,2704.32,delivered,Swati Gupta,197 Banjara Hills,+91 8484423119,upi,2026-02-19T08:46:25.912Z
SYN003409,44,4024.0,0.0,321.92,4345.92,delivered,Swati Gupta,472 Brigade Road,+91 9651669638,cash,2025-12-22T08:46:25.912Z
SYN003410,44,2675.0,0.0,214.0,2889.0,delivered,Swati Gupta,450 Koramangala,+91 7554133821,card,2026-04-15T08:46:25.912Z
SYN003411,44,2538.0,0.0,203.04,2741.04,delivered,Swati Gupta,474 Koramangala,+91 9623378661,cash,2025-09-05T08:46:25.912Z
SYN003412,44,3720.0,0.0,297.6,4017.6,delivered,Swati Gupta,496 Banjara Hills,+91 9868780207,upi,2025-11-04T08:46:25.912Z
SYN003413,44,1207.0,0.0,96.56,1303.56,delivered,Swati Gupta,309 Andheri West,+91 7242586725,cash,2026-08-02T08:46:25.912Z
SYN003414,44,2755.0,0.0,220.4,2975.4,delivered,Swati Gupta,368 Nehru Nagar,+91 7523713624,upi,2025-12-10T08:46:25.912Z
SYN003415,44,3143.0,0.0,251.44,3394.44,delivered,Swati Gupta,239 Laxmi Nagar,+91 9020991360,card,2026-01-22T08:46:25.912Z
SYN003416,44,3424.0,0.0,273.92,3697.92,delivered,Swati Gupta,114 Nehru Nagar,+91 9047715566,card,2026-01-13T08:46:25.912Z
SYN003417,44,3850.0,0.0,308.0,4158.0,delivered,Swati Gupta,141 Brigade Road,+91 9324098071,upi,2026-04-08T08:46:25.912Z
SYN003418,44,4617.0,0.0,369.36,4986.36,delivered,Swati Gupta,17 Brigade Road,+91 8514256917,card,2026-06-03T08:46:25.912Z
SYN003419,44,4728.0,0.0,378.24,5106.24,delivered,Swati Gupta,238 Andheri West,+91 7118885951,card,2026-06-23T08:46:25.912Z
SYN003420,44,2245.0,0.0,179.6,2424.6,delivered,Swati Gupta,305 Laxmi Nagar,+91 9885916918,cash,2025-12-25T08:46:25.912Z
SYN003421,44,3769.0,0.0,301.52,4070.52,delivered,Swati Gupta,311 Nehru Nagar,+91 7553179003,cash,2026-08-17T08:46:25.912Z
SYN003422,44,1677.0,0.0,134.16,1811.16,delivered,Swati Gupta,346 Nehru Nagar,+91 7328757865,upi,2025-11-18T08:46:25.912Z
SYN003423,44,3212.0,0.0,256.96,3468.96,delivered,Swati Gupta,491 Gandhi Path,+91 9144354777,upi,2026-04-12T08:46:25.912Z
SYN003424,44,2835.0,0.0,226.8,3061.8,delivered,Swati Gupta,409 Banjara Hills,+91 7667726470,upi,2025-12-27T08:46:25.912Z
SYN003425,44,5055.0,0.0,404.4,5459.4,delivered,Swati Gupta,233 Andheri West,+91 7624844094,upi,2025-10-17T08:46:25.912Z
SYN003426,44,3441.0,0.0,275.28,3716.28,delivered,Swati Gupta,11 Banjara Hills,+91 8594670226,upi,2026-08-06T08:46:25.912Z
SYN003427,44,2571.0,0.0,205.68,2776.68,delivered,Swati Gupta,300 Banjara Hills,+91 9646189488,upi,2026-05-31T08:46:25.912Z
SYN003428,44,3882.0,0.0,310.56,4192.56,delivered,Swati Gupta,372 MG Road,+91 9136780686,cash,2026-01-29T08:46:25.912Z
SYN003429,44,4875.0,0.0,390.0,5265.0,delivered,Swati Gupta,185 MG Road,+91 8118680374,cash,2025-11-01T08:46:25.912Z
SYN003430,44,1828.0,0.0,146.24,1974.24,delivered,Swati Gupta,16 Nehru Nagar,+91 8631752846,cash,2026-08-20T08:46:25.912Z
SYN003431,44,4210.0,0.0,336.8,4546.8,delivered,Swati Gupta,16 Park Street,+91 7839688880,card,2026-02-04T08:46:25.912Z
SYN003432,44,1937.0,0.0,154.96,2091.96,delivered,Swati Gupta,268 Laxmi Nagar,+91 9481415612,cash,2026-02-01T08:46:25.912Z
SYN003433,44,3022.0,0.0,241.76,3263.76,delivered,Swati Gupta,221 Gandhi Path,+91 8739747265,cash,2026-08-19T08:46:25.912Z
SYN003434,44,4286.0,0.0,342.88,4628.88,delivered,Swati Gupta,402 Gandhi Path,+91 9415580997,cash,2026-08-02T08:46:25.912Z
SYN003435,44,3891.0,0.0,311.28,4202.28,delivered,Swati Gupta,166 Koramangala,+91 8392267152,upi,2026-06-06T08:46:25.912Z
SYN003436,44,4584.0,0.0,366.72,4950.72,delivered,Swati Gupta,235 Banjara Hills,+91 7237863701,card,2026-04-08T08:46:25.912Z
SYN003437,44,3601.0,0.0,288.08,3889.08,delivered,Swati Gupta,182 MG Road,+91 8413748588,cash,2026-02-13T08:46:25.912Z
SYN003438,44,3510.0,0.0,280.8,3790.8,delivered,Swati Gupta,61 Nehru Nagar,+91 9052247958,card,2026-02-12T08:46:25.912Z
SYN003439,44,1913.0,0.0,153.04,2066.04,delivered,Swati Gupta,480 Koramangala,+91 7952979933,card,2026-06-30T08:46:25.912Z
SYN003440,44,3478.0,0.0,278.24,3756.24,delivered,Swati Gupta,302 Brigade Road,+91 9496346988,card,2026-01-28T08:46:25.912Z
SYN003441,44,3398.0,0.0,271.84,3669.84,delivered,Swati Gupta,236 Park Street,+91 8592252302,upi,2025-10-18T08:46:25.912Z
SYN003442,44,4218.0,0.0,337.44,4555.44,delivered,Swati Gupta,5 Park Street,+91 8809777929,card,2026-04-12T08:46:25.912Z
SYN003443,44,3885.0,0.0,310.8,4195.8,delivered,Swati Gupta,492 Laxmi Nagar,+91 8059190147,cash,2026-07-29T08:46:25.912Z
SYN003444,44,2670.0,0.0,213.6,2883.6,delivered,Swati Gupta,236 Salt Lake,+91 8803512563,upi,2025-12-23T08:46:25.912Z
SYN003445,44,2723.0,0.0,217.84,2940.84,delivered,Swati Gupta,140 Salt Lake,+91 9852434494,cash,2025-11-21T08:46:25.912Z
SYN003446,44,2493.0,0.0,199.44,2692.44,delivered,Swati Gupta,273 Brigade Road,+91 8583072722,upi,2026-06-13T08:46:25.912Z
SYN003447,44,1742.0,0.0,139.36,1881.36,delivered,Swati Gupta,332 Brigade Road,+91 7790460806,upi,2025-12-11T08:46:25.912Z
SYN003448,44,1852.0,0.0,148.16,2000.16,delivered,Swati Gupta,376 Banjara Hills,+91 9876735287,cash,2025-09-09T08:46:25.912Z
SYN003449,44,3448.0,0.0,275.84,3723.84,delivered,Swati Gupta,126 Banjara Hills,+91 7514862534,card,2026-08-12T08:46:25.912Z
SYN003450,44,4561.0,0.0,364.88,4925.88,delivered,Swati Gupta,236 Banjara Hills,+91 9822171175,cash,2026-01-29T08:46:25.912Z
SYN003451,44,2865.0,0.0,229.2,3094.2,delivered,Swati Gupta,329 Gandhi Path,+91 9074393816,cash,2026-06-18T08:46:25.912Z
SYN003452,44,5132.0,0.0,410.56,5542.56,delivered,Swati Gupta,315 Brigade Road,+91 9571559364,card,2025-10-08T08:46:25.912Z
SYN003453,44,3590.0,0.0,287.2,3877.2,delivered,Swati Gupta,287 Nehru Nagar,+91 8615229585,card,2025-09-27T08:46:25.912Z
SYN003454,44,3474.0,0.0,277.92,3751.92,delivered,Swati Gupta,119 Park Street,+91 7522640364,cash,2025-12-30T08:46:25.912Z
SYN003455,44,2821.0,0.0,225.68,3046.68,delivered,Swati Gupta,256 Koramangala,+91 7910518701,upi,2026-04-11T08:46:25.912Z
SYN003456,44,2285.0,0.0,182.8,2467.8,delivered,Swati Gupta,437 Park Street,+91 8206746580,cash,2026-01-26T08:46:25.912Z
SYN003457,44,3249.0,0.0,259.92,3508.92,delivered,Swati Gupta,157 Gandhi Path,+91 8678712848,upi,2025-12-09T08:46:25.912Z
SYN003458,44,2296.0,0.0,183.68,2479.68,delivered,Swati Gupta,167 Banjara Hills,+91 8603139892,cash,2026-01-04T08:46:25.912Z
SYN003459,44,2706.0,0.0,216.48,2922.48,delivered,Swati Gupta,13 Salt Lake,+91 7148678940,card,2026-06-27T08:46:25.912Z
SYN003460,44,2919.0,0.0,233.52,3152.52,delivered,Swati Gupta,398 Andheri West,+91 9168997942,upi,2026-06-25T08:46:25.912Z
SYN003461,44,3748.0,0.0,299.84,4047.84,delivered,Swati Gupta,479 Laxmi Nagar,+91 8370453680,upi,2025-12-31T08:46:25.912Z
SYN003462,44,3012.0,0.0,240.96,3252.96,delivered,Swati Gupta,326 Brigade Road,+91 8779987814,card,2025-10-29T08:46:25.912Z
SYN003463,44,2903.0,0.0,232.24,3135.24,delivered,Swati Gupta,225 Andheri West,+91 7703288438,upi,2026-06-13T08:46:25.912Z
SYN003464,44,4998.0,0.0,399.84,5397.84,delivered,Swati Gupta,81 Nehru Nagar,+91 8538142369,upi,2025-11-15T08:46:25.912Z
SYN003465,44,3015.0,0.0,241.2,3256.2,delivered,Swati Gupta,15 Park Street,+91 9650548870,upi,2025-11-22T08:46:25.912Z
SYN003466,44,4029.0,0.0,322.32,4351.32,delivered,Swati Gupta,416 Andheri West,+91 9886123713,upi,2026-01-24T08:46:25.912Z
SYN003467,44,2546.0,0.0,203.68,2749.68,delivered,Swati Gupta,5 MG Road,+91 9850611851,upi,2026-02-08T08:46:25.912Z
SYN003468,44,2020.0,0.0,161.6,2181.6,delivered,Swati Gupta,390 Banjara Hills,+91 9250611360,cash,2026-03-29T08:46:25.912Z
SYN003469,44,1757.0,0.0,140.56,1897.56,delivered,Swati Gupta,163 Salt Lake,+91 8460134650,cash,2025-09-22T08:46:25.912Z
SYN003470,44,3998.0,0.0,319.84,4317.84,delivered,Swati Gupta,428 Nehru Nagar,+91 8048680971,card,2026-06-28T08:46:25.912Z
SYN003471,44,2832.0,0.0,226.56,3058.56,delivered,Swati Gupta,123 Laxmi Nagar,+91 8117657495,card,2026-08-12T08:46:25.912Z
SYN003472,44,3611.0,0.0,288.88,3899.88,delivered,Swati Gupta,496 Banjara Hills,+91 9293240126,upi,2026-01-03T08:46:25.912Z
SYN003473,44,3951.0,0.0,316.08,4267.08,delivered,Swati Gupta,401 Park Street,+91 9531811380,upi,2026-02-16T08:46:25.912Z
SYN003474,44,2508.0,0.0,200.64,2708.64,delivered,Swati Gupta,449 Brigade Road,+91 8614936156,card,2025-08-29T08:46:25.912Z
SYN003475,44,3422.0,0.0,273.76,3695.76,delivered,Swati Gupta,427 Laxmi Nagar,+91 7765928448,cash,2026-08-15T08:46:25.912Z
SYN003476,44,5044.0,0.0,403.52,5447.52,delivered,Swati Gupta,205 Gandhi Path,+91 9552958376,cash,2026-03-05T08:46:25.912Z
SYN003477,44,3049.0,0.0,243.92,3292.92,delivered,Swati Gupta,265 Andheri West,+91 7854560796,cash,2026-05-30T08:46:25.912Z
SYN003478,44,1343.0,0.0,107.44,1450.44,delivered,Swati Gupta,419 Nehru Nagar,+91 7921012235,card,2025-12-14T08:46:25.912Z
SYN003479,44,2993.0,0.0,239.44,3232.44,delivered,Swati Gupta,117 Laxmi Nagar,+91 9538568802,cash,2026-08-21T08:46:25.912Z
SYN003480,44,4164.0,0.0,333.12,4497.12,delivered,Swati Gupta,436 Park Street,+91 8934110668,upi,2026-03-09T08:46:25.912Z
SYN003481,44,2199.0,0.0,175.92,2374.92,delivered,Swati Gupta,118 Banjara Hills,+91 9566622868,cash,2026-05-31T08:46:25.912Z
SYN003482,44,5149.0,0.0,411.92,5560.92,delivered,Swati Gupta,390 Banjara Hills,+91 7488387463,upi,2026-07-29T08:46:25.912Z
SYN003483,44,5099.0,0.0,407.92,5506.92,delivered,Swati Gupta,488 Andheri West,+91 7052779507,cash,2026-06-13T08:46:25.912Z
SYN003484,44,2036.0,0.0,162.88,2198.88,delivered,Swati Gupta,100 Andheri West,+91 9243664270,upi,2025-11-17T08:46:25.912Z
SYN003485,44,5560.0,0.0,444.8,6004.8,delivered,Swati Gupta,393 Brigade Road,+91 7060811068,card,2026-07-21T08:46:25.912Z
SYN003486,44,2229.0,0.0,178.32,2407.32,delivered,Swati Gupta,335 Banjara Hills,+91 9402456444,cash,2026-05-11T08:46:25.912Z
SYN003487,44,3682.0,0.0,294.56,3976.56,delivered,Swati Gupta,41 Park Street,+91 8066711991,upi,2026-08-16T08:46:25.912Z
SYN003488,44,3391.0,0.0,271.28,3662.28,delivered,Swati Gupta,423 Salt Lake,+91 9818048499,card,2026-02-27T08:46:25.912Z
SYN003489,44,3992.0,0.0,319.36,4311.36,delivered,Swati Gupta,441 Andheri West,+91 7707452012,card,2025-09-30T08:46:25.912Z
SYN003490,44,2614.0,0.0,209.12,2823.12,delivered,Swati Gupta,353 MG Road,+91 8555831036,card,2026-03-18T08:46:25.912Z
SYN003491,44,3402.0,0.0,272.16,3674.16,delivered,Swati Gupta,480 MG Road,+91 7907297706,card,2025-10-24T08:46:25.912Z
SYN003492,44,5965.0,0.0,477.2,6442.2,delivered,Swati Gupta,339 Park Street,+91 7444751100,cash,2026-08-03T08:46:25.912Z
SYN003493,44,4110.0,0.0,328.8,4438.8,delivered,Swati Gupta,327 Banjara Hills,+91 8759697365,upi,2026-07-05T08:46:25.912Z
SYN003494,44,4407.0,0.0,352.56,4759.56,delivered,Swati Gupta,344 MG Road,+91 9371932404,upi,2025-11-12T08:46:25.912Z
SYN003495,44,4664.0,0.0,373.12,5037.12,delivered,Swati Gupta,50 Laxmi Nagar,+91 7604581267,upi,2026-04-24T08:46:25.912Z
SYN003496,44,2750.0,0.0,220.0,2970.0,delivered,Swati Gupta,477 Banjara Hills,+91 9608667576,cash,2026-03-12T08:46:25.912Z
SYN003497,44,5525.0,0.0,442.0,5967.0,delivered,Swati Gupta,209 Salt Lake,+91 7349110031,upi,2026-04-01T08:46:25.912Z
SYN003498,44,1082.0,0.0,86.56,1168.56,delivered,Swati Gupta,130 Nehru Nagar,+91 7362589231,cash,2025-10-26T08:46:25.912Z
SYN003499,44,3282.0,0.0,262.56,3544.56,delivered,Swati Gupta,363 Andheri West,+91 9181850181,card,2025-10-12T08:46:25.912Z
SYN003500,44,3181.0,0.0,254.48,3435.48,delivered,Swati Gupta,31 Andheri West,+91 7627588624,upi,2026-07-04T08:46:25.912Z
SYN003501,44,3857.0,0.0,308.56,4165.56,delivered,Swati Gupta,111 Koramangala,+91 8855611939,cash,2026-07-31T08:46:25.912Z
SYN003502,44,3561.0,0.0,284.88,3845.88,delivered,Swati Gupta,22 Gandhi Path,+91 8483260502,cash,2026-05-07T08:46:25.912Z
SYN003503,44,3308.0,0.0,264.64,3572.64,delivered,Swati Gupta,492 MG Road,+91 9721931514,upi,2026-03-13T08:46:25.912Z
SYN003504,44,3241.0,0.0,259.28,3500.28,delivered,Swati Gupta,345 Banjara Hills,+91 7521020666,upi,2026-01-09T08:46:25.912Z
SYN003505,44,2115.0,0.0,169.2,2284.2,delivered,Swati Gupta,182 Andheri West,+91 9210868675,card,2026-03-02T08:46:25.912Z
SYN003506,44,3122.0,0.0,249.76,3371.76,delivered,Swati Gupta,361 Andheri West,+91 8787962728,upi,2025-11-08T08:46:25.912Z
SYN003507,44,4307.0,0.0,344.56,4651.56,delivered,Swati Gupta,202 Park Street,+91 7274263854,upi,2026-02-21T08:46:25.912Z
SYN003508,44,5726.0,0.0,458.08,6184.08,delivered,Swati Gupta,362 MG Road,+91 9826049138,upi,2025-11-11T08:46:25.912Z
SYN003509,44,3622.0,0.0,289.76,3911.76,delivered,Swati Gupta,150 Salt Lake,+91 9440156887,upi,2025-12-22T08:46:25.912Z
SYN003510,44,6583.0,0.0,526.64,7109.64,delivered,Swati Gupta,441 Brigade Road,+91 7062680663,upi,2026-08-03T08:46:25.912Z
SYN003511,44,2426.0,0.0,194.08,2620.08,delivered,Swati Gupta,32 Banjara Hills,+91 9994132293,cash,2026-05-22T08:46:25.912Z
SYN003512,44,4288.0,0.0,343.04,4631.04,delivered,Swati Gupta,131 Salt Lake,+91 7033792661,card,2026-02-26T08:46:25.912Z
SYN003513,44,2554.0,0.0,204.32,2758.32,delivered,Swati Gupta,225 Brigade Road,+91 9434882164,card,2025-11-25T08:46:25.912Z
SYN003514,44,5230.0,0.0,418.4,5648.4,delivered,Swati Gupta,139 MG Road,+91 8037159036,cash,2026-06-25T08:46:25.912Z
SYN003515,44,5528.0,0.0,442.24,5970.24,delivered,Swati Gupta,307 Koramangala,+91 8818263379,card,2026-05-10T08:46:25.912Z
SYN003516,44,2797.0,0.0,223.76,3020.76,delivered,Swati Gupta,272 Andheri West,+91 8514398955,upi,2026-01-19T08:46:25.912Z
SYN003517,44,2359.0,0.0,188.72,2547.72,delivered,Swati Gupta,253 Park Street,+91 7985191550,cash,2026-06-10T08:46:25.912Z
SYN003518,44,3471.0,0.0,277.68,3748.68,delivered,Swati Gupta,390 Andheri West,+91 7077418522,card,2025-11-13T08:46:25.912Z
SYN003519,44,4753.0,0.0,380.24,5133.24,delivered,Swati Gupta,25 Salt Lake,+91 8161947599,card,2026-07-10T08:46:25.912Z
SYN003520,44,5021.0,0.0,401.68,5422.68,delivered,Swati Gupta,106 MG Road,+91 8950412993,upi,2025-09-27T08:46:25.912Z
SYN003521,44,3805.0,0.0,304.4,4109.4,delivered,Swati Gupta,431 Brigade Road,+91 9478910411,upi,2026-07-27T08:46:25.912Z
SYN003522,44,1986.0,0.0,158.88,2144.88,delivered,Swati Gupta,360 Banjara Hills,+91 9123578145,upi,2025-09-21T08:46:25.912Z
SYN003523,44,2618.0,0.0,209.44,2827.44,delivered,Swati Gupta,245 MG Road,+91 9974256430,card,2026-01-29T08:46:25.912Z
SYN003524,44,5196.0,0.0,415.68,5611.68,delivered,Swati Gupta,91 Salt Lake,+91 9002738871,card,2026-07-27T08:46:25.912Z
SYN003525,44,5695.0,0.0,455.6,6150.6,delivered,Swati Gupta,396 Laxmi Nagar,+91 8905428966,upi,2025-09-05T08:46:25.912Z
SYN003526,44,4980.0,0.0,398.4,5378.4,delivered,Swati Gupta,367 Koramangala,+91 7043015436,cash,2026-01-28T08:46:25.912Z
SYN003527,44,2604.0,0.0,208.32,2812.32,delivered,Swati Gupta,292 Brigade Road,+91 8499869433,upi,2025-10-29T08:46:25.912Z
SYN003528,44,3949.0,0.0,315.92,4264.92,delivered,Swati Gupta,175 MG Road,+91 8338886671,upi,2026-05-15T08:46:25.912Z
SYN003529,44,4260.0,0.0,340.8,4600.8,delivered,Swati Gupta,180 Salt Lake,+91 7317789674,upi,2026-03-01T08:46:25.912Z
SYN003530,44,1668.0,0.0,133.44,1801.44,delivered,Swati Gupta,111 Banjara Hills,+91 9246394407,card,2025-08-31T08:46:25.912Z
SYN003531,44,3108.0,0.0,248.64,3356.64,delivered,Swati Gupta,203 MG Road,+91 8688798488,card,2026-05-01T08:46:25.912Z
SYN003532,44,1298.0,0.0,103.84,1401.84,delivered,Swati Gupta,433 Andheri West,+91 7303429586,upi,2025-09-18T08:46:25.912Z
SYN003533,44,5292.0,0.0,423.36,5715.36,delivered,Swati Gupta,268 Banjara Hills,+91 7446282330,card,2025-08-28T08:46:25.912Z
SYN003534,44,3580.0,0.0,286.4,3866.4,delivered,Swati Gupta,364 Laxmi Nagar,+91 7713495505,upi,2026-01-21T08:46:25.912Z
SYN003535,44,3832.0,0.0,306.56,4138.56,delivered,Swati Gupta,129 Laxmi Nagar,+91 7904282078,cash,2025-09-05T08:46:25.912Z
SYN003536,44,3967.0,0.0,317.36,4284.36,delivered,Swati Gupta,496 Park Street,+91 9030411425,cash,2025-10-12T08:46:25.912Z
SYN003537,44,4092.0,0.0,327.36,4419.36,delivered,Swati Gupta,70 Brigade Road,+91 7634871300,card,2026-07-25T08:46:25.912Z
SYN003538,45,1856.0,0.0,148.48,2004.48,delivered,Harish Mehta,150 Park Street,+91 9868777934,card,2026-06-02T08:46:25.912Z
SYN003539,45,1291.0,0.0,103.28,1394.28,delivered,Harish Mehta,288 Park Street,+91 7689926123,cash,2026-03-05T08:46:25.912Z
SYN003540,45,1466.0,0.0,117.28,1583.28,delivered,Harish Mehta,290 Salt Lake,+91 8232742448,card,2026-07-15T08:46:25.912Z
SYN003541,45,1160.0,0.0,92.8,1252.8,delivered,Harish Mehta,490 Gandhi Path,+91 9347643603,cash,2026-03-12T08:46:25.912Z
SYN003542,45,1370.0,0.0,109.6,1479.6,delivered,Harish Mehta,364 Koramangala,+91 7629636981,upi,2025-09-23T08:46:25.912Z
SYN003543,45,1118.0,0.0,89.44,1207.44,delivered,Harish Mehta,245 Koramangala,+91 7865254681,upi,2026-01-15T08:46:25.912Z
SYN003544,45,1754.0,0.0,140.32,1894.32,delivered,Harish Mehta,382 Laxmi Nagar,+91 9241433876,upi,2026-01-11T08:46:25.912Z
SYN003545,45,2334.0,0.0,186.72,2520.72,delivered,Harish Mehta,236 Park Street,+91 7796118919,card,2025-09-14T08:46:25.912Z
SYN003546,45,1865.0,0.0,149.2,2014.2,delivered,Harish Mehta,122 Park Street,+91 7896781008,card,2025-10-22T08:46:25.912Z
SYN003547,45,1620.0,0.0,129.6,1749.6,delivered,Harish Mehta,123 Nehru Nagar,+91 7771095603,upi,2026-02-06T08:46:25.912Z
SYN003548,45,1758.0,0.0,140.64,1898.64,delivered,Harish Mehta,258 MG Road,+91 9525229264,card,2026-02-20T08:46:25.912Z
SYN003549,45,1719.0,0.0,137.52,1856.52,delivered,Harish Mehta,379 Nehru Nagar,+91 7715131483,upi,2026-08-06T08:46:25.912Z
SYN003550,45,3551.0,0.0,284.08,3835.08,delivered,Harish Mehta,475 Brigade Road,+91 7602233021,cash,2025-10-24T08:46:25.912Z
SYN003551,45,972.0,0.0,77.76,1049.76,delivered,Harish Mehta,120 Salt Lake,+91 7616245659,cash,2026-05-25T08:46:25.912Z
SYN003552,45,3886.0,0.0,310.88,4196.88,delivered,Harish Mehta,58 Banjara Hills,+91 8268027689,card,2025-12-18T08:46:25.912Z
SYN003553,45,1249.0,0.0,99.92,1348.92,delivered,Harish Mehta,150 MG Road,+91 8431371343,card,2025-11-09T08:46:25.912Z
SYN003554,45,2495.0,0.0,199.6,2694.6,delivered,Harish Mehta,383 Gandhi Path,+91 9664298128,card,2025-09-22T08:46:25.912Z
SYN003555,45,1274.0,0.0,101.92,1375.92,delivered,Harish Mehta,231 Andheri West,+91 7829111944,cash,2026-02-19T08:46:25.912Z
SYN003556,45,2466.0,0.0,197.28,2663.28,delivered,Harish Mehta,243 Koramangala,+91 7206659697,upi,2026-03-30T08:46:25.912Z
SYN003557,45,1967.0,0.0,157.36,2124.36,delivered,Harish Mehta,108 MG Road,+91 7683497267,upi,2026-06-10T08:46:25.912Z
SYN003558,45,1447.0,0.0,115.76,1562.76,delivered,Harish Mehta,241 Brigade Road,+91 7854766067,cash,2026-02-22T08:46:25.912Z
SYN003559,45,1231.0,0.0,98.48,1329.48,delivered,Harish Mehta,374 Nehru Nagar,+91 9631878514,upi,2025-10-19T08:46:25.912Z
SYN003560,45,783.0,0.0,62.64,845.64,delivered,Harish Mehta,282 Brigade Road,+91 8619878260,cash,2025-12-09T08:46:25.912Z
SYN003561,45,1984.0,0.0,158.72,2142.72,delivered,Harish Mehta,402 Gandhi Path,+91 8909367828,cash,2026-05-28T08:46:25.912Z
SYN003562,45,1927.0,0.0,154.16,2081.16,delivered,Harish Mehta,240 Brigade Road,+91 7437954147,cash,2025-08-31T08:46:25.912Z
SYN003563,45,1806.0,0.0,144.48,1950.48,delivered,Harish Mehta,76 Koramangala,+91 8525430695,upi,2026-06-26T08:46:25.912Z
SYN003564,45,2014.0,0.0,161.12,2175.12,delivered,Harish Mehta,341 Brigade Road,+91 7380370570,cash,2026-06-07T08:46:25.912Z
SYN003565,45,1561.0,0.0,124.88,1685.88,delivered,Harish Mehta,90 Brigade Road,+91 7072954172,upi,2026-04-19T08:46:25.912Z
SYN003566,45,879.0,0.0,70.32,949.32,delivered,Harish Mehta,307 Koramangala,+91 7087124854,upi,2026-07-14T08:46:25.912Z
SYN003567,45,2327.0,0.0,186.16,2513.16,delivered,Harish Mehta,29 Laxmi Nagar,+91 9087239383,cash,2025-10-26T08:46:25.912Z
SYN003568,45,2363.0,0.0,189.04,2552.04,delivered,Harish Mehta,92 Nehru Nagar,+91 8890134651,card,2026-05-15T08:46:25.912Z
SYN003569,45,3873.0,0.0,309.84,4182.84,delivered,Harish Mehta,280 MG Road,+91 9508659587,cash,2026-05-17T08:46:25.912Z
SYN003570,45,1062.0,0.0,84.96,1146.96,delivered,Harish Mehta,106 Gandhi Path,+91 8333516374,card,2026-01-20T08:46:25.912Z
SYN003571,45,3522.0,0.0,281.76,3803.76,delivered,Harish Mehta,348 Koramangala,+91 8336166642,card,2026-02-27T08:46:25.912Z
SYN003572,45,4208.0,0.0,336.64,4544.64,delivered,Harish Mehta,177 Salt Lake,+91 8187229900,cash,2026-06-12T08:46:25.912Z
SYN003573,45,2403.0,0.0,192.24,2595.24,delivered,Harish Mehta,77 Brigade Road,+91 9497187185,upi,2026-07-15T08:46:25.912Z
SYN003574,45,2422.0,0.0,193.76,2615.76,delivered,Harish Mehta,152 Nehru Nagar,+91 8208497029,cash,2026-04-25T08:46:25.912Z
SYN003575,45,1421.0,0.0,113.68,1534.68,delivered,Harish Mehta,431 Nehru Nagar,+91 7655014213,upi,2025-11-01T08:46:25.912Z
SYN003576,45,1906.0,0.0,152.48,2058.48,delivered,Harish Mehta,225 Salt Lake,+91 9194076680,cash,2025-12-24T08:46:25.912Z
SYN003577,45,1240.0,0.0,99.2,1339.2,delivered,Harish Mehta,480 Nehru Nagar,+91 9317094854,cash,2026-08-11T08:46:25.912Z
SYN003578,45,1826.0,0.0,146.08,1972.08,delivered,Harish Mehta,282 Laxmi Nagar,+91 9431318324,card,2026-03-14T08:46:25.912Z
SYN003579,45,1389.0,0.0,111.12,1500.12,delivered,Harish Mehta,405 Nehru Nagar,+91 8282246532,cash,2026-04-04T08:46:25.912Z
SYN003580,45,1216.0,0.0,97.28,1313.28,delivered,Harish Mehta,203 Koramangala,+91 8668656384,upi,2026-01-31T08:46:25.912Z
SYN003581,45,553.0,0.0,44.24,597.24,delivered,Harish Mehta,134 Banjara Hills,+91 7650755387,upi,2025-10-08T08:46:25.912Z
SYN003582,45,1704.0,0.0,136.32,1840.32,delivered,Harish Mehta,80 Laxmi Nagar,+91 7104178010,card,2026-01-23T08:46:25.912Z
SYN003583,45,963.0,0.0,77.04,1040.04,delivered,Harish Mehta,17 MG Road,+91 9894662439,upi,2026-02-15T08:46:25.912Z
SYN003584,45,1144.0,0.0,91.52,1235.52,delivered,Harish Mehta,168 MG Road,+91 7255167473,upi,2025-10-26T08:46:25.912Z
SYN003585,45,1243.0,0.0,99.44,1342.44,delivered,Harish Mehta,385 Gandhi Path,+91 9646218869,card,2026-01-01T08:46:25.912Z
SYN003586,45,2139.0,0.0,171.12,2310.12,delivered,Harish Mehta,194 Banjara Hills,+91 9233054968,card,2025-11-04T08:46:25.912Z
SYN003587,45,1715.0,0.0,137.2,1852.2,delivered,Harish Mehta,471 Nehru Nagar,+91 9038142429,cash,2026-03-17T08:46:25.912Z
SYN003588,45,2035.0,0.0,162.8,2197.8,delivered,Harish Mehta,137 Koramangala,+91 8637224537,upi,2026-07-26T08:46:25.912Z
SYN003589,45,2124.0,0.0,169.92,2293.92,delivered,Harish Mehta,196 Koramangala,+91 9803567634,upi,2026-08-11T08:46:25.912Z
SYN003590,45,2079.0,0.0,166.32,2245.32,delivered,Harish Mehta,83 Laxmi Nagar,+91 9568776216,card,2026-03-18T08:46:25.912Z
SYN003591,45,2384.0,0.0,190.72,2574.72,delivered,Harish Mehta,43 Gandhi Path,+91 8605355499,upi,2026-06-25T08:46:25.912Z
SYN003592,45,1218.0,0.0,97.44,1315.44,delivered,Harish Mehta,14 Laxmi Nagar,+91 7674441657,upi,2026-07-10T08:46:25.912Z
SYN003593,45,1498.0,0.0,119.84,1617.84,delivered,Harish Mehta,485 Salt Lake,+91 9926295513,cash,2026-03-04T08:46:25.912Z
SYN003594,45,974.0,0.0,77.92,1051.92,delivered,Harish Mehta,417 Gandhi Path,+91 8241812132,cash,2025-12-26T08:46:25.912Z
SYN003595,45,2646.0,0.0,211.68,2857.68,delivered,Harish Mehta,190 Nehru Nagar,+91 9646916050,upi,2025-12-29T08:46:25.912Z
SYN003596,45,1050.0,0.0,84.0,1134.0,delivered,Harish Mehta,75 Banjara Hills,+91 8598841476,upi,2025-12-10T08:46:25.912Z
SYN003597,45,772.0,0.0,61.76,833.76,delivered,Harish Mehta,196 Salt Lake,+91 9988773206,card,2025-12-04T08:46:25.912Z
SYN003598,45,1536.0,0.0,122.88,1658.88,delivered,Harish Mehta,251 Salt Lake,+91 7198818906,cash,2025-11-02T08:46:25.912Z
SYN003599,45,2563.0,0.0,205.04,2768.04,delivered,Harish Mehta,8 Nehru Nagar,+91 7385186633,upi,2025-10-28T08:46:25.912Z
SYN003600,45,1496.0,0.0,119.68,1615.68,delivered,Harish Mehta,385 Salt Lake,+91 8137723372,cash,2025-10-24T08:46:25.912Z
SYN003601,45,3165.0,0.0,253.2,3418.2,delivered,Harish Mehta,102 MG Road,+91 7541916041,cash,2026-08-06T08:46:25.912Z
SYN003602,45,1591.0,0.0,127.28,1718.28,delivered,Harish Mehta,466 Salt Lake,+91 9168661620,upi,2025-12-07T08:46:25.912Z
SYN003603,45,1895.0,0.0,151.6,2046.6,delivered,Harish Mehta,157 Koramangala,+91 9359197490,card,2026-07-01T08:46:25.912Z
SYN003604,45,1589.0,0.0,127.12,1716.12,delivered,Harish Mehta,43 Koramangala,+91 7739063540,card,2026-03-20T08:46:25.912Z
SYN003605,45,4164.0,0.0,333.12,4497.12,delivered,Harish Mehta,44 Salt Lake,+91 8578556554,upi,2026-08-03T08:46:25.912Z
SYN003606,45,2666.0,0.0,213.28,2879.28,delivered,Harish Mehta,224 Nehru Nagar,+91 8197656435,card,2026-02-06T08:46:25.912Z
SYN003607,45,1568.0,0.0,125.44,1693.44,delivered,Harish Mehta,98 Gandhi Path,+91 9121066891,cash,2026-03-17T08:46:25.912Z
SYN003608,45,2003.0,0.0,160.24,2163.24,delivered,Harish Mehta,364 Salt Lake,+91 8830139846,card,2026-04-26T08:46:25.912Z
SYN003609,45,1041.0,0.0,83.28,1124.28,delivered,Harish Mehta,499 Andheri West,+91 8835326369,upi,2026-04-08T08:46:25.912Z
SYN003610,45,2406.0,0.0,192.48,2598.48,delivered,Harish Mehta,490 Salt Lake,+91 9285359944,upi,2025-09-08T08:46:25.912Z
SYN003611,45,1828.0,0.0,146.24,1974.24,delivered,Harish Mehta,114 Koramangala,+91 8199547464,cash,2025-08-27T08:46:25.912Z
SYN003612,45,1274.0,0.0,101.92,1375.92,delivered,Harish Mehta,283 Salt Lake,+91 8289427660,upi,2026-04-18T08:46:25.912Z
SYN003613,45,1636.0,0.0,130.88,1766.88,delivered,Harish Mehta,61 Nehru Nagar,+91 9132751042,card,2026-05-31T08:46:25.912Z
SYN003614,45,2275.0,0.0,182.0,2457.0,delivered,Harish Mehta,159 MG Road,+91 7472626404,card,2026-08-05T08:46:25.912Z
SYN003615,45,613.0,0.0,49.04,662.04,delivered,Harish Mehta,213 Park Street,+91 9045850898,card,2026-08-08T08:46:25.912Z
SYN003616,45,1631.0,0.0,130.48,1761.48,delivered,Harish Mehta,19 Salt Lake,+91 7813853209,cash,2025-08-29T08:46:25.912Z
SYN003617,45,1836.0,0.0,146.88,1982.88,delivered,Harish Mehta,383 MG Road,+91 8985414167,cash,2025-08-30T08:46:25.912Z
SYN003618,45,1938.0,0.0,155.04,2093.04,delivered,Harish Mehta,346 Brigade Road,+91 8299780803,cash,2026-02-11T08:46:25.912Z
SYN003619,45,1479.0,0.0,118.32,1597.32,delivered,Harish Mehta,135 Brigade Road,+91 9385769951,card,2026-04-18T08:46:25.912Z
SYN003620,45,573.0,0.0,45.84,618.84,delivered,Harish Mehta,224 Brigade Road,+91 7564363921,card,2026-02-12T08:46:25.912Z
SYN003621,45,1210.0,0.0,96.8,1306.8,delivered,Harish Mehta,233 Salt Lake,+91 9912940782,card,2026-03-08T08:46:25.912Z
SYN003622,45,1395.0,0.0,111.6,1506.6,delivered,Harish Mehta,51 Andheri West,+91 9267764107,cash,2026-01-19T08:46:25.912Z
SYN003623,45,1329.0,0.0,106.32,1435.32,delivered,Harish Mehta,405 Andheri West,+91 9078285311,cash,2026-01-14T08:46:25.912Z
SYN003624,45,2934.0,0.0,234.72,3168.72,delivered,Harish Mehta,412 Salt Lake,+91 7771271424,upi,2025-10-30T08:46:25.912Z
SYN003625,45,1977.0,0.0,158.16,2135.16,delivered,Harish Mehta,6 Brigade Road,+91 7159860423,cash,2026-02-02T08:46:25.912Z
SYN003626,45,2556.0,0.0,204.48,2760.48,delivered,Harish Mehta,413 Nehru Nagar,+91 9723125270,upi,2026-08-16T08:46:25.912Z
SYN003627,45,845.0,0.0,67.6,912.6,delivered,Harish Mehta,194 Park Street,+91 9634495794,card,2026-03-28T08:46:25.912Z
SYN003628,45,1389.0,0.0,111.12,1500.12,delivered,Harish Mehta,397 Park Street,+91 9585121046,upi,2025-09-28T08:46:25.912Z
SYN003629,45,1547.0,0.0,123.76,1670.76,delivered,Harish Mehta,140 Koramangala,+91 8965774552,upi,2025-10-09T08:46:25.912Z
SYN003630,45,1219.0,0.0,97.52,1316.52,delivered,Harish Mehta,450 Salt Lake,+91 9697131150,upi,2025-11-10T08:46:25.912Z
SYN003631,45,1511.0,0.0,120.88,1631.88,delivered,Harish Mehta,12 MG Road,+91 9690247026,card,2026-04-28T08:46:25.912Z
SYN003632,45,501.0,0.0,40.08,541.08,delivered,Harish Mehta,257 Salt Lake,+91 9402376806,upi,2025-09-02T08:46:25.912Z
SYN003633,45,2041.0,0.0,163.28,2204.28,delivered,Harish Mehta,483 Andheri West,+91 8330325339,card,2026-04-21T08:46:25.912Z
SYN003634,45,3026.0,0.0,242.08,3268.08,delivered,Harish Mehta,339 Gandhi Path,+91 8344547991,card,2026-02-04T08:46:25.912Z
SYN003635,45,2496.0,0.0,199.68,2695.68,delivered,Harish Mehta,270 Gandhi Path,+91 9799099684,cash,2026-01-05T08:46:25.912Z
SYN003636,45,1092.0,0.0,87.36,1179.36,delivered,Harish Mehta,130 Koramangala,+91 8499511161,upi,2026-05-13T08:46:25.912Z
SYN003637,46,1164.0,0.0,93.12,1257.12,delivered,Bhavna Das,90 Park Street,+91 7423377421,card,2025-10-24T08:46:25.912Z
SYN003638,46,2347.0,0.0,187.76,2534.76,delivered,Bhavna Das,220 Park Street,+91 8108569402,cash,2026-03-23T08:46:25.912Z
SYN003639,46,2517.0,0.0,201.36,2718.36,delivered,Bhavna Das,212 Banjara Hills,+91 7202832833,upi,2026-03-14T08:46:25.912Z
SYN003640,46,1894.0,0.0,151.52,2045.52,delivered,Bhavna Das,369 Brigade Road,+91 9769911206,card,2026-08-17T08:46:25.912Z
SYN003641,46,1791.0,0.0,143.28,1934.28,delivered,Bhavna Das,417 Brigade Road,+91 8934092801,upi,2026-03-12T08:46:25.912Z
SYN003642,46,1592.0,0.0,127.36,1719.36,delivered,Bhavna Das,149 Koramangala,+91 8166320064,card,2025-12-23T08:46:25.912Z
SYN003643,46,1521.0,0.0,121.68,1642.68,delivered,Bhavna Das,415 Gandhi Path,+91 7576457187,upi,2026-02-09T08:46:25.912Z
SYN003644,46,1822.0,0.0,145.76,1967.76,delivered,Bhavna Das,133 Gandhi Path,+91 7823033408,card,2026-04-03T08:46:25.912Z
SYN003645,46,794.0,0.0,63.52,857.52,delivered,Bhavna Das,453 MG Road,+91 9004677464,card,2026-07-27T08:46:25.912Z
SYN003646,46,1720.0,0.0,137.6,1857.6,delivered,Bhavna Das,115 Koramangala,+91 7194947711,card,2025-12-17T08:46:25.912Z
SYN003647,46,1142.0,0.0,91.36,1233.36,delivered,Bhavna Das,264 Salt Lake,+91 8572739198,upi,2026-06-15T08:46:25.912Z
SYN003648,46,2067.0,0.0,165.36,2232.36,delivered,Bhavna Das,393 Salt Lake,+91 8794487321,card,2025-09-06T08:46:25.912Z
SYN003649,46,874.0,0.0,69.92,943.92,delivered,Bhavna Das,258 Salt Lake,+91 9841284429,card,2026-02-17T08:46:25.912Z
SYN003650,46,1918.0,0.0,153.44,2071.44,delivered,Bhavna Das,37 Salt Lake,+91 8817482759,card,2026-01-16T08:46:25.912Z
SYN003651,46,2206.0,0.0,176.48,2382.48,delivered,Bhavna Das,114 Koramangala,+91 7794076243,card,2025-11-17T08:46:25.912Z
SYN003652,46,726.0,0.0,58.08,784.08,delivered,Bhavna Das,14 MG Road,+91 9003898335,cash,2026-08-19T08:46:25.912Z
SYN003653,46,1289.0,0.0,103.12,1392.12,delivered,Bhavna Das,50 Salt Lake,+91 9233231735,upi,2026-03-02T08:46:25.912Z
SYN003654,46,1316.0,0.0,105.28,1421.28,delivered,Bhavna Das,321 MG Road,+91 9264776616,cash,2026-02-19T08:46:25.912Z
SYN003655,46,1881.0,0.0,150.48,2031.48,delivered,Bhavna Das,446 Banjara Hills,+91 7355421210,card,2025-10-24T08:46:25.912Z
SYN003656,46,995.0,0.0,79.6,1074.6,delivered,Bhavna Das,210 Brigade Road,+91 7792198487,card,2026-04-07T08:46:25.912Z
SYN003657,46,2470.0,0.0,197.6,2667.6,delivered,Bhavna Das,420 Banjara Hills,+91 7754521410,upi,2026-06-07T08:46:25.912Z
SYN003658,46,1716.0,0.0,137.28,1853.28,delivered,Bhavna Das,275 Park Street,+91 8753465775,upi,2026-02-08T08:46:25.912Z
SYN003659,46,1748.0,0.0,139.84,1887.84,delivered,Bhavna Das,141 Laxmi Nagar,+91 8080755451,upi,2026-05-20T08:46:25.912Z
SYN003660,46,1081.0,0.0,86.48,1167.48,delivered,Bhavna Das,226 Brigade Road,+91 8163830940,card,2025-09-14T08:46:25.912Z
SYN003661,46,994.0,0.0,79.52,1073.52,delivered,Bhavna Das,130 Koramangala,+91 7711279954,card,2026-06-30T08:46:25.912Z
SYN003662,46,1153.0,0.0,92.24,1245.24,delivered,Bhavna Das,246 Park Street,+91 9020214158,card,2025-12-12T08:46:25.912Z
SYN003663,46,1295.0,0.0,103.6,1398.6,delivered,Bhavna Das,36 Brigade Road,+91 9397012384,cash,2026-04-10T08:46:25.912Z
SYN003664,46,805.0,0.0,64.4,869.4,delivered,Bhavna Das,82 Nehru Nagar,+91 7721114306,cash,2026-07-19T08:46:25.912Z
SYN003665,46,2076.0,0.0,166.08,2242.08,delivered,Bhavna Das,31 MG Road,+91 9575439145,upi,2026-08-13T08:46:25.912Z
SYN003666,46,3029.0,0.0,242.32,3271.32,delivered,Bhavna Das,425 MG Road,+91 7787597187,upi,2026-04-08T08:46:25.912Z
SYN003667,46,2190.0,0.0,175.2,2365.2,delivered,Bhavna Das,354 Salt Lake,+91 9606425040,upi,2026-03-27T08:46:25.912Z
SYN003668,46,384.0,49.0,30.72,463.72,delivered,Bhavna Das,64 Park Street,+91 7553465910,cash,2026-07-06T08:46:25.912Z
SYN003669,46,1063.0,0.0,85.04,1148.04,delivered,Bhavna Das,224 Brigade Road,+91 9467732275,upi,2026-05-24T08:46:25.912Z
SYN003670,46,2958.0,0.0,236.64,3194.64,delivered,Bhavna Das,210 Brigade Road,+91 8776141086,cash,2025-09-11T08:46:25.912Z
SYN003671,46,1224.0,0.0,97.92,1321.92,delivered,Bhavna Das,64 Gandhi Path,+91 9181869238,card,2025-09-19T08:46:25.912Z
SYN003672,46,824.0,0.0,65.92,889.92,delivered,Bhavna Das,448 Banjara Hills,+91 9309145794,card,2026-08-09T08:46:25.912Z
SYN003673,46,1200.0,0.0,96.0,1296.0,delivered,Bhavna Das,348 Park Street,+91 9958383115,upi,2026-05-06T08:46:25.912Z
SYN003674,46,2079.0,0.0,166.32,2245.32,delivered,Bhavna Das,69 Banjara Hills,+91 8976181715,card,2026-02-19T08:46:25.912Z
SYN003675,46,2224.0,0.0,177.92,2401.92,delivered,Bhavna Das,157 Laxmi Nagar,+91 8659487581,upi,2025-12-10T08:46:25.912Z
SYN003676,46,2668.0,0.0,213.44,2881.44,delivered,Bhavna Das,78 Andheri West,+91 8770492261,upi,2025-11-29T08:46:25.912Z
SYN003677,46,1162.0,0.0,92.96,1254.96,delivered,Bhavna Das,106 MG Road,+91 8383457931,upi,2026-03-06T08:46:25.912Z
SYN003678,46,1460.0,0.0,116.8,1576.8,delivered,Bhavna Das,488 Koramangala,+91 7445234451,cash,2025-12-06T08:46:25.912Z
SYN003679,46,1293.0,0.0,103.44,1396.44,delivered,Bhavna Das,258 Koramangala,+91 9294143608,cash,2026-02-14T08:46:25.912Z
SYN003680,46,1003.0,0.0,80.24,1083.24,delivered,Bhavna Das,403 MG Road,+91 7260418288,upi,2025-11-13T08:46:25.912Z
SYN003681,46,564.0,0.0,45.12,609.12,delivered,Bhavna Das,221 Laxmi Nagar,+91 8764495008,upi,2026-08-13T08:46:25.912Z
SYN003682,46,1045.0,0.0,83.6,1128.6,delivered,Bhavna Das,210 Banjara Hills,+91 7521021907,upi,2026-06-13T08:46:25.912Z
SYN003683,46,1572.0,0.0,125.76,1697.76,delivered,Bhavna Das,138 Nehru Nagar,+91 7027251333,upi,2025-10-17T08:46:25.912Z
SYN003684,46,2149.0,0.0,171.92,2320.92,delivered,Bhavna Das,66 Salt Lake,+91 7364461576,card,2026-07-29T08:46:25.912Z
SYN003685,46,1054.0,0.0,84.32,1138.32,delivered,Bhavna Das,436 Banjara Hills,+91 7708814967,upi,2026-01-19T08:46:25.912Z
SYN003686,46,1662.0,0.0,132.96,1794.96,delivered,Bhavna Das,477 Laxmi Nagar,+91 7509347328,upi,2026-07-29T08:46:25.912Z
SYN003687,46,2368.0,0.0,189.44,2557.44,delivered,Bhavna Das,423 Nehru Nagar,+91 9731258803,upi,2026-08-01T08:46:25.912Z
SYN003688,46,3245.0,0.0,259.6,3504.6,delivered,Bhavna Das,444 Koramangala,+91 8516491192,cash,2025-09-15T08:46:25.912Z
SYN003689,46,2836.0,0.0,226.88,3062.88,delivered,Bhavna Das,407 Salt Lake,+91 9122338976,cash,2025-09-17T08:46:25.912Z
SYN003690,46,2318.0,0.0,185.44,2503.44,delivered,Bhavna Das,258 Gandhi Path,+91 7765791207,cash,2026-07-11T08:46:25.912Z
SYN003691,46,2128.0,0.0,170.24,2298.24,delivered,Bhavna Das,49 Brigade Road,+91 7764828885,upi,2026-05-31T08:46:25.912Z
SYN003692,46,1807.0,0.0,144.56,1951.56,delivered,Bhavna Das,136 Banjara Hills,+91 9680292673,upi,2026-06-13T08:46:25.912Z
SYN003693,46,556.0,0.0,44.48,600.48,delivered,Bhavna Das,283 Laxmi Nagar,+91 8501383838,upi,2026-02-27T08:46:25.912Z
SYN003694,46,1682.0,0.0,134.56,1816.56,delivered,Bhavna Das,232 MG Road,+91 9109834697,cash,2026-04-21T08:46:25.912Z
SYN003695,46,863.0,0.0,69.04,932.04,delivered,Bhavna Das,188 Brigade Road,+91 8483888491,upi,2025-10-11T08:46:25.912Z
SYN003696,46,1069.0,0.0,85.52,1154.52,delivered,Bhavna Das,15 Koramangala,+91 8760328789,upi,2026-08-01T08:46:25.912Z
SYN003697,46,981.0,0.0,78.48,1059.48,delivered,Bhavna Das,112 Park Street,+91 7348789571,card,2026-07-13T08:46:25.912Z
SYN003698,46,2428.0,0.0,194.24,2622.24,delivered,Bhavna Das,124 MG Road,+91 7416557121,card,2026-06-20T08:46:25.912Z
SYN003699,46,1045.0,0.0,83.6,1128.6,delivered,Bhavna Das,342 Salt Lake,+91 8211766784,cash,2026-06-28T08:46:25.912Z
SYN003700,46,1579.0,0.0,126.32,1705.32,delivered,Bhavna Das,61 Nehru Nagar,+91 7313853649,cash,2026-07-11T08:46:25.912Z
SYN003701,46,1946.0,0.0,155.68,2101.68,delivered,Bhavna Das,167 Laxmi Nagar,+91 8147235021,upi,2026-06-29T08:46:25.912Z
SYN003702,46,1224.0,0.0,97.92,1321.92,delivered,Bhavna Das,228 Koramangala,+91 9204628775,cash,2026-01-10T08:46:25.912Z
SYN003703,46,1852.0,0.0,148.16,2000.16,delivered,Bhavna Das,19 Nehru Nagar,+91 7661243259,upi,2026-01-02T08:46:25.912Z
SYN003704,46,1979.0,0.0,158.32,2137.32,delivered,Bhavna Das,347 Andheri West,+91 7878724926,card,2025-09-15T08:46:25.912Z
SYN003705,46,1549.0,0.0,123.92,1672.92,delivered,Bhavna Das,165 Brigade Road,+91 7595420050,upi,2026-05-14T08:46:25.912Z
SYN003706,46,1352.0,0.0,108.16,1460.16,delivered,Bhavna Das,248 Gandhi Path,+91 8308251209,card,2025-11-04T08:46:25.912Z
SYN003707,46,2544.0,0.0,203.52,2747.52,delivered,Bhavna Das,338 Koramangala,+91 9994210938,cash,2025-12-27T08:46:25.912Z
SYN003708,46,1920.0,0.0,153.6,2073.6,delivered,Bhavna Das,36 MG Road,+91 8707554776,upi,2026-08-19T08:46:25.912Z
SYN003709,46,1740.0,0.0,139.2,1879.2,delivered,Bhavna Das,154 MG Road,+91 9911352301,card,2026-01-27T08:46:25.912Z
SYN003710,46,1460.0,0.0,116.8,1576.8,delivered,Bhavna Das,59 Gandhi Path,+91 7068242163,card,2026-01-09T08:46:25.912Z
SYN003711,46,1941.0,0.0,155.28,2096.28,delivered,Bhavna Das,443 Salt Lake,+91 8806144462,upi,2025-10-23T08:46:25.912Z
SYN003712,46,1542.0,0.0,123.36,1665.36,delivered,Bhavna Das,449 Nehru Nagar,+91 8769414360,cash,2025-11-09T08:46:25.912Z
SYN003713,46,1152.0,0.0,92.16,1244.16,delivered,Bhavna Das,4 Andheri West,+91 9447388929,upi,2026-05-29T08:46:25.912Z
SYN003714,46,1345.0,0.0,107.6,1452.6,delivered,Bhavna Das,198 Banjara Hills,+91 7350846205,cash,2026-06-18T08:46:25.912Z
SYN003715,46,1132.0,0.0,90.56,1222.56,delivered,Bhavna Das,288 MG Road,+91 8587158931,upi,2025-10-23T08:46:25.912Z
SYN003716,46,821.0,0.0,65.68,886.68,delivered,Bhavna Das,151 Park Street,+91 9332845004,upi,2026-02-09T08:46:25.912Z
SYN003717,46,1927.0,0.0,154.16,2081.16,delivered,Bhavna Das,343 Andheri West,+91 8100545813,cash,2025-12-27T08:46:25.912Z
SYN003718,46,1939.0,0.0,155.12,2094.12,delivered,Bhavna Das,358 Andheri West,+91 8738737202,upi,2025-11-11T08:46:25.912Z
SYN003719,46,3455.0,0.0,276.4,3731.4,delivered,Bhavna Das,63 Gandhi Path,+91 7558317257,cash,2025-09-21T08:46:25.912Z
SYN003720,46,1309.0,0.0,104.72,1413.72,delivered,Bhavna Das,361 Gandhi Path,+91 8266283628,card,2026-06-14T08:46:25.912Z
SYN003721,46,1193.0,0.0,95.44,1288.44,delivered,Bhavna Das,382 Salt Lake,+91 8601066599,card,2025-10-06T08:46:25.912Z
SYN003722,46,1362.0,0.0,108.96,1470.96,delivered,Bhavna Das,307 Park Street,+91 8500539967,card,2025-12-23T08:46:25.912Z
SYN003723,46,713.0,0.0,57.04,770.04,delivered,Bhavna Das,229 Nehru Nagar,+91 8520129959,card,2026-04-06T08:46:25.912Z
SYN003724,46,1342.0,0.0,107.36,1449.36,delivered,Bhavna Das,183 Park Street,+91 7079984927,cash,2025-11-01T08:46:25.912Z
SYN003725,46,824.0,0.0,65.92,889.92,delivered,Bhavna Das,283 Laxmi Nagar,+91 7800156551,cash,2025-11-11T08:46:25.912Z
SYN003726,46,1730.0,0.0,138.4,1868.4,delivered,Bhavna Das,118 Gandhi Path,+91 9922667784,upi,2025-12-18T08:46:25.912Z
SYN003727,46,1593.0,0.0,127.44,1720.44,delivered,Bhavna Das,473 Park Street,+91 7912277914,upi,2026-02-06T08:46:25.912Z
SYN003728,46,3177.0,0.0,254.16,3431.16,delivered,Bhavna Das,163 Park Street,+91 7327895296,upi,2025-12-20T08:46:25.912Z
SYN003729,46,1522.0,0.0,121.76,1643.76,delivered,Bhavna Das,180 Salt Lake,+91 8572649969,cash,2026-03-17T08:46:25.912Z
SYN003730,46,2458.0,0.0,196.64,2654.64,delivered,Bhavna Das,464 Andheri West,+91 7944777297,card,2025-09-05T08:46:25.912Z
SYN003731,46,1131.0,0.0,90.48,1221.48,delivered,Bhavna Das,416 Salt Lake,+91 9671241517,upi,2025-12-12T08:46:25.912Z
SYN003732,46,2016.0,0.0,161.28,2177.28,delivered,Bhavna Das,34 Park Street,+91 8753948583,cash,2026-06-27T08:46:25.912Z
SYN003733,46,884.0,0.0,70.72,954.72,delivered,Bhavna Das,488 Brigade Road,+91 7620828255,cash,2026-07-24T08:46:25.912Z
SYN003734,46,795.0,0.0,63.6,858.6,delivered,Bhavna Das,210 Brigade Road,+91 8251360630,upi,2026-04-05T08:46:25.912Z
SYN003735,46,1502.0,0.0,120.16,1622.16,delivered,Bhavna Das,220 Park Street,+91 9339020299,cash,2026-06-07T08:46:25.912Z
SYN003736,46,903.0,0.0,72.24,975.24,delivered,Bhavna Das,304 Banjara Hills,+91 9392929050,card,2025-12-30T08:46:25.912Z
SYN003737,46,356.0,49.0,28.48,433.48,delivered,Bhavna Das,301 Andheri West,+91 9533099781,cash,2026-04-01T08:46:25.912Z
SYN003738,46,2120.0,0.0,169.6,2289.6,delivered,Bhavna Das,212 Koramangala,+91 9846983809,card,2026-05-29T08:46:25.912Z
SYN003739,46,2837.0,0.0,226.96,3063.96,delivered,Bhavna Das,325 Koramangala,+91 8803890825,upi,2026-07-06T08:46:25.912Z
SYN003740,46,754.0,0.0,60.32,814.32,delivered,Bhavna Das,377 MG Road,+91 9927865007,card,2026-02-18T08:46:25.912Z
SYN003741,46,1979.0,0.0,158.32,2137.32,delivered,Bhavna Das,94 Laxmi Nagar,+91 8745175304,cash,2026-02-10T08:46:25.912Z
SYN003742,46,1501.0,0.0,120.08,1621.08,delivered,Bhavna Das,333 Salt Lake,+91 9500849376,card,2025-11-29T08:46:25.912Z
SYN003743,46,664.0,0.0,53.12,717.12,delivered,Bhavna Das,421 MG Road,+91 8898677431,card,2026-07-15T08:46:25.912Z
SYN003744,46,1481.0,0.0,118.48,1599.48,delivered,Bhavna Das,467 Laxmi Nagar,+91 9241444367,upi,2026-07-29T08:46:25.912Z
SYN003745,46,1852.0,0.0,148.16,2000.16,delivered,Bhavna Das,133 Koramangala,+91 8687129104,upi,2025-09-19T08:46:25.912Z
SYN003746,46,2636.0,0.0,210.88,2846.88,delivered,Bhavna Das,140 Brigade Road,+91 7426713115,upi,2026-04-13T08:46:25.912Z
SYN003747,46,1291.0,0.0,103.28,1394.28,delivered,Bhavna Das,432 Banjara Hills,+91 9395773397,cash,2026-07-09T08:46:25.912Z
SYN003748,46,933.0,0.0,74.64,1007.64,delivered,Bhavna Das,453 Park Street,+91 9183220347,cash,2026-06-11T08:46:25.912Z
SYN003749,46,3787.0,0.0,302.96,4089.96,delivered,Bhavna Das,401 MG Road,+91 8864638792,upi,2025-10-02T08:46:25.912Z
SYN003750,46,1950.0,0.0,156.0,2106.0,delivered,Bhavna Das,67 Andheri West,+91 9108412065,upi,2026-06-02T08:46:25.912Z
SYN003751,46,1879.0,0.0,150.32,2029.32,delivered,Bhavna Das,249 Nehru Nagar,+91 7062678516,cash,2025-10-20T08:46:25.912Z
SYN003752,46,2941.0,0.0,235.28,3176.28,delivered,Bhavna Das,70 Nehru Nagar,+91 9040912628,upi,2026-06-22T08:46:25.912Z
SYN003753,46,1208.0,0.0,96.64,1304.64,delivered,Bhavna Das,56 Andheri West,+91 8525488446,card,2025-11-14T08:46:25.912Z
SYN003754,46,1612.0,0.0,128.96,1740.96,delivered,Bhavna Das,90 Laxmi Nagar,+91 7216340954,card,2026-04-24T08:46:25.912Z
SYN003755,46,1370.0,0.0,109.6,1479.6,delivered,Bhavna Das,397 Andheri West,+91 7566933705,upi,2026-07-23T08:46:25.912Z
SYN003756,46,1390.0,0.0,111.2,1501.2,delivered,Bhavna Das,64 MG Road,+91 7136711334,cash,2026-06-27T08:46:25.912Z
SYN003757,46,1581.0,0.0,126.48,1707.48,delivered,Bhavna Das,266 Gandhi Path,+91 9193387301,upi,2025-11-02T08:46:25.912Z
SYN003758,46,724.0,0.0,57.92,781.92,delivered,Bhavna Das,3 Koramangala,+91 8614682079,card,2026-06-07T08:46:25.912Z
SYN003759,46,923.0,0.0,73.84,996.84,delivered,Bhavna Das,352 Nehru Nagar,+91 9873573913,card,2026-02-06T08:46:25.912Z
SYN003760,46,952.0,0.0,76.16,1028.16,delivered,Bhavna Das,7 Andheri West,+91 8743844208,cash,2026-01-06T08:46:25.912Z
SYN003761,46,2009.0,0.0,160.72,2169.72,delivered,Bhavna Das,1 Laxmi Nagar,+91 8914579242,upi,2025-11-04T08:46:25.912Z
SYN003762,46,1192.0,0.0,95.36,1287.36,delivered,Bhavna Das,127 Koramangala,+91 7567762302,cash,2026-06-27T08:46:25.912Z
SYN003763,46,1368.0,0.0,109.44,1477.44,delivered,Bhavna Das,295 MG Road,+91 9390081690,upi,2025-11-02T08:46:25.912Z
SYN003764,47,4616.0,0.0,369.28,4985.28,delivered,Deepak Mehta,239 Koramangala,+91 8861581194,cash,2026-01-13T08:46:25.912Z
SYN003765,47,1842.0,0.0,147.36,1989.36,delivered,Deepak Mehta,41 MG Road,+91 7377892869,card,2026-01-07T08:46:25.912Z
SYN003766,47,3403.0,0.0,272.24,3675.24,delivered,Deepak Mehta,362 Nehru Nagar,+91 7898658673,card,2026-01-14T08:46:25.912Z
SYN003767,47,1673.0,0.0,133.84,1806.84,delivered,Deepak Mehta,195 Laxmi Nagar,+91 7610780302,card,2026-07-12T08:46:25.912Z
SYN003768,47,2648.0,0.0,211.84,2859.84,delivered,Deepak Mehta,33 MG Road,+91 8420412371,upi,2026-04-12T08:46:25.912Z
SYN003769,47,5269.0,0.0,421.52,5690.52,delivered,Deepak Mehta,257 Andheri West,+91 8140983259,upi,2026-02-09T08:46:25.912Z
SYN003770,47,2247.0,0.0,179.76,2426.76,delivered,Deepak Mehta,370 Koramangala,+91 7529082012,upi,2025-12-17T08:46:25.912Z
SYN003771,47,3829.0,0.0,306.32,4135.32,delivered,Deepak Mehta,83 Gandhi Path,+91 9843322840,upi,2025-10-04T08:46:25.912Z
SYN003772,47,3089.0,0.0,247.12,3336.12,delivered,Deepak Mehta,345 Andheri West,+91 7395595832,upi,2026-05-25T08:46:25.912Z
SYN003773,47,3985.0,0.0,318.8,4303.8,delivered,Deepak Mehta,173 Salt Lake,+91 8897619333,upi,2026-03-11T08:46:25.912Z
SYN003774,47,3224.0,0.0,257.92,3481.92,delivered,Deepak Mehta,163 Laxmi Nagar,+91 8197242594,upi,2025-12-20T08:46:25.912Z
SYN003775,47,4734.0,0.0,378.72,5112.72,delivered,Deepak Mehta,189 MG Road,+91 7948664731,upi,2026-07-10T08:46:25.912Z
SYN003776,47,4135.0,0.0,330.8,4465.8,delivered,Deepak Mehta,184 Laxmi Nagar,+91 8751777573,upi,2026-07-31T08:46:25.912Z
SYN003777,47,2067.0,0.0,165.36,2232.36,delivered,Deepak Mehta,455 Koramangala,+91 9373067843,upi,2026-02-04T08:46:25.912Z
SYN003778,47,5485.0,0.0,438.8,5923.8,delivered,Deepak Mehta,76 MG Road,+91 9430080935,upi,2026-01-13T08:46:25.912Z
SYN003779,47,3284.0,0.0,262.72,3546.72,delivered,Deepak Mehta,381 Gandhi Path,+91 9341176138,cash,2025-12-05T08:46:25.912Z
SYN003780,47,3664.0,0.0,293.12,3957.12,delivered,Deepak Mehta,254 MG Road,+91 8067083527,upi,2026-04-28T08:46:25.912Z
SYN003781,47,1977.0,0.0,158.16,2135.16,delivered,Deepak Mehta,469 Nehru Nagar,+91 7134356521,upi,2025-12-04T08:46:25.912Z
SYN003782,47,2538.0,0.0,203.04,2741.04,delivered,Deepak Mehta,74 Banjara Hills,+91 7729741204,cash,2026-03-05T08:46:25.912Z
SYN003783,47,3295.0,0.0,263.6,3558.6,delivered,Deepak Mehta,317 Andheri West,+91 9403269170,upi,2026-06-29T08:46:25.912Z
SYN003784,47,2875.0,0.0,230.0,3105.0,delivered,Deepak Mehta,94 MG Road,+91 9601929060,card,2026-04-10T08:46:25.912Z
SYN003785,47,1492.0,0.0,119.36,1611.36,delivered,Deepak Mehta,240 Gandhi Path,+91 8649065230,cash,2026-04-08T08:46:25.912Z
SYN003786,47,1967.0,0.0,157.36,2124.36,delivered,Deepak Mehta,279 Koramangala,+91 8936023620,card,2026-03-10T08:46:25.912Z
SYN003787,47,3881.0,0.0,310.48,4191.48,delivered,Deepak Mehta,457 Park Street,+91 8809645909,upi,2026-03-31T08:46:25.912Z
SYN003788,47,1970.0,0.0,157.6,2127.6,delivered,Deepak Mehta,419 Andheri West,+91 9344362453,card,2026-05-24T08:46:25.912Z
SYN003789,47,4862.0,0.0,388.96,5250.96,delivered,Deepak Mehta,237 Salt Lake,+91 9226220455,card,2026-06-14T08:46:25.912Z
SYN003790,47,3078.0,0.0,246.24,3324.24,delivered,Deepak Mehta,210 Banjara Hills,+91 9252966838,card,2026-01-31T08:46:25.912Z
SYN003791,47,3588.0,0.0,287.04,3875.04,delivered,Deepak Mehta,482 Laxmi Nagar,+91 7905458071,cash,2025-12-17T08:46:25.912Z
SYN003792,47,2539.0,0.0,203.12,2742.12,delivered,Deepak Mehta,244 Nehru Nagar,+91 8028120452,upi,2025-11-08T08:46:25.912Z
SYN003793,47,5178.0,0.0,414.24,5592.24,delivered,Deepak Mehta,194 Banjara Hills,+91 9134963615,card,2025-11-23T08:46:25.912Z
SYN003794,47,1854.0,0.0,148.32,2002.32,delivered,Deepak Mehta,143 Salt Lake,+91 7144596859,card,2026-01-10T08:46:25.912Z
SYN003795,47,4036.0,0.0,322.88,4358.88,delivered,Deepak Mehta,413 Laxmi Nagar,+91 9751261409,card,2025-09-20T08:46:25.912Z
SYN003796,47,1801.0,0.0,144.08,1945.08,delivered,Deepak Mehta,214 Gandhi Path,+91 7757960106,cash,2026-03-19T08:46:25.912Z
SYN003797,47,2100.0,0.0,168.0,2268.0,delivered,Deepak Mehta,400 Andheri West,+91 8381864531,card,2025-12-07T08:46:25.912Z
SYN003798,47,5877.0,0.0,470.16,6347.16,delivered,Deepak Mehta,90 Brigade Road,+91 7898869823,upi,2026-04-16T08:46:25.912Z
SYN003799,47,2596.0,0.0,207.68,2803.68,delivered,Deepak Mehta,319 Koramangala,+91 7662635809,upi,2026-05-04T08:46:25.912Z
SYN003800,47,3118.0,0.0,249.44,3367.44,delivered,Deepak Mehta,432 Nehru Nagar,+91 9789037759,upi,2026-07-21T08:46:25.912Z
SYN003801,47,2241.0,0.0,179.28,2420.28,delivered,Deepak Mehta,304 Gandhi Path,+91 8172919802,card,2025-12-12T08:46:25.912Z
SYN003802,47,3410.0,0.0,272.8,3682.8,delivered,Deepak Mehta,433 Gandhi Path,+91 8960975947,cash,2026-03-08T08:46:25.912Z
SYN003803,47,2339.0,0.0,187.12,2526.12,delivered,Deepak Mehta,164 Koramangala,+91 7072957974,upi,2026-06-03T08:46:25.912Z
SYN003804,47,4331.0,0.0,346.48,4677.48,delivered,Deepak Mehta,444 Brigade Road,+91 8963960555,upi,2025-10-14T08:46:25.912Z
SYN003805,47,3740.0,0.0,299.2,4039.2,delivered,Deepak Mehta,93 Koramangala,+91 9978913392,card,2026-05-06T08:46:25.912Z
SYN003806,47,1988.0,0.0,159.04,2147.04,delivered,Deepak Mehta,5 Park Street,+91 8625515568,upi,2025-11-27T08:46:25.912Z
SYN003807,47,3881.0,0.0,310.48,4191.48,delivered,Deepak Mehta,446 Gandhi Path,+91 9157289846,upi,2026-05-15T08:46:25.912Z
SYN003808,47,3616.0,0.0,289.28,3905.28,delivered,Deepak Mehta,258 Koramangala,+91 7799891479,upi,2026-07-23T08:46:25.912Z
SYN003809,47,2318.0,0.0,185.44,2503.44,delivered,Deepak Mehta,261 Koramangala,+91 7725650133,card,2026-06-07T08:46:25.912Z
SYN003810,47,3049.0,0.0,243.92,3292.92,delivered,Deepak Mehta,434 Gandhi Path,+91 8923275491,cash,2026-07-07T08:46:25.912Z
SYN003811,47,3003.0,0.0,240.24,3243.24,delivered,Deepak Mehta,430 Park Street,+91 7231332826,card,2026-01-23T08:46:25.912Z
SYN003812,47,3136.0,0.0,250.88,3386.88,delivered,Deepak Mehta,218 Park Street,+91 8352475531,card,2026-05-16T08:46:25.912Z
SYN003813,47,2140.0,0.0,171.2,2311.2,delivered,Deepak Mehta,116 Nehru Nagar,+91 7626037755,cash,2026-02-14T08:46:25.912Z
SYN003814,47,5009.0,0.0,400.72,5409.72,delivered,Deepak Mehta,12 Park Street,+91 8714367105,cash,2026-01-27T08:46:25.912Z
SYN003815,47,2776.0,0.0,222.08,2998.08,delivered,Deepak Mehta,104 Salt Lake,+91 9104754277,card,2025-09-30T08:46:25.912Z
SYN003816,47,4781.0,0.0,382.48,5163.48,delivered,Deepak Mehta,454 Nehru Nagar,+91 8590235860,cash,2026-01-16T08:46:25.912Z
SYN003817,47,2926.0,0.0,234.08,3160.08,delivered,Deepak Mehta,313 Andheri West,+91 9988847409,cash,2026-06-07T08:46:25.912Z
SYN003818,47,4340.0,0.0,347.2,4687.2,delivered,Deepak Mehta,223 Andheri West,+91 9257499098,card,2026-05-28T08:46:25.912Z
SYN003819,47,2058.0,0.0,164.64,2222.64,delivered,Deepak Mehta,46 MG Road,+91 8088542027,cash,2025-12-31T08:46:25.912Z
SYN003820,47,4380.0,0.0,350.4,4730.4,delivered,Deepak Mehta,197 Salt Lake,+91 7239441815,card,2025-10-17T08:46:25.912Z
SYN003821,47,3171.0,0.0,253.68,3424.68,delivered,Deepak Mehta,370 Laxmi Nagar,+91 7461630442,card,2026-02-23T08:46:25.912Z
SYN003822,47,3285.0,0.0,262.8,3547.8,delivered,Deepak Mehta,352 Gandhi Path,+91 7716689824,upi,2025-09-24T08:46:25.912Z
SYN003823,47,3126.0,0.0,250.08,3376.08,delivered,Deepak Mehta,242 Andheri West,+91 9627737714,card,2025-11-11T08:46:25.912Z
SYN003824,47,3140.0,0.0,251.2,3391.2,delivered,Deepak Mehta,323 MG Road,+91 7471771503,card,2025-09-13T08:46:25.912Z
SYN003825,48,1475.0,0.0,118.0,1593.0,delivered,Ankita Patel,35 Nehru Nagar,+91 8070842503,upi,2025-11-06T08:46:25.912Z
SYN003826,48,4242.0,0.0,339.36,4581.36,delivered,Ankita Patel,411 MG Road,+91 9230962678,card,2025-10-10T08:46:25.912Z
SYN003827,48,4984.0,0.0,398.72,5382.72,delivered,Ankita Patel,43 Nehru Nagar,+91 9058022488,cash,2026-05-14T08:46:25.912Z
SYN003828,48,1997.0,0.0,159.76,2156.76,delivered,Ankita Patel,218 Nehru Nagar,+91 8123138661,cash,2025-10-09T08:46:25.912Z
SYN003829,48,4365.0,0.0,349.2,4714.2,delivered,Ankita Patel,383 Brigade Road,+91 7618312550,cash,2026-08-18T08:46:25.912Z
SYN003830,48,2960.0,0.0,236.8,3196.8,delivered,Ankita Patel,262 Andheri West,+91 9529780302,card,2025-12-06T08:46:25.912Z
SYN003831,48,2875.0,0.0,230.0,3105.0,delivered,Ankita Patel,256 Park Street,+91 7479750655,cash,2026-03-15T08:46:25.912Z
SYN003832,48,3463.0,0.0,277.04,3740.04,delivered,Ankita Patel,220 Andheri West,+91 9785213750,card,2026-03-10T08:46:25.912Z
SYN003833,48,4465.0,0.0,357.2,4822.2,delivered,Ankita Patel,202 Brigade Road,+91 7282012454,cash,2025-11-29T08:46:25.912Z
SYN003834,48,4585.0,0.0,366.8,4951.8,delivered,Ankita Patel,199 Laxmi Nagar,+91 8396848875,upi,2026-05-30T08:46:25.912Z
SYN003835,48,3413.0,0.0,273.04,3686.04,delivered,Ankita Patel,184 Laxmi Nagar,+91 9904483800,upi,2026-01-04T08:46:25.912Z
SYN003836,48,4704.0,0.0,376.32,5080.32,delivered,Ankita Patel,487 MG Road,+91 7943394681,upi,2025-10-18T08:46:25.912Z
SYN003837,48,4821.0,0.0,385.68,5206.68,delivered,Ankita Patel,500 Laxmi Nagar,+91 7702635919,cash,2025-10-17T08:46:25.912Z
SYN003838,48,5093.0,0.0,407.44,5500.44,delivered,Ankita Patel,20 Laxmi Nagar,+91 7416275891,upi,2026-03-11T08:46:25.912Z
SYN003839,48,6498.0,0.0,519.84,7017.84,delivered,Ankita Patel,151 Nehru Nagar,+91 8179658935,card,2025-10-19T08:46:25.912Z
SYN003840,48,5730.0,0.0,458.4,6188.4,delivered,Ankita Patel,470 Laxmi Nagar,+91 9014474769,card,2026-04-02T08:46:25.912Z
SYN003841,48,3834.0,0.0,306.72,4140.72,delivered,Ankita Patel,13 Koramangala,+91 8676571690,card,2026-08-10T08:46:25.912Z
SYN003842,48,3160.0,0.0,252.8,3412.8,delivered,Ankita Patel,468 MG Road,+91 8133847970,upi,2026-03-24T08:46:25.912Z
SYN003843,48,3551.0,0.0,284.08,3835.08,delivered,Ankita Patel,176 Banjara Hills,+91 8928280221,card,2025-09-19T08:46:25.912Z
SYN003844,48,4343.0,0.0,347.44,4690.44,delivered,Ankita Patel,181 Andheri West,+91 7980331989,card,2026-04-20T08:46:25.912Z
SYN003845,48,5190.0,0.0,415.2,5605.2,delivered,Ankita Patel,362 Banjara Hills,+91 9691211243,cash,2025-10-21T08:46:25.912Z
SYN003846,48,4516.0,0.0,361.28,4877.28,delivered,Ankita Patel,86 Nehru Nagar,+91 9704778230,upi,2026-06-01T08:46:25.912Z
SYN003847,48,1903.0,0.0,152.24,2055.24,delivered,Ankita Patel,87 Park Street,+91 7451913864,upi,2026-02-08T08:46:25.912Z
SYN003848,48,3393.0,0.0,271.44,3664.44,delivered,Ankita Patel,299 Andheri West,+91 9642330539,card,2026-03-25T08:46:25.912Z
SYN003849,48,4682.0,0.0,374.56,5056.56,delivered,Ankita Patel,208 Salt Lake,+91 9408615069,upi,2026-02-02T08:46:25.912Z
SYN003850,48,4138.0,0.0,331.04,4469.04,delivered,Ankita Patel,321 Gandhi Path,+91 8408028301,upi,2026-07-18T08:46:25.912Z
SYN003851,48,5337.0,0.0,426.96,5763.96,delivered,Ankita Patel,476 Park Street,+91 9530886025,card,2025-10-09T08:46:25.912Z
SYN003852,48,5739.0,0.0,459.12,6198.12,delivered,Ankita Patel,111 Park Street,+91 7002330241,upi,2026-05-25T08:46:25.912Z
SYN003853,48,3390.0,0.0,271.2,3661.2,delivered,Ankita Patel,339 Gandhi Path,+91 8154235187,card,2025-11-03T08:46:25.912Z
SYN003854,48,3560.0,0.0,284.8,3844.8,delivered,Ankita Patel,285 Andheri West,+91 9784575105,cash,2025-10-12T08:46:25.912Z
SYN003855,48,2856.0,0.0,228.48,3084.48,delivered,Ankita Patel,343 Banjara Hills,+91 9151920040,cash,2025-09-15T08:46:25.912Z
SYN003856,48,3402.0,0.0,272.16,3674.16,delivered,Ankita Patel,58 Banjara Hills,+91 8253427675,upi,2025-11-26T08:46:25.912Z
SYN003857,48,3178.0,0.0,254.24,3432.24,delivered,Ankita Patel,315 Salt Lake,+91 7072765675,cash,2026-03-03T08:46:25.912Z
SYN003858,48,3968.0,0.0,317.44,4285.44,delivered,Ankita Patel,215 Nehru Nagar,+91 9754448751,upi,2025-09-17T08:46:25.912Z
SYN003859,48,4395.0,0.0,351.6,4746.6,delivered,Ankita Patel,436 Park Street,+91 8181765519,upi,2025-12-02T08:46:25.912Z
SYN003860,48,2711.0,0.0,216.88,2927.88,delivered,Ankita Patel,408 Salt Lake,+91 8633018363,upi,2026-08-03T08:46:25.912Z
SYN003861,48,4219.0,0.0,337.52,4556.52,delivered,Ankita Patel,180 Nehru Nagar,+91 8925422507,upi,2026-07-26T08:46:25.912Z
SYN003862,48,3257.0,0.0,260.56,3517.56,delivered,Ankita Patel,300 Banjara Hills,+91 8468132365,card,2026-03-25T08:46:25.912Z
SYN003863,48,3421.0,0.0,273.68,3694.68,delivered,Ankita Patel,101 Andheri West,+91 7006167840,card,2026-06-25T08:46:25.912Z
SYN003864,48,3723.0,0.0,297.84,4020.84,delivered,Ankita Patel,171 Salt Lake,+91 7541398419,upi,2026-03-23T08:46:25.912Z
SYN003865,48,4022.0,0.0,321.76,4343.76,delivered,Ankita Patel,302 Banjara Hills,+91 8003177967,card,2026-03-19T08:46:25.912Z
SYN003866,48,2604.0,0.0,208.32,2812.32,delivered,Ankita Patel,472 Gandhi Path,+91 8196150604,card,2026-04-08T08:46:25.912Z
SYN003867,48,4205.0,0.0,336.4,4541.4,delivered,Ankita Patel,100 Brigade Road,+91 7022137165,cash,2026-04-16T08:46:25.912Z
SYN003868,48,3319.0,0.0,265.52,3584.52,delivered,Ankita Patel,239 Koramangala,+91 7433920062,cash,2026-06-13T08:46:25.912Z
SYN003869,48,3313.0,0.0,265.04,3578.04,delivered,Ankita Patel,302 Nehru Nagar,+91 8870118177,cash,2026-05-06T08:46:25.912Z
SYN003870,48,3871.0,0.0,309.68,4180.68,delivered,Ankita Patel,428 Laxmi Nagar,+91 9824732116,cash,2026-06-18T08:46:25.912Z
SYN003871,49,676.0,0.0,54.08,730.08,delivered,Kunal Iyer,299 Koramangala,+91 8971112451,upi,2025-12-23T08:46:25.912Z
SYN003872,49,1323.0,0.0,105.84,1428.84,delivered,Kunal Iyer,190 Park Street,+91 7693346380,upi,2026-04-19T08:46:25.912Z
SYN003873,49,3678.0,0.0,294.24,3972.24,delivered,Kunal Iyer,258 Koramangala,+91 8317946247,cash,2026-08-06T08:46:25.912Z
SYN003874,49,1143.0,0.0,91.44,1234.44,delivered,Kunal Iyer,335 Gandhi Path,+91 8157394119,upi,2025-11-23T08:46:25.912Z
SYN003875,49,2640.0,0.0,211.2,2851.2,delivered,Kunal Iyer,392 Laxmi Nagar,+91 8147162505,cash,2025-09-27T08:46:25.912Z
SYN003876,49,1491.0,0.0,119.28,1610.28,delivered,Kunal Iyer,376 Salt Lake,+91 7073230860,card,2025-10-12T08:46:25.912Z
SYN003877,49,904.0,0.0,72.32,976.32,delivered,Kunal Iyer,432 Laxmi Nagar,+91 9489263194,upi,2026-05-18T08:46:25.912Z
SYN003878,49,1476.0,0.0,118.08,1594.08,delivered,Kunal Iyer,45 Gandhi Path,+91 7469616356,cash,2025-09-19T08:46:25.912Z
SYN003879,49,1245.0,0.0,99.6,1344.6,delivered,Kunal Iyer,5 Park Street,+91 9456742054,upi,2025-11-20T08:46:25.912Z
SYN003880,49,1046.0,0.0,83.68,1129.68,delivered,Kunal Iyer,442 MG Road,+91 7234314428,cash,2026-08-15T08:46:25.912Z
SYN003881,49,1541.0,0.0,123.28,1664.28,delivered,Kunal Iyer,58 MG Road,+91 7230076005,cash,2026-06-17T08:46:25.912Z
SYN003882,49,2341.0,0.0,187.28,2528.28,delivered,Kunal Iyer,123 Brigade Road,+91 8713650061,cash,2026-06-08T08:46:25.912Z
SYN003883,49,1243.0,0.0,99.44,1342.44,delivered,Kunal Iyer,411 Koramangala,+91 7093245549,upi,2025-09-20T08:46:25.912Z
SYN003884,49,695.0,0.0,55.6,750.6,delivered,Kunal Iyer,198 Salt Lake,+91 8626696228,card,2026-03-28T08:46:25.912Z
SYN003885,49,1382.0,0.0,110.56,1492.56,delivered,Kunal Iyer,194 Koramangala,+91 8464857235,upi,2025-12-13T08:46:25.912Z
SYN003886,49,356.0,49.0,28.48,433.48,delivered,Kunal Iyer,234 MG Road,+91 7524385425,card,2026-01-21T08:46:25.912Z
SYN003887,49,1095.0,0.0,87.6,1182.6,delivered,Kunal Iyer,355 Nehru Nagar,+91 7413020251,card,2026-01-16T08:46:25.912Z
SYN003888,49,1076.0,0.0,86.08,1162.08,delivered,Kunal Iyer,119 Nehru Nagar,+91 8937511694,card,2026-02-20T08:46:25.912Z
SYN003889,49,996.0,0.0,79.68,1075.68,delivered,Kunal Iyer,75 Banjara Hills,+91 7588447197,card,2026-04-04T08:46:25.912Z
SYN003890,49,2291.0,0.0,183.28,2474.28,delivered,Kunal Iyer,268 Koramangala,+91 8259541231,cash,2025-09-14T08:46:25.912Z
SYN003891,50,4514.0,0.0,361.12,4875.12,delivered,Pallavi Singh,106 Koramangala,+91 8194619493,upi,2026-01-21T08:46:25.912Z
SYN003892,50,4537.0,0.0,362.96,4899.96,delivered,Pallavi Singh,119 Brigade Road,+91 9476540566,cash,2026-01-19T08:46:25.912Z
SYN003893,50,3268.0,0.0,261.44,3529.44,delivered,Pallavi Singh,172 Brigade Road,+91 8780598527,cash,2025-09-06T08:46:25.912Z
SYN003894,50,5504.0,0.0,440.32,5944.32,delivered,Pallavi Singh,277 Nehru Nagar,+91 9049337492,cash,2025-10-27T08:46:25.912Z
SYN003895,50,4601.0,0.0,368.08,4969.08,delivered,Pallavi Singh,438 Salt Lake,+91 7560057954,cash,2025-11-22T08:46:25.912Z
SYN003896,50,4042.0,0.0,323.36,4365.36,delivered,Pallavi Singh,404 Park Street,+91 8870570922,upi,2025-12-13T08:46:25.912Z
SYN003897,50,3937.0,0.0,314.96,4251.96,delivered,Pallavi Singh,252 Salt Lake,+91 8025766082,cash,2026-04-23T08:46:25.912Z
SYN003898,50,1490.0,0.0,119.2,1609.2,delivered,Pallavi Singh,324 Koramangala,+91 7977060593,cash,2025-12-17T08:46:25.912Z
SYN003899,50,2881.0,0.0,230.48,3111.48,delivered,Pallavi Singh,479 Park Street,+91 9984824222,cash,2025-11-29T08:46:25.912Z
SYN003900,50,5786.0,0.0,462.88,6248.88,delivered,Pallavi Singh,146 Park Street,+91 7520481000,cash,2026-07-15T08:46:25.912Z
SYN003901,50,3977.0,0.0,318.16,4295.16,delivered,Pallavi Singh,400 Banjara Hills,+91 9234572394,upi,2025-11-16T08:46:25.912Z
SYN003902,50,2846.0,0.0,227.68,3073.68,delivered,Pallavi Singh,89 Koramangala,+91 9060636135,upi,2026-02-08T08:46:25.912Z
SYN003903,50,2034.0,0.0,162.72,2196.72,delivered,Pallavi Singh,235 Koramangala,+91 9345583894,card,2026-03-23T08:46:25.912Z
SYN003904,50,5697.0,0.0,455.76,6152.76,delivered,Pallavi Singh,89 Laxmi Nagar,+91 8207376426,upi,2026-08-07T08:46:25.912Z
SYN003905,50,2959.0,0.0,236.72,3195.72,delivered,Pallavi Singh,391 Andheri West,+91 9197954967,card,2025-10-20T08:46:25.912Z
SYN003906,50,4072.0,0.0,325.76,4397.76,delivered,Pallavi Singh,81 Salt Lake,+91 7659889335,card,2026-07-16T08:46:25.912Z
SYN003907,50,2907.0,0.0,232.56,3139.56,delivered,Pallavi Singh,253 Andheri West,+91 8241221748,upi,2026-03-16T08:46:25.912Z
SYN003908,50,4666.0,0.0,373.28,5039.28,delivered,Pallavi Singh,482 Salt Lake,+91 8832160040,upi,2026-02-06T08:46:25.912Z
SYN003909,50,2590.0,0.0,207.2,2797.2,delivered,Pallavi Singh,151 Brigade Road,+91 8801166481,upi,2025-10-07T08:46:25.912Z
SYN003910,50,1871.0,0.0,149.68,2020.68,delivered,Pallavi Singh,308 MG Road,+91 8372495294,cash,2026-07-01T08:46:25.912Z
SYN003911,50,2325.0,0.0,186.0,2511.0,delivered,Pallavi Singh,48 Laxmi Nagar,+91 7254233039,card,2026-08-06T08:46:25.912Z
SYN003912,50,1650.0,0.0,132.0,1782.0,delivered,Pallavi Singh,352 Andheri West,+91 7522276575,card,2025-10-30T08:46:25.912Z
SYN003913,50,4246.0,0.0,339.68,4585.68,delivered,Pallavi Singh,288 Laxmi Nagar,+91 7935275578,card,2026-03-29T08:46:25.912Z
SYN003914,50,3815.0,0.0,305.2,4120.2,delivered,Pallavi Singh,414 Koramangala,+91 9322618244,upi,2025-12-31T08:46:25.912Z
SYN003915,50,4340.0,0.0,347.2,4687.2,delivered,Pallavi Singh,490 Brigade Road,+91 7467471246,card,2026-08-21T08:46:25.912Z
SYN003916,50,5504.0,0.0,440.32,5944.32,delivered,Pallavi Singh,41 Banjara Hills,+91 8042851288,card,2026-01-18T08:46:25.912Z
SYN003917,50,3299.0,0.0,263.92,3562.92,delivered,Pallavi Singh,142 Andheri West,+91 7035379600,card,2025-10-20T08:46:25.912Z
SYN003918,50,2725.0,0.0,218.0,2943.0,delivered,Pallavi Singh,308 Andheri West,+91 9695954345,cash,2025-12-12T08:46:25.912Z
SYN003919,50,3032.0,0.0,242.56,3274.56,delivered,Pallavi Singh,95 MG Road,+91 9473558412,upi,2025-09-18T08:46:25.912Z
SYN003920,50,4303.0,0.0,344.24,4647.24,delivered,Pallavi Singh,80 Banjara Hills,+91 8381172454,cash,2026-03-24T08:46:25.912Z
SYN003921,50,1694.0,0.0,135.52,1829.52,delivered,Pallavi Singh,80 Andheri West,+91 9338691588,cash,2026-01-29T08:46:25.912Z
SYN003922,50,1899.0,0.0,151.92,2050.92,delivered,Pallavi Singh,277 MG Road,+91 8198381865,card,2025-10-25T08:46:25.912Z
SYN003923,50,3461.0,0.0,276.88,3737.88,delivered,Pallavi Singh,293 Park Street,+91 9947959734,card,2025-10-04T08:46:25.912Z
SYN003924,50,3594.0,0.0,287.52,3881.52,delivered,Pallavi Singh,7 MG Road,+91 7666281170,card,2025-11-14T08:46:25.912Z
SYN003925,50,5390.0,0.0,431.2,5821.2,delivered,Pallavi Singh,326 Gandhi Path,+91 8907567547,upi,2025-11-21T08:46:25.912Z
SYN003926,50,3836.0,0.0,306.88,4142.88,delivered,Pallavi Singh,149 Brigade Road,+91 7981223624,cash,2026-06-27T08:46:25.912Z
SYN003927,50,3542.0,0.0,283.36,3825.36,delivered,Pallavi Singh,64 Brigade Road,+91 9196147362,cash,2025-10-28T08:46:25.912Z
SYN003928,50,2207.0,0.0,176.56,2383.56,delivered,Pallavi Singh,375 Gandhi Path,+91 8355240938,card,2025-12-01T08:46:25.912Z
SYN003929,50,4531.0,0.0,362.48,4893.48,delivered,Pallavi Singh,413 Brigade Road,+91 7004078069,card,2026-01-18T08:46:25.912Z
SYN003930,50,2438.0,0.0,195.04,2633.04,delivered,Pallavi Singh,215 Laxmi Nagar,+91 8817092990,cash,2026-05-04T08:46:25.912Z
SYN003931,50,4157.0,0.0,332.56,4489.56,delivered,Pallavi Singh,355 Nehru Nagar,+91 8150872088,upi,2026-08-14T08:46:25.912Z
SYN003932,50,3907.0,0.0,312.56,4219.56,delivered,Pallavi Singh,100 Koramangala,+91 7402449176,upi,2026-08-08T08:46:25.912Z
SYN003933,50,3742.0,0.0,299.36,4041.36,delivered,Pallavi Singh,327 MG Road,+91 9803772066,card,2026-04-17T08:46:25.912Z
SYN003934,50,6713.0,0.0,537.04,7250.04,delivered,Pallavi Singh,299 MG Road,+91 8916727741,cash,2026-03-25T08:46:25.912Z
SYN003935,50,5247.0,0.0,419.76,5666.76,delivered,Pallavi Singh,389 Laxmi Nagar,+91 8270250440,cash,2026-05-09T08:46:25.912Z
SYN003936,50,3634.0,0.0,290.72,3924.72,delivered,Pallavi Singh,262 Brigade Road,+91 7159666399,cash,2026-07-15T08:46:25.912Z
SYN003937,50,2859.0,0.0,228.72,3087.72,delivered,Pallavi Singh,110 Gandhi Path,+91 7590087160,card,2026-01-13T08:46:25.912Z
SYN003938,50,2068.0,0.0,165.44,2233.44,delivered,Pallavi Singh,396 Laxmi Nagar,+91 8259084938,cash,2026-04-15T08:46:25.912Z
SYN003939,50,2064.0,0.0,165.12,2229.12,delivered,Pallavi Singh,85 Park Street,+91 7862519830,upi,2025-12-23T08:46:25.912Z
SYN003940,50,2924.0,0.0,233.92,3157.92,delivered,Pallavi Singh,97 Nehru Nagar,+91 7143275826,upi,2025-10-07T08:46:25.912Z
SYN003941,50,2793.0,0.0,223.44,3016.44,delivered,Pallavi Singh,436 Salt Lake,+91 9916529726,upi,2026-04-24T08:46:25.912Z
SYN003942,50,4522.0,0.0,361.76,4883.76,delivered,Pallavi Singh,38 Laxmi Nagar,+91 8917858601,upi,2026-08-01T08:46:25.912Z
SYN003943,50,4952.0,0.0,396.16,5348.16,delivered,Pallavi Singh,262 MG Road,+91 8540132156,card,2026-01-08T08:46:25.912Z
SYN003944,50,3298.0,0.0,263.84,3561.84,delivered,Pallavi Singh,15 MG Road,+91 9759312038,card,2026-02-09T08:46:25.912Z
SYN003945,50,2884.0,0.0,230.72,3114.72,delivered,Pallavi Singh,307 Park Street,+91 7192144425,upi,2025-09-17T08:46:25.912Z
SYN003946,50,3541.0,0.0,283.28,3824.28,delivered,Pallavi Singh,395 Gandhi Path,+91 8189049818,upi,2025-12-19T08:46:25.912Z
SYN003947,50,3482.0,0.0,278.56,3760.56,delivered,Pallavi Singh,262 Brigade Road,+91 8530823400,card,2026-06-07T08:46:25.912Z
SYN003948,50,4368.0,0.0,349.44,4717.44,delivered,Pallavi Singh,73 Banjara Hills,+91 9480659937,card,2025-12-11T08:46:25.912Z
SYN003949,50,3680.0,0.0,294.4,3974.4,delivered,Pallavi Singh,76 Brigade Road,+91 8770129768,upi,2026-06-14T08:46:25.912Z
SYN003950,50,2284.0,0.0,182.72,2466.72,delivered,Pallavi Singh,477 Banjara Hills,+91 8900112762,upi,2025-12-15T08:46:25.912Z
SYN003951,50,2369.0,0.0,189.52,2558.52,delivered,Pallavi Singh,446 Park Street,+91 7746126296,card,2026-04-26T08:46:25.912Z
SYN003952,50,5222.0,0.0,417.76,5639.76,delivered,Pallavi Singh,422 Banjara Hills,+91 7388286033,upi,2026-07-30T08:46:25.912Z
SYN003953,50,4218.0,0.0,337.44,4555.44,delivered,Pallavi Singh,13 Koramangala,+91 9431488340,card,2026-01-07T08:46:25.912Z
SYN003954,50,4533.0,0.0,362.64,4895.64,delivered,Pallavi Singh,374 Andheri West,+91 8480371142,cash,2026-07-28T08:46:25.912Z
SYN003955,50,4470.0,0.0,357.6,4827.6,delivered,Pallavi Singh,79 Banjara Hills,+91 9247812651,cash,2026-08-17T08:46:25.912Z
SYN003956,50,5984.0,0.0,478.72,6462.72,delivered,Pallavi Singh,321 Nehru Nagar,+91 8704692822,upi,2026-04-20T08:46:25.912Z
SYN003957,50,2518.0,0.0,201.44,2719.44,delivered,Pallavi Singh,47 MG Road,+91 8685680429,card,2026-05-16T08:46:25.912Z
SYN003958,50,2920.0,0.0,233.6,3153.6,delivered,Pallavi Singh,392 Nehru Nagar,+91 7392721131,upi,2025-09-26T08:46:25.912Z
SYN003959,50,3494.0,0.0,279.52,3773.52,delivered,Pallavi Singh,168 Nehru Nagar,+91 8320683020,cash,2026-04-18T08:46:25.912Z
SYN003960,50,3441.0,0.0,275.28,3716.28,delivered,Pallavi Singh,418 Brigade Road,+91 9497676767,card,2025-11-14T08:46:25.912Z
SYN003961,50,2927.0,0.0,234.16,3161.16,delivered,Pallavi Singh,403 Salt Lake,+91 9552964585,card,2025-11-05T08:46:25.912Z
SYN003962,50,2821.0,0.0,225.68,3046.68,delivered,Pallavi Singh,166 Gandhi Path,+91 8066751290,upi,2026-07-03T08:46:25.912Z
SYN003963,50,2168.0,0.0,173.44,2341.44,delivered,Pallavi Singh,107 Banjara Hills,+91 7858364716,upi,2025-09-04T08:46:25.912Z
SYN003964,50,971.0,0.0,77.68,1048.68,delivered,Pallavi Singh,307 Salt Lake,+91 9064731296,upi,2026-08-07T08:46:25.912Z
SYN003965,50,3027.0,0.0,242.16,3269.16,delivered,Pallavi Singh,436 Laxmi Nagar,+91 7165081622,cash,2025-11-30T08:46:25.912Z
SYN003966,50,4375.0,0.0,350.0,4725.0,delivered,Pallavi Singh,356 Nehru Nagar,+91 7738361698,card,2026-08-03T08:46:25.912Z
SYN003967,50,4444.0,0.0,355.52,4799.52,delivered,Pallavi Singh,347 Nehru Nagar,+91 9718069369,cash,2026-05-02T08:46:25.912Z
SYN003968,50,2449.0,0.0,195.92,2644.92,delivered,Pallavi Singh,41 Salt Lake,+91 9932013997,card,2025-11-21T08:46:25.912Z
SYN003969,50,1788.0,0.0,143.04,1931.04,delivered,Pallavi Singh,234 Salt Lake,+91 9402398405,cash,2026-04-04T08:46:25.912Z
SYN003970,50,1436.0,0.0,114.88,1550.88,delivered,Pallavi Singh,25 Laxmi Nagar,+91 7749531813,card,2025-09-03T08:46:25.912Z
SYN003971,50,3409.0,0.0,272.72,3681.72,delivered,Pallavi Singh,65 Nehru Nagar,+91 9188520183,card,2026-03-12T08:46:25.912Z
SYN003972,50,1646.0,0.0,131.68,1777.68,delivered,Pallavi Singh,64 Banjara Hills,+91 7476241127,upi,2026-04-05T08:46:25.912Z
SYN003973,50,2788.0,0.0,223.04,3011.04,delivered,Pallavi Singh,12 Park Street,+91 8509099568,card,2025-10-01T08:46:25.912Z
SYN003974,50,4416.0,0.0,353.28,4769.28,delivered,Pallavi Singh,199 Brigade Road,+91 7945879213,cash,2026-08-09T08:46:25.912Z
SYN003975,50,4601.0,0.0,368.08,4969.08,delivered,Pallavi Singh,155 Gandhi Path,+91 7758417941,cash,2026-03-11T08:46:25.912Z
SYN003976,50,2020.0,0.0,161.6,2181.6,delivered,Pallavi Singh,490 Salt Lake,+91 8735592764,upi,2026-05-05T08:46:25.912Z
SYN003977,50,3844.0,0.0,307.52,4151.52,delivered,Pallavi Singh,441 Nehru Nagar,+91 9066469556,upi,2026-04-18T08:46:25.912Z
SYN003978,50,3775.0,0.0,302.0,4077.0,delivered,Pallavi Singh,409 Koramangala,+91 7106429035,upi,2025-10-21T08:46:25.912Z
SYN003979,50,2654.0,0.0,212.32,2866.32,delivered,Pallavi Singh,111 Gandhi Path,+91 8025837790,upi,2026-05-20T08:46:25.912Z
SYN003980,50,3173.0,0.0,253.84,3426.84,delivered,Pallavi Singh,250 Gandhi Path,+91 8651790801,cash,2026-08-21T08:46:25.912Z
SYN003981,50,6372.0,0.0,509.76,6881.76,delivered,Pallavi Singh,125 Park Street,+91 7812935091,upi,2025-10-21T08:46:25.912Z
SYN003982,50,3064.0,0.0,245.12,3309.12,delivered,Pallavi Singh,247 Gandhi Path,+91 8352628570,upi,2025-11-21T08:46:25.912Z
SYN003983,50,1678.0,0.0,134.24,1812.24,delivered,Pallavi Singh,25 Andheri West,+91 9557264208,cash,2026-05-29T08:46:25.912Z
SYN003984,50,1829.0,0.0,146.32,1975.32,delivered,Pallavi Singh,440 Banjara Hills,+91 9745845293,upi,2025-09-22T08:46:25.912Z
SYN003985,50,4464.0,0.0,357.12,4821.12,delivered,Pallavi Singh,243 Salt Lake,+91 8215994892,cash,2026-01-04T08:46:25.912Z
SYN003986,50,3612.0,0.0,288.96,3900.96,delivered,Pallavi Singh,406 Gandhi Path,+91 9960156425,card,2026-01-09T08:46:25.912Z
SYN003987,50,2290.0,0.0,183.2,2473.2,delivered,Pallavi Singh,281 Brigade Road,+91 8563071446,upi,2026-03-10T08:46:25.912Z
SYN003988,50,4309.0,0.0,344.72,4653.72,delivered,Pallavi Singh,172 Nehru Nagar,+91 9147522518,upi,2026-02-02T08:46:25.912Z
SYN003989,50,3496.0,0.0,279.68,3775.68,delivered,Pallavi Singh,433 Salt Lake,+91 9328610427,upi,2026-06-05T08:46:25.912Z
SYN003990,50,5516.0,0.0,441.28,5957.28,delivered,Pallavi Singh,9 Park Street,+91 7069083130,card,2025-12-22T08:46:25.912Z
SYN003991,50,2017.0,0.0,161.36,2178.36,delivered,Pallavi Singh,330 Laxmi Nagar,+91 9253187537,upi,2026-03-17T08:46:25.912Z
SYN003992,50,2449.0,0.0,195.92,2644.92,delivered,Pallavi Singh,366 Nehru Nagar,+91 9731667692,upi,2025-10-15T08:46:25.912Z
SYN003993,50,3442.0,0.0,275.36,3717.36,delivered,Pallavi Singh,46 Laxmi Nagar,+91 7337199937,cash,2026-01-16T08:46:25.912Z
SYN003994,50,4180.0,0.0,334.4,4514.4,delivered,Pallavi Singh,257 Andheri West,+91 8771834202,card,2026-08-13T08:46:25.912Z
SYN003995,50,5096.0,0.0,407.68,5503.68,delivered,Pallavi Singh,484 Andheri West,+91 8962653730,card,2026-01-12T08:46:25.912Z
SYN003996,50,3642.0,0.0,291.36,3933.36,delivered,Pallavi Singh,487 Brigade Road,+91 8099865171,cash,2026-08-16T08:46:25.912Z
SYN003997,50,2448.0,0.0,195.84,2643.84,delivered,Pallavi Singh,287 Laxmi Nagar,+91 9760984968,upi,2026-02-23T08:46:25.912Z
SYN003998,50,2833.0,0.0,226.64,3059.64,delivered,Pallavi Singh,247 Gandhi Path,+91 9666879557,card,2025-11-28T08:46:25.912Z
SYN003999,50,3772.0,0.0,301.76,4073.76,delivered,Pallavi Singh,224 Koramangala,+91 8933284375,cash,2026-01-08T08:46:25.912Z
SYN004000,50,2588.0,0.0,207.04,2795.04,delivered,Pallavi Singh,25 Banjara Hills,+91 7196863169,cash,2025-11-16T08:46:25.912Z
SYN004001,50,3144.0,0.0,251.52,3395.52,delivered,Pallavi Singh,426 Laxmi Nagar,+91 9620024846,card,2026-08-06T08:46:25.912Z
SYN004002,50,2478.0,0.0,198.24,2676.24,delivered,Pallavi Singh,215 Banjara Hills,+91 7509848122,cash,2026-05-14T08:46:25.912Z
SYN004003,50,2924.0,0.0,233.92,3157.92,delivered,Pallavi Singh,89 Andheri West,+91 9041783976,upi,2026-05-21T08:46:25.912Z
SYN004004,50,3391.0,0.0,271.28,3662.28,delivered,Pallavi Singh,114 Koramangala,+91 9866048255,upi,2025-10-02T08:46:25.912Z
SYN004005,50,3690.0,0.0,295.2,3985.2,delivered,Pallavi Singh,423 Brigade Road,+91 9291682745,upi,2026-01-04T08:46:25.912Z
SYN004006,50,4937.0,0.0,394.96,5331.96,delivered,Pallavi Singh,354 Park Street,+91 7510730569,cash,2025-11-10T08:46:25.912Z
SYN004007,50,3043.0,0.0,243.44,3286.44,delivered,Pallavi Singh,397 MG Road,+91 7360435349,upi,2026-04-12T08:46:25.912Z
SYN004008,50,3637.0,0.0,290.96,3927.96,delivered,Pallavi Singh,427 Park Street,+91 9484323075,upi,2026-05-16T08:46:25.912Z
SYN004009,50,1372.0,0.0,109.76,1481.76,delivered,Pallavi Singh,272 Banjara Hills,+91 7383589744,upi,2026-05-22T08:46:25.912Z
SYN004010,50,4251.0,0.0,340.08,4591.08,delivered,Pallavi Singh,322 Park Street,+91 9063821098,card,2026-06-09T08:46:25.912Z
SYN004011,50,2776.0,0.0,222.08,2998.08,delivered,Pallavi Singh,80 Laxmi Nagar,+91 7119493555,card,2026-05-11T08:46:25.912Z
SYN004012,51,504.0,0.0,40.32,544.32,delivered,Ashish Nair,323 MG Road,+91 9783047486,card,2026-05-27T08:46:25.912Z
SYN004013,51,2246.0,0.0,179.68,2425.68,delivered,Ashish Nair,330 MG Road,+91 7851490549,cash,2026-03-03T08:46:25.912Z
SYN004014,51,900.0,0.0,72.0,972.0,delivered,Ashish Nair,304 Park Street,+91 8446181229,upi,2025-09-17T08:46:25.912Z
SYN004015,51,1460.0,0.0,116.8,1576.8,delivered,Ashish Nair,122 Andheri West,+91 7077093072,card,2026-08-20T08:46:25.912Z
SYN004016,51,1620.0,0.0,129.6,1749.6,delivered,Ashish Nair,32 Nehru Nagar,+91 8419790080,card,2025-08-27T08:46:25.912Z
SYN004017,51,822.0,0.0,65.76,887.76,delivered,Ashish Nair,86 Banjara Hills,+91 9455858280,cash,2026-04-03T08:46:25.912Z
SYN004018,51,1644.0,0.0,131.52,1775.52,delivered,Ashish Nair,264 Laxmi Nagar,+91 8755445006,cash,2026-04-18T08:46:25.912Z
SYN004019,51,1170.0,0.0,93.6,1263.6,delivered,Ashish Nair,120 Andheri West,+91 7583699899,cash,2026-02-08T08:46:25.912Z
SYN004020,51,1220.0,0.0,97.6,1317.6,delivered,Ashish Nair,350 Koramangala,+91 9418480621,cash,2026-03-21T08:46:25.912Z
SYN004021,51,1311.0,0.0,104.88,1415.88,delivered,Ashish Nair,313 Salt Lake,+91 9628934979,upi,2026-07-23T08:46:25.912Z
SYN004022,51,2553.0,0.0,204.24,2757.24,delivered,Ashish Nair,52 Salt Lake,+91 8208977851,upi,2026-06-26T08:46:25.912Z
SYN004023,51,2023.0,0.0,161.84,2184.84,delivered,Ashish Nair,467 Nehru Nagar,+91 8528150476,upi,2025-10-29T08:46:25.912Z
SYN004024,51,745.0,0.0,59.6,804.6,delivered,Ashish Nair,456 Brigade Road,+91 9629354757,cash,2026-02-14T08:46:25.912Z
SYN004025,51,2564.0,0.0,205.12,2769.12,delivered,Ashish Nair,72 Park Street,+91 9699645227,card,2025-12-06T08:46:25.912Z
SYN004026,51,695.0,0.0,55.6,750.6,delivered,Ashish Nair,223 Koramangala,+91 9239165976,card,2025-11-12T08:46:25.912Z
SYN004027,51,1463.0,0.0,117.04,1580.04,delivered,Ashish Nair,58 Salt Lake,+91 9590940182,card,2026-06-21T08:46:25.912Z
SYN004028,51,1771.0,0.0,141.68,1912.68,delivered,Ashish Nair,246 Banjara Hills,+91 7782939850,card,2026-04-06T08:46:25.912Z
SYN004029,51,1858.0,0.0,148.64,2006.64,delivered,Ashish Nair,420 Gandhi Path,+91 7824546675,upi,2026-04-04T08:46:25.912Z
SYN004030,51,2463.0,0.0,197.04,2660.04,delivered,Ashish Nair,496 Banjara Hills,+91 7473516378,cash,2026-07-24T08:46:25.912Z
SYN004031,51,1309.0,0.0,104.72,1413.72,delivered,Ashish Nair,461 Banjara Hills,+91 7189439492,card,2026-05-05T08:46:25.912Z
SYN004032,51,1498.0,0.0,119.84,1617.84,delivered,Ashish Nair,482 Nehru Nagar,+91 9783112997,upi,2025-11-17T08:46:25.912Z
SYN004033,51,902.0,0.0,72.16,974.16,delivered,Ashish Nair,235 Koramangala,+91 7713360427,cash,2025-09-03T08:46:25.912Z
SYN004034,51,493.0,49.0,39.44,581.44,delivered,Ashish Nair,36 Koramangala,+91 7505829627,cash,2025-10-27T08:46:25.912Z
SYN004035,51,1420.0,0.0,113.6,1533.6,delivered,Ashish Nair,299 Gandhi Path,+91 9490441414,card,2026-03-11T08:46:25.912Z
SYN004036,51,1061.0,0.0,84.88,1145.88,delivered,Ashish Nair,441 Koramangala,+91 9111769551,upi,2026-04-25T08:46:25.912Z
SYN004037,51,801.0,0.0,64.08,865.08,delivered,Ashish Nair,271 Brigade Road,+91 8149337612,card,2025-10-25T08:46:25.912Z
SYN004038,51,1758.0,0.0,140.64,1898.64,delivered,Ashish Nair,324 Banjara Hills,+91 7323332924,cash,2025-11-23T08:46:25.912Z
SYN004039,51,1987.0,0.0,158.96,2145.96,delivered,Ashish Nair,385 Gandhi Path,+91 7989915225,upi,2026-01-20T08:46:25.912Z
SYN004040,51,1190.0,0.0,95.2,1285.2,delivered,Ashish Nair,357 Laxmi Nagar,+91 8437625684,cash,2026-08-17T08:46:25.912Z
SYN004041,51,2406.0,0.0,192.48,2598.48,delivered,Ashish Nair,412 Koramangala,+91 9605321401,cash,2026-07-07T08:46:25.912Z
SYN004042,51,1451.0,0.0,116.08,1567.08,delivered,Ashish Nair,301 Banjara Hills,+91 9125378221,upi,2026-03-27T08:46:25.912Z
SYN004043,51,2218.0,0.0,177.44,2395.44,delivered,Ashish Nair,3 Salt Lake,+91 7638325948,card,2026-05-15T08:46:25.912Z
SYN004044,51,3176.0,0.0,254.08,3430.08,delivered,Ashish Nair,212 Koramangala,+91 8745021132,upi,2026-01-21T08:46:25.912Z
SYN004045,51,1459.0,0.0,116.72,1575.72,delivered,Ashish Nair,408 Nehru Nagar,+91 9717426564,cash,2025-10-06T08:46:25.912Z
SYN004046,51,2804.0,0.0,224.32,3028.32,delivered,Ashish Nair,149 MG Road,+91 9347180819,cash,2026-05-28T08:46:25.912Z
SYN004047,51,2027.0,0.0,162.16,2189.16,delivered,Ashish Nair,179 Laxmi Nagar,+91 9641652839,upi,2026-03-12T08:46:25.912Z
SYN004048,51,2148.0,0.0,171.84,2319.84,delivered,Ashish Nair,415 Brigade Road,+91 8467997036,card,2025-12-21T08:46:25.912Z
SYN004049,51,1968.0,0.0,157.44,2125.44,delivered,Ashish Nair,301 Laxmi Nagar,+91 7246040907,upi,2026-04-03T08:46:25.912Z
SYN004050,51,991.0,0.0,79.28,1070.28,delivered,Ashish Nair,453 Andheri West,+91 7433312485,cash,2026-02-10T08:46:25.912Z
SYN004051,51,2562.0,0.0,204.96,2766.96,delivered,Ashish Nair,23 Gandhi Path,+91 8029662352,card,2026-01-10T08:46:25.912Z
SYN004052,51,1043.0,0.0,83.44,1126.44,delivered,Ashish Nair,37 Laxmi Nagar,+91 9078023155,upi,2026-07-10T08:46:25.912Z
SYN004053,51,1460.0,0.0,116.8,1576.8,delivered,Ashish Nair,168 Koramangala,+91 9648810824,cash,2025-09-17T08:46:25.912Z
SYN004054,51,1236.0,0.0,98.88,1334.88,delivered,Ashish Nair,265 Brigade Road,+91 9436342675,upi,2025-09-20T08:46:25.912Z
SYN004055,51,4114.0,0.0,329.12,4443.12,delivered,Ashish Nair,381 Koramangala,+91 7397667800,upi,2026-08-06T08:46:25.912Z
SYN004056,51,2053.0,0.0,164.24,2217.24,delivered,Ashish Nair,452 Brigade Road,+91 9771660717,cash,2025-12-31T08:46:25.912Z
SYN004057,51,1519.0,0.0,121.52,1640.52,delivered,Ashish Nair,297 Gandhi Path,+91 9725411414,cash,2026-07-20T08:46:25.912Z
SYN004058,51,3330.0,0.0,266.4,3596.4,delivered,Ashish Nair,402 Koramangala,+91 9630930530,upi,2026-07-12T08:46:25.912Z
SYN004059,51,3967.0,0.0,317.36,4284.36,delivered,Ashish Nair,400 Andheri West,+91 9573661311,cash,2026-08-01T08:46:25.912Z
SYN004060,51,1349.0,0.0,107.92,1456.92,delivered,Ashish Nair,265 Banjara Hills,+91 9270815617,cash,2026-03-23T08:46:25.912Z
SYN004061,51,2625.0,0.0,210.0,2835.0,delivered,Ashish Nair,166 Nehru Nagar,+91 8825197668,card,2026-02-19T08:46:25.912Z
SYN004062,51,1839.0,0.0,147.12,1986.12,delivered,Ashish Nair,154 Banjara Hills,+91 9550949579,cash,2026-03-19T08:46:25.912Z
SYN004063,51,1173.0,0.0,93.84,1266.84,delivered,Ashish Nair,201 Laxmi Nagar,+91 8730466946,card,2025-12-25T08:46:25.912Z
SYN004064,51,722.0,0.0,57.76,779.76,delivered,Ashish Nair,316 Gandhi Path,+91 8327049723,cash,2026-02-15T08:46:25.912Z
SYN004065,51,762.0,0.0,60.96,822.96,delivered,Ashish Nair,469 Park Street,+91 7842278621,card,2026-01-13T08:46:25.912Z
SYN004066,51,1061.0,0.0,84.88,1145.88,delivered,Ashish Nair,284 Andheri West,+91 7192079474,cash,2025-10-31T08:46:25.912Z
SYN004067,51,3075.0,0.0,246.0,3321.0,delivered,Ashish Nair,119 Salt Lake,+91 8762753503,cash,2025-10-06T08:46:25.912Z
SYN004068,51,2394.0,0.0,191.52,2585.52,delivered,Ashish Nair,144 Koramangala,+91 8757977800,card,2025-11-19T08:46:25.912Z
SYN004069,51,1480.0,0.0,118.4,1598.4,delivered,Ashish Nair,489 Banjara Hills,+91 9600471207,cash,2025-09-13T08:46:25.912Z
SYN004070,51,544.0,0.0,43.52,587.52,delivered,Ashish Nair,99 Banjara Hills,+91 7129075699,cash,2026-01-04T08:46:25.912Z
SYN004071,51,2624.0,0.0,209.92,2833.92,delivered,Ashish Nair,73 Nehru Nagar,+91 7408413892,upi,2025-11-09T08:46:25.912Z
SYN004072,51,2476.0,0.0,198.08,2674.08,delivered,Ashish Nair,2 Andheri West,+91 7624465631,upi,2025-09-13T08:46:25.912Z
SYN004073,51,414.0,49.0,33.12,496.12,delivered,Ashish Nair,352 Nehru Nagar,+91 8051235974,card,2026-02-17T08:46:25.912Z
SYN004074,51,1585.0,0.0,126.8,1711.8,delivered,Ashish Nair,73 Gandhi Path,+91 9684356348,cash,2026-04-21T08:46:25.912Z
SYN004075,51,2337.0,0.0,186.96,2523.96,delivered,Ashish Nair,214 Park Street,+91 9126063570,cash,2026-02-28T08:46:25.912Z
SYN004076,51,1128.0,0.0,90.24,1218.24,delivered,Ashish Nair,432 MG Road,+91 9614754236,cash,2026-05-15T08:46:25.912Z
SYN004077,51,1346.0,0.0,107.68,1453.68,delivered,Ashish Nair,488 Banjara Hills,+91 9336692928,card,2026-07-09T08:46:25.912Z
SYN004078,51,1052.0,0.0,84.16,1136.16,delivered,Ashish Nair,277 Nehru Nagar,+91 7231954712,upi,2025-12-15T08:46:25.912Z
SYN004079,51,1580.0,0.0,126.4,1706.4,delivered,Ashish Nair,492 Gandhi Path,+91 9351473826,cash,2026-07-27T08:46:25.912Z
SYN004080,51,1171.0,0.0,93.68,1264.68,delivered,Ashish Nair,139 Nehru Nagar,+91 7395860590,card,2026-01-20T08:46:25.912Z
SYN004081,51,1634.0,0.0,130.72,1764.72,delivered,Ashish Nair,214 MG Road,+91 8652543398,upi,2025-09-21T08:46:25.912Z
SYN004082,52,983.0,0.0,78.64,1061.64,delivered,Shruti Verma,394 Gandhi Path,+91 7332651149,card,2025-09-09T08:46:25.912Z
SYN004083,52,2007.0,0.0,160.56,2167.56,delivered,Shruti Verma,182 Nehru Nagar,+91 9977253939,card,2026-08-11T08:46:25.912Z
SYN004084,52,1880.0,0.0,150.4,2030.4,delivered,Shruti Verma,101 Banjara Hills,+91 7355667492,card,2026-07-30T08:46:25.912Z
SYN004085,52,603.0,0.0,48.24,651.24,delivered,Shruti Verma,469 Banjara Hills,+91 7852326496,card,2025-12-29T08:46:25.912Z
SYN004086,52,1514.0,0.0,121.12,1635.12,delivered,Shruti Verma,65 Gandhi Path,+91 9414541752,card,2025-12-04T08:46:25.912Z
SYN004087,52,1450.0,0.0,116.0,1566.0,delivered,Shruti Verma,191 Laxmi Nagar,+91 9616582773,cash,2026-04-15T08:46:25.912Z
SYN004088,52,2039.0,0.0,163.12,2202.12,delivered,Shruti Verma,41 Park Street,+91 9696738714,cash,2026-07-31T08:46:25.912Z
SYN004089,52,1842.0,0.0,147.36,1989.36,delivered,Shruti Verma,473 Andheri West,+91 8937033621,cash,2026-07-20T08:46:25.912Z
SYN004090,52,1329.0,0.0,106.32,1435.32,delivered,Shruti Verma,192 Salt Lake,+91 9844046851,upi,2025-08-29T08:46:25.912Z
SYN004091,52,1033.0,0.0,82.64,1115.64,delivered,Shruti Verma,346 Nehru Nagar,+91 9129316607,upi,2025-09-27T08:46:25.912Z
SYN004092,52,394.0,49.0,31.52,474.52,delivered,Shruti Verma,415 MG Road,+91 7647290418,upi,2026-05-11T08:46:25.912Z
SYN004093,52,1122.0,0.0,89.76,1211.76,delivered,Shruti Verma,24 Salt Lake,+91 8031929896,card,2025-12-27T08:46:25.912Z
SYN004094,52,1671.0,0.0,133.68,1804.68,delivered,Shruti Verma,281 Nehru Nagar,+91 8043349914,upi,2026-07-28T08:46:25.912Z
SYN004095,52,980.0,0.0,78.4,1058.4,delivered,Shruti Verma,127 Salt Lake,+91 7772939204,upi,2026-05-08T08:46:25.912Z
SYN004096,52,1753.0,0.0,140.24,1893.24,delivered,Shruti Verma,152 MG Road,+91 7978451229,card,2026-05-25T08:46:25.912Z
SYN004097,52,1332.0,0.0,106.56,1438.56,delivered,Shruti Verma,424 MG Road,+91 7063182438,card,2025-10-01T08:46:25.912Z
SYN004098,52,1402.0,0.0,112.16,1514.16,delivered,Shruti Verma,287 Gandhi Path,+91 9487930522,card,2026-05-21T08:46:25.912Z
SYN004099,52,2829.0,0.0,226.32,3055.32,delivered,Shruti Verma,479 Laxmi Nagar,+91 8423513929,upi,2025-12-07T08:46:25.912Z
SYN004100,52,467.0,49.0,37.36,553.36,delivered,Shruti Verma,288 Laxmi Nagar,+91 9303456817,upi,2026-05-20T08:46:25.912Z
SYN004101,52,2089.0,0.0,167.12,2256.12,delivered,Shruti Verma,256 Laxmi Nagar,+91 7561511268,upi,2026-02-04T08:46:25.912Z
SYN004102,52,1330.0,0.0,106.4,1436.4,delivered,Shruti Verma,310 Park Street,+91 7054650249,card,2026-01-31T08:46:25.912Z
SYN004103,52,2050.0,0.0,164.0,2214.0,delivered,Shruti Verma,319 Nehru Nagar,+91 9990952540,cash,2026-02-24T08:46:25.912Z
SYN004104,52,1730.0,0.0,138.4,1868.4,delivered,Shruti Verma,19 Brigade Road,+91 9286440898,cash,2026-07-23T08:46:25.912Z
SYN004105,52,2118.0,0.0,169.44,2287.44,delivered,Shruti Verma,10 Brigade Road,+91 7642016618,upi,2025-12-15T08:46:25.912Z
SYN004106,52,1522.0,0.0,121.76,1643.76,delivered,Shruti Verma,477 Salt Lake,+91 7709893207,card,2026-05-26T08:46:25.912Z
SYN004107,52,2458.0,0.0,196.64,2654.64,delivered,Shruti Verma,233 Nehru Nagar,+91 9016350061,cash,2025-08-30T08:46:25.912Z
SYN004108,52,805.0,0.0,64.4,869.4,delivered,Shruti Verma,51 Nehru Nagar,+91 7648563168,upi,2025-09-06T08:46:25.912Z
SYN004109,52,814.0,0.0,65.12,879.12,delivered,Shruti Verma,265 Salt Lake,+91 9885636163,upi,2025-11-28T08:46:25.912Z
SYN004110,52,1481.0,0.0,118.48,1599.48,delivered,Shruti Verma,455 MG Road,+91 9910523466,upi,2025-08-30T08:46:25.912Z
SYN004111,52,1413.0,0.0,113.04,1526.04,delivered,Shruti Verma,367 Banjara Hills,+91 7104135688,cash,2025-10-31T08:46:25.912Z
SYN004112,52,895.0,0.0,71.6,966.6,delivered,Shruti Verma,85 Koramangala,+91 8352952633,card,2025-09-04T08:46:25.912Z
SYN004113,52,1172.0,0.0,93.76,1265.76,delivered,Shruti Verma,197 Koramangala,+91 7701898568,card,2025-09-17T08:46:25.912Z
SYN004114,52,1693.0,0.0,135.44,1828.44,delivered,Shruti Verma,11 Brigade Road,+91 7928377734,cash,2025-12-09T08:46:25.912Z
SYN004115,52,1889.0,0.0,151.12,2040.12,delivered,Shruti Verma,300 Nehru Nagar,+91 8522925142,upi,2025-10-11T08:46:25.912Z
SYN004116,52,841.0,0.0,67.28,908.28,delivered,Shruti Verma,416 Salt Lake,+91 8067769479,card,2026-07-23T08:46:25.912Z
SYN004117,52,1342.0,0.0,107.36,1449.36,delivered,Shruti Verma,410 Laxmi Nagar,+91 9696724916,card,2025-11-18T08:46:25.912Z
SYN004118,52,3106.0,0.0,248.48,3354.48,delivered,Shruti Verma,407 Park Street,+91 7358649161,cash,2026-02-08T08:46:25.912Z
SYN004119,52,1094.0,0.0,87.52,1181.52,delivered,Shruti Verma,260 Andheri West,+91 8561617387,card,2026-01-20T08:46:25.912Z
SYN004120,52,1899.0,0.0,151.92,2050.92,delivered,Shruti Verma,95 Andheri West,+91 8438196770,upi,2025-12-31T08:46:25.912Z
SYN004121,52,1581.0,0.0,126.48,1707.48,delivered,Shruti Verma,231 Nehru Nagar,+91 8825731841,upi,2026-02-26T08:46:25.912Z
SYN004122,52,775.0,0.0,62.0,837.0,delivered,Shruti Verma,450 Gandhi Path,+91 8593846390,upi,2025-09-21T08:46:25.912Z
SYN004123,52,1374.0,0.0,109.92,1483.92,delivered,Shruti Verma,343 Laxmi Nagar,+91 8162447722,card,2025-12-09T08:46:25.912Z
SYN004124,52,583.0,0.0,46.64,629.64,delivered,Shruti Verma,456 Koramangala,+91 8801312450,card,2026-08-15T08:46:25.912Z
SYN004125,52,1271.0,0.0,101.68,1372.68,delivered,Shruti Verma,357 Andheri West,+91 9398849092,card,2026-07-21T08:46:25.912Z
SYN004126,52,2178.0,0.0,174.24,2352.24,delivered,Shruti Verma,10 Nehru Nagar,+91 8275230394,card,2026-01-30T08:46:25.912Z
SYN004127,52,1382.0,0.0,110.56,1492.56,delivered,Shruti Verma,280 Brigade Road,+91 7220217464,upi,2026-06-09T08:46:25.912Z
SYN004128,52,377.0,49.0,30.16,456.16,delivered,Shruti Verma,25 Koramangala,+91 7711967895,card,2026-02-17T08:46:25.912Z
SYN004129,52,993.0,0.0,79.44,1072.44,delivered,Shruti Verma,384 Brigade Road,+91 7798555842,upi,2026-01-27T08:46:25.912Z
SYN004130,52,1088.0,0.0,87.04,1175.04,delivered,Shruti Verma,358 Banjara Hills,+91 8954718727,upi,2026-03-29T08:46:25.912Z
SYN004131,52,1083.0,0.0,86.64,1169.64,delivered,Shruti Verma,16 Koramangala,+91 7294482527,cash,2026-05-26T08:46:25.912Z
SYN004132,52,1337.0,0.0,106.96,1443.96,delivered,Shruti Verma,72 Banjara Hills,+91 7497697803,upi,2026-01-22T08:46:25.912Z
SYN004133,52,1589.0,0.0,127.12,1716.12,delivered,Shruti Verma,201 Andheri West,+91 8101691720,upi,2026-04-05T08:46:25.912Z
SYN004134,52,952.0,0.0,76.16,1028.16,delivered,Shruti Verma,155 MG Road,+91 7356286537,upi,2026-07-10T08:46:25.912Z
SYN004135,52,1111.0,0.0,88.88,1199.88,delivered,Shruti Verma,222 Koramangala,+91 9162346621,upi,2026-01-22T08:46:25.912Z
SYN004136,52,595.0,0.0,47.6,642.6,delivered,Shruti Verma,361 Koramangala,+91 9646389384,card,2026-06-14T08:46:25.912Z
SYN004137,52,1320.0,0.0,105.6,1425.6,delivered,Shruti Verma,457 Park Street,+91 9407396836,cash,2026-03-11T08:46:25.912Z
SYN004138,52,2065.0,0.0,165.2,2230.2,delivered,Shruti Verma,488 Koramangala,+91 8177251997,upi,2026-04-15T08:46:25.912Z
SYN004139,52,1462.0,0.0,116.96,1578.96,delivered,Shruti Verma,202 Salt Lake,+91 7571645985,cash,2025-12-11T08:46:25.912Z
SYN004140,52,1324.0,0.0,105.92,1429.92,delivered,Shruti Verma,118 Andheri West,+91 9755262378,card,2026-04-24T08:46:25.912Z
SYN004141,52,1031.0,0.0,82.48,1113.48,delivered,Shruti Verma,364 Brigade Road,+91 7947577584,cash,2026-02-21T08:46:25.912Z
SYN004142,52,1271.0,0.0,101.68,1372.68,delivered,Shruti Verma,379 MG Road,+91 8065757745,cash,2025-10-23T08:46:25.912Z
SYN004143,52,985.0,0.0,78.8,1063.8,delivered,Shruti Verma,251 Park Street,+91 9501212705,cash,2025-10-25T08:46:25.912Z
SYN004144,52,1419.0,0.0,113.52,1532.52,delivered,Shruti Verma,324 Salt Lake,+91 7337742304,upi,2025-12-28T08:46:25.912Z
SYN004145,52,2207.0,0.0,176.56,2383.56,delivered,Shruti Verma,219 Andheri West,+91 9468420073,cash,2026-03-02T08:46:25.912Z
SYN004146,52,2083.0,0.0,166.64,2249.64,delivered,Shruti Verma,113 Koramangala,+91 8207194592,cash,2026-06-13T08:46:25.912Z
SYN004147,52,2009.0,0.0,160.72,2169.72,delivered,Shruti Verma,454 Andheri West,+91 9991787508,cash,2025-09-13T08:46:25.912Z
SYN004148,52,3237.0,0.0,258.96,3495.96,delivered,Shruti Verma,496 MG Road,+91 8824090697,upi,2025-09-15T08:46:25.912Z
SYN004149,52,2081.0,0.0,166.48,2247.48,delivered,Shruti Verma,463 Nehru Nagar,+91 9113025074,cash,2026-03-11T08:46:25.912Z
SYN004150,52,1866.0,0.0,149.28,2015.28,delivered,Shruti Verma,483 Brigade Road,+91 7699591822,upi,2026-07-27T08:46:25.912Z
SYN004151,52,1242.0,0.0,99.36,1341.36,delivered,Shruti Verma,101 Andheri West,+91 7462674062,card,2026-02-06T08:46:25.912Z
SYN004152,52,1274.0,0.0,101.92,1375.92,delivered,Shruti Verma,215 Banjara Hills,+91 8998061947,upi,2025-10-22T08:46:25.912Z
SYN004153,52,2877.0,0.0,230.16,3107.16,delivered,Shruti Verma,242 Laxmi Nagar,+91 7525937169,upi,2025-12-15T08:46:25.912Z
SYN004154,52,2127.0,0.0,170.16,2297.16,delivered,Shruti Verma,395 Koramangala,+91 7520252274,card,2026-06-03T08:46:25.912Z
SYN004155,52,940.0,0.0,75.2,1015.2,delivered,Shruti Verma,210 Brigade Road,+91 8655177909,upi,2025-09-08T08:46:25.912Z
SYN004156,52,2339.0,0.0,187.12,2526.12,delivered,Shruti Verma,146 Laxmi Nagar,+91 8534655279,upi,2026-02-27T08:46:25.912Z
SYN004157,52,466.0,49.0,37.28,552.28,delivered,Shruti Verma,130 Laxmi Nagar,+91 7841842895,cash,2026-08-05T08:46:25.912Z
SYN004158,52,925.0,0.0,74.0,999.0,delivered,Shruti Verma,381 Brigade Road,+91 8500120078,cash,2026-01-18T08:46:25.912Z
SYN004159,52,1190.0,0.0,95.2,1285.2,delivered,Shruti Verma,13 MG Road,+91 9469250223,card,2026-03-17T08:46:25.912Z
SYN004160,52,1431.0,0.0,114.48,1545.48,delivered,Shruti Verma,488 Andheri West,+91 8433491422,cash,2025-09-09T08:46:25.912Z
SYN004161,52,1130.0,0.0,90.4,1220.4,delivered,Shruti Verma,245 MG Road,+91 7263110740,cash,2026-03-05T08:46:25.912Z
SYN004162,52,2627.0,0.0,210.16,2837.16,delivered,Shruti Verma,9 Park Street,+91 8717691193,card,2026-01-15T08:46:25.912Z
SYN004163,52,1901.0,0.0,152.08,2053.08,delivered,Shruti Verma,104 Gandhi Path,+91 9629799991,card,2026-01-10T08:46:25.912Z
SYN004164,52,2688.0,0.0,215.04,2903.04,delivered,Shruti Verma,412 Park Street,+91 7784683034,upi,2025-10-18T08:46:25.912Z
SYN004165,52,2559.0,0.0,204.72,2763.72,delivered,Shruti Verma,98 Nehru Nagar,+91 8780252537,card,2026-06-18T08:46:25.912Z
SYN004166,52,1161.0,0.0,92.88,1253.88,delivered,Shruti Verma,488 Laxmi Nagar,+91 8992723140,upi,2026-07-06T08:46:25.912Z
SYN004167,52,2720.0,0.0,217.6,2937.6,delivered,Shruti Verma,328 MG Road,+91 8144245423,cash,2026-02-06T08:46:25.912Z
SYN004168,52,3100.0,0.0,248.0,3348.0,delivered,Shruti Verma,121 Park Street,+91 7833845889,cash,2025-10-26T08:46:25.912Z
SYN004169,52,1203.0,0.0,96.24,1299.24,delivered,Shruti Verma,58 Salt Lake,+91 8175224589,card,2025-12-02T08:46:25.912Z
SYN004170,52,1028.0,0.0,82.24,1110.24,delivered,Shruti Verma,487 Andheri West,+91 7261248526,card,2026-05-10T08:46:25.912Z
SYN004171,52,3164.0,0.0,253.12,3417.12,delivered,Shruti Verma,151 Gandhi Path,+91 8376157273,cash,2025-08-27T08:46:25.912Z
SYN004172,52,2536.0,0.0,202.88,2738.88,delivered,Shruti Verma,174 Salt Lake,+91 8437415444,upi,2026-04-06T08:46:25.912Z
SYN004173,52,944.0,0.0,75.52,1019.52,delivered,Shruti Verma,122 Koramangala,+91 9801176446,card,2026-03-22T08:46:25.912Z
SYN004174,52,1246.0,0.0,99.68,1345.68,delivered,Shruti Verma,446 Andheri West,+91 9426273314,card,2026-07-09T08:46:25.912Z
SYN004175,52,1178.0,0.0,94.24,1272.24,delivered,Shruti Verma,209 Andheri West,+91 7993539636,card,2025-09-27T08:46:25.912Z
SYN004176,52,1242.0,0.0,99.36,1341.36,delivered,Shruti Verma,415 Park Street,+91 7067135573,upi,2026-03-05T08:46:25.912Z
SYN004177,52,1489.0,0.0,119.12,1608.12,delivered,Shruti Verma,135 Brigade Road,+91 7626726060,cash,2025-10-05T08:46:25.912Z
SYN004178,52,1681.0,0.0,134.48,1815.48,delivered,Shruti Verma,343 MG Road,+91 9277071621,card,2026-07-19T08:46:25.912Z
SYN004179,52,853.0,0.0,68.24,921.24,delivered,Shruti Verma,76 Gandhi Path,+91 9454552851,cash,2026-05-02T08:46:25.912Z
SYN004180,52,2668.0,0.0,213.44,2881.44,delivered,Shruti Verma,309 Park Street,+91 9497184012,card,2025-12-21T08:46:25.912Z
SYN004181,52,1324.0,0.0,105.92,1429.92,delivered,Shruti Verma,113 Nehru Nagar,+91 8451224780,cash,2026-04-26T08:46:25.912Z
SYN004182,52,403.0,49.0,32.24,484.24,delivered,Shruti Verma,251 Andheri West,+91 8163281883,upi,2026-01-08T08:46:25.912Z
SYN004183,52,3484.0,0.0,278.72,3762.72,delivered,Shruti Verma,254 Banjara Hills,+91 7314532754,cash,2025-09-11T08:46:25.912Z
SYN004184,52,2986.0,0.0,238.88,3224.88,delivered,Shruti Verma,431 Gandhi Path,+91 8290714296,card,2025-12-09T08:46:25.912Z
SYN004185,52,1043.0,0.0,83.44,1126.44,delivered,Shruti Verma,435 Koramangala,+91 8376383225,card,2026-04-17T08:46:25.912Z
SYN004186,52,1383.0,0.0,110.64,1493.64,delivered,Shruti Verma,93 Park Street,+91 9692265680,cash,2026-01-11T08:46:25.912Z
SYN004187,52,1818.0,0.0,145.44,1963.44,delivered,Shruti Verma,233 Gandhi Path,+91 8695859314,cash,2025-11-30T08:46:25.912Z
SYN004188,52,1661.0,0.0,132.88,1793.88,delivered,Shruti Verma,470 Nehru Nagar,+91 7335018292,card,2026-01-22T08:46:25.912Z
SYN004189,52,2686.0,0.0,214.88,2900.88,delivered,Shruti Verma,210 Gandhi Path,+91 9622142247,cash,2025-08-26T08:46:25.912Z
SYN004190,52,991.0,0.0,79.28,1070.28,delivered,Shruti Verma,336 Andheri West,+91 7550735529,card,2026-02-14T08:46:25.912Z
SYN004191,52,2009.0,0.0,160.72,2169.72,delivered,Shruti Verma,182 Koramangala,+91 9109613968,cash,2025-10-26T08:46:25.912Z
SYN004192,52,855.0,0.0,68.4,923.4,delivered,Shruti Verma,402 Koramangala,+91 7021091101,cash,2025-09-10T08:46:25.912Z
SYN004193,52,1240.0,0.0,99.2,1339.2,delivered,Shruti Verma,185 Salt Lake,+91 7475539066,upi,2025-09-17T08:46:25.912Z
SYN004194,52,2464.0,0.0,197.12,2661.12,delivered,Shruti Verma,381 Park Street,+91 8630579138,cash,2026-03-28T08:46:25.912Z
SYN004195,52,1383.0,0.0,110.64,1493.64,delivered,Shruti Verma,296 Park Street,+91 9909460908,upi,2026-04-29T08:46:25.912Z
SYN004196,52,1303.0,0.0,104.24,1407.24,delivered,Shruti Verma,295 MG Road,+91 8804073404,card,2026-05-03T08:46:25.912Z
SYN004197,52,1648.0,0.0,131.84,1779.84,delivered,Shruti Verma,483 Banjara Hills,+91 7386769865,card,2025-10-22T08:46:25.912Z
SYN004198,52,1711.0,0.0,136.88,1847.88,delivered,Shruti Verma,226 Andheri West,+91 7919626484,card,2026-05-12T08:46:25.912Z
SYN004199,52,1302.0,0.0,104.16,1406.16,delivered,Shruti Verma,24 Andheri West,+91 9468852447,upi,2025-09-09T08:46:25.912Z
SYN004200,52,884.0,0.0,70.72,954.72,delivered,Shruti Verma,222 Salt Lake,+91 7168346084,card,2026-02-26T08:46:25.912Z
SYN004201,52,3233.0,0.0,258.64,3491.64,delivered,Shruti Verma,197 Laxmi Nagar,+91 9653956149,cash,2025-09-01T08:46:25.912Z
SYN004202,52,1089.0,0.0,87.12,1176.12,delivered,Shruti Verma,467 Gandhi Path,+91 8330064798,card,2026-02-26T08:46:25.912Z
SYN004203,52,831.0,0.0,66.48,897.48,delivered,Shruti Verma,7 Koramangala,+91 7987538424,cash,2026-01-02T08:46:25.912Z
SYN004204,52,1443.0,0.0,115.44,1558.44,delivered,Shruti Verma,301 Laxmi Nagar,+91 9174088602,card,2025-12-13T08:46:25.912Z
SYN004205,52,1114.0,0.0,89.12,1203.12,delivered,Shruti Verma,363 Gandhi Path,+91 9243113248,upi,2025-09-30T08:46:25.912Z
SYN004206,52,1061.0,0.0,84.88,1145.88,delivered,Shruti Verma,435 MG Road,+91 8213071175,cash,2026-07-01T08:46:25.912Z
SYN004207,52,1570.0,0.0,125.6,1695.6,delivered,Shruti Verma,286 MG Road,+91 9401052956,upi,2026-08-12T08:46:25.912Z
SYN004208,52,1123.0,0.0,89.84,1212.84,delivered,Shruti Verma,156 Nehru Nagar,+91 8686784390,cash,2026-07-25T08:46:25.912Z
SYN004209,52,1131.0,0.0,90.48,1221.48,delivered,Shruti Verma,245 Park Street,+91 7839083047,cash,2026-06-13T08:46:25.912Z
SYN004210,52,496.0,49.0,39.68,584.68,delivered,Shruti Verma,312 MG Road,+91 9665314944,cash,2026-02-17T08:46:25.912Z
SYN004211,52,1373.0,0.0,109.84,1482.84,delivered,Shruti Verma,263 Koramangala,+91 9599412662,cash,2026-08-18T08:46:25.912Z
SYN004212,52,974.0,0.0,77.92,1051.92,delivered,Shruti Verma,22 Banjara Hills,+91 8906327805,upi,2025-09-13T08:46:25.912Z
SYN004213,52,2688.0,0.0,215.04,2903.04,delivered,Shruti Verma,426 MG Road,+91 7576114954,cash,2026-07-07T08:46:25.912Z
SYN004214,52,545.0,0.0,43.6,588.6,delivered,Shruti Verma,172 Andheri West,+91 8940159207,cash,2026-07-20T08:46:25.912Z
SYN004215,52,1132.0,0.0,90.56,1222.56,delivered,Shruti Verma,372 Koramangala,+91 8829831986,upi,2025-09-23T08:46:25.912Z
SYN004216,52,2527.0,0.0,202.16,2729.16,delivered,Shruti Verma,481 Andheri West,+91 7844293094,card,2025-12-27T08:46:25.912Z
SYN004217,52,1490.0,0.0,119.2,1609.2,delivered,Shruti Verma,410 Koramangala,+91 8231072420,card,2026-08-02T08:46:25.912Z
SYN004218,52,2457.0,0.0,196.56,2653.56,delivered,Shruti Verma,283 Banjara Hills,+91 9663647292,cash,2025-10-12T08:46:25.912Z
SYN004219,52,2442.0,0.0,195.36,2637.36,delivered,Shruti Verma,29 MG Road,+91 9582270495,cash,2026-07-22T08:46:25.912Z
SYN004220,52,1470.0,0.0,117.6,1587.6,delivered,Shruti Verma,186 MG Road,+91 9668684807,upi,2025-10-27T08:46:25.912Z
SYN004221,52,906.0,0.0,72.48,978.48,delivered,Shruti Verma,57 Gandhi Path,+91 9683386522,cash,2026-05-23T08:46:25.912Z
SYN004222,52,832.0,0.0,66.56,898.56,delivered,Shruti Verma,149 MG Road,+91 7436650226,cash,2026-01-18T08:46:25.912Z
SYN004223,52,1692.0,0.0,135.36,1827.36,delivered,Shruti Verma,476 Brigade Road,+91 8208713489,upi,2025-08-29T08:46:25.912Z
SYN004224,52,1719.0,0.0,137.52,1856.52,delivered,Shruti Verma,220 Salt Lake,+91 9178313790,upi,2026-07-01T08:46:25.912Z
SYN004225,52,876.0,0.0,70.08,946.08,delivered,Shruti Verma,100 MG Road,+91 9678891056,upi,2026-05-05T08:46:25.912Z
SYN004226,52,1285.0,0.0,102.8,1387.8,delivered,Shruti Verma,353 Salt Lake,+91 7246184813,upi,2026-03-17T08:46:25.912Z
SYN004227,52,1770.0,0.0,141.6,1911.6,delivered,Shruti Verma,183 Andheri West,+91 9909396065,cash,2025-12-19T08:46:25.912Z
SYN004228,52,1393.0,0.0,111.44,1504.44,delivered,Shruti Verma,223 Andheri West,+91 7595473655,cash,2025-10-10T08:46:25.912Z
SYN004229,52,1072.0,0.0,85.76,1157.76,delivered,Shruti Verma,298 Gandhi Path,+91 9656423202,card,2025-09-23T08:46:25.912Z
SYN004230,52,1304.0,0.0,104.32,1408.32,delivered,Shruti Verma,421 Brigade Road,+91 8504386225,card,2025-11-27T08:46:25.912Z
SYN004231,52,1579.0,0.0,126.32,1705.32,delivered,Shruti Verma,79 Park Street,+91 9511370471,upi,2025-10-02T08:46:25.912Z
