id,product_id,date,quantity_sold,revenue
1,f1,2025-08-21,5,1245.0
2,f2,2025-08-21,6,294.0
3,f3,2025-08-21,9,1341.0
4,f4,2025-08-21,8,1592.0
5,f5,2025-08-21,6,594.0
6,f6,2025-08-21,7,1253.0
7,v1,2025-08-21,6,534.0
8,v2,2025-08-21,8,392.0
9,v3,2025-08-21,5,395.0
10,v4,2025-08-21,9,351.0
11,v5,2025-08-21,6,894.0
12,v6,2025-08-21,6,174.0
13,d1,2025-08-21,8,552.0
14,d2,2025-08-21,5,1245.0
15,d3,2025-08-21,5,895.0
16,d4,2025-08-21,9,891.0
17,d5,2025-08-21,4,996.0
18,b1,2025-08-21,8,1592.0
19,b2,2025-08-21,8,1992.0
20,b3,2025-08-21,4,796.0
21,b4,2025-08-21,2,1198.0
22,b5,2025-08-21,4,1196.0
23,bv1,2025-08-21,10,1490.0
24,bv2,2025-08-21,8,1992.0
25,bv3,2025-08-21,6,1194.0
26,bv4,2025-08-21,8,2792.0
27,s1,2025-08-21,5,1995.0
28,s2,2025-08-21,5,1245.0
29,s3,2025-08-21,9,891.0
30,s4,2025-08-21,5,1495.0
31,s5,2025-08-21,8,1592.0
32,f1,2025-08-22,6,1494.0
33,f2,2025-08-22,9,441.0
34,f3,2025-08-22,10,1490.0
35,f4,2025-08-22,8,1592.0
36,f5,2025-08-22,9,891.0
37,f6,2025-08-22,8,1432.0
38,v1,2025-08-22,7,623.0
39,v2,2025-08-22,11,539.0
40,v3,2025-08-22,6,474.0
41,v4,2025-08-22,11,429.0
42,v5,2025-08-22,7,1043.0
43,v6,2025-08-22,10,290.0
44,d1,2025-08-22,8,552.0
45,d2,2025-08-22,7,1743.0
46,d3,2025-08-22,6,1074.0
47,d4,2025-08-22,8,792.0
48,d5,2025-08-22,5,1245.0
49,b1,2025-08-22,7,1393.0
50,b2,2025-08-22,7,1743.0
51,b3,2025-08-22,6,1194.0
52,b4,2025-08-22,4,2396.0
53,b5,2025-08-22,4,1196.0
54,bv1,2025-08-22,10,1490.0
55,bv2,2025-08-22,10,2490.0
56,bv3,2025-08-22,6,1194.0
57,bv4,2025-08-22,10,3490.0
58,s1,2025-08-22,5,1995.0
59,s2,2025-08-22,7,1743.0
60,s3,2025-08-22,10,990.0
61,s4,2025-08-22,5,1495.0
62,s5,2025-08-22,8,1592.0
63,f1,2025-08-23,8,1992.0
64,f2,2025-08-23,10,490.0
65,f3,2025-08-23,8,1192.0
66,f4,2025-08-23,10,1990.0
67,f5,2025-08-23,13,1287.0
68,f6,2025-08-23,10,1790.0
69,v1,2025-08-23,7,623.0
70,v2,2025-08-23,10,490.0
71,v3,2025-08-23,10,790.0
72,v4,2025-08-23,12,468.0
73,v5,2025-08-23,5,745.0
74,v6,2025-08-23,10,290.0
75,d1,2025-08-23,8,552.0
76,d2,2025-08-23,9,2241.0
77,d3,2025-08-23,7,1253.0
78,d4,2025-08-23,8,792.0
79,d5,2025-08-23,8,1992.0
80,b1,2025-08-23,9,1791.0
81,b2,2025-08-23,8,1992.0
82,b3,2025-08-23,7,1393.0
83,b4,2025-08-23,4,2396.0
84,b5,2025-08-23,8,2392.0
85,bv1,2025-08-23,11,1639.0
86,bv2,2025-08-23,11,2739.0
87,bv3,2025-08-23,13,2587.0
88,bv4,2025-08-23,9,3141.0
89,s1,2025-08-23,7,2793.0
90,s2,2025-08-23,10,2490.0
91,s3,2025-08-23,12,1188.0
92,s4,2025-08-23,6,1794.0
93,s5,2025-08-23,9,1791.0
94,f1,2025-08-24,7,1743.0
95,f2,2025-08-24,9,441.0
96,f3,2025-08-24,7,1043.0
97,f4,2025-08-24,12,2388.0
98,f5,2025-08-24,12,1188.0
99,f6,2025-08-24,8,1432.0
100,v1,2025-08-24,9,801.0
101,v2,2025-08-24,10,490.0
102,v3,2025-08-24,7,553.0
103,v4,2025-08-24,9,351.0
104,v5,2025-08-24,6,894.0
105,v6,2025-08-24,10,290.0
106,d1,2025-08-24,9,621.0
107,d2,2025-08-24,7,1743.0
108,d3,2025-08-24,6,1074.0
109,d4,2025-08-24,8,792.0
110,d5,2025-08-24,8,1992.0
111,b1,2025-08-24,9,1791.0
112,b2,2025-08-24,6,1494.0
113,b3,2025-08-24,6,1194.0
114,b4,2025-08-24,4,2396.0
115,b5,2025-08-24,6,1794.0
116,bv1,2025-08-24,15,2235.0
117,bv2,2025-08-24,15,3735.0
118,bv3,2025-08-24,12,2388.0
119,bv4,2025-08-24,12,4188.0
120,s1,2025-08-24,5,1995.0
121,s2,2025-08-24,9,2241.0
122,s3,2025-08-24,8,792.0
123,s4,2025-08-24,9,2691.0
124,s5,2025-08-24,11,2189.0
125,f1,2025-08-25,6,1494.0
126,f2,2025-08-25,5,245.0
127,f3,2025-08-25,5,745.0
128,f4,2025-08-25,6,1194.0
129,f5,2025-08-25,7,693.0
130,f6,2025-08-25,3,537.0
131,v1,2025-08-25,5,445.0
132,v2,2025-08-25,7,343.0
133,v3,2025-08-25,5,395.0
134,v4,2025-08-25,5,195.0
135,v5,2025-08-25,3,447.0
136,v6,2025-08-25,4,116.0
137,d1,2025-08-25,5,345.0
138,d2,2025-08-25,3,747.0
139,d3,2025-08-25,4,716.0
140,d4,2025-08-25,4,396.0
141,d5,2025-08-25,4,996.0
142,b1,2025-08-25,4,796.0
143,b2,2025-08-25,4,996.0
144,b3,2025-08-25,3,597.0
145,b4,2025-08-25,3,1797.0
146,b5,2025-08-25,4,1196.0
147,bv1,2025-08-25,8,1192.0
148,bv2,2025-08-25,7,1743.0
149,bv3,2025-08-25,5,995.0
150,bv4,2025-08-25,6,2094.0
151,s1,2025-08-25,4,1596.0
152,s2,2025-08-25,5,1245.0
153,s3,2025-08-25,5,495.0
154,s4,2025-08-25,3,897.0
155,s5,2025-08-25,6,1194.0
156,f1,2025-08-26,4,996.0
157,f2,2025-08-26,6,294.0
158,f3,2025-08-26,6,894.0
159,f4,2025-08-26,5,995.0
160,f5,2025-08-26,6,594.0
161,f6,2025-08-26,4,716.0
162,v1,2025-08-26,6,534.0
163,v2,2025-08-26,6,294.0
164,v3,2025-08-26,5,395.0
165,v4,2025-08-26,7,273.0
166,v5,2025-08-26,3,447.0
167,v6,2025-08-26,7,203.0
168,d1,2025-08-26,6,414.0
169,d2,2025-08-26,4,996.0
170,d3,2025-08-26,5,895.0
171,d4,2025-08-26,5,495.0
172,d5,2025-08-26,3,747.0
173,b1,2025-08-26,5,995.0
174,b2,2025-08-26,6,1494.0
175,b3,2025-08-26,6,1194.0
176,b4,2025-08-26,3,1797.0
177,b5,2025-08-26,3,897.0
178,bv1,2025-08-26,8,1192.0
179,bv2,2025-08-26,7,1743.0
180,bv3,2025-08-26,6,1194.0
181,bv4,2025-08-26,6,2094.0
182,s1,2025-08-26,3,1197.0
183,s2,2025-08-26,7,1743.0
184,s3,2025-08-26,7,693.0
185,s4,2025-08-26,5,1495.0
186,s5,2025-08-26,6,1194.0
187,f1,2025-08-27,4,996.0
188,f2,2025-08-27,8,392.0
189,f3,2025-08-27,5,745.0
190,f4,2025-08-27,7,1393.0
191,f5,2025-08-27,5,495.0
192,f6,2025-08-27,5,895.0
193,v1,2025-08-27,6,534.0
194,v2,2025-08-27,8,392.0
195,v3,2025-08-27,5,395.0
196,v4,2025-08-27,9,351.0
197,v5,2025-08-27,6,894.0
198,v6,2025-08-27,7,203.0
199,d1,2025-08-27,6,414.0
200,d2,2025-08-27,6,1494.0
201,d3,2025-08-27,4,716.0
202,d4,2025-08-27,5,495.0
203,d5,2025-08-27,5,1245.0
204,b1,2025-08-27,6,1194.0
205,b2,2025-08-27,6,1494.0
206,b3,2025-08-27,5,995.0
207,b4,2025-08-27,3,1797.0
208,b5,2025-08-27,5,1495.0
209,bv1,2025-08-27,9,1341.0
210,bv2,2025-08-27,6,1494.0
211,bv3,2025-08-27,8,1592.0
212,bv4,2025-08-27,8,2792.0
213,s1,2025-08-27,5,1995.0
214,s2,2025-08-27,6,1494.0
215,s3,2025-08-27,5,495.0
216,s4,2025-08-27,5,1495.0
217,s5,2025-08-27,8,1592.0
218,f1,2025-08-28,8,1992.0
219,f2,2025-08-28,7,343.0
220,f3,2025-08-28,6,894.0
221,f4,2025-08-28,10,1990.0
222,f5,2025-08-28,10,990.0
223,f6,2025-08-28,5,895.0
224,v1,2025-08-28,6,534.0
225,v2,2025-08-28,6,294.0
226,v3,2025-08-28,8,632.0
227,v4,2025-08-28,9,351.0
228,v5,2025-08-28,6,894.0
229,v6,2025-08-28,9,261.0
230,d1,2025-08-28,9,621.0
231,d2,2025-08-28,4,996.0
232,d3,2025-08-28,5,895.0
233,d4,2025-08-28,6,594.0
234,d5,2025-08-28,5,1245.0
235,b1,2025-08-28,6,1194.0
236,b2,2025-08-28,6,1494.0
237,b3,2025-08-28,6,1194.0
238,b4,2025-08-28,4,2396.0
239,b5,2025-08-28,4,1196.0
240,bv1,2025-08-28,9,1341.0
241,bv2,2025-08-28,11,2739.0
242,bv3,2025-08-28,8,1592.0
243,bv4,2025-08-28,8,2792.0
244,s1,2025-08-28,5,1995.0
245,s2,2025-08-28,8,1992.0
246,s3,2025-08-28,6,594.0
247,s4,2025-08-28,4,1196.0
248,s5,2025-08-28,8,1592.0
249,f1,2025-08-29,6,1494.0
250,f2,2025-08-29,8,392.0
251,f3,2025-08-29,7,1043.0
252,f4,2025-08-29,9,1791.0
253,f5,2025-08-29,7,693.0
254,f6,2025-08-29,7,1253.0
255,v1,2025-08-29,7,623.0
256,v2,2025-08-29,6,294.0
257,v3,2025-08-29,7,553.0
258,v4,2025-08-29,9,351.0
259,v5,2025-08-29,5,745.0
260,v6,2025-08-29,11,319.0
261,d1,2025-08-29,6,414.0
262,d2,2025-08-29,5,1245.0
263,d3,2025-08-29,5,895.0
264,d4,2025-08-29,10,990.0
265,d5,2025-08-29,7,1743.0
266,b1,2025-08-29,8,1592.0
267,b2,2025-08-29,5,1245.0
268,b3,2025-08-29,7,1393.0
269,b4,2025-08-29,3,1797.0
270,b5,2025-08-29,5,1495.0
271,bv1,2025-08-29,8,1192.0
272,bv2,2025-08-29,9,2241.0
273,bv3,2025-08-29,6,1194.0
274,bv4,2025-08-29,7,2443.0
275,s1,2025-08-29,6,2394.0
276,s2,2025-08-29,6,1494.0
277,s3,2025-08-29,6,594.0
278,s4,2025-08-29,7,2093.0
279,s5,2025-08-29,9,1791.0
280,f1,2025-08-30,7,1743.0
281,f2,2025-08-30,13,637.0
282,f3,2025-08-30,10,1490.0
283,f4,2025-08-30,10,1990.0
284,f5,2025-08-30,13,1287.0
285,f6,2025-08-30,10,1790.0
286,v1,2025-08-30,8,712.0
287,v2,2025-08-30,12,588.0
288,v3,2025-08-30,7,553.0
289,v4,2025-08-30,12,468.0
290,v5,2025-08-30,7,1043.0
291,v6,2025-08-30,9,261.0
292,d1,2025-08-30,9,621.0
293,d2,2025-08-30,8,1992.0
294,d3,2025-08-30,8,1432.0
295,d4,2025-08-30,9,891.0
296,d5,2025-08-30,8,1992.0
297,b1,2025-08-30,9,1791.0
298,b2,2025-08-30,9,2241.0
299,b3,2025-08-30,8,1592.0
300,b4,2025-08-30,4,2396.0
301,b5,2025-08-30,8,2392.0
302,bv1,2025-08-30,15,2235.0
303,bv2,2025-08-30,16,3984.0
304,bv3,2025-08-30,10,1990.0
305,bv4,2025-08-30,11,3839.0
306,s1,2025-08-30,6,2394.0
307,s2,2025-08-30,8,1992.0
308,s3,2025-08-30,10,990.0
309,s4,2025-08-30,9,2691.0
310,s5,2025-08-30,13,2587.0
311,f1,2025-08-31,10,2490.0
312,f2,2025-08-31,11,539.0
313,f3,2025-08-31,9,1341.0
314,f4,2025-08-31,7,1393.0
315,f5,2025-08-31,13,1287.0
316,f6,2025-08-31,8,1432.0
317,v1,2025-08-31,7,623.0
318,v2,2025-08-31,11,539.0
319,v3,2025-08-31,7,553.0
320,v4,2025-08-31,10,390.0
321,v5,2025-08-31,5,745.0
322,v6,2025-08-31,8,232.0
323,d1,2025-08-31,8,552.0
324,d2,2025-08-31,9,2241.0
325,d3,2025-08-31,8,1432.0
326,d4,2025-08-31,11,1089.0
327,d5,2025-08-31,8,1992.0
328,b1,2025-08-31,8,1592.0
329,b2,2025-08-31,9,2241.0
330,b3,2025-08-31,7,1393.0
331,b4,2025-08-31,5,2995.0
332,b5,2025-08-31,6,1794.0
333,bv1,2025-08-31,14,2086.0
334,bv2,2025-08-31,13,3237.0
335,bv3,2025-08-31,8,1592.0
336,bv4,2025-08-31,8,2792.0
337,s1,2025-08-31,7,2793.0
338,s2,2025-08-31,8,1992.0
339,s3,2025-08-31,11,1089.0
340,s4,2025-08-31,9,2691.0
341,s5,2025-08-31,11,2189.0
342,f1,2025-09-01,4,996.0
343,f2,2025-09-01,4,196.0
344,f3,2025-09-01,4,596.0
345,f4,2025-09-01,5,995.0
346,f5,2025-09-01,6,594.0
347,f6,2025-09-01,4,716.0
348,v1,2025-09-01,6,534.0
349,v2,2025-09-01,5,245.0
350,v3,2025-09-01,3,237.0
351,v4,2025-09-01,5,195.0
352,v5,2025-09-01,3,447.0
353,v6,2025-09-01,7,203.0
354,d1,2025-09-01,7,483.0
355,d2,2025-09-01,5,1245.0
356,d3,2025-09-01,5,895.0
357,d4,2025-09-01,5,495.0
358,d5,2025-09-01,4,996.0
359,b1,2025-09-01,6,1194.0
360,b2,2025-09-01,4,996.0
361,b3,2025-09-01,4,796.0
362,b4,2025-09-01,2,1198.0
363,b5,2025-09-01,5,1495.0
364,bv1,2025-09-01,6,894.0
365,bv2,2025-09-01,5,1245.0
366,bv3,2025-09-01,4,796.0
367,bv4,2025-09-01,6,2094.0
368,s1,2025-09-01,4,1596.0
369,s2,2025-09-01,5,1245.0
370,s3,2025-09-01,5,495.0
371,s4,2025-09-01,3,897.0
372,s5,2025-09-01,4,796.0
373,f1,2025-09-02,4,996.0
374,f2,2025-09-02,6,294.0
375,f3,2025-09-02,6,894.0
376,f4,2025-09-02,5,995.0
377,f5,2025-09-02,4,396.0
378,f6,2025-09-02,3,537.0
379,v1,2025-09-02,5,445.0
380,v2,2025-09-02,6,294.0
381,v3,2025-09-02,6,474.0
382,v4,2025-09-02,9,351.0
383,v5,2025-09-02,4,596.0
384,v6,2025-09-02,7,203.0
385,d1,2025-09-02,7,483.0
386,d2,2025-09-02,4,996.0
387,d3,2025-09-02,6,1074.0
388,d4,2025-09-02,6,594.0
389,d5,2025-09-02,6,1494.0
390,b1,2025-09-02,6,1194.0
391,b2,2025-09-02,5,1245.0
392,b3,2025-09-02,3,597.0
393,b4,2025-09-02,3,1797.0
394,b5,2025-09-02,5,1495.0
395,bv1,2025-09-02,6,894.0
396,bv2,2025-09-02,5,1245.0
397,bv3,2025-09-02,6,1194.0
398,bv4,2025-09-02,7,2443.0
399,s1,2025-09-02,4,1596.0
400,s2,2025-09-02,7,1743.0
401,s3,2025-09-02,6,594.0
402,s4,2025-09-02,4,1196.0
403,s5,2025-09-02,5,995.0
404,f1,2025-09-03,4,996.0
405,f2,2025-09-03,8,392.0
406,f3,2025-09-03,5,745.0
407,f4,2025-09-03,7,1393.0
408,f5,2025-09-03,8,792.0
409,f6,2025-09-03,5,895.0
410,v1,2025-09-03,8,712.0
411,v2,2025-09-03,6,294.0
412,v3,2025-09-03,7,553.0
413,v4,2025-09-03,7,273.0
414,v5,2025-09-03,6,894.0
415,v6,2025-09-03,6,174.0
416,d1,2025-09-03,9,621.0
417,d2,2025-09-03,4,996.0
418,d3,2025-09-03,7,1253.0
419,d4,2025-09-03,10,990.0
420,d5,2025-09-03,6,1494.0
421,b1,2025-09-03,8,1592.0
422,b2,2025-09-03,9,2241.0
423,b3,2025-09-03,5,995.0
424,b4,2025-09-03,3,1797.0
425,b5,2025-09-03,4,1196.0
426,bv1,2025-09-03,6,894.0
427,bv2,2025-09-03,7,1743.0
428,bv3,2025-09-03,7,1393.0
429,bv4,2025-09-03,7,2443.0
430,s1,2025-09-03,3,1197.0
431,s2,2025-09-03,5,1245.0
432,s3,2025-09-03,8,792.0
433,s4,2025-09-03,4,1196.0
434,s5,2025-09-03,6,1194.0
435,f1,2025-09-04,6,1494.0
436,f2,2025-09-04,6,294.0
437,f3,2025-09-04,5,745.0
438,f4,2025-09-04,7,1393.0
439,f5,2025-09-04,6,594.0
440,f6,2025-09-04,4,716.0
441,v1,2025-09-04,9,801.0
442,v2,2025-09-04,8,392.0
443,v3,2025-09-04,6,474.0
444,v4,2025-09-04,10,390.0
445,v5,2025-09-04,6,894.0
446,v6,2025-09-04,9,261.0
447,d1,2025-09-04,9,621.0
448,d2,2025-09-04,6,1494.0
449,d3,2025-09-04,7,1253.0
450,d4,2025-09-04,8,792.0
451,d5,2025-09-04,7,1743.0
452,b1,2025-09-04,8,1592.0
453,b2,2025-09-04,7,1743.0
454,b3,2025-09-04,7,1393.0
455,b4,2025-09-04,4,2396.0
456,b5,2025-09-04,8,2392.0
457,bv1,2025-09-04,7,1043.0
458,bv2,2025-09-04,9,2241.0
459,bv3,2025-09-04,4,796.0
460,bv4,2025-09-04,8,2792.0
461,s1,2025-09-04,4,1596.0
462,s2,2025-09-04,9,2241.0
463,s3,2025-09-04,6,594.0
464,s4,2025-09-04,4,1196.0
465,s5,2025-09-04,7,1393.0
466,f1,2025-09-05,7,1743.0
467,f2,2025-09-05,9,441.0
468,f3,2025-09-05,6,894.0
469,f4,2025-09-05,9,1791.0
470,f5,2025-09-05,7,693.0
471,f6,2025-09-05,6,1074.0
472,v1,2025-09-05,9,801.0
473,v2,2025-09-05,9,441.0
474,v3,2025-09-05,8,632.0
475,v4,2025-09-05,11,429.0
476,v5,2025-09-05,4,596.0
477,v6,2025-09-05,10,290.0
478,d1,2025-09-05,10,690.0
479,d2,2025-09-05,8,1992.0
480,d3,2025-09-05,6,1074.0
481,d4,2025-09-05,10,990.0
482,d5,2025-09-05,5,1245.0
483,b1,2025-09-05,9,1791.0
484,b2,2025-09-05,8,1992.0
485,b3,2025-09-05,7,1393.0
486,b4,2025-09-05,5,2995.0
487,b5,2025-09-05,8,2392.0
488,bv1,2025-09-05,7,1043.0
489,bv2,2025-09-05,6,1494.0
490,bv3,2025-09-05,8,1592.0
491,bv4,2025-09-05,8,2792.0
492,s1,2025-09-05,5,1995.0
493,s2,2025-09-05,7,1743.0
494,s3,2025-09-05,8,792.0
495,s4,2025-09-05,7,2093.0
496,s5,2025-09-05,9,1791.0
497,f1,2025-09-06,10,2490.0
498,f2,2025-09-06,8,392.0
499,f3,2025-09-06,9,1341.0
500,f4,2025-09-06,11,2189.0
501,f5,2025-09-06,8,792.0
502,f6,2025-09-06,7,1253.0
503,v1,2025-09-06,9,801.0
504,v2,2025-09-06,10,490.0
505,v3,2025-09-06,9,711.0
506,v4,2025-09-06,11,429.0
507,v5,2025-09-06,8,1192.0
508,v6,2025-09-06,9,261.0
509,d1,2025-09-06,14,966.0
510,d2,2025-09-06,7,1743.0
511,d3,2025-09-06,9,1611.0
512,d4,2025-09-06,14,1386.0
513,d5,2025-09-06,10,2490.0
514,b1,2025-09-06,9,1791.0
515,b2,2025-09-06,10,2490.0
516,b3,2025-09-06,6,1194.0
517,b4,2025-09-06,6,3594.0
518,b5,2025-09-06,6,1794.0
519,bv1,2025-09-06,8,1192.0
520,bv2,2025-09-06,9,2241.0
521,bv3,2025-09-06,7,1393.0
522,bv4,2025-09-06,11,3839.0
523,s1,2025-09-06,5,1995.0
524,s2,2025-09-06,7,1743.0
525,s3,2025-09-06,9,891.0
526,s4,2025-09-06,7,2093.0
527,s5,2025-09-06,12,2388.0
528,f1,2025-09-07,7,1743.0
529,f2,2025-09-07,9,441.0
530,f3,2025-09-07,6,894.0
531,f4,2025-09-07,7,1393.0
532,f5,2025-09-07,12,1188.0
533,f6,2025-09-07,8,1432.0
534,v1,2025-09-07,11,979.0
535,v2,2025-09-07,11,539.0
536,v3,2025-09-07,9,711.0
537,v4,2025-09-07,11,429.0
538,v5,2025-09-07,8,1192.0
539,v6,2025-09-07,9,261.0
540,d1,2025-09-07,10,690.0
541,d2,2025-09-07,9,2241.0
542,d3,2025-09-07,8,1432.0
543,d4,2025-09-07,10,990.0
544,d5,2025-09-07,7,1743.0
545,b1,2025-09-07,11,2189.0
546,b2,2025-09-07,7,1743.0
547,b3,2025-09-07,8,1592.0
548,b4,2025-09-07,6,3594.0
549,b5,2025-09-07,8,2392.0
550,bv1,2025-09-07,11,1639.0
551,bv2,2025-09-07,12,2988.0
552,bv3,2025-09-07,9,1791.0
553,bv4,2025-09-07,8,2792.0
554,s1,2025-09-07,5,1995.0
555,s2,2025-09-07,10,2490.0
556,s3,2025-09-07,11,1089.0
557,s4,2025-09-07,5,1495.0
558,s5,2025-09-07,8,1592.0
559,f1,2025-09-08,4,996.0
560,f2,2025-09-08,5,245.0
561,f3,2025-09-08,4,596.0
562,f4,2025-09-08,5,995.0
563,f5,2025-09-08,6,594.0
564,f6,2025-09-08,5,895.0
565,v1,2025-09-08,6,534.0
566,v2,2025-09-08,7,343.0
567,v3,2025-09-08,4,316.0
568,v4,2025-09-08,8,312.0
569,v5,2025-09-08,3,447.0
570,v6,2025-09-08,7,203.0
571,d1,2025-09-08,4,276.0
572,d2,2025-09-08,3,747.0
573,d3,2025-09-08,5,895.0
574,d4,2025-09-08,6,594.0
575,d5,2025-09-08,5,1245.0
576,b1,2025-09-08,5,995.0
577,b2,2025-09-08,6,1494.0
578,b3,2025-09-08,5,995.0
579,b4,2025-09-08,3,1797.0
580,b5,2025-09-08,5,1495.0
581,bv1,2025-09-08,6,894.0
582,bv2,2025-09-08,6,1494.0
583,bv3,2025-09-08,3,597.0
584,bv4,2025-09-08,6,2094.0
585,s1,2025-09-08,3,1197.0
586,s2,2025-09-08,5,1245.0
587,s3,2025-09-08,6,594.0
588,s4,2025-09-08,4,1196.0
589,s5,2025-09-08,4,796.0
590,f1,2025-09-09,4,996.0
591,f2,2025-09-09,7,343.0
592,f3,2025-09-09,6,894.0
593,f4,2025-09-09,6,1194.0
594,f5,2025-09-09,5,495.0
595,f6,2025-09-09,3,537.0
596,v1,2025-09-09,5,445.0
597,v2,2025-09-09,8,392.0
598,v3,2025-09-09,4,316.0
599,v4,2025-09-09,8,312.0
600,v5,2025-09-09,5,745.0
601,v6,2025-09-09,7,203.0
602,d1,2025-09-09,6,414.0
603,d2,2025-09-09,6,1494.0
604,d3,2025-09-09,5,895.0
605,d4,2025-09-09,8,792.0
606,d5,2025-09-09,3,747.0
607,b1,2025-09-09,7,1393.0
608,b2,2025-09-09,8,1992.0
609,b3,2025-09-09,5,995.0
610,b4,2025-09-09,4,2396.0
611,b5,2025-09-09,5,1495.0
612,bv1,2025-09-09,6,894.0
613,bv2,2025-09-09,8,1992.0
614,bv3,2025-09-09,4,796.0
615,bv4,2025-09-09,7,2443.0
616,s1,2025-09-09,3,1197.0
617,s2,2025-09-09,5,1245.0
618,s3,2025-09-09,6,594.0
619,s4,2025-09-09,5,1495.0
620,s5,2025-09-09,7,1393.0
621,f1,2025-09-10,6,1494.0
622,f2,2025-09-10,5,245.0
623,f3,2025-09-10,7,1043.0
624,f4,2025-09-10,6,1194.0
625,f5,2025-09-10,5,495.0
626,f6,2025-09-10,3,537.0
627,v1,2025-09-10,5,445.0
628,v2,2025-09-10,5,245.0
629,v3,2025-09-10,8,632.0
630,v4,2025-09-10,7,273.0
631,v5,2025-09-10,6,894.0
632,v6,2025-09-10,10,290.0
633,d1,2025-09-10,5,345.0
634,d2,2025-09-10,4,996.0
635,d3,2025-09-10,5,895.0
636,d4,2025-09-10,10,990.0
637,d5,2025-09-10,6,1494.0
638,b1,2025-09-10,6,1194.0
639,b2,2025-09-10,6,1494.0
640,b3,2025-09-10,6,1194.0
641,b4,2025-09-10,4,2396.0
642,b5,2025-09-10,6,1794.0
643,bv1,2025-09-10,9,1341.0
644,bv2,2025-09-10,5,1245.0
645,bv3,2025-09-10,5,995.0
646,bv4,2025-09-10,5,1745.0
647,s1,2025-09-10,4,1596.0
648,s2,2025-09-10,4,996.0
649,s3,2025-09-10,5,495.0
650,s4,2025-09-10,4,1196.0
651,s5,2025-09-10,7,1393.0
652,f1,2025-09-11,4,996.0
653,f2,2025-09-11,8,392.0
654,f3,2025-09-11,4,596.0
655,f4,2025-09-11,8,1592.0
656,f5,2025-09-11,7,693.0
657,f6,2025-09-11,5,895.0
658,v1,2025-09-11,6,534.0
659,v2,2025-09-11,10,490.0
660,v3,2025-09-11,6,474.0
661,v4,2025-09-11,7,273.0
662,v5,2025-09-11,7,1043.0
663,v6,2025-09-11,8,232.0
664,d1,2025-09-11,8,552.0
665,d2,2025-09-11,6,1494.0
666,d3,2025-09-11,6,1074.0
667,d4,2025-09-11,7,693.0
668,d5,2025-09-11,5,1245.0
669,b1,2025-09-11,6,1194.0
670,b2,2025-09-11,8,1992.0
671,b3,2025-09-11,5,995.0
672,b4,2025-09-11,4,2396.0
673,b5,2025-09-11,6,1794.0
674,bv1,2025-09-11,8,1192.0
675,bv2,2025-09-11,7,1743.0
676,bv3,2025-09-11,5,995.0
677,bv4,2025-09-11,5,1745.0
678,s1,2025-09-11,4,1596.0
679,s2,2025-09-11,6,1494.0
680,s3,2025-09-11,9,891.0
681,s4,2025-09-11,5,1495.0
682,s5,2025-09-11,8,1592.0
683,f1,2025-09-12,6,1494.0
684,f2,2025-09-12,9,441.0
685,f3,2025-09-12,7,1043.0
686,f4,2025-09-12,6,1194.0
687,f5,2025-09-12,8,792.0
688,f6,2025-09-12,7,1253.0
689,v1,2025-09-12,7,623.0
690,v2,2025-09-12,7,343.0
691,v3,2025-09-12,9,711.0
692,v4,2025-09-12,11,429.0
693,v5,2025-09-12,6,894.0
694,v6,2025-09-12,9,261.0
695,d1,2025-09-12,7,483.0
696,d2,2025-09-12,8,1992.0
697,d3,2025-09-12,5,895.0
698,d4,2025-09-12,11,1089.0
699,d5,2025-09-12,7,1743.0
700,b1,2025-09-12,8,1592.0
701,b2,2025-09-12,7,1743.0
702,b3,2025-09-12,6,1194.0
703,b4,2025-09-12,4,2396.0
704,b5,2025-09-12,5,1495.0
705,bv1,2025-09-12,10,1490.0
706,bv2,2025-09-12,6,1494.0
707,bv3,2025-09-12,6,1194.0
708,bv4,2025-09-12,6,2094.0
709,s1,2025-09-12,5,1995.0
710,s2,2025-09-12,8,1992.0
711,s3,2025-09-12,7,693.0
712,s4,2025-09-12,6,1794.0
713,s5,2025-09-12,6,1194.0
714,f1,2025-09-13,6,1494.0
715,f2,2025-09-13,10,490.0
716,f3,2025-09-13,9,1341.0
717,f4,2025-09-13,9,1791.0
718,f5,2025-09-13,12,1188.0
719,f6,2025-09-13,6,1074.0
720,v1,2025-09-13,13,1157.0
721,v2,2025-09-13,11,539.0
722,v3,2025-09-13,7,553.0
723,v4,2025-09-13,12,468.0
724,v5,2025-09-13,8,1192.0
725,v6,2025-09-13,14,406.0
726,d1,2025-09-13,14,966.0
727,d2,2025-09-13,8,1992.0
728,d3,2025-09-13,9,1611.0
729,d4,2025-09-13,12,1188.0
730,d5,2025-09-13,10,2490.0
731,b1,2025-09-13,13,2587.0
732,b2,2025-09-13,12,2988.0
733,b3,2025-09-13,8,1592.0
734,b4,2025-09-13,5,2995.0
735,b5,2025-09-13,9,2691.0
736,bv1,2025-09-13,14,2086.0
737,bv2,2025-09-13,8,1992.0
738,bv3,2025-09-13,10,1990.0
739,bv4,2025-09-13,8,2792.0
740,s1,2025-09-13,6,2394.0
741,s2,2025-09-13,12,2988.0
742,s3,2025-09-13,10,990.0
743,s4,2025-09-13,6,1794.0
744,s5,2025-09-13,11,2189.0
745,f1,2025-09-14,8,1992.0
746,f2,2025-09-14,11,539.0
747,f3,2025-09-14,7,1043.0
748,f4,2025-09-14,7,1393.0
749,f5,2025-09-14,7,693.0
750,f6,2025-09-14,6,1074.0
751,v1,2025-09-14,11,979.0
752,v2,2025-09-14,14,686.0
753,v3,2025-09-14,7,553.0
754,v4,2025-09-14,13,507.0
755,v5,2025-09-14,7,1043.0
756,v6,2025-09-14,12,348.0
757,d1,2025-09-14,9,621.0
758,d2,2025-09-14,6,1494.0
759,d3,2025-09-14,6,1074.0
760,d4,2025-09-14,11,1089.0
761,d5,2025-09-14,8,1992.0
762,b1,2025-09-14,9,1791.0
763,b2,2025-09-14,10,2490.0
764,b3,2025-09-14,10,1990.0
765,b4,2025-09-14,4,2396.0
766,b5,2025-09-14,10,2990.0
767,bv1,2025-09-14,9,1341.0
768,bv2,2025-09-14,8,1992.0
769,bv3,2025-09-14,10,1990.0
770,bv4,2025-09-14,6,2094.0
771,s1,2025-09-14,7,2793.0
772,s2,2025-09-14,11,2739.0
773,s3,2025-09-14,7,693.0
774,s4,2025-09-14,8,2392.0
775,s5,2025-09-14,11,2189.0
776,f1,2025-09-15,4,996.0
777,f2,2025-09-15,3,147.0
778,f3,2025-09-15,4,596.0
779,f4,2025-09-15,5,995.0
780,f5,2025-09-15,4,396.0
781,f6,2025-09-15,4,716.0
782,v1,2025-09-15,5,445.0
783,v2,2025-09-15,7,343.0
784,v3,2025-09-15,5,395.0
785,v4,2025-09-15,8,312.0
786,v5,2025-09-15,4,596.0
787,v6,2025-09-15,7,203.0
788,d1,2025-09-15,7,483.0
789,d2,2025-09-15,3,747.0
790,d3,2025-09-15,5,895.0
791,d4,2025-09-15,5,495.0
792,d5,2025-09-15,3,747.0
793,b1,2025-09-15,4,796.0
794,b2,2025-09-15,4,996.0
795,b3,2025-09-15,5,995.0
796,b4,2025-09-15,3,1797.0
797,b5,2025-09-15,4,1196.0
798,bv1,2025-09-15,7,1043.0
799,bv2,2025-09-15,5,1245.0
800,bv3,2025-09-15,5,995.0
801,bv4,2025-09-15,4,1396.0
802,s1,2025-09-15,3,1197.0
803,s2,2025-09-15,4,996.0
804,s3,2025-09-15,5,495.0
805,s4,2025-09-15,3,897.0
806,s5,2025-09-15,4,796.0
807,f1,2025-09-16,6,1494.0
808,f2,2025-09-16,5,245.0
809,f3,2025-09-16,6,894.0
810,f4,2025-09-16,7,1393.0
811,f5,2025-09-16,4,396.0
812,f6,2025-09-16,3,537.0
813,v1,2025-09-16,6,534.0
814,v2,2025-09-16,5,245.0
815,v3,2025-09-16,6,474.0
816,v4,2025-09-16,7,273.0
817,v5,2025-09-16,5,745.0
818,v6,2025-09-16,5,145.0
819,d1,2025-09-16,5,345.0
820,d2,2025-09-16,5,1245.0
821,d3,2025-09-16,3,537.0
822,d4,2025-09-16,6,594.0
823,d5,2025-09-16,5,1245.0
824,b1,2025-09-16,5,995.0
825,b2,2025-09-16,5,1245.0
826,b3,2025-09-16,4,796.0
827,b4,2025-09-16,3,1797.0
828,b5,2025-09-16,5,1495.0
829,bv1,2025-09-16,5,745.0
830,bv2,2025-09-16,6,1494.0
831,bv3,2025-09-16,4,796.0
832,bv4,2025-09-16,4,1396.0
833,s1,2025-09-16,3,1197.0
834,s2,2025-09-16,5,1245.0
835,s3,2025-09-16,5,495.0
836,s4,2025-09-16,5,1495.0
837,s5,2025-09-16,5,995.0
838,f1,2025-09-17,6,1494.0
839,f2,2025-09-17,7,343.0
840,f3,2025-09-17,5,745.0
841,f4,2025-09-17,5,995.0
842,f5,2025-09-17,7,693.0
843,f6,2025-09-17,4,716.0
844,v1,2025-09-17,5,445.0
845,v2,2025-09-17,9,441.0
846,v3,2025-09-17,5,395.0
847,v4,2025-09-17,6,234.0
848,v5,2025-09-17,5,745.0
849,v6,2025-09-17,9,261.0
850,d1,2025-09-17,5,345.0
851,d2,2025-09-17,5,1245.0
852,d3,2025-09-17,4,716.0
853,d4,2025-09-17,6,594.0
854,d5,2025-09-17,4,996.0
855,b1,2025-09-17,6,1194.0
856,b2,2025-09-17,5,1245.0
857,b3,2025-09-17,7,1393.0
858,b4,2025-09-17,3,1797.0
859,b5,2025-09-17,4,1196.0
860,bv1,2025-09-17,6,894.0
861,bv2,2025-09-17,6,1494.0
862,bv3,2025-09-17,6,1194.0
863,bv4,2025-09-17,4,1396.0
864,s1,2025-09-17,5,1995.0
865,s2,2025-09-17,6,1494.0
866,s3,2025-09-17,5,495.0
867,s4,2025-09-17,4,1196.0
868,s5,2025-09-17,5,995.0
869,f1,2025-09-18,5,1245.0
870,f2,2025-09-18,7,343.0
871,f3,2025-09-18,5,745.0
872,f4,2025-09-18,6,1194.0
873,f5,2025-09-18,9,891.0
874,f6,2025-09-18,5,895.0
875,v1,2025-09-18,8,712.0
876,v2,2025-09-18,11,539.0
877,v3,2025-09-18,7,553.0
878,v4,2025-09-18,9,351.0
879,v5,2025-09-18,6,894.0
880,v6,2025-09-18,7,203.0
881,d1,2025-09-18,8,552.0
882,d2,2025-09-18,6,1494.0
883,d3,2025-09-18,7,1253.0
884,d4,2025-09-18,7,693.0
885,d5,2025-09-18,5,1245.0
886,b1,2025-09-18,9,1791.0
887,b2,2025-09-18,8,1992.0
888,b3,2025-09-18,7,1393.0
889,b4,2025-09-18,3,1797.0
890,b5,2025-09-18,4,1196.0
891,bv1,2025-09-18,8,1192.0
892,bv2,2025-09-18,9,2241.0
893,bv3,2025-09-18,8,1592.0
894,bv4,2025-09-18,8,2792.0
895,s1,2025-09-18,4,1596.0
896,s2,2025-09-18,6,1494.0
897,s3,2025-09-18,8,792.0
898,s4,2025-09-18,4,1196.0
899,s5,2025-09-18,6,1194.0
900,f1,2025-09-19,7,1743.0
901,f2,2025-09-19,7,343.0
902,f3,2025-09-19,7,1043.0
903,f4,2025-09-19,7,1393.0
904,f5,2025-09-19,9,891.0
905,f6,2025-09-19,4,716.0
906,v1,2025-09-19,6,534.0
907,v2,2025-09-19,10,490.0
908,v3,2025-09-19,5,395.0
909,v4,2025-09-19,10,390.0
910,v5,2025-09-19,5,745.0
911,v6,2025-09-19,10,290.0
912,d1,2025-09-19,8,552.0
913,d2,2025-09-19,9,2241.0
914,d3,2025-09-19,5,895.0
915,d4,2025-09-19,9,891.0
916,d5,2025-09-19,7,1743.0
917,b1,2025-09-19,7,1393.0
918,b2,2025-09-19,10,2490.0
919,b3,2025-09-19,7,1393.0
920,b4,2025-09-19,3,1797.0
921,b5,2025-09-19,7,2093.0
922,bv1,2025-09-19,11,1639.0
923,bv2,2025-09-19,10,2490.0
924,bv3,2025-09-19,6,1194.0
925,bv4,2025-09-19,9,3141.0
926,s1,2025-09-19,4,1596.0
927,s2,2025-09-19,6,1494.0
928,s3,2025-09-19,9,891.0
929,s4,2025-09-19,7,2093.0
930,s5,2025-09-19,6,1194.0
931,f1,2025-09-20,9,2241.0
932,f2,2025-09-20,9,441.0
933,f3,2025-09-20,11,1639.0
934,f4,2025-09-20,10,1990.0
935,f5,2025-09-20,10,990.0
936,f6,2025-09-20,7,1253.0
937,v1,2025-09-20,11,979.0
938,v2,2025-09-20,13,637.0
939,v3,2025-09-20,12,948.0
940,v4,2025-09-20,16,624.0
941,v5,2025-09-20,7,1043.0
942,v6,2025-09-20,9,261.0
943,d1,2025-09-20,11,759.0
944,d2,2025-09-20,11,2739.0
945,d3,2025-09-20,7,1253.0
946,d4,2025-09-20,12,1188.0
947,d5,2025-09-20,8,1992.0
948,b1,2025-09-20,8,1592.0
949,b2,2025-09-20,13,3237.0
950,b3,2025-09-20,7,1393.0
951,b4,2025-09-20,5,2995.0
952,b5,2025-09-20,6,1794.0
953,bv1,2025-09-20,10,1490.0
954,bv2,2025-09-20,10,2490.0
955,bv3,2025-09-20,7,1393.0
956,bv4,2025-09-20,8,2792.0
957,s1,2025-09-20,8,3192.0
958,s2,2025-09-20,8,1992.0
959,s3,2025-09-20,9,891.0
960,s4,2025-09-20,6,1794.0
961,s5,2025-09-20,8,1592.0
962,f1,2025-09-21,6,1494.0
963,f2,2025-09-21,8,392.0
964,f3,2025-09-21,9,1341.0
965,f4,2025-09-21,6,1194.0
966,f5,2025-09-21,12,1188.0
967,f6,2025-09-21,5,895.0
968,v1,2025-09-21,9,801.0
969,v2,2025-09-21,10,490.0
970,v3,2025-09-21,7,553.0
971,v4,2025-09-21,9,351.0
972,v5,2025-09-21,6,894.0
973,v6,2025-09-21,13,377.0
974,d1,2025-09-21,13,897.0
975,d2,2025-09-21,9,2241.0
976,d3,2025-09-21,9,1611.0
977,d4,2025-09-21,9,891.0
978,d5,2025-09-21,8,1992.0
979,b1,2025-09-21,9,1791.0
980,b2,2025-09-21,11,2739.0
981,b3,2025-09-21,8,1592.0
982,b4,2025-09-21,5,2995.0
983,b5,2025-09-21,9,2691.0
984,bv1,2025-09-21,11,1639.0
985,bv2,2025-09-21,11,2739.0
986,bv3,2025-09-21,10,1990.0
987,bv4,2025-09-21,8,2792.0
988,s1,2025-09-21,4,1596.0
989,s2,2025-09-21,9,2241.0
990,s3,2025-09-21,12,1188.0
991,s4,2025-09-21,8,2392.0
992,s5,2025-09-21,8,1592.0
993,f1,2025-09-22,5,1245.0
994,f2,2025-09-22,5,245.0
995,f3,2025-09-22,4,596.0
996,f4,2025-09-22,4,796.0
997,f5,2025-09-22,6,594.0
998,f6,2025-09-22,3,537.0
999,v1,2025-09-22,4,356.0
1000,v2,2025-09-22,4,196.0
1001,v3,2025-09-22,4,316.0
1002,v4,2025-09-22,6,234.0
1003,v5,2025-09-22,3,447.0
1004,v6,2025-09-22,5,145.0
1005,d1,2025-09-22,5,345.0
1006,d2,2025-09-22,5,1245.0
1007,d3,2025-09-22,3,537.0
1008,d4,2025-09-22,5,495.0
1009,d5,2025-09-22,5,1245.0
1010,b1,2025-09-22,4,796.0
1011,b2,2025-09-22,6,1494.0
1012,b3,2025-09-22,4,796.0
1013,b4,2025-09-22,3,1797.0
1014,b5,2025-09-22,3,897.0
1015,bv1,2025-09-22,6,894.0
1016,bv2,2025-09-22,4,996.0
1017,bv3,2025-09-22,3,597.0
1018,bv4,2025-09-22,6,2094.0
1019,s1,2025-09-22,4,1596.0
1020,s2,2025-09-22,4,996.0
1021,s3,2025-09-22,5,495.0
1022,s4,2025-09-22,3,897.0
1023,s5,2025-09-22,5,995.0
1024,f1,2025-09-23,6,1494.0
1025,f2,2025-09-23,4,196.0
1026,f3,2025-09-23,4,596.0
1027,f4,2025-09-23,6,1194.0
1028,f5,2025-09-23,5,495.0
1029,f6,2025-09-23,4,716.0
1030,v1,2025-09-23,6,534.0
1031,v2,2025-09-23,9,441.0
1032,v3,2025-09-23,5,395.0
1033,v4,2025-09-23,9,351.0
1034,v5,2025-09-23,3,447.0
1035,v6,2025-09-23,8,232.0
1036,d1,2025-09-23,5,345.0
1037,d2,2025-09-23,7,1743.0
1038,d3,2025-09-23,5,895.0
1039,d4,2025-09-23,8,792.0
1040,d5,2025-09-23,5,1245.0
1041,b1,2025-09-23,5,995.0
1042,b2,2025-09-23,5,1245.0
1043,b3,2025-09-23,5,995.0
1044,b4,2025-09-23,2,1198.0
1045,b5,2025-09-23,3,897.0
1046,bv1,2025-09-23,5,745.0
1047,bv2,2025-09-23,6,1494.0
1048,bv3,2025-09-23,4,796.0
1049,bv4,2025-09-23,5,1745.0
1050,s1,2025-09-23,3,1197.0
1051,s2,2025-09-23,4,996.0
1052,s3,2025-09-23,5,495.0
1053,s4,2025-09-23,5,1495.0
1054,s5,2025-09-23,7,1393.0
1055,f1,2025-09-24,4,996.0
1056,f2,2025-09-24,5,245.0
1057,f3,2025-09-24,5,745.0
1058,f4,2025-09-24,4,796.0
1059,f5,2025-09-24,8,792.0
1060,f6,2025-09-24,5,895.0
1061,v1,2025-09-24,5,445.0
1062,v2,2025-09-24,9,441.0
1063,v3,2025-09-24,7,553.0
1064,v4,2025-09-24,8,312.0
1065,v5,2025-09-24,6,894.0
1066,v6,2025-09-24,7,203.0
1067,d1,2025-09-24,7,483.0
1068,d2,2025-09-24,4,996.0
1069,d3,2025-09-24,5,895.0
1070,d4,2025-09-24,6,594.0
1071,d5,2025-09-24,4,996.0
1072,b1,2025-09-24,6,1194.0
1073,b2,2025-09-24,8,1992.0
1074,b3,2025-09-24,7,1393.0
1075,b4,2025-09-24,4,2396.0
1076,b5,2025-09-24,7,2093.0
1077,bv1,2025-09-24,8,1192.0
1078,bv2,2025-09-24,9,2241.0
1079,bv3,2025-09-24,4,796.0
1080,bv4,2025-09-24,7,2443.0
1081,s1,2025-09-24,3,1197.0
1082,s2,2025-09-24,8,1992.0
1083,s3,2025-09-24,5,495.0
1084,s4,2025-09-24,4,1196.0
1085,s5,2025-09-24,8,1592.0
1086,f1,2025-09-25,5,1245.0
1087,f2,2025-09-25,6,294.0
1088,f3,2025-09-25,7,1043.0
1089,f4,2025-09-25,6,1194.0
1090,f5,2025-09-25,9,891.0
1091,f6,2025-09-25,5,895.0
1092,v1,2025-09-25,7,623.0
1093,v2,2025-09-25,9,441.0
1094,v3,2025-09-25,5,395.0
1095,v4,2025-09-25,7,273.0
1096,v5,2025-09-25,7,1043.0
1097,v6,2025-09-25,10,290.0
1098,d1,2025-09-25,8,552.0
1099,d2,2025-09-25,8,1992.0
1100,d3,2025-09-25,6,1074.0
1101,d4,2025-09-25,10,990.0
1102,d5,2025-09-25,7,1743.0
1103,b1,2025-09-25,9,1791.0
1104,b2,2025-09-25,7,1743.0
1105,b3,2025-09-25,6,1194.0
1106,b4,2025-09-25,4,2396.0
1107,b5,2025-09-25,5,1495.0
1108,bv1,2025-09-25,9,1341.0
1109,bv2,2025-09-25,7,1743.0
1110,bv3,2025-09-25,4,796.0
1111,bv4,2025-09-25,7,2443.0
1112,s1,2025-09-25,4,1596.0
1113,s2,2025-09-25,8,1992.0
1114,s3,2025-09-25,6,594.0
1115,s4,2025-09-25,7,2093.0
1116,s5,2025-09-25,6,1194.0
1117,f1,2025-09-26,7,1743.0
1118,f2,2025-09-26,8,392.0
1119,f3,2025-09-26,8,1192.0
1120,f4,2025-09-26,8,1592.0
1121,f5,2025-09-26,7,693.0
1122,f6,2025-09-26,5,895.0
1123,v1,2025-09-26,9,801.0
1124,v2,2025-09-26,10,490.0
1125,v3,2025-09-26,8,632.0
1126,v4,2025-09-26,11,429.0
1127,v5,2025-09-26,7,1043.0
1128,v6,2025-09-26,8,232.0
1129,d1,2025-09-26,9,621.0
1130,d2,2025-09-26,6,1494.0
1131,d3,2025-09-26,8,1432.0
1132,d4,2025-09-26,10,990.0
1133,d5,2025-09-26,8,1992.0
1134,b1,2025-09-26,7,1393.0
1135,b2,2025-09-26,8,1992.0
1136,b3,2025-09-26,7,1393.0
1137,b4,2025-09-26,5,2995.0
1138,b5,2025-09-26,6,1794.0
1139,bv1,2025-09-26,8,1192.0
1140,bv2,2025-09-26,10,2490.0
1141,bv3,2025-09-26,6,1194.0
1142,bv4,2025-09-26,8,2792.0
1143,s1,2025-09-26,5,1995.0
1144,s2,2025-09-26,9,2241.0
1145,s3,2025-09-26,7,693.0
1146,s4,2025-09-26,4,1196.0
1147,s5,2025-09-26,10,1990.0
1148,f1,2025-09-27,9,2241.0
1149,f2,2025-09-27,12,588.0
1150,f3,2025-09-27,9,1341.0
1151,f4,2025-09-27,11,2189.0
1152,f5,2025-09-27,13,1287.0
1153,f6,2025-09-27,8,1432.0
1154,v1,2025-09-27,11,979.0
1155,v2,2025-09-27,14,686.0
1156,v3,2025-09-27,8,632.0
1157,v4,2025-09-27,13,507.0
1158,v5,2025-09-27,6,894.0
1159,v6,2025-09-27,12,348.0
1160,d1,2025-09-27,9,621.0
1161,d2,2025-09-27,8,1992.0
1162,d3,2025-09-27,8,1432.0
1163,d4,2025-09-27,13,1287.0
1164,d5,2025-09-27,10,2490.0
1165,b1,2025-09-27,10,1990.0
1166,b2,2025-09-27,9,2241.0
1167,b3,2025-09-27,6,1194.0
1168,b4,2025-09-27,4,2396.0
1169,b5,2025-09-27,6,1794.0
1170,bv1,2025-09-27,13,1937.0
1171,bv2,2025-09-27,10,2490.0
1172,bv3,2025-09-27,9,1791.0
1173,bv4,2025-09-27,7,2443.0
1174,s1,2025-09-27,8,3192.0
1175,s2,2025-09-27,8,1992.0
1176,s3,2025-09-27,8,792.0
1177,s4,2025-09-27,10,2990.0
1178,s5,2025-09-27,10,1990.0
1179,f1,2025-09-28,9,2241.0
1180,f2,2025-09-28,7,343.0
1181,f3,2025-09-28,7,1043.0
1182,f4,2025-09-28,9,1791.0
1183,f5,2025-09-28,12,1188.0
1184,f6,2025-09-28,5,895.0
1185,v1,2025-09-28,9,801.0
1186,v2,2025-09-28,8,392.0
1187,v3,2025-09-28,11,869.0
1188,v4,2025-09-28,9,351.0
1189,v5,2025-09-28,7,1043.0
1190,v6,2025-09-28,13,377.0
1191,d1,2025-09-28,13,897.0
1192,d2,2025-09-28,8,1992.0
1193,d3,2025-09-28,10,1790.0
1194,d4,2025-09-28,8,792.0
1195,d5,2025-09-28,9,2241.0
1196,b1,2025-09-28,12,2388.0
1197,b2,2025-09-28,10,2490.0
1198,b3,2025-09-28,9,1791.0
1199,b4,2025-09-28,4,2396.0
1200,b5,2025-09-28,6,1794.0
1201,bv1,2025-09-28,10,1490.0
1202,bv2,2025-09-28,8,1992.0
1203,bv3,2025-09-28,7,1393.0
1204,bv4,2025-09-28,9,3141.0
1205,s1,2025-09-28,5,1995.0
1206,s2,2025-09-28,8,1992.0
1207,s3,2025-09-28,11,1089.0
1208,s4,2025-09-28,8,2392.0
1209,s5,2025-09-28,7,1393.0
1210,f1,2025-09-29,4,996.0
1211,f2,2025-09-29,4,196.0
1212,f3,2025-09-29,5,745.0
1213,f4,2025-09-29,6,1194.0
1214,f5,2025-09-29,4,396.0
1215,f6,2025-09-29,3,537.0
1216,v1,2025-09-29,6,534.0
1217,v2,2025-09-29,5,245.0
1218,v3,2025-09-29,6,474.0
1219,v4,2025-09-29,5,195.0
1220,v5,2025-09-29,4,596.0
1221,v6,2025-09-29,7,203.0
1222,d1,2025-09-29,6,414.0
1223,d2,2025-09-29,5,1245.0
1224,d3,2025-09-29,5,895.0
1225,d4,2025-09-29,6,594.0
1226,d5,2025-09-29,5,1245.0
1227,b1,2025-09-29,5,995.0
1228,b2,2025-09-29,7,1743.0
1229,b3,2025-09-29,5,995.0
1230,b4,2025-09-29,2,1198.0
1231,b5,2025-09-29,3,897.0
1232,bv1,2025-09-29,5,745.0
1233,bv2,2025-09-29,6,1494.0
1234,bv3,2025-09-29,3,597.0
1235,bv4,2025-09-29,4,1396.0
1236,s1,2025-09-29,3,1197.0
1237,s2,2025-09-29,4,996.0
1238,s3,2025-09-29,4,396.0
1239,s4,2025-09-29,5,1495.0
1240,s5,2025-09-29,5,995.0
1241,f1,2025-09-30,4,996.0
1242,f2,2025-09-30,6,294.0
1243,f3,2025-09-30,5,745.0
1244,f4,2025-09-30,4,796.0
1245,f5,2025-09-30,5,495.0
1246,f6,2025-09-30,4,716.0
1247,v1,2025-09-30,7,623.0
1248,v2,2025-09-30,7,343.0
1249,v3,2025-09-30,5,395.0
1250,v4,2025-09-30,7,273.0
1251,v5,2025-09-30,3,447.0
1252,v6,2025-09-30,8,232.0
1253,d1,2025-09-30,7,483.0
1254,d2,2025-09-30,4,996.0
1255,d3,2025-09-30,5,895.0
1256,d4,2025-09-30,6,594.0
1257,d5,2025-09-30,4,996.0
1258,b1,2025-09-30,5,995.0
1259,b2,2025-09-30,5,1245.0
1260,b3,2025-09-30,5,995.0
1261,b4,2025-09-30,4,2396.0
1262,b5,2025-09-30,6,1794.0
1263,bv1,2025-09-30,5,745.0
1264,bv2,2025-09-30,7,1743.0
1265,bv3,2025-09-30,5,995.0
1266,bv4,2025-09-30,5,1745.0
1267,s1,2025-09-30,3,1197.0
1268,s2,2025-09-30,7,1743.0
1269,s3,2025-09-30,6,594.0
1270,s4,2025-09-30,4,1196.0
1271,s5,2025-09-30,5,995.0
1272,f1,2025-10-01,5,1245.0
1273,f2,2025-10-01,6,294.0
1274,f3,2025-10-01,6,894.0
1275,f4,2025-10-01,6,1194.0
1276,f5,2025-10-01,7,693.0
1277,f6,2025-10-01,4,716.0
1278,v1,2025-10-01,6,534.0
1279,v2,2025-10-01,8,392.0
1280,v3,2025-10-01,9,711.0
1281,v4,2025-10-01,8,312.0
1282,v5,2025-10-01,4,596.0
1283,v6,2025-10-01,6,174.0
1284,d1,2025-10-01,8,552.0
1285,d2,2025-10-01,8,1992.0
1286,d3,2025-10-01,6,1074.0
1287,d4,2025-10-01,10,990.0
1288,d5,2025-10-01,7,1743.0
1289,b1,2025-10-01,6,1194.0
1290,b2,2025-10-01,6,1494.0
1291,b3,2025-10-01,7,1393.0
1292,b4,2025-10-01,5,2995.0
1293,b5,2025-10-01,6,1794.0
1294,bv1,2025-10-01,5,745.0
1295,bv2,2025-10-01,7,1743.0
1296,bv3,2025-10-01,5,995.0
1297,bv4,2025-10-01,6,2094.0
1298,s1,2025-10-01,5,1995.0
1299,s2,2025-10-01,8,1992.0
1300,s3,2025-10-01,8,792.0
1301,s4,2025-10-01,4,1196.0
1302,s5,2025-10-01,7,1393.0
1303,f1,2025-10-02,4,996.0
1304,f2,2025-10-02,6,294.0
1305,f3,2025-10-02,7,1043.0
1306,f4,2025-10-02,8,1592.0
1307,f5,2025-10-02,9,891.0
1308,f6,2025-10-02,6,1074.0
1309,v1,2025-10-02,9,801.0
1310,v2,2025-10-02,8,392.0
1311,v3,2025-10-02,9,711.0
1312,v4,2025-10-02,11,429.0
1313,v5,2025-10-02,6,894.0
1314,v6,2025-10-02,10,290.0
1315,d1,2025-10-02,10,690.0
1316,d2,2025-10-02,8,1992.0
1317,d3,2025-10-02,8,1432.0
1318,d4,2025-10-02,11,1089.0
1319,d5,2025-10-02,7,1743.0
1320,b1,2025-10-02,8,1592.0
1321,b2,2025-10-02,10,2490.0
1322,b3,2025-10-02,7,1393.0
1323,b4,2025-10-02,5,2995.0
1324,b5,2025-10-02,7,2093.0
1325,bv1,2025-10-02,7,1043.0
1326,bv2,2025-10-02,5,1245.0
1327,bv3,2025-10-02,4,796.0
1328,bv4,2025-10-02,5,1745.0
1329,s1,2025-10-02,6,2394.0
1330,s2,2025-10-02,8,1992.0
1331,s3,2025-10-02,9,891.0
1332,s4,2025-10-02,6,1794.0
1333,s5,2025-10-02,8,1592.0
1334,f1,2025-10-03,5,1245.0
1335,f2,2025-10-03,9,441.0
1336,f3,2025-10-03,5,745.0
1337,f4,2025-10-03,6,1194.0
1338,f5,2025-10-03,8,792.0
1339,f6,2025-10-03,7,1253.0
1340,v1,2025-10-03,11,979.0
1341,v2,2025-10-03,11,539.0
1342,v3,2025-10-03,10,790.0
1343,v4,2025-10-03,9,351.0
1344,v5,2025-10-03,7,1043.0
1345,v6,2025-10-03,13,377.0
1346,d1,2025-10-03,12,828.0
1347,d2,2025-10-03,9,2241.0
1348,d3,2025-10-03,6,1074.0
1349,d4,2025-10-03,13,1287.0
1350,d5,2025-10-03,8,1992.0
1351,b1,2025-10-03,11,2189.0
1352,b2,2025-10-03,11,2739.0
1353,b3,2025-10-03,8,1592.0
1354,b4,2025-10-03,6,3594.0
1355,b5,2025-10-03,6,1794.0
1356,bv1,2025-10-03,5,745.0
1357,bv2,2025-10-03,6,1494.0
1358,bv3,2025-10-03,5,995.0
1359,bv4,2025-10-03,5,1745.0
1360,s1,2025-10-03,7,2793.0
1361,s2,2025-10-03,7,1743.0
1362,s3,2025-10-03,7,693.0
1363,s4,2025-10-03,6,1794.0
1364,s5,2025-10-03,10,1990.0
1365,f1,2025-10-04,6,1494.0
1366,f2,2025-10-04,7,343.0
1367,f3,2025-10-04,11,1639.0
1368,f4,2025-10-04,10,1990.0
1369,f5,2025-10-04,13,1287.0
1370,f6,2025-10-04,6,1074.0
1371,v1,2025-10-04,11,979.0
1372,v2,2025-10-04,13,637.0
1373,v3,2025-10-04,9,711.0
1374,v4,2025-10-04,11,429.0
1375,v5,2025-10-04,7,1043.0
1376,v6,2025-10-04,15,435.0
1377,d1,2025-10-04,13,897.0
1378,d2,2025-10-04,10,2490.0
1379,d3,2025-10-04,9,1611.0
1380,d4,2025-10-04,17,1683.0
1381,d5,2025-10-04,9,2241.0
1382,b1,2025-10-04,13,2587.0
1383,b2,2025-10-04,10,2490.0
1384,b3,2025-10-04,9,1791.0
1385,b4,2025-10-04,6,3594.0
1386,b5,2025-10-04,7,2093.0
1387,bv1,2025-10-04,10,1490.0
1388,bv2,2025-10-04,9,2241.0
1389,bv3,2025-10-04,6,1194.0
1390,bv4,2025-10-04,8,2792.0
1391,s1,2025-10-04,9,3591.0
1392,s2,2025-10-04,11,2739.0
1393,s3,2025-10-04,9,891.0
1394,s4,2025-10-04,9,2691.0
1395,s5,2025-10-04,11,2189.0
1396,f1,2025-10-05,6,1494.0
1397,f2,2025-10-05,6,294.0
1398,f3,2025-10-05,7,1043.0
1399,f4,2025-10-05,7,1393.0
1400,f5,2025-10-05,8,792.0
1401,f6,2025-10-05,6,1074.0
1402,v1,2025-10-05,13,1157.0
1403,v2,2025-10-05,10,490.0
1404,v3,2025-10-05,9,711.0
1405,v4,2025-10-05,11,429.0
1406,v5,2025-10-05,7,1043.0
1407,v6,2025-10-05,12,348.0
1408,d1,2025-10-05,8,552.0
1409,d2,2025-10-05,11,2739.0
1410,d3,2025-10-05,10,1790.0
1411,d4,2025-10-05,16,1584.0
1412,d5,2025-10-05,7,1743.0
1413,b1,2025-10-05,11,2189.0
1414,b2,2025-10-05,14,3486.0
1415,b3,2025-10-05,10,1990.0
1416,b4,2025-10-05,6,3594.0
1417,b5,2025-10-05,7,2093.0
1418,bv1,2025-10-05,9,1341.0
1419,bv2,2025-10-05,6,1494.0
1420,bv3,2025-10-05,6,1194.0
1421,bv4,2025-10-05,7,2443.0
1422,s1,2025-10-05,7,2793.0
1423,s2,2025-10-05,12,2988.0
1424,s3,2025-10-05,9,891.0
1425,s4,2025-10-05,9,2691.0
1426,s5,2025-10-05,12,2388.0
1427,f1,2025-10-06,3,747.0
1428,f2,2025-10-06,4,196.0
1429,f3,2025-10-06,3,447.0
1430,f4,2025-10-06,6,1194.0
1431,f5,2025-10-06,6,594.0
1432,f6,2025-10-06,4,716.0
1433,v1,2025-10-06,4,356.0
1434,v2,2025-10-06,8,392.0
1435,v3,2025-10-06,6,474.0
1436,v4,2025-10-06,8,312.0
1437,v5,2025-10-06,3,447.0
1438,v6,2025-10-06,5,145.0
1439,d1,2025-10-06,7,483.0
1440,d2,2025-10-06,5,1245.0
1441,d3,2025-10-06,5,895.0
1442,d4,2025-10-06,5,495.0
1443,d5,2025-10-06,4,996.0
1444,b1,2025-10-06,7,1393.0
1445,b2,2025-10-06,7,1743.0
1446,b3,2025-10-06,4,796.0
1447,b4,2025-10-06,3,1797.0
1448,b5,2025-10-06,3,897.0
1449,bv1,2025-10-06,5,745.0
1450,bv2,2025-10-06,4,996.0
1451,bv3,2025-10-06,4,796.0
1452,bv4,2025-10-06,3,1047.0
1453,s1,2025-10-06,5,1995.0
1454,s2,2025-10-06,7,1743.0
1455,s3,2025-10-06,7,693.0
1456,s4,2025-10-06,4,1196.0
1457,s5,2025-10-06,7,1393.0
1458,f1,2025-10-07,6,1494.0
1459,f2,2025-10-07,5,245.0
1460,f3,2025-10-07,5,745.0
1461,f4,2025-10-07,4,796.0
1462,f5,2025-10-07,5,495.0
1463,f6,2025-10-07,5,895.0
1464,v1,2025-10-07,7,623.0
1465,v2,2025-10-07,6,294.0
1466,v3,2025-10-07,6,474.0
1467,v4,2025-10-07,8,312.0
1468,v5,2025-10-07,5,745.0
1469,v6,2025-10-07,8,232.0
1470,d1,2025-10-07,5,345.0
1471,d2,2025-10-07,7,1743.0
1472,d3,2025-10-07,5,895.0
1473,d4,2025-10-07,7,693.0
1474,d5,2025-10-07,4,996.0
1475,b1,2025-10-07,7,1393.0
1476,b2,2025-10-07,8,1992.0
1477,b3,2025-10-07,5,995.0
1478,b4,2025-10-07,4,2396.0
1479,b5,2025-10-07,6,1794.0
1480,bv1,2025-10-07,5,745.0
1481,bv2,2025-10-07,7,1743.0
1482,bv3,2025-10-07,3,597.0
1483,bv4,2025-10-07,4,1396.0
1484,s1,2025-10-07,4,1596.0
1485,s2,2025-10-07,6,1494.0
1486,s3,2025-10-07,5,495.0
1487,s4,2025-10-07,6,1794.0
1488,s5,2025-10-07,5,995.0
1489,f1,2025-10-08,4,996.0
1490,f2,2025-10-08,7,343.0
1491,f3,2025-10-08,4,596.0
1492,f4,2025-10-08,6,1194.0
1493,f5,2025-10-08,8,792.0
1494,f6,2025-10-08,6,1074.0
1495,v1,2025-10-08,9,801.0
1496,v2,2025-10-08,10,490.0
1497,v3,2025-10-08,8,632.0
1498,v4,2025-10-08,12,468.0
1499,v5,2025-10-08,7,1043.0
1500,v6,2025-10-08,10,290.0
1501,d1,2025-10-08,8,552.0
1502,d2,2025-10-08,6,1494.0
1503,d3,2025-10-08,7,1253.0
1504,d4,2025-10-08,7,693.0
1505,d5,2025-10-08,4,996.0
1506,b1,2025-10-08,10,1990.0
1507,b2,2025-10-08,7,1743.0
1508,b3,2025-10-08,5,995.0
1509,b4,2025-10-08,4,2396.0
1510,b5,2025-10-08,5,1495.0
1511,bv1,2025-10-08,5,745.0
1512,bv2,2025-10-08,4,996.0
1513,bv3,2025-10-08,5,995.0
1514,bv4,2025-10-08,4,1396.0
1515,s1,2025-10-08,4,1596.0
1516,s2,2025-10-08,9,2241.0
1517,s3,2025-10-08,9,891.0
1518,s4,2025-10-08,7,2093.0
1519,s5,2025-10-08,6,1194.0
1520,f1,2025-10-09,7,1743.0
1521,f2,2025-10-09,9,441.0
1522,f3,2025-10-09,5,745.0
1523,f4,2025-10-09,7,1393.0
1524,f5,2025-10-09,7,693.0
1525,f6,2025-10-09,6,1074.0
1526,v1,2025-10-09,9,801.0
1527,v2,2025-10-09,11,539.0
1528,v3,2025-10-09,6,474.0
1529,v4,2025-10-09,11,429.0
1530,v5,2025-10-09,4,596.0
1531,v6,2025-10-09,10,290.0
1532,d1,2025-10-09,7,483.0
1533,d2,2025-10-09,7,1743.0
1534,d3,2025-10-09,7,1253.0
1535,d4,2025-10-09,9,891.0
1536,d5,2025-10-09,8,1992.0
1537,b1,2025-10-09,7,1393.0
1538,b2,2025-10-09,6,1494.0
1539,b3,2025-10-09,5,995.0
1540,b4,2025-10-09,5,2995.0
1541,b5,2025-10-09,6,1794.0
1542,bv1,2025-10-09,8,1192.0
1543,bv2,2025-10-09,8,1992.0
1544,bv3,2025-10-09,5,995.0
1545,bv4,2025-10-09,6,2094.0
1546,s1,2025-10-09,6,2394.0
1547,s2,2025-10-09,7,1743.0
1548,s3,2025-10-09,6,594.0
1549,s4,2025-10-09,5,1495.0
1550,s5,2025-10-09,10,1990.0
1551,f1,2025-10-10,5,1245.0
1552,f2,2025-10-10,6,294.0
1553,f3,2025-10-10,7,1043.0
1554,f4,2025-10-10,8,1592.0
1555,f5,2025-10-10,6,594.0
1556,f6,2025-10-10,7,1253.0
1557,v1,2025-10-10,11,979.0
1558,v2,2025-10-10,7,343.0
1559,v3,2025-10-10,9,711.0
1560,v4,2025-10-10,8,312.0
1561,v5,2025-10-10,8,1192.0
1562,v6,2025-10-10,13,377.0
1563,d1,2025-10-10,11,759.0
1564,d2,2025-10-10,6,1494.0
1565,d3,2025-10-10,9,1611.0
1566,d4,2025-10-10,8,792.0
1567,d5,2025-10-10,7,1743.0
1568,b1,2025-10-10,7,1393.0
1569,b2,2025-10-10,11,2739.0
1570,b3,2025-10-10,7,1393.0
1571,b4,2025-10-10,5,2995.0
1572,b5,2025-10-10,8,2392.0
1573,bv1,2025-10-10,8,1192.0
1574,bv2,2025-10-10,6,1494.0
1575,bv3,2025-10-10,5,995.0
1576,bv4,2025-10-10,7,2443.0
1577,s1,2025-10-10,4,1596.0
1578,s2,2025-10-10,6,1494.0
1579,s3,2025-10-10,7,693.0
1580,s4,2025-10-10,7,2093.0
1581,s5,2025-10-10,11,2189.0
1582,f1,2025-10-11,9,2241.0
1583,f2,2025-10-11,7,343.0
1584,f3,2025-10-11,9,1341.0
1585,f4,2025-10-11,9,1791.0
1586,f5,2025-10-11,11,1089.0
1587,f6,2025-10-11,9,1611.0
1588,v1,2025-10-11,8,712.0
1589,v2,2025-10-11,14,686.0
1590,v3,2025-10-11,13,1027.0
1591,v4,2025-10-11,18,702.0
1592,v5,2025-10-11,10,1490.0
1593,v6,2025-10-11,11,319.0
1594,d1,2025-10-11,10,690.0
1595,d2,2025-10-11,12,2988.0
1596,d3,2025-10-11,9,1611.0
1597,d4,2025-10-11,14,1386.0
1598,d5,2025-10-11,8,1992.0
1599,b1,2025-10-11,13,2587.0
1600,b2,2025-10-11,12,2988.0
1601,b3,2025-10-11,12,2388.0
1602,b4,2025-10-11,4,2396.0
1603,b5,2025-10-11,8,2392.0
1604,bv1,2025-10-11,7,1043.0
1605,bv2,2025-10-11,7,1743.0
1606,bv3,2025-10-11,7,1393.0
1607,bv4,2025-10-11,6,2094.0
1608,s1,2025-10-11,7,2793.0
1609,s2,2025-10-11,11,2739.0
1610,s3,2025-10-11,10,990.0
1611,s4,2025-10-11,10,2990.0
1612,s5,2025-10-11,11,2189.0
1613,f1,2025-10-12,9,2241.0
1614,f2,2025-10-12,8,392.0
1615,f3,2025-10-12,7,1043.0
1616,f4,2025-10-12,10,1990.0
1617,f5,2025-10-12,8,792.0
1618,f6,2025-10-12,6,1074.0
1619,v1,2025-10-12,13,1157.0
1620,v2,2025-10-12,14,686.0
1621,v3,2025-10-12,12,948.0
1622,v4,2025-10-12,17,663.0
1623,v5,2025-10-12,6,894.0
1624,v6,2025-10-12,9,261.0
1625,d1,2025-10-12,11,759.0
1626,d2,2025-10-12,8,1992.0
1627,d3,2025-10-12,8,1432.0
1628,d4,2025-10-12,9,891.0
1629,d5,2025-10-12,10,2490.0
1630,b1,2025-10-12,14,2786.0
1631,b2,2025-10-12,9,2241.0
1632,b3,2025-10-12,10,1990.0
1633,b4,2025-10-12,6,3594.0
1634,b5,2025-10-12,6,1794.0
1635,bv1,2025-10-12,8,1192.0
1636,bv2,2025-10-12,10,2490.0
1637,bv3,2025-10-12,7,1393.0
1638,bv4,2025-10-12,7,2443.0
1639,s1,2025-10-12,7,2793.0
1640,s2,2025-10-12,10,2490.0
1641,s3,2025-10-12,11,1089.0
1642,s4,2025-10-12,7,2093.0
1643,s5,2025-10-12,11,2189.0
1644,f1,2025-10-13,3,747.0
1645,f2,2025-10-13,4,196.0
1646,f3,2025-10-13,3,447.0
1647,f4,2025-10-13,4,796.0
1648,f5,2025-10-13,7,693.0
1649,f6,2025-10-13,4,716.0
1650,v1,2025-10-13,5,445.0
1651,v2,2025-10-13,5,245.0
1652,v3,2025-10-13,4,316.0
1653,v4,2025-10-13,6,234.0
1654,v5,2025-10-13,5,745.0
1655,v6,2025-10-13,5,145.0
1656,d1,2025-10-13,8,552.0
1657,d2,2025-10-13,6,1494.0
1658,d3,2025-10-13,4,716.0
1659,d4,2025-10-13,7,693.0
1660,d5,2025-10-13,4,996.0
1661,b1,2025-10-13,6,1194.0
1662,b2,2025-10-13,6,1494.0
1663,b3,2025-10-13,6,1194.0
1664,b4,2025-10-13,2,1198.0
1665,b5,2025-10-13,4,1196.0
1666,bv1,2025-10-13,5,745.0
1667,bv2,2025-10-13,4,996.0
1668,bv3,2025-10-13,4,796.0
1669,bv4,2025-10-13,3,1047.0
1670,s1,2025-10-13,3,1197.0
1671,s2,2025-10-13,7,1743.0
1672,s3,2025-10-13,5,495.0
1673,s4,2025-10-13,4,1196.0
1674,s5,2025-10-13,7,1393.0
1675,f1,2025-10-14,6,1494.0
1676,f2,2025-10-14,6,294.0
1677,f3,2025-10-14,6,894.0
1678,f4,2025-10-14,6,1194.0
1679,f5,2025-10-14,5,495.0
1680,f6,2025-10-14,5,895.0
1681,v1,2025-10-14,8,712.0
1682,v2,2025-10-14,7,343.0
1683,v3,2025-10-14,5,395.0
1684,v4,2025-10-14,9,351.0
1685,v5,2025-10-14,5,745.0
1686,v6,2025-10-14,9,261.0
1687,d1,2025-10-14,8,552.0
1688,d2,2025-10-14,7,1743.0
1689,d3,2025-10-14,5,895.0
1690,d4,2025-10-14,9,891.0
1691,d5,2025-10-14,4,996.0
1692,b1,2025-10-14,6,1194.0
1693,b2,2025-10-14,7,1743.0
1694,b3,2025-10-14,7,1393.0
1695,b4,2025-10-14,4,2396.0
1696,b5,2025-10-14,5,1495.0
1697,bv1,2025-10-14,7,1043.0
1698,bv2,2025-10-14,5,1245.0
1699,bv3,2025-10-14,5,995.0
1700,bv4,2025-10-14,5,1745.0
1701,s1,2025-10-14,4,1596.0
1702,s2,2025-10-14,8,1992.0
1703,s3,2025-10-14,7,693.0
1704,s4,2025-10-14,4,1196.0
1705,s5,2025-10-14,6,1194.0
1706,f1,2025-10-15,5,1245.0
1707,f2,2025-10-15,5,245.0
1708,f3,2025-10-15,7,1043.0
1709,f4,2025-10-15,7,1393.0
1710,f5,2025-10-15,6,594.0
1711,f6,2025-10-15,6,1074.0
1712,v1,2025-10-15,8,712.0
1713,v2,2025-10-15,8,392.0
1714,v3,2025-10-15,6,474.0
1715,v4,2025-10-15,12,468.0
1716,v5,2025-10-15,4,596.0
1717,v6,2025-10-15,10,290.0
1718,d1,2025-10-15,8,552.0
1719,d2,2025-10-15,5,1245.0
1720,d3,2025-10-15,6,1074.0
1721,d4,2025-10-15,10,990.0
1722,d5,2025-10-15,7,1743.0
1723,b1,2025-10-15,7,1393.0
1724,b2,2025-10-15,7,1743.0
1725,b3,2025-10-15,5,995.0
1726,b4,2025-10-15,4,2396.0
1727,b5,2025-10-15,6,1794.0
1728,bv1,2025-10-15,6,894.0
1729,bv2,2025-10-15,6,1494.0
1730,bv3,2025-10-15,3,597.0
1731,bv4,2025-10-15,3,1047.0
1732,s1,2025-10-15,4,1596.0
1733,s2,2025-10-15,5,1245.0
1734,s3,2025-10-15,7,693.0
1735,s4,2025-10-15,6,1794.0
1736,s5,2025-10-15,9,1791.0
1737,f1,2025-10-16,6,1494.0
1738,f2,2025-10-16,5,245.0
1739,f3,2025-10-16,8,1192.0
1740,f4,2025-10-16,7,1393.0
1741,f5,2025-10-16,5,495.0
1742,f6,2025-10-16,5,895.0
1743,v1,2025-10-16,10,890.0
1744,v2,2025-10-16,10,490.0
1745,v3,2025-10-16,7,553.0
1746,v4,2025-10-16,7,273.0
1747,v5,2025-10-16,5,745.0
1748,v6,2025-10-16,9,261.0
1749,d1,2025-10-16,7,483.0
1750,d2,2025-10-16,8,1992.0
1751,d3,2025-10-16,8,1432.0
1752,d4,2025-10-16,8,792.0
1753,d5,2025-10-16,7,1743.0
1754,b1,2025-10-16,8,1592.0
1755,b2,2025-10-16,10,2490.0
1756,b3,2025-10-16,5,995.0
1757,b4,2025-10-16,5,2995.0
1758,b5,2025-10-16,7,2093.0
1759,bv1,2025-10-16,5,745.0
1760,bv2,2025-10-16,4,996.0
1761,bv3,2025-10-16,5,995.0
1762,bv4,2025-10-16,7,2443.0
1763,s1,2025-10-16,4,1596.0
1764,s2,2025-10-16,9,2241.0
1765,s3,2025-10-16,8,792.0
1766,s4,2025-10-16,6,1794.0
1767,s5,2025-10-16,8,1592.0
1768,f1,2025-10-17,7,1743.0
1769,f2,2025-10-17,8,392.0
1770,f3,2025-10-17,9,1341.0
1771,f4,2025-10-17,8,1592.0
1772,f5,2025-10-17,7,693.0
1773,f6,2025-10-17,6,1074.0
1774,v1,2025-10-17,7,623.0
1775,v2,2025-10-17,9,441.0
1776,v3,2025-10-17,10,790.0
1777,v4,2025-10-17,12,468.0
1778,v5,2025-10-17,6,894.0
1779,v6,2025-10-17,8,232.0
1780,d1,2025-10-17,11,759.0
1781,d2,2025-10-17,7,1743.0
1782,d3,2025-10-17,7,1253.0
1783,d4,2025-10-17,11,1089.0
1784,d5,2025-10-17,5,1245.0
1785,b1,2025-10-17,10,1990.0
1786,b2,2025-10-17,10,2490.0
1787,b3,2025-10-17,6,1194.0
1788,b4,2025-10-17,4,2396.0
1789,b5,2025-10-17,9,2691.0
1790,bv1,2025-10-17,7,1043.0
1791,bv2,2025-10-17,8,1992.0
1792,bv3,2025-10-17,6,1194.0
1793,bv4,2025-10-17,4,1396.0
1794,s1,2025-10-17,4,1596.0
1795,s2,2025-10-17,9,2241.0
1796,s3,2025-10-17,7,693.0
1797,s4,2025-10-17,8,2392.0
1798,s5,2025-10-17,8,1592.0
1799,f1,2025-10-18,8,1992.0
1800,f2,2025-10-18,10,490.0
1801,f3,2025-10-18,7,1043.0
1802,f4,2025-10-18,11,2189.0
1803,f5,2025-10-18,10,990.0
1804,f6,2025-10-18,8,1432.0
1805,v1,2025-10-18,10,890.0
1806,v2,2025-10-18,15,735.0
1807,v3,2025-10-18,12,948.0
1808,v4,2025-10-18,15,585.0
1809,v5,2025-10-18,11,1639.0
1810,v6,2025-10-18,11,319.0
1811,d1,2025-10-18,15,1035.0
1812,d2,2025-10-18,7,1743.0
1813,d3,2025-10-18,10,1790.0
1814,d4,2025-10-18,14,1386.0
1815,d5,2025-10-18,9,2241.0
1816,b1,2025-10-18,12,2388.0
1817,b2,2025-10-18,15,3735.0
1818,b3,2025-10-18,10,1990.0
1819,b4,2025-10-18,7,4193.0
1820,b5,2025-10-18,11,3289.0
1821,bv1,2025-10-18,9,1341.0
1822,bv2,2025-10-18,7,1743.0
1823,bv3,2025-10-18,5,995.0
1824,bv4,2025-10-18,8,2792.0
1825,s1,2025-10-18,6,2394.0
1826,s2,2025-10-18,11,2739.0
1827,s3,2025-10-18,13,1287.0
1828,s4,2025-10-18,9,2691.0
1829,s5,2025-10-18,10,1990.0
1830,f1,2025-10-19,7,1743.0
1831,f2,2025-10-19,8,392.0
1832,f3,2025-10-19,8,1192.0
1833,f4,2025-10-19,7,1393.0
1834,f5,2025-10-19,9,891.0
1835,f6,2025-10-19,8,1432.0
1836,v1,2025-10-19,9,801.0
1837,v2,2025-10-19,9,441.0
1838,v3,2025-10-19,9,711.0
1839,v4,2025-10-19,10,390.0
1840,v5,2025-10-19,6,894.0
1841,v6,2025-10-19,11,319.0
1842,d1,2025-10-19,11,759.0
1843,d2,2025-10-19,10,2490.0
1844,d3,2025-10-19,9,1611.0
1845,d4,2025-10-19,15,1485.0
1846,d5,2025-10-19,11,2739.0
1847,b1,2025-10-19,14,2786.0
1848,b2,2025-10-19,11,2739.0
1849,b3,2025-10-19,11,2189.0
1850,b4,2025-10-19,4,2396.0
1851,b5,2025-10-19,9,2691.0
1852,bv1,2025-10-19,7,1043.0
1853,bv2,2025-10-19,6,1494.0
1854,bv3,2025-10-19,5,995.0
1855,bv4,2025-10-19,9,3141.0
1856,s1,2025-10-19,7,2793.0
1857,s2,2025-10-19,8,1992.0
1858,s3,2025-10-19,12,1188.0
1859,s4,2025-10-19,10,2990.0
1860,s5,2025-10-19,9,1791.0
1861,f1,2025-10-20,3,747.0
1862,f2,2025-10-20,4,196.0
1863,f3,2025-10-20,4,596.0
1864,f4,2025-10-20,3,597.0
1865,f5,2025-10-20,6,594.0
1866,f6,2025-10-20,3,537.0
1867,v1,2025-10-20,7,623.0
1868,v2,2025-10-20,5,245.0
1869,v3,2025-10-20,6,474.0
1870,v4,2025-10-20,7,273.0
1871,v5,2025-10-20,4,596.0
1872,v6,2025-10-20,5,145.0
1873,d1,2025-10-20,5,345.0
1874,d2,2025-10-20,4,996.0
1875,d3,2025-10-20,5,895.0
1876,d4,2025-10-20,6,594.0
1877,d5,2025-10-20,5,1245.0
1878,b1,2025-10-20,6,1194.0
1879,b2,2025-10-20,7,1743.0
1880,b3,2025-10-20,4,796.0
1881,b4,2025-10-20,3,1797.0
1882,b5,2025-10-20,4,1196.0
1883,bv1,2025-10-20,6,894.0
1884,bv2,2025-10-20,4,996.0
1885,bv3,2025-10-20,3,597.0
1886,bv4,2025-10-20,3,1047.0
1887,s1,2025-10-20,4,1596.0
1888,s2,2025-10-20,6,1494.0
1889,s3,2025-10-20,6,594.0
1890,s4,2025-10-20,5,1495.0
1891,s5,2025-10-20,5,995.0
1892,f1,2025-10-21,4,996.0
1893,f2,2025-10-21,4,196.0
1894,f3,2025-10-21,4,596.0
1895,f4,2025-10-21,6,1194.0
1896,f5,2025-10-21,7,693.0
1897,f6,2025-10-21,3,537.0
1898,v1,2025-10-21,5,445.0
1899,v2,2025-10-21,7,343.0
1900,v3,2025-10-21,7,553.0
1901,v4,2025-10-21,6,234.0
1902,v5,2025-10-21,5,745.0
1903,v6,2025-10-21,6,174.0
1904,d1,2025-10-21,7,483.0
1905,d2,2025-10-21,6,1494.0
1906,d3,2025-10-21,6,1074.0
1907,d4,2025-10-21,7,693.0
1908,d5,2025-10-21,6,1494.0
1909,b1,2025-10-21,6,1194.0
1910,b2,2025-10-21,6,1494.0
1911,b3,2025-10-21,6,1194.0
1912,b4,2025-10-21,3,1797.0
1913,b5,2025-10-21,6,1794.0
1914,bv1,2025-10-21,6,894.0
1915,bv2,2025-10-21,6,1494.0
1916,bv3,2025-10-21,5,995.0
1917,bv4,2025-10-21,5,1745.0
1918,s1,2025-10-21,4,1596.0
1919,s2,2025-10-21,7,1743.0
1920,s3,2025-10-21,6,594.0
1921,s4,2025-10-21,4,1196.0
1922,s5,2025-10-21,7,1393.0
1923,f1,2025-10-22,6,1494.0
1924,f2,2025-10-22,6,294.0
1925,f3,2025-10-22,4,596.0
1926,f4,2025-10-22,7,1393.0
1927,f5,2025-10-22,7,693.0
1928,f6,2025-10-22,6,1074.0
1929,v1,2025-10-22,9,801.0
1930,v2,2025-10-22,6,294.0
1931,v3,2025-10-22,6,474.0
1932,v4,2025-10-22,8,312.0
1933,v5,2025-10-22,4,596.0
1934,v6,2025-10-22,6,174.0
1935,d1,2025-10-22,10,690.0
1936,d2,2025-10-22,8,1992.0
1937,d3,2025-10-22,7,1253.0
1938,d4,2025-10-22,11,1089.0
1939,d5,2025-10-22,7,1743.0
1940,b1,2025-10-22,9,1791.0
1941,b2,2025-10-22,6,1494.0
1942,b3,2025-10-22,6,1194.0
1943,b4,2025-10-22,5,2995.0
1944,b5,2025-10-22,6,1794.0
1945,bv1,2025-10-22,7,1043.0
1946,bv2,2025-10-22,7,1743.0
1947,bv3,2025-10-22,3,597.0
1948,bv4,2025-10-22,5,1745.0
1949,s1,2025-10-22,5,1995.0
1950,s2,2025-10-22,7,1743.0
1951,s3,2025-10-22,8,792.0
1952,s4,2025-10-22,6,1794.0
1953,s5,2025-10-22,7,1393.0
1954,f1,2025-10-23,5,1245.0
1955,f2,2025-10-23,8,392.0
1956,f3,2025-10-23,7,1043.0
1957,f4,2025-10-23,8,1592.0
1958,f5,2025-10-23,8,792.0
1959,f6,2025-10-23,4,716.0
1960,v1,2025-10-23,7,623.0
1961,v2,2025-10-23,10,490.0
1962,v3,2025-10-23,7,553.0
1963,v4,2025-10-23,11,429.0
1964,v5,2025-10-23,7,1043.0
1965,v6,2025-10-23,8,232.0
1966,d1,2025-10-23,11,759.0
1967,d2,2025-10-23,9,2241.0
1968,d3,2025-10-23,6,1074.0
1969,d4,2025-10-23,12,1188.0
1970,d5,2025-10-23,8,1992.0
1971,b1,2025-10-23,10,1990.0
1972,b2,2025-10-23,8,1992.0
1973,b3,2025-10-23,7,1393.0
1974,b4,2025-10-23,5,2995.0
1975,b5,2025-10-23,5,1495.0
1976,bv1,2025-10-23,7,1043.0
1977,bv2,2025-10-23,8,1992.0
1978,bv3,2025-10-23,4,796.0
1979,bv4,2025-10-23,5,1745.0
1980,s1,2025-10-23,5,1995.0
1981,s2,2025-10-23,8,1992.0
1982,s3,2025-10-23,8,792.0
1983,s4,2025-10-23,7,2093.0
1984,s5,2025-10-23,10,1990.0
1985,f1,2025-10-24,8,1992.0
1986,f2,2025-10-24,8,392.0
1987,f3,2025-10-24,6,894.0
1988,f4,2025-10-24,7,1393.0
1989,f5,2025-10-24,6,594.0
1990,f6,2025-10-24,6,1074.0
1991,v1,2025-10-24,10,890.0
1992,v2,2025-10-24,9,441.0
1993,v3,2025-10-24,7,553.0
1994,v4,2025-10-24,13,507.0
1995,v5,2025-10-24,6,894.0
1996,v6,2025-10-24,8,232.0
1997,d1,2025-10-24,9,621.0
1998,d2,2025-10-24,9,2241.0
1999,d3,2025-10-24,6,1074.0
2000,d4,2025-10-24,10,990.0
2001,d5,2025-10-24,5,1245.0
2002,b1,2025-10-24,8,1592.0
2003,b2,2025-10-24,9,2241.0
2004,b3,2025-10-24,9,1791.0
2005,b4,2025-10-24,4,2396.0
2006,b5,2025-10-24,7,2093.0
2007,bv1,2025-10-24,6,894.0
2008,bv2,2025-10-24,9,2241.0
2009,bv3,2025-10-24,6,1194.0
2010,bv4,2025-10-24,4,1396.0
2011,s1,2025-10-24,7,2793.0
2012,s2,2025-10-24,9,2241.0
2013,s3,2025-10-24,7,693.0
2014,s4,2025-10-24,6,1794.0
2015,s5,2025-10-24,7,1393.0
2016,f1,2025-10-25,6,1494.0
2017,f2,2025-10-25,11,539.0
2018,f3,2025-10-25,10,1490.0
2019,f4,2025-10-25,12,2388.0
2020,f5,2025-10-25,13,1287.0
2021,f6,2025-10-25,7,1253.0
2022,v1,2025-10-25,11,979.0
2023,v2,2025-10-25,10,490.0
2024,v3,2025-10-25,8,632.0
2025,v4,2025-10-25,14,546.0
2026,v5,2025-10-25,7,1043.0
2027,v6,2025-10-25,11,319.0
2028,d1,2025-10-25,14,966.0
2029,d2,2025-10-25,12,2988.0
2030,d3,2025-10-25,11,1969.0
2031,d4,2025-10-25,14,1386.0
2032,d5,2025-10-25,7,1743.0
2033,b1,2025-10-25,12,2388.0
2034,b2,2025-10-25,13,3237.0
2035,b3,2025-10-25,9,1791.0
2036,b4,2025-10-25,5,2995.0
2037,b5,2025-10-25,12,3588.0
2038,bv1,2025-10-25,10,1490.0
2039,bv2,2025-10-25,10,2490.0
2040,bv3,2025-10-25,5,995.0
2041,bv4,2025-10-25,7,2443.0
2042,s1,2025-10-25,8,3192.0
2043,s2,2025-10-25,11,2739.0
2044,s3,2025-10-25,13,1287.0
2045,s4,2025-10-25,10,2990.0
2046,s5,2025-10-25,10,1990.0
2047,f1,2025-10-26,8,1992.0
2048,f2,2025-10-26,9,441.0
2049,f3,2025-10-26,9,1341.0
2050,f4,2025-10-26,9,1791.0
2051,f5,2025-10-26,12,1188.0
2052,f6,2025-10-26,8,1432.0
2053,v1,2025-10-26,13,1157.0
2054,v2,2025-10-26,10,490.0
2055,v3,2025-10-26,10,790.0
2056,v4,2025-10-26,11,429.0
2057,v5,2025-10-26,7,1043.0
2058,v6,2025-10-26,11,319.0
2059,d1,2025-10-26,14,966.0
2060,d2,2025-10-26,7,1743.0
2061,d3,2025-10-26,6,1074.0
2062,d4,2025-10-26,13,1287.0
2063,d5,2025-10-26,10,2490.0
2064,b1,2025-10-26,9,1791.0
2065,b2,2025-10-26,11,2739.0
2066,b3,2025-10-26,10,1990.0
2067,b4,2025-10-26,6,3594.0
2068,b5,2025-10-26,11,3289.0
2069,bv1,2025-10-26,8,1192.0
2070,bv2,2025-10-26,10,2490.0
2071,bv3,2025-10-26,8,1592.0
2072,bv4,2025-10-26,7,2443.0
2073,s1,2025-10-26,8,3192.0
2074,s2,2025-10-26,8,1992.0
2075,s3,2025-10-26,12,1188.0
2076,s4,2025-10-26,9,2691.0
2077,s5,2025-10-26,10,1990.0
2078,f1,2025-10-27,4,996.0
2079,f2,2025-10-27,4,196.0
2080,f3,2025-10-27,5,745.0
2081,f4,2025-10-27,6,1194.0
2082,f5,2025-10-27,5,495.0
2083,f6,2025-10-27,3,537.0
2084,v1,2025-10-27,4,356.0
2085,v2,2025-10-27,5,245.0
2086,v3,2025-10-27,5,395.0
2087,v4,2025-10-27,7,273.0
2088,v5,2025-10-27,3,447.0
2089,v6,2025-10-27,8,232.0
2090,d1,2025-10-27,8,552.0
2091,d2,2025-10-27,6,1494.0
2092,d3,2025-10-27,5,895.0
2093,d4,2025-10-27,8,792.0
2094,d5,2025-10-27,4,996.0
2095,b1,2025-10-27,5,995.0
2096,b2,2025-10-27,5,1245.0
2097,b3,2025-10-27,6,1194.0
2098,b4,2025-10-27,2,1198.0
2099,b5,2025-10-27,6,1794.0
2100,bv1,2025-10-27,6,894.0
2101,bv2,2025-10-27,3,747.0
2102,bv3,2025-10-27,4,796.0
2103,bv4,2025-10-27,4,1396.0
2104,s1,2025-10-27,4,1596.0
2105,s2,2025-10-27,7,1743.0
2106,s3,2025-10-27,6,594.0
2107,s4,2025-10-27,4,1196.0
2108,s5,2025-10-27,5,995.0
2109,f1,2025-10-28,5,1245.0
2110,f2,2025-10-28,6,294.0
2111,f3,2025-10-28,4,596.0
2112,f4,2025-10-28,6,1194.0
2113,f5,2025-10-28,5,495.0
2114,f6,2025-10-28,5,895.0
2115,v1,2025-10-28,6,534.0
2116,v2,2025-10-28,8,392.0
2117,v3,2025-10-28,7,553.0
2118,v4,2025-10-28,9,351.0
2119,v5,2025-10-28,5,745.0
2120,v6,2025-10-28,5,145.0
2121,d1,2025-10-28,8,552.0
2122,d2,2025-10-28,4,996.0
2123,d3,2025-10-28,4,716.0
2124,d4,2025-10-28,9,891.0
2125,d5,2025-10-28,6,1494.0
2126,b1,2025-10-28,9,1791.0
2127,b2,2025-10-28,7,1743.0
2128,b3,2025-10-28,4,796.0
2129,b4,2025-10-28,3,1797.0
2130,b5,2025-10-28,5,1495.0
2131,bv1,2025-10-28,5,745.0
2132,bv2,2025-10-28,4,996.0
2133,bv3,2025-10-28,5,995.0
2134,bv4,2025-10-28,3,1047.0
2135,s1,2025-10-28,4,1596.0
2136,s2,2025-10-28,7,1743.0
2137,s3,2025-10-28,6,594.0
2138,s4,2025-10-28,3,897.0
2139,s5,2025-10-28,7,1393.0
2140,f1,2025-10-29,4,996.0
2141,f2,2025-10-29,5,245.0
2142,f3,2025-10-29,5,745.0
2143,f4,2025-10-29,5,995.0
2144,f5,2025-10-29,7,693.0
2145,f6,2025-10-29,3,537.0
2146,v1,2025-10-29,9,801.0
2147,v2,2025-10-29,8,392.0
2148,v3,2025-10-29,5,395.0
2149,v4,2025-10-29,11,429.0
2150,v5,2025-10-29,5,745.0
2151,v6,2025-10-29,7,203.0
2152,d1,2025-10-29,9,621.0
2153,d2,2025-10-29,7,1743.0
2154,d3,2025-10-29,5,895.0
2155,d4,2025-10-29,9,891.0
2156,d5,2025-10-29,6,1494.0
2157,b1,2025-10-29,7,1393.0
2158,b2,2025-10-29,5,1245.0
2159,b3,2025-10-29,5,995.0
2160,b4,2025-10-29,4,2396.0
2161,b5,2025-10-29,6,1794.0
2162,bv1,2025-10-29,5,745.0
2163,bv2,2025-10-29,5,1245.0
2164,bv3,2025-10-29,5,995.0
2165,bv4,2025-10-29,4,1396.0
2166,s1,2025-10-29,5,1995.0
2167,s2,2025-10-29,5,1245.0
2168,s3,2025-10-29,7,693.0
2169,s4,2025-10-29,6,1794.0
2170,s5,2025-10-29,8,1592.0
2171,f1,2025-10-30,7,1743.0
2172,f2,2025-10-30,8,392.0
2173,f3,2025-10-30,7,1043.0
2174,f4,2025-10-30,5,995.0
2175,f5,2025-10-30,7,693.0
2176,f6,2025-10-30,6,1074.0
2177,v1,2025-10-30,6,534.0
2178,v2,2025-10-30,8,392.0
2179,v3,2025-10-30,7,553.0
2180,v4,2025-10-30,13,507.0
2181,v5,2025-10-30,5,745.0
2182,v6,2025-10-30,11,319.0
2183,d1,2025-10-30,8,552.0
2184,d2,2025-10-30,6,1494.0
2185,d3,2025-10-30,7,1253.0
2186,d4,2025-10-30,10,990.0
2187,d5,2025-10-30,6,1494.0
2188,b1,2025-10-30,10,1990.0
2189,b2,2025-10-30,7,1743.0
2190,b3,2025-10-30,6,1194.0
2191,b4,2025-10-30,5,2995.0
2192,b5,2025-10-30,6,1794.0
2193,bv1,2025-10-30,8,1192.0
2194,bv2,2025-10-30,8,1992.0
2195,bv3,2025-10-30,4,796.0
2196,bv4,2025-10-30,6,2094.0
2197,s1,2025-10-30,4,1596.0
2198,s2,2025-10-30,8,1992.0
2199,s3,2025-10-30,10,990.0
2200,s4,2025-10-30,5,1495.0
2201,s5,2025-10-30,6,1194.0
2202,f1,2025-10-31,7,1743.0
2203,f2,2025-10-31,8,392.0
2204,f3,2025-10-31,8,1192.0
2205,f4,2025-10-31,7,1393.0
2206,f5,2025-10-31,9,891.0
2207,f6,2025-10-31,5,895.0
2208,v1,2025-10-31,7,623.0
2209,v2,2025-10-31,8,392.0
2210,v3,2025-10-31,6,474.0
2211,v4,2025-10-31,10,390.0
2212,v5,2025-10-31,5,745.0
2213,v6,2025-10-31,13,377.0
2214,d1,2025-10-31,8,552.0
2215,d2,2025-10-31,8,1992.0
2216,d3,2025-10-31,5,895.0
2217,d4,2025-10-31,8,792.0
2218,d5,2025-10-31,8,1992.0
2219,b1,2025-10-31,10,1990.0
2220,b2,2025-10-31,8,1992.0
2221,b3,2025-10-31,8,1592.0
2222,b4,2025-10-31,5,2995.0
2223,b5,2025-10-31,7,2093.0
2224,bv1,2025-10-31,8,1192.0
2225,bv2,2025-10-31,8,1992.0
2226,bv3,2025-10-31,7,1393.0
2227,bv4,2025-10-31,5,1745.0
2228,s1,2025-10-31,6,2394.0
2229,s2,2025-10-31,10,2490.0
2230,s3,2025-10-31,9,891.0
2231,s4,2025-10-31,7,2093.0
2232,s5,2025-10-31,7,1393.0
2233,f1,2025-11-01,7,1743.0
2234,f2,2025-11-01,9,441.0
2235,f3,2025-11-01,6,894.0
2236,f4,2025-11-01,7,1393.0
2237,f5,2025-11-01,10,990.0
2238,f6,2025-11-01,6,1074.0
2239,v1,2025-11-01,9,801.0
2240,v2,2025-11-01,12,588.0
2241,v3,2025-11-01,9,711.0
2242,v4,2025-11-01,12,468.0
2243,v5,2025-11-01,7,1043.0
2244,v6,2025-11-01,13,377.0
2245,d1,2025-11-01,12,828.0
2246,d2,2025-11-01,10,2490.0
2247,d3,2025-11-01,12,2148.0
2248,d4,2025-11-01,17,1683.0
2249,d5,2025-11-01,7,1743.0
2250,b1,2025-11-01,10,1990.0
2251,b2,2025-11-01,15,3735.0
2252,b3,2025-11-01,8,1592.0
2253,b4,2025-11-01,5,2995.0
2254,b5,2025-11-01,10,2990.0
2255,bv1,2025-11-01,10,1490.0
2256,bv2,2025-11-01,8,1992.0
2257,bv3,2025-11-01,7,1393.0
2258,bv4,2025-11-01,5,1745.0
2259,s1,2025-11-01,8,3192.0
2260,s2,2025-11-01,11,2739.0
2261,s3,2025-11-01,16,1584.0
2262,s4,2025-11-01,8,2392.0
2263,s5,2025-11-01,14,2786.0
2264,f1,2025-11-02,8,1992.0
2265,f2,2025-11-02,9,441.0
2266,f3,2025-11-02,9,1341.0
2267,f4,2025-11-02,6,1194.0
2268,f5,2025-11-02,6,594.0
2269,f6,2025-11-02,4,716.0
2270,v1,2025-11-02,8,712.0
2271,v2,2025-11-02,14,686.0
2272,v3,2025-11-02,13,1027.0
2273,v4,2025-11-02,16,624.0
2274,v5,2025-11-02,8,1192.0
2275,v6,2025-11-02,10,290.0
2276,d1,2025-11-02,14,966.0
2277,d2,2025-11-02,12,2988.0
2278,d3,2025-11-02,12,2148.0
2279,d4,2025-11-02,12,1188.0
2280,d5,2025-11-02,11,2739.0
2281,b1,2025-11-02,12,2388.0
2282,b2,2025-11-02,14,3486.0
2283,b3,2025-11-02,11,2189.0
2284,b4,2025-11-02,4,2396.0
2285,b5,2025-11-02,7,2093.0
2286,bv1,2025-11-02,7,1043.0
2287,bv2,2025-11-02,7,1743.0
2288,bv3,2025-11-02,6,1194.0
2289,bv4,2025-11-02,8,2792.0
2290,s1,2025-11-02,9,3591.0
2291,s2,2025-11-02,10,2490.0
2292,s3,2025-11-02,11,1089.0
2293,s4,2025-11-02,8,2392.0
2294,s5,2025-11-02,13,2587.0
2295,f1,2025-11-03,4,996.0
2296,f2,2025-11-03,5,245.0
2297,f3,2025-11-03,3,447.0
2298,f4,2025-11-03,3,597.0
2299,f5,2025-11-03,5,495.0
2300,f6,2025-11-03,3,537.0
2301,v1,2025-11-03,5,445.0
2302,v2,2025-11-03,5,245.0
2303,v3,2025-11-03,4,316.0
2304,v4,2025-11-03,6,234.0
2305,v5,2025-11-03,4,596.0
2306,v6,2025-11-03,5,145.0
2307,d1,2025-11-03,7,483.0
2308,d2,2025-11-03,6,1494.0
2309,d3,2025-11-03,6,1074.0
2310,d4,2025-11-03,8,792.0
2311,d5,2025-11-03,4,996.0
2312,b1,2025-11-03,8,1592.0
2313,b2,2025-11-03,8,1992.0
2314,b3,2025-11-03,6,1194.0
2315,b4,2025-11-03,4,2396.0
2316,b5,2025-11-03,6,1794.0
2317,bv1,2025-11-03,5,745.0
2318,bv2,2025-11-03,4,996.0
2319,bv3,2025-11-03,3,597.0
2320,bv4,2025-11-03,3,1047.0
2321,s1,2025-11-03,4,1596.0
2322,s2,2025-11-03,4,996.0
2323,s3,2025-11-03,5,495.0
2324,s4,2025-11-03,4,1196.0
2325,s5,2025-11-03,8,1592.0
2326,f1,2025-11-04,4,996.0
2327,f2,2025-11-04,4,196.0
2328,f3,2025-11-04,3,447.0
2329,f4,2025-11-04,4,796.0
2330,f5,2025-11-04,5,495.0
2331,f6,2025-11-04,3,537.0
2332,v1,2025-11-04,7,623.0
2333,v2,2025-11-04,10,490.0
2334,v3,2025-11-04,7,553.0
2335,v4,2025-11-04,11,429.0
2336,v5,2025-11-04,4,596.0
2337,v6,2025-11-04,9,261.0
2338,d1,2025-11-04,9,621.0
2339,d2,2025-11-04,6,1494.0
2340,d3,2025-11-04,7,1253.0
2341,d4,2025-11-04,7,693.0
2342,d5,2025-11-04,4,996.0
2343,b1,2025-11-04,8,1592.0
2344,b2,2025-11-04,6,1494.0
2345,b3,2025-11-04,5,995.0
2346,b4,2025-11-04,4,2396.0
2347,b5,2025-11-04,4,1196.0
2348,bv1,2025-11-04,5,745.0
2349,bv2,2025-11-04,5,1245.0
2350,bv3,2025-11-04,3,597.0
2351,bv4,2025-11-04,3,1047.0
2352,s1,2025-11-04,6,2394.0
2353,s2,2025-11-04,5,1245.0
2354,s3,2025-11-04,5,495.0
2355,s4,2025-11-04,4,1196.0
2356,s5,2025-11-04,9,1791.0
2357,f1,2025-11-05,6,1494.0
2358,f2,2025-11-05,5,245.0
2359,f3,2025-11-05,5,745.0
2360,f4,2025-11-05,6,1194.0
2361,f5,2025-11-05,5,495.0
2362,f6,2025-11-05,4,716.0
2363,v1,2025-11-05,8,712.0
2364,v2,2025-11-05,8,392.0
2365,v3,2025-11-05,5,395.0
2366,v4,2025-11-05,10,390.0
2367,v5,2025-11-05,7,1043.0
2368,v6,2025-11-05,10,290.0
2369,d1,2025-11-05,8,552.0
2370,d2,2025-11-05,6,1494.0
2371,d3,2025-11-05,5,895.0
2372,d4,2025-11-05,10,990.0
2373,d5,2025-11-05,5,1245.0
2374,b1,2025-11-05,10,1990.0
2375,b2,2025-11-05,10,2490.0
2376,b3,2025-11-05,7,1393.0
2377,b4,2025-11-05,5,2995.0
2378,b5,2025-11-05,8,2392.0
2379,bv1,2025-11-05,5,745.0
2380,bv2,2025-11-05,5,1245.0
2381,bv3,2025-11-05,4,796.0
2382,bv4,2025-11-05,4,1396.0
2383,s1,2025-11-05,5,1995.0
2384,s2,2025-11-05,7,1743.0
2385,s3,2025-11-05,9,891.0
2386,s4,2025-11-05,7,2093.0
2387,s5,2025-11-05,8,1592.0
2388,f1,2025-11-06,4,996.0
2389,f2,2025-11-06,5,245.0
2390,f3,2025-11-06,5,745.0
2391,f4,2025-11-06,4,796.0
2392,f5,2025-11-06,6,594.0
2393,f6,2025-11-06,6,1074.0
2394,v1,2025-11-06,11,979.0
2395,v2,2025-11-06,12,588.0
2396,v3,2025-11-06,6,474.0
2397,v4,2025-11-06,12,468.0
2398,v5,2025-11-06,7,1043.0
2399,v6,2025-11-06,8,232.0
2400,d1,2025-11-06,12,828.0
2401,d2,2025-11-06,5,1245.0
2402,d3,2025-11-06,9,1611.0
2403,d4,2025-11-06,12,1188.0
2404,d5,2025-11-06,9,2241.0
2405,b1,2025-11-06,11,2189.0
2406,b2,2025-11-06,8,1992.0
2407,b3,2025-11-06,9,1791.0
2408,b4,2025-11-06,4,2396.0
2409,b5,2025-11-06,6,1794.0
2410,bv1,2025-11-06,5,745.0
2411,bv2,2025-11-06,4,996.0
2412,bv3,2025-11-06,4,796.0
2413,bv4,2025-11-06,5,1745.0
2414,s1,2025-11-06,5,1995.0
2415,s2,2025-11-06,9,2241.0
2416,s3,2025-11-06,10,990.0
2417,s4,2025-11-06,5,1495.0
2418,s5,2025-11-06,8,1592.0
2419,f1,2025-11-07,6,1494.0
2420,f2,2025-11-07,5,245.0
2421,f3,2025-11-07,7,1043.0
2422,f4,2025-11-07,6,1194.0
2423,f5,2025-11-07,5,495.0
2424,f6,2025-11-07,5,895.0
2425,v1,2025-11-07,7,623.0
2426,v2,2025-11-07,12,588.0
2427,v3,2025-11-07,11,869.0
2428,v4,2025-11-07,12,468.0
2429,v5,2025-11-07,9,1341.0
2430,v6,2025-11-07,10,290.0
2431,d1,2025-11-07,8,552.0
2432,d2,2025-11-07,8,1992.0
2433,d3,2025-11-07,8,1432.0
2434,d4,2025-11-07,12,1188.0
2435,d5,2025-11-07,7,1743.0
2436,b1,2025-11-07,10,1990.0
2437,b2,2025-11-07,7,1743.0
2438,b3,2025-11-07,7,1393.0
2439,b4,2025-11-07,4,2396.0
2440,b5,2025-11-07,8,2392.0
2441,bv1,2025-11-07,6,894.0
2442,bv2,2025-11-07,6,1494.0
2443,bv3,2025-11-07,5,995.0
2444,bv4,2025-11-07,4,1396.0
2445,s1,2025-11-07,8,3192.0
2446,s2,2025-11-07,11,2739.0
2447,s3,2025-11-07,9,891.0
2448,s4,2025-11-07,6,1794.0
2449,s5,2025-11-07,8,1592.0
2450,f1,2025-11-08,5,1245.0
2451,f2,2025-11-08,9,441.0
2452,f3,2025-11-08,9,1341.0
2453,f4,2025-11-08,10,1990.0
2454,f5,2025-11-08,10,990.0
2455,f6,2025-11-08,5,895.0
2456,v1,2025-11-08,14,1246.0
2457,v2,2025-11-08,14,686.0
2458,v3,2025-11-08,14,1106.0
2459,v4,2025-11-08,19,741.0
2460,v5,2025-11-08,8,1192.0
2461,v6,2025-11-08,14,406.0
2462,d1,2025-11-08,14,966.0
2463,d2,2025-11-08,9,2241.0
2464,d3,2025-11-08,12,2148.0
2465,d4,2025-11-08,17,1683.0
2466,d5,2025-11-08,7,1743.0
2467,b1,2025-11-08,15,2985.0
2468,b2,2025-11-08,15,3735.0
2469,b3,2025-11-08,9,1791.0
2470,b4,2025-11-08,6,3594.0
2471,b5,2025-11-08,10,2990.0
2472,bv1,2025-11-08,6,894.0
2473,bv2,2025-11-08,10,2490.0
2474,bv3,2025-11-08,6,1194.0
2475,bv4,2025-11-08,6,2094.0
2476,s1,2025-11-08,7,2793.0
2477,s2,2025-11-08,12,2988.0
2478,s3,2025-11-08,15,1485.0
2479,s4,2025-11-08,9,2691.0
2480,s5,2025-11-08,9,1791.0
2481,f1,2025-11-09,8,1992.0
2482,f2,2025-11-09,9,441.0
2483,f3,2025-11-09,6,894.0
2484,f4,2025-11-09,7,1393.0
2485,f5,2025-11-09,7,693.0
2486,f6,2025-11-09,6,1074.0
2487,v1,2025-11-09,11,979.0
2488,v2,2025-11-09,14,686.0
2489,v3,2025-11-09,9,711.0
2490,v4,2025-11-09,16,624.0
2491,v5,2025-11-09,8,1192.0
2492,v6,2025-11-09,12,348.0
2493,d1,2025-11-09,14,966.0
2494,d2,2025-11-09,10,2490.0
2495,d3,2025-11-09,12,2148.0
2496,d4,2025-11-09,13,1287.0
2497,d5,2025-11-09,9,2241.0
2498,b1,2025-11-09,13,2587.0
2499,b2,2025-11-09,11,2739.0
2500,b3,2025-11-09,7,1393.0
2501,b4,2025-11-09,7,4193.0
2502,b5,2025-11-09,10,2990.0
2503,bv1,2025-11-09,6,894.0
2504,bv2,2025-11-09,8,1992.0
2505,bv3,2025-11-09,7,1393.0
2506,bv4,2025-11-09,8,2792.0
2507,s1,2025-11-09,5,1995.0
2508,s2,2025-11-09,14,3486.0
2509,s3,2025-11-09,11,1089.0
2510,s4,2025-11-09,10,2990.0
2511,s5,2025-11-09,11,2189.0
2512,f1,2025-11-10,3,747.0
2513,f2,2025-11-10,4,196.0
2514,f3,2025-11-10,5,745.0
2515,f4,2025-11-10,3,597.0
2516,f5,2025-11-10,4,396.0
2517,f6,2025-11-10,4,716.0
2518,v1,2025-11-10,6,534.0
2519,v2,2025-11-10,8,392.0
2520,v3,2025-11-10,6,474.0
2521,v4,2025-11-10,9,351.0
2522,v5,2025-11-10,5,745.0
2523,v6,2025-11-10,9,261.0
2524,d1,2025-11-10,8,552.0
2525,d2,2025-11-10,4,996.0
2526,d3,2025-11-10,6,1074.0
2527,d4,2025-11-10,9,891.0
2528,d5,2025-11-10,5,1245.0
2529,b1,2025-11-10,7,1393.0
2530,b2,2025-11-10,8,1992.0
2531,b3,2025-11-10,6,1194.0
2532,b4,2025-11-10,3,1797.0
2533,b5,2025-11-10,4,1196.0
2534,bv1,2025-11-10,4,596.0
2535,bv2,2025-11-10,5,1245.0
2536,bv3,2025-11-10,4,796.0
2537,bv4,2025-11-10,4,1396.0
2538,s1,2025-11-10,3,1197.0
2539,s2,2025-11-10,6,1494.0
2540,s3,2025-11-10,7,693.0
2541,s4,2025-11-10,6,1794.0
2542,s5,2025-11-10,4,796.0
2543,f1,2025-11-11,4,996.0
2544,f2,2025-11-11,4,196.0
2545,f3,2025-11-11,4,596.0
2546,f4,2025-11-11,4,796.0
2547,f5,2025-11-11,6,594.0
2548,f6,2025-11-11,3,537.0
2549,v1,2025-11-11,6,534.0
2550,v2,2025-11-11,6,294.0
2551,v3,2025-11-11,8,632.0
2552,v4,2025-11-11,9,351.0
2553,v5,2025-11-11,5,745.0
2554,v6,2025-11-11,7,203.0
2555,d1,2025-11-11,9,621.0
2556,d2,2025-11-11,6,1494.0
2557,d3,2025-11-11,5,895.0
2558,d4,2025-11-11,7,693.0
2559,d5,2025-11-11,7,1743.0
2560,b1,2025-11-11,8,1592.0
2561,b2,2025-11-11,5,1245.0
2562,b3,2025-11-11,5,995.0
2563,b4,2025-11-11,4,2396.0
2564,b5,2025-11-11,5,1495.0
2565,bv1,2025-11-11,6,894.0
2566,bv2,2025-11-11,4,996.0
2567,bv3,2025-11-11,4,796.0
2568,bv4,2025-11-11,3,1047.0
2569,s1,2025-11-11,4,1596.0
2570,s2,2025-11-11,9,2241.0
2571,s3,2025-11-11,7,693.0
2572,s4,2025-11-11,4,1196.0
2573,s5,2025-11-11,7,1393.0
2574,f1,2025-11-12,5,1245.0
2575,f2,2025-11-12,6,294.0
2576,f3,2025-11-12,4,596.0
2577,f4,2025-11-12,5,995.0
2578,f5,2025-11-12,5,495.0
2579,f6,2025-11-12,4,716.0
2580,v1,2025-11-12,9,801.0
2581,v2,2025-11-12,10,490.0
2582,v3,2025-11-12,8,632.0
2583,v4,2025-11-12,13,507.0
2584,v5,2025-11-12,5,745.0
2585,v6,2025-11-12,11,319.0
2586,d1,2025-11-12,9,621.0
2587,d2,2025-11-12,9,2241.0
2588,d3,2025-11-12,5,895.0
2589,d4,2025-11-12,9,891.0
2590,d5,2025-11-12,7,1743.0
2591,b1,2025-11-12,6,1194.0
2592,b2,2025-11-12,6,1494.0
2593,b3,2025-11-12,5,995.0
2594,b4,2025-11-12,5,2995.0
2595,b5,2025-11-12,6,1794.0
2596,bv1,2025-11-12,4,596.0
2597,bv2,2025-11-12,6,1494.0
2598,bv3,2025-11-12,5,995.0
2599,bv4,2025-11-12,3,1047.0
2600,s1,2025-11-12,5,1995.0
2601,s2,2025-11-12,9,2241.0
2602,s3,2025-11-12,7,693.0
2603,s4,2025-11-12,6,1794.0
2604,s5,2025-11-12,9,1791.0
2605,f1,2025-11-13,6,1494.0
2606,f2,2025-11-13,6,294.0
2607,f3,2025-11-13,4,596.0
2608,f4,2025-11-13,5,995.0
2609,f5,2025-11-13,8,792.0
2610,f6,2025-11-13,5,895.0
2611,v1,2025-11-13,10,890.0
2612,v2,2025-11-13,12,588.0
2613,v3,2025-11-13,8,632.0
2614,v4,2025-11-13,9,351.0
2615,v5,2025-11-13,8,1192.0
2616,v6,2025-11-13,11,319.0
2617,d1,2025-11-13,7,483.0
2618,d2,2025-11-13,8,1992.0
2619,d3,2025-11-13,8,1432.0
2620,d4,2025-11-13,8,792.0
2621,d5,2025-11-13,8,1992.0
2622,b1,2025-11-13,11,2189.0
2623,b2,2025-11-13,7,1743.0
2624,b3,2025-11-13,5,995.0
2625,b4,2025-11-13,5,2995.0
2626,b5,2025-11-13,6,1794.0
2627,bv1,2025-11-13,5,745.0
2628,bv2,2025-11-13,7,1743.0
2629,bv3,2025-11-13,4,796.0
2630,bv4,2025-11-13,4,1396.0
2631,s1,2025-11-13,6,2394.0
2632,s2,2025-11-13,6,1494.0
2633,s3,2025-11-13,9,891.0
2634,s4,2025-11-13,5,1495.0
2635,s5,2025-11-13,8,1592.0
2636,f1,2025-11-14,4,996.0
2637,f2,2025-11-14,7,343.0
2638,f3,2025-11-14,8,1192.0
2639,f4,2025-11-14,5,995.0
2640,f5,2025-11-14,9,891.0
2641,f6,2025-11-14,6,1074.0
2642,v1,2025-11-14,9,801.0
2643,v2,2025-11-14,12,588.0
2644,v3,2025-11-14,10,790.0
2645,v4,2025-11-14,11,429.0
2646,v5,2025-11-14,8,1192.0
2647,v6,2025-11-14,13,377.0
2648,d1,2025-11-14,11,759.0
2649,d2,2025-11-14,10,2490.0
2650,d3,2025-11-14,6,1074.0
2651,d4,2025-11-14,10,990.0
2652,d5,2025-11-14,9,2241.0
2653,b1,2025-11-14,11,2189.0
2654,b2,2025-11-14,10,2490.0
2655,b3,2025-11-14,9,1791.0
2656,b4,2025-11-14,6,3594.0
2657,b5,2025-11-14,8,2392.0
2658,bv1,2025-11-14,7,1043.0
2659,bv2,2025-11-14,7,1743.0
2660,bv3,2025-11-14,4,796.0
2661,bv4,2025-11-14,6,2094.0
2662,s1,2025-11-14,6,2394.0
2663,s2,2025-11-14,10,2490.0
2664,s3,2025-11-14,9,891.0
2665,s4,2025-11-14,9,2691.0
2666,s5,2025-11-14,10,1990.0
2667,f1,2025-11-15,5,1245.0
2668,f2,2025-11-15,7,343.0
2669,f3,2025-11-15,7,1043.0
2670,f4,2025-11-15,8,1592.0
2671,f5,2025-11-15,7,693.0
2672,f6,2025-11-15,5,895.0
2673,v1,2025-11-15,12,1068.0
2674,v2,2025-11-15,14,686.0
2675,v3,2025-11-15,12,948.0
2676,v4,2025-11-15,13,507.0
2677,v5,2025-11-15,7,1043.0
2678,v6,2025-11-15,18,522.0
2679,d1,2025-11-15,11,759.0
2680,d2,2025-11-15,10,2490.0
2681,d3,2025-11-15,10,1790.0
2682,d4,2025-11-15,11,1089.0
2683,d5,2025-11-15,7,1743.0
2684,b1,2025-11-15,10,1990.0
2685,b2,2025-11-15,10,2490.0
2686,b3,2025-11-15,8,1592.0
2687,b4,2025-11-15,8,4792.0
2688,b5,2025-11-15,9,2691.0
2689,bv1,2025-11-15,10,1490.0
2690,bv2,2025-11-15,10,2490.0
2691,bv3,2025-11-15,7,1393.0
2692,bv4,2025-11-15,6,2094.0
2693,s1,2025-11-15,7,2793.0
2694,s2,2025-11-15,9,2241.0
2695,s3,2025-11-15,10,990.0
2696,s4,2025-11-15,10,2990.0
2697,s5,2025-11-15,10,1990.0
2698,f1,2025-11-16,8,1992.0
2699,f2,2025-11-16,8,392.0
2700,f3,2025-11-16,5,745.0
2701,f4,2025-11-16,8,1592.0
2702,f5,2025-11-16,6,594.0
2703,f6,2025-11-16,6,1074.0
2704,v1,2025-11-16,10,890.0
2705,v2,2025-11-16,10,490.0
2706,v3,2025-11-16,8,632.0
2707,v4,2025-11-16,18,702.0
2708,v5,2025-11-16,10,1490.0
2709,v6,2025-11-16,15,435.0
2710,d1,2025-11-16,13,897.0
2711,d2,2025-11-16,11,2739.0
2712,d3,2025-11-16,11,1969.0
2713,d4,2025-11-16,10,990.0
2714,d5,2025-11-16,8,1992.0
2715,b1,2025-11-16,9,1791.0
2716,b2,2025-11-16,9,2241.0
2717,b3,2025-11-16,11,2189.0
2718,b4,2025-11-16,5,2995.0
2719,b5,2025-11-16,10,2990.0
2720,bv1,2025-11-16,8,1192.0
2721,bv2,2025-11-16,8,1992.0
2722,bv3,2025-11-16,7,1393.0
2723,bv4,2025-11-16,7,2443.0
2724,s1,2025-11-16,9,3591.0
2725,s2,2025-11-16,11,2739.0
2726,s3,2025-11-16,9,891.0
2727,s4,2025-11-16,9,2691.0
2728,s5,2025-11-16,13,2587.0
2729,f1,2025-11-17,4,996.0
2730,f2,2025-11-17,4,196.0
2731,f3,2025-11-17,4,596.0
2732,f4,2025-11-17,4,796.0
2733,f5,2025-11-17,4,396.0
2734,f6,2025-11-17,3,537.0
2735,v1,2025-11-17,7,623.0
2736,v2,2025-11-17,6,294.0
2737,v3,2025-11-17,5,395.0
2738,v4,2025-11-17,8,312.0
2739,v5,2025-11-17,6,894.0
2740,v6,2025-11-17,7,203.0
2741,d1,2025-11-17,5,345.0
2742,d2,2025-11-17,5,1245.0
2743,d3,2025-11-17,5,895.0
2744,d4,2025-11-17,10,990.0
2745,d5,2025-11-17,4,996.0
2746,b1,2025-11-17,8,1592.0
2747,b2,2025-11-17,7,1743.0
2748,b3,2025-11-17,4,796.0
2749,b4,2025-11-17,4,2396.0
2750,b5,2025-11-17,4,1196.0
2751,bv1,2025-11-17,4,596.0
2752,bv2,2025-11-17,5,1245.0
2753,bv3,2025-11-17,3,597.0
2754,bv4,2025-11-17,3,1047.0
2755,s1,2025-11-17,4,1596.0
2756,s2,2025-11-17,6,1494.0
2757,s3,2025-11-17,4,396.0
2758,s4,2025-11-17,3,897.0
2759,s5,2025-11-17,8,1592.0
2760,f1,2025-11-18,3,747.0
2761,f2,2025-11-18,6,294.0
2762,f3,2025-11-18,5,745.0
2763,f4,2025-11-18,6,1194.0
2764,f5,2025-11-18,7,693.0
2765,f6,2025-11-18,4,716.0
2766,v1,2025-11-18,7,623.0
2767,v2,2025-11-18,8,392.0
2768,v3,2025-11-18,7,553.0
2769,v4,2025-11-18,7,273.0
2770,v5,2025-11-18,5,745.0
2771,v6,2025-11-18,8,232.0
2772,d1,2025-11-18,7,483.0
2773,d2,2025-11-18,8,1992.0
2774,d3,2025-11-18,6,1074.0
2775,d4,2025-11-18,7,693.0
2776,d5,2025-11-18,6,1494.0
2777,b1,2025-11-18,9,1791.0
2778,b2,2025-11-18,8,1992.0
2779,b3,2025-11-18,5,995.0
2780,b4,2025-11-18,4,2396.0
2781,b5,2025-11-18,7,2093.0
2782,bv1,2025-11-18,3,447.0
2783,bv2,2025-11-18,5,1245.0
2784,bv3,2025-11-18,4,796.0
2785,bv4,2025-11-18,4,1396.0
2786,s1,2025-11-18,4,1596.0
2787,s2,2025-11-18,5,1245.0
2788,s3,2025-11-18,8,792.0
2789,s4,2025-11-18,6,1794.0
2790,s5,2025-11-18,9,1791.0
2791,f1,2025-11-19,4,996.0
2792,f2,2025-11-19,4,196.0
2793,f3,2025-11-19,4,596.0
2794,f4,2025-11-19,6,1194.0
2795,f5,2025-11-19,7,693.0
2796,f6,2025-11-19,4,716.0
2797,v1,2025-11-19,6,534.0
2798,v2,2025-11-19,7,343.0
2799,v3,2025-11-19,6,474.0
2800,v4,2025-11-19,10,390.0
2801,v5,2025-11-19,7,1043.0
2802,v6,2025-11-19,9,261.0
2803,d1,2025-11-19,8,552.0
2804,d2,2025-11-19,8,1992.0
2805,d3,2025-11-19,7,1253.0
2806,d4,2025-11-19,9,891.0
2807,d5,2025-11-19,7,1743.0
2808,b1,2025-11-19,7,1393.0
2809,b2,2025-11-19,7,1743.0
2810,b3,2025-11-19,5,995.0
2811,b4,2025-11-19,5,2995.0
2812,b5,2025-11-19,8,2392.0
2813,bv1,2025-11-19,6,894.0
2814,bv2,2025-11-19,6,1494.0
2815,bv3,2025-11-19,4,796.0
2816,bv4,2025-11-19,5,1745.0
2817,s1,2025-11-19,6,2394.0
2818,s2,2025-11-19,7,1743.0
2819,s3,2025-11-19,9,891.0
2820,s4,2025-11-19,7,2093.0
2821,s5,2025-11-19,9,1791.0
2822,f1,2025-11-20,5,1245.0
2823,f2,2025-11-20,5,245.0
2824,f3,2025-11-20,6,894.0
2825,f4,2025-11-20,6,1194.0
2826,f5,2025-11-20,8,792.0
2827,f6,2025-11-20,5,895.0
2828,v1,2025-11-20,8,712.0
2829,v2,2025-11-20,13,637.0
2830,v3,2025-11-20,10,790.0
2831,v4,2025-11-20,9,351.0
2832,v5,2025-11-20,6,894.0
2833,v6,2025-11-20,13,377.0
2834,d1,2025-11-20,12,828.0
2835,d2,2025-11-20,7,1743.0
2836,d3,2025-11-20,6,1074.0
2837,d4,2025-11-20,13,1287.0
2838,d5,2025-11-20,8,1992.0
2839,b1,2025-11-20,12,2388.0
2840,b2,2025-11-20,8,1992.0
2841,b3,2025-11-20,8,1592.0
2842,b4,2025-11-20,4,2396.0
2843,b5,2025-11-20,9,2691.0
2844,bv1,2025-11-20,7,1043.0
2845,bv2,2025-11-20,6,1494.0
2846,bv3,2025-11-20,4,796.0
2847,bv4,2025-11-20,5,1745.0
2848,s1,2025-11-20,7,2793.0
2849,s2,2025-11-20,7,1743.0
2850,s3,2025-11-20,11,1089.0
2851,s4,2025-11-20,5,1495.0
2852,s5,2025-11-20,11,2189.0
2853,f1,2025-11-21,4,996.0
2854,f2,2025-11-21,6,294.0
2855,f3,2025-11-21,6,894.0
2856,f4,2025-11-21,7,1393.0
2857,f5,2025-11-21,8,792.0
2858,f6,2025-11-21,6,1074.0
2859,v1,2025-11-21,11,979.0
2860,v2,2025-11-21,12,588.0
2861,v3,2025-11-21,7,553.0
2862,v4,2025-11-21,11,429.0
2863,v5,2025-11-21,6,894.0
2864,v6,2025-11-21,9,261.0
2865,d1,2025-11-21,11,759.0
2866,d2,2025-11-21,8,1992.0
2867,d3,2025-11-21,6,1074.0
2868,d4,2025-11-21,12,1188.0
2869,d5,2025-11-21,7,1743.0
2870,b1,2025-11-21,12,2388.0
2871,b2,2025-11-21,12,2988.0
2872,b3,2025-11-21,9,1791.0
2873,b4,2025-11-21,4,2396.0
2874,b5,2025-11-21,9,2691.0
2875,bv1,2025-11-21,8,1192.0
2876,bv2,2025-11-21,5,1245.0
2877,bv3,2025-11-21,5,995.0
2878,bv4,2025-11-21,5,1745.0
2879,s1,2025-11-21,7,2793.0
2880,s2,2025-11-21,12,2988.0
2881,s3,2025-11-21,11,1089.0
2882,s4,2025-11-21,8,2392.0
2883,s5,2025-11-21,9,1791.0
2884,f1,2025-11-22,7,1743.0
2885,f2,2025-11-22,6,294.0
2886,f3,2025-11-22,6,894.0
2887,f4,2025-11-22,9,1791.0
2888,f5,2025-11-22,11,1089.0
2889,f6,2025-11-22,5,895.0
2890,v1,2025-11-22,10,890.0
2891,v2,2025-11-22,14,686.0
2892,v3,2025-11-22,10,790.0
2893,v4,2025-11-22,18,702.0
2894,v5,2025-11-22,11,1639.0
2895,v6,2025-11-22,14,406.0
2896,d1,2025-11-22,11,759.0
2897,d2,2025-11-22,9,2241.0
2898,d3,2025-11-22,8,1432.0
2899,d4,2025-11-22,17,1683.0
2900,d5,2025-11-22,11,2739.0
2901,b1,2025-11-22,17,3383.0
2902,b2,2025-11-22,13,3237.0
2903,b3,2025-11-22,10,1990.0
2904,b4,2025-11-22,5,2995.0
2905,b5,2025-11-22,11,3289.0
2906,bv1,2025-11-22,7,1043.0
2907,bv2,2025-11-22,9,2241.0
2908,bv3,2025-11-22,7,1393.0
2909,bv4,2025-11-22,5,1745.0
2910,s1,2025-11-22,8,3192.0
2911,s2,2025-11-22,11,2739.0
2912,s3,2025-11-22,13,1287.0
2913,s4,2025-11-22,7,2093.0
2914,s5,2025-11-22,13,2587.0
2915,f1,2025-11-23,5,1245.0
2916,f2,2025-11-23,8,392.0
2917,f3,2025-11-23,7,1043.0
2918,f4,2025-11-23,10,1990.0
2919,f5,2025-11-23,6,594.0
2920,f6,2025-11-23,4,716.0
2921,v1,2025-11-23,10,890.0
2922,v2,2025-11-23,11,539.0
2923,v3,2025-11-23,12,948.0
2924,v4,2025-11-23,13,507.0
2925,v5,2025-11-23,9,1341.0
2926,v6,2025-11-23,13,377.0
2927,d1,2025-11-23,16,1104.0
2928,d2,2025-11-23,9,2241.0
2929,d3,2025-11-23,10,1790.0
2930,d4,2025-11-23,11,1089.0
2931,d5,2025-11-23,10,2490.0
2932,b1,2025-11-23,14,2786.0
2933,b2,2025-11-23,15,3735.0
2934,b3,2025-11-23,9,1791.0
2935,b4,2025-11-23,5,2995.0
2936,b5,2025-11-23,11,3289.0
2937,bv1,2025-11-23,6,894.0
2938,bv2,2025-11-23,7,1743.0
2939,bv3,2025-11-23,4,796.0
2940,bv4,2025-11-23,6,2094.0
2941,s1,2025-11-23,8,3192.0
2942,s2,2025-11-23,10,2490.0
2943,s3,2025-11-23,14,1386.0
2944,s4,2025-11-23,11,3289.0
2945,s5,2025-11-23,11,2189.0
2946,f1,2025-11-24,4,996.0
2947,f2,2025-11-24,4,196.0
2948,f3,2025-11-24,3,447.0
2949,f4,2025-11-24,4,796.0
2950,f5,2025-11-24,3,297.0
2951,f6,2025-11-24,3,537.0
2952,v1,2025-11-24,6,534.0
2953,v2,2025-11-24,9,441.0
2954,v3,2025-11-24,6,474.0
2955,v4,2025-11-24,8,312.0
2956,v5,2025-11-24,3,447.0
2957,v6,2025-11-24,6,174.0
2958,d1,2025-11-24,5,345.0
2959,d2,2025-11-24,6,1494.0
2960,d3,2025-11-24,4,716.0
2961,d4,2025-11-24,8,792.0
2962,d5,2025-11-24,5,1245.0
2963,b1,2025-11-24,6,1194.0
2964,b2,2025-11-24,5,1245.0
2965,b3,2025-11-24,6,1194.0
2966,b4,2025-11-24,2,1198.0
2967,b5,2025-11-24,5,1495.0
2968,bv1,2025-11-24,3,447.0
2969,bv2,2025-11-24,3,747.0
2970,bv3,2025-11-24,3,597.0
2971,bv4,2025-11-24,3,1047.0
2972,s1,2025-11-24,4,1596.0
2973,s2,2025-11-24,5,1245.0
2974,s3,2025-11-24,8,792.0
2975,s4,2025-11-24,4,1196.0
2976,s5,2025-11-24,6,1194.0
2977,f1,2025-11-25,4,996.0
2978,f2,2025-11-25,6,294.0
2979,f3,2025-11-25,5,745.0
2980,f4,2025-11-25,5,995.0
2981,f5,2025-11-25,6,594.0
2982,f6,2025-11-25,4,716.0
2983,v1,2025-11-25,8,712.0
2984,v2,2025-11-25,7,343.0
2985,v3,2025-11-25,7,553.0
2986,v4,2025-11-25,8,312.0
2987,v5,2025-11-25,6,894.0
2988,v6,2025-11-25,10,290.0
2989,d1,2025-11-25,8,552.0
2990,d2,2025-11-25,5,1245.0
2991,d3,2025-11-25,6,1074.0
2992,d4,2025-11-25,9,891.0
2993,d5,2025-11-25,5,1245.0
2994,b1,2025-11-25,5,995.0
2995,b2,2025-11-25,9,2241.0
2996,b3,2025-11-25,6,1194.0
2997,b4,2025-11-25,4,2396.0
2998,b5,2025-11-25,7,2093.0
2999,bv1,2025-11-25,6,894.0
3000,bv2,2025-11-25,3,747.0
3001,bv3,2025-11-25,4,796.0
3002,bv4,2025-11-25,3,1047.0
3003,s1,2025-11-25,4,1596.0
3004,s2,2025-11-25,5,1245.0
3005,s3,2025-11-25,6,594.0
3006,s4,2025-11-25,6,1794.0
3007,s5,2025-11-25,7,1393.0
3008,f1,2025-11-26,5,1245.0
3009,f2,2025-11-26,7,343.0
3010,f3,2025-11-26,4,596.0
3011,f4,2025-11-26,5,995.0
3012,f5,2025-11-26,6,594.0
3013,f6,2025-11-26,3,537.0
3014,v1,2025-11-26,6,534.0
3015,v2,2025-11-26,12,588.0
3016,v3,2025-11-26,6,474.0
3017,v4,2025-11-26,10,390.0
3018,v5,2025-11-26,4,596.0
3019,v6,2025-11-26,12,348.0
3020,d1,2025-11-26,8,552.0
3021,d2,2025-11-26,7,1743.0
3022,d3,2025-11-26,6,1074.0
3023,d4,2025-11-26,12,1188.0
3024,d5,2025-11-26,5,1245.0
3025,b1,2025-11-26,7,1393.0
3026,b2,2025-11-26,6,1494.0
3027,b3,2025-11-26,8,1592.0
3028,b4,2025-11-26,5,2995.0
3029,b5,2025-11-26,7,2093.0
3030,bv1,2025-11-26,5,745.0
3031,bv2,2025-11-26,5,1245.0
3032,bv3,2025-11-26,3,597.0
3033,bv4,2025-11-26,5,1745.0
3034,s1,2025-11-26,4,1596.0
3035,s2,2025-11-26,7,1743.0
3036,s3,2025-11-26,7,693.0
3037,s4,2025-11-26,6,1794.0
3038,s5,2025-11-26,8,1592.0
3039,f1,2025-11-27,5,1245.0
3040,f2,2025-11-27,6,294.0
3041,f3,2025-11-27,5,745.0
3042,f4,2025-11-27,6,1194.0
3043,f5,2025-11-27,5,495.0
3044,f6,2025-11-27,6,1074.0
3045,v1,2025-11-27,10,890.0
3046,v2,2025-11-27,8,392.0
3047,v3,2025-11-27,6,474.0
3048,v4,2025-11-27,13,507.0
3049,v5,2025-11-27,7,1043.0
3050,v6,2025-11-27,11,319.0
3051,d1,2025-11-27,8,552.0
3052,d2,2025-11-27,9,2241.0
3053,d3,2025-11-27,9,1611.0
3054,d4,2025-11-27,11,1089.0
3055,d5,2025-11-27,7,1743.0
3056,b1,2025-11-27,10,1990.0
3057,b2,2025-11-27,8,1992.0
3058,b3,2025-11-27,5,995.0
3059,b4,2025-11-27,4,2396.0
3060,b5,2025-11-27,8,2392.0
3061,bv1,2025-11-27,5,745.0
3062,bv2,2025-11-27,5,1245.0
3063,bv3,2025-11-27,5,995.0
3064,bv4,2025-11-27,4,1396.0
3065,s1,2025-11-27,6,2394.0
3066,s2,2025-11-27,10,2490.0
3067,s3,2025-11-27,7,693.0
3068,s4,2025-11-27,5,1495.0
3069,s5,2025-11-27,7,1393.0
3070,f1,2025-11-28,6,1494.0
3071,f2,2025-11-28,7,343.0
3072,f3,2025-11-28,6,894.0
3073,f4,2025-11-28,7,1393.0
3074,f5,2025-11-28,7,693.0
3075,f6,2025-11-28,6,1074.0
3076,v1,2025-11-28,8,712.0
3077,v2,2025-11-28,13,637.0
3078,v3,2025-11-28,8,632.0
3079,v4,2025-11-28,16,624.0
3080,v5,2025-11-28,7,1043.0
3081,v6,2025-11-28,8,232.0
3082,d1,2025-11-28,14,966.0
3083,d2,2025-11-28,10,2490.0
3084,d3,2025-11-28,6,1074.0
3085,d4,2025-11-28,12,1188.0
3086,d5,2025-11-28,6,1494.0
3087,b1,2025-11-28,7,1393.0
3088,b2,2025-11-28,9,2241.0
3089,b3,2025-11-28,8,1592.0
3090,b4,2025-11-28,4,2396.0
3091,b5,2025-11-28,7,2093.0
3092,bv1,2025-11-28,6,894.0
3093,bv2,2025-11-28,6,1494.0
3094,bv3,2025-11-28,5,995.0
3095,bv4,2025-11-28,6,2094.0
3096,s1,2025-11-28,5,1995.0
3097,s2,2025-11-28,11,2739.0
3098,s3,2025-11-28,9,891.0
3099,s4,2025-11-28,9,2691.0
3100,s5,2025-11-28,11,2189.0
3101,f1,2025-11-29,5,1245.0
3102,f2,2025-11-29,10,490.0
3103,f3,2025-11-29,6,894.0
3104,f4,2025-11-29,7,1393.0
3105,f5,2025-11-29,8,792.0
3106,f6,2025-11-29,7,1253.0
3107,v1,2025-11-29,13,1157.0
3108,v2,2025-11-29,16,784.0
3109,v3,2025-11-29,8,632.0
3110,v4,2025-11-29,14,546.0
3111,v5,2025-11-29,11,1639.0
3112,v6,2025-11-29,13,377.0
3113,d1,2025-11-29,12,828.0
3114,d2,2025-11-29,10,2490.0
3115,d3,2025-11-29,10,1790.0
3116,d4,2025-11-29,16,1584.0
3117,d5,2025-11-29,10,2490.0
3118,b1,2025-11-29,11,2189.0
3119,b2,2025-11-29,11,2739.0
3120,b3,2025-11-29,7,1393.0
3121,b4,2025-11-29,5,2995.0
3122,b5,2025-11-29,8,2392.0
3123,bv1,2025-11-29,10,1490.0
3124,bv2,2025-11-29,7,1743.0
3125,bv3,2025-11-29,5,995.0
3126,bv4,2025-11-29,7,2443.0
3127,s1,2025-11-29,8,3192.0
3128,s2,2025-11-29,10,2490.0
3129,s3,2025-11-29,9,891.0
3130,s4,2025-11-29,7,2093.0
3131,s5,2025-11-29,9,1791.0
3132,f1,2025-11-30,6,1494.0
3133,f2,2025-11-30,6,294.0
3134,f3,2025-11-30,5,745.0
3135,f4,2025-11-30,7,1393.0
3136,f5,2025-11-30,6,594.0
3137,f6,2025-11-30,6,1074.0
3138,v1,2025-11-30,8,712.0
3139,v2,2025-11-30,13,637.0
3140,v3,2025-11-30,9,711.0
3141,v4,2025-11-30,11,429.0
3142,v5,2025-11-30,8,1192.0
3143,v6,2025-11-30,17,493.0
3144,d1,2025-11-30,9,621.0
3145,d2,2025-11-30,11,2739.0
3146,d3,2025-11-30,9,1611.0
3147,d4,2025-11-30,13,1287.0
3148,d5,2025-11-30,11,2739.0
3149,b1,2025-11-30,10,1990.0
3150,b2,2025-11-30,9,2241.0
3151,b3,2025-11-30,10,1990.0
3152,b4,2025-11-30,7,4193.0
3153,b5,2025-11-30,11,3289.0
3154,bv1,2025-11-30,6,894.0
3155,bv2,2025-11-30,8,1992.0
3156,bv3,2025-11-30,5,995.0
3157,bv4,2025-11-30,5,1745.0
3158,s1,2025-11-30,7,2793.0
3159,s2,2025-11-30,10,2490.0
3160,s3,2025-11-30,14,1386.0
3161,s4,2025-11-30,10,2990.0
3162,s5,2025-11-30,13,2587.0
3163,f1,2025-12-01,5,1245.0
3164,f2,2025-12-01,5,245.0
3165,f3,2025-12-01,5,745.0
3166,f4,2025-12-01,4,796.0
3167,f5,2025-12-01,4,396.0
3168,f6,2025-12-01,3,537.0
3169,v1,2025-12-01,6,534.0
3170,v2,2025-12-01,6,294.0
3171,v3,2025-12-01,5,395.0
3172,v4,2025-12-01,6,234.0
3173,v5,2025-12-01,4,596.0
3174,v6,2025-12-01,7,203.0
3175,d1,2025-12-01,6,414.0
3176,d2,2025-12-01,5,1245.0
3177,d3,2025-12-01,6,1074.0
3178,d4,2025-12-01,6,594.0
3179,d5,2025-12-01,6,1494.0
3180,b1,2025-12-01,8,1592.0
3181,b2,2025-12-01,5,1245.0
3182,b3,2025-12-01,5,995.0
3183,b4,2025-12-01,4,2396.0
3184,b5,2025-12-01,4,1196.0
3185,bv1,2025-12-01,4,596.0
3186,bv2,2025-12-01,4,996.0
3187,bv3,2025-12-01,4,796.0
3188,bv4,2025-12-01,3,1047.0
3189,s1,2025-12-01,4,1596.0
3190,s2,2025-12-01,6,1494.0
3191,s3,2025-12-01,7,693.0
3192,s4,2025-12-01,3,897.0
3193,s5,2025-12-01,7,1393.0
3194,f1,2025-12-02,4,996.0
3195,f2,2025-12-02,7,343.0
3196,f3,2025-12-02,5,745.0
3197,f4,2025-12-02,6,1194.0
3198,f5,2025-12-02,7,693.0
3199,f6,2025-12-02,4,716.0
3200,v1,2025-12-02,5,445.0
3201,v2,2025-12-02,7,343.0
3202,v3,2025-12-02,4,316.0
3203,v4,2025-12-02,7,273.0
3204,v5,2025-12-02,3,447.0
3205,v6,2025-12-02,8,232.0
3206,d1,2025-12-02,9,621.0
3207,d2,2025-12-02,6,1494.0
3208,d3,2025-12-02,8,1432.0
3209,d4,2025-12-02,6,594.0
3210,d5,2025-12-02,5,1245.0
3211,b1,2025-12-02,7,1393.0
3212,b2,2025-12-02,6,1494.0
3213,b3,2025-12-02,8,1592.0
3214,b4,2025-12-02,5,2995.0
3215,b5,2025-12-02,6,1794.0
3216,bv1,2025-12-02,5,745.0
3217,bv2,2025-12-02,5,1245.0
3218,bv3,2025-12-02,4,796.0
3219,bv4,2025-12-02,4,1396.0
3220,s1,2025-12-02,5,1995.0
3221,s2,2025-12-02,6,1494.0
3222,s3,2025-12-02,5,495.0
3223,s4,2025-12-02,5,1495.0
3224,s5,2025-12-02,7,1393.0
3225,f1,2025-12-03,5,1245.0
3226,f2,2025-12-03,7,343.0
3227,f3,2025-12-03,6,894.0
3228,f4,2025-12-03,7,1393.0
3229,f5,2025-12-03,8,792.0
3230,f6,2025-12-03,4,716.0
3231,v1,2025-12-03,7,623.0
3232,v2,2025-12-03,6,294.0
3233,v3,2025-12-03,7,553.0
3234,v4,2025-12-03,6,234.0
3235,v5,2025-12-03,6,894.0
3236,v6,2025-12-03,7,203.0
3237,d1,2025-12-03,7,483.0
3238,d2,2025-12-03,5,1245.0
3239,d3,2025-12-03,8,1432.0
3240,d4,2025-12-03,7,693.0
3241,d5,2025-12-03,5,1245.0
3242,b1,2025-12-03,11,2189.0
3243,b2,2025-12-03,8,1992.0
3244,b3,2025-12-03,7,1393.0
3245,b4,2025-12-03,4,2396.0
3246,b5,2025-12-03,9,2691.0
3247,bv1,2025-12-03,4,596.0
3248,bv2,2025-12-03,6,1494.0
3249,bv3,2025-12-03,4,796.0
3250,bv4,2025-12-03,3,1047.0
3251,s1,2025-12-03,4,1596.0
3252,s2,2025-12-03,10,2490.0
3253,s3,2025-12-03,10,990.0
3254,s4,2025-12-03,7,2093.0
3255,s5,2025-12-03,8,1592.0
3256,f1,2025-12-04,5,1245.0
3257,f2,2025-12-04,8,392.0
3258,f3,2025-12-04,8,1192.0
3259,f4,2025-12-04,5,995.0
3260,f5,2025-12-04,8,792.0
3261,f6,2025-12-04,5,895.0
3262,v1,2025-12-04,6,534.0
3263,v2,2025-12-04,7,343.0
3264,v3,2025-12-04,7,553.0
3265,v4,2025-12-04,10,390.0
3266,v5,2025-12-04,7,1043.0
3267,v6,2025-12-04,8,232.0
3268,d1,2025-12-04,8,552.0
3269,d2,2025-12-04,8,1992.0
3270,d3,2025-12-04,6,1074.0
3271,d4,2025-12-04,9,891.0
3272,d5,2025-12-04,7,1743.0
3273,b1,2025-12-04,11,2189.0
3274,b2,2025-12-04,7,1743.0
3275,b3,2025-12-04,6,1194.0
3276,b4,2025-12-04,4,2396.0
3277,b5,2025-12-04,6,1794.0
3278,bv1,2025-12-04,4,596.0
3279,bv2,2025-12-04,6,1494.0
3280,bv3,2025-12-04,5,995.0
3281,bv4,2025-12-04,5,1745.0
3282,s1,2025-12-04,6,2394.0
3283,s2,2025-12-04,7,1743.0
3284,s3,2025-12-04,7,693.0
3285,s4,2025-12-04,7,2093.0
3286,s5,2025-12-04,11,2189.0
3287,f1,2025-12-05,7,1743.0
3288,f2,2025-12-05,6,294.0
3289,f3,2025-12-05,7,1043.0
3290,f4,2025-12-05,7,1393.0
3291,f5,2025-12-05,10,990.0
3292,f6,2025-12-05,5,895.0
3293,v1,2025-12-05,7,623.0
3294,v2,2025-12-05,9,441.0
3295,v3,2025-12-05,9,711.0
3296,v4,2025-12-05,12,468.0
3297,v5,2025-12-05,8,1192.0
3298,v6,2025-12-05,10,290.0
3299,d1,2025-12-05,12,828.0
3300,d2,2025-12-05,11,2739.0
3301,d3,2025-12-05,7,1253.0
3302,d4,2025-12-05,10,990.0
3303,d5,2025-12-05,8,1992.0
3304,b1,2025-12-05,12,2388.0
3305,b2,2025-12-05,8,1992.0
3306,b3,2025-12-05,7,1393.0
3307,b4,2025-12-05,6,3594.0
3308,b5,2025-12-05,7,2093.0
3309,bv1,2025-12-05,5,745.0
3310,bv2,2025-12-05,5,1245.0
3311,bv3,2025-12-05,4,796.0
3312,bv4,2025-12-05,7,2443.0
3313,s1,2025-12-05,5,1995.0
3314,s2,2025-12-05,9,2241.0
3315,s3,2025-12-05,7,693.0
3316,s4,2025-12-05,5,1495.0
3317,s5,2025-12-05,10,1990.0
3318,f1,2025-12-06,7,1743.0
3319,f2,2025-12-06,9,441.0
3320,f3,2025-12-06,7,1043.0
3321,f4,2025-12-06,10,1990.0
3322,f5,2025-12-06,12,1188.0
3323,f6,2025-12-06,7,1253.0
3324,v1,2025-12-06,8,712.0
3325,v2,2025-12-06,11,539.0
3326,v3,2025-12-06,8,632.0
3327,v4,2025-12-06,9,351.0
3328,v5,2025-12-06,6,894.0
3329,v6,2025-12-06,11,319.0
3330,d1,2025-12-06,12,828.0
3331,d2,2025-12-06,14,3486.0
3332,d3,2025-12-06,8,1432.0
3333,d4,2025-12-06,18,1782.0
3334,d5,2025-12-06,12,2988.0
3335,b1,2025-12-06,12,2388.0
3336,b2,2025-12-06,12,2988.0
3337,b3,2025-12-06,14,2786.0
3338,b4,2025-12-06,5,2995.0
3339,b5,2025-12-06,10,2990.0
3340,bv1,2025-12-06,6,894.0
3341,bv2,2025-12-06,7,1743.0
3342,bv3,2025-12-06,7,1393.0
3343,bv4,2025-12-06,9,3141.0
3344,s1,2025-12-06,8,3192.0
3345,s2,2025-12-06,11,2739.0
3346,s3,2025-12-06,9,891.0
3347,s4,2025-12-06,9,2691.0
3348,s5,2025-12-06,13,2587.0
3349,f1,2025-12-07,9,2241.0
3350,f2,2025-12-07,10,490.0
3351,f3,2025-12-07,10,1490.0
3352,f4,2025-12-07,10,1990.0
3353,f5,2025-12-07,11,1089.0
3354,f6,2025-12-07,8,1432.0
3355,v1,2025-12-07,8,712.0
3356,v2,2025-12-07,12,588.0
3357,v3,2025-12-07,8,632.0
3358,v4,2025-12-07,12,468.0
3359,v5,2025-12-07,7,1043.0
3360,v6,2025-12-07,14,406.0
3361,d1,2025-12-07,15,1035.0
3362,d2,2025-12-07,10,2490.0
3363,d3,2025-12-07,12,2148.0
3364,d4,2025-12-07,15,1485.0
3365,d5,2025-12-07,7,1743.0
3366,b1,2025-12-07,14,2786.0
3367,b2,2025-12-07,14,3486.0
3368,b3,2025-12-07,8,1592.0
3369,b4,2025-12-07,6,3594.0
3370,b5,2025-12-07,12,3588.0
3371,bv1,2025-12-07,8,1192.0
3372,bv2,2025-12-07,9,2241.0
3373,bv3,2025-12-07,5,995.0
3374,bv4,2025-12-07,7,2443.0
3375,s1,2025-12-07,6,2394.0
3376,s2,2025-12-07,8,1992.0
3377,s3,2025-12-07,10,990.0
3378,s4,2025-12-07,7,2093.0
3379,s5,2025-12-07,10,1990.0
3380,f1,2025-12-08,3,747.0
3381,f2,2025-12-08,5,245.0
3382,f3,2025-12-08,4,596.0
3383,f4,2025-12-08,4,796.0
3384,f5,2025-12-08,5,495.0
3385,f6,2025-12-08,4,716.0
3386,v1,2025-12-08,6,534.0
3387,v2,2025-12-08,5,245.0
3388,v3,2025-12-08,5,395.0
3389,v4,2025-12-08,5,195.0
3390,v5,2025-12-08,4,596.0
3391,v6,2025-12-08,4,116.0
3392,d1,2025-12-08,5,345.0
3393,d2,2025-12-08,4,996.0
3394,d3,2025-12-08,5,895.0
3395,d4,2025-12-08,10,990.0
3396,d5,2025-12-08,5,1245.0
3397,b1,2025-12-08,9,1791.0
3398,b2,2025-12-08,6,1494.0
3399,b3,2025-12-08,6,1194.0
3400,b4,2025-12-08,2,1198.0
3401,b5,2025-12-08,4,1196.0
3402,bv1,2025-12-08,3,447.0
3403,bv2,2025-12-08,5,1245.0
3404,bv3,2025-12-08,3,597.0
3405,bv4,2025-12-08,4,1396.0
3406,s1,2025-12-08,3,1197.0
3407,s2,2025-12-08,7,1743.0
3408,s3,2025-12-08,7,693.0
3409,s4,2025-12-08,3,897.0
3410,s5,2025-12-08,5,995.0
3411,f1,2025-12-09,4,996.0
3412,f2,2025-12-09,4,196.0
3413,f3,2025-12-09,5,745.0
3414,f4,2025-12-09,7,1393.0
3415,f5,2025-12-09,6,594.0
3416,f6,2025-12-09,4,716.0
3417,v1,2025-12-09,7,623.0
3418,v2,2025-12-09,5,245.0
3419,v3,2025-12-09,6,474.0
3420,v4,2025-12-09,10,390.0
3421,v5,2025-12-09,5,745.0
3422,v6,2025-12-09,8,232.0
3423,d1,2025-12-09,7,483.0
3424,d2,2025-12-09,5,1245.0
3425,d3,2025-12-09,8,1432.0
3426,d4,2025-12-09,10,990.0
3427,d5,2025-12-09,6,1494.0
3428,b1,2025-12-09,10,1990.0
3429,b2,2025-12-09,6,1494.0
3430,b3,2025-12-09,7,1393.0
3431,b4,2025-12-09,4,2396.0
3432,b5,2025-12-09,6,1794.0
3433,bv1,2025-12-09,4,596.0
3434,bv2,2025-12-09,4,996.0
3435,bv3,2025-12-09,3,597.0
3436,bv4,2025-12-09,4,1396.0
3437,s1,2025-12-09,3,1197.0
3438,s2,2025-12-09,5,1245.0
3439,s3,2025-12-09,8,792.0
3440,s4,2025-12-09,5,1495.0
3441,s5,2025-12-09,5,995.0
3442,f1,2025-12-10,6,1494.0
3443,f2,2025-12-10,6,294.0
3444,f3,2025-12-10,5,745.0
3445,f4,2025-12-10,7,1393.0
3446,f5,2025-12-10,7,693.0
3447,f6,2025-12-10,6,1074.0
3448,v1,2025-12-10,6,534.0
3449,v2,2025-12-10,7,343.0
3450,v3,2025-12-10,5,395.0
3451,v4,2025-12-10,8,312.0
3452,v5,2025-12-10,5,745.0
3453,v6,2025-12-10,6,174.0
3454,d1,2025-12-10,7,483.0
3455,d2,2025-12-10,6,1494.0
3456,d3,2025-12-10,7,1253.0
3457,d4,2025-12-10,12,1188.0
3458,d5,2025-12-10,7,1743.0
3459,b1,2025-12-10,10,1990.0
3460,b2,2025-12-10,7,1743.0
3461,b3,2025-12-10,6,1194.0
3462,b4,2025-12-10,4,2396.0
3463,b5,2025-12-10,7,2093.0
3464,bv1,2025-12-10,6,894.0
3465,bv2,2025-12-10,6,1494.0
3466,bv3,2025-12-10,5,995.0
3467,bv4,2025-12-10,5,1745.0
3468,s1,2025-12-10,4,1596.0
3469,s2,2025-12-10,7,1743.0
3470,s3,2025-12-10,6,594.0
3471,s4,2025-12-10,4,1196.0
3472,s5,2025-12-10,10,1990.0
3473,f1,2025-12-11,7,1743.0
3474,f2,2025-12-11,5,245.0
3475,f3,2025-12-11,4,596.0
3476,f4,2025-12-11,5,995.0
3477,f5,2025-12-11,6,594.0
3478,f6,2025-12-11,4,716.0
3479,v1,2025-12-11,6,534.0
3480,v2,2025-12-11,9,441.0
3481,v3,2025-12-11,6,474.0
3482,v4,2025-12-11,9,351.0
3483,v5,2025-12-11,4,596.0
3484,v6,2025-12-11,9,261.0
3485,d1,2025-12-11,10,690.0
3486,d2,2025-12-11,9,2241.0
3487,d3,2025-12-11,9,1611.0
3488,d4,2025-12-11,11,1089.0
3489,d5,2025-12-11,6,1494.0
3490,b1,2025-12-11,13,2587.0
3491,b2,2025-12-11,11,2739.0
3492,b3,2025-12-11,8,1592.0
3493,b4,2025-12-11,5,2995.0
3494,b5,2025-12-11,8,2392.0
3495,bv1,2025-12-11,6,894.0
3496,bv2,2025-12-11,7,1743.0
3497,bv3,2025-12-11,4,796.0
3498,bv4,2025-12-11,4,1396.0
3499,s1,2025-12-11,6,2394.0
3500,s2,2025-12-11,8,1992.0
3501,s3,2025-12-11,11,1089.0
3502,s4,2025-12-11,7,2093.0
3503,s5,2025-12-11,10,1990.0
3504,f1,2025-12-12,5,1245.0
3505,f2,2025-12-12,8,392.0
3506,f3,2025-12-12,5,745.0
3507,f4,2025-12-12,9,1791.0
3508,f5,2025-12-12,6,594.0
3509,f6,2025-12-12,6,1074.0
3510,v1,2025-12-12,9,801.0
3511,v2,2025-12-12,12,588.0
3512,v3,2025-12-12,8,632.0
3513,v4,2025-12-12,11,429.0
3514,v5,2025-12-12,5,745.0
3515,v6,2025-12-12,9,261.0
3516,d1,2025-12-12,10,690.0
3517,d2,2025-12-12,9,2241.0
3518,d3,2025-12-12,6,1074.0
3519,d4,2025-12-12,9,891.0
3520,d5,2025-12-12,7,1743.0
3521,b1,2025-12-12,9,1791.0
3522,b2,2025-12-12,10,2490.0
3523,b3,2025-12-12,11,2189.0
3524,b4,2025-12-12,6,3594.0
3525,b5,2025-12-12,9,2691.0
3526,bv1,2025-12-12,8,1192.0
3527,bv2,2025-12-12,8,1992.0
3528,bv3,2025-12-12,6,1194.0
3529,bv4,2025-12-12,7,2443.0
3530,s1,2025-12-12,6,2394.0
3531,s2,2025-12-12,9,2241.0
3532,s3,2025-12-12,8,792.0
3533,s4,2025-12-12,9,2691.0
3534,s5,2025-12-12,8,1592.0
3535,f1,2025-12-13,6,1494.0
3536,f2,2025-12-13,7,343.0
3537,f3,2025-12-13,8,1192.0
3538,f4,2025-12-13,9,1791.0
3539,f5,2025-12-13,11,1089.0
3540,f6,2025-12-13,7,1253.0
3541,v1,2025-12-13,9,801.0
3542,v2,2025-12-13,9,441.0
3543,v3,2025-12-13,10,790.0
3544,v4,2025-12-13,13,507.0
3545,v5,2025-12-13,10,1490.0
3546,v6,2025-12-13,12,348.0
3547,d1,2025-12-13,16,1104.0
3548,d2,2025-12-13,11,2739.0
3549,d3,2025-12-13,11,1969.0
3550,d4,2025-12-13,18,1782.0
3551,d5,2025-12-13,9,2241.0
3552,b1,2025-12-13,17,3383.0
3553,b2,2025-12-13,10,2490.0
3554,b3,2025-12-13,10,1990.0
3555,b4,2025-12-13,5,2995.0
3556,b5,2025-12-13,11,3289.0
3557,bv1,2025-12-13,7,1043.0
3558,bv2,2025-12-13,8,1992.0
3559,bv3,2025-12-13,5,995.0
3560,bv4,2025-12-13,6,2094.0
3561,s1,2025-12-13,7,2793.0
3562,s2,2025-12-13,10,2490.0
3563,s3,2025-12-13,11,1089.0
3564,s4,2025-12-13,8,2392.0
3565,s5,2025-12-13,14,2786.0
3566,f1,2025-12-14,6,1494.0
3567,f2,2025-12-14,10,490.0
3568,f3,2025-12-14,10,1490.0
3569,f4,2025-12-14,11,2189.0
3570,f5,2025-12-14,8,792.0
3571,f6,2025-12-14,6,1074.0
3572,v1,2025-12-14,7,623.0
3573,v2,2025-12-14,11,539.0
3574,v3,2025-12-14,8,632.0
3575,v4,2025-12-14,9,351.0
3576,v5,2025-12-14,8,1192.0
3577,v6,2025-12-14,13,377.0
3578,d1,2025-12-14,12,828.0
3579,d2,2025-12-14,7,1743.0
3580,d3,2025-12-14,9,1611.0
3581,d4,2025-12-14,14,1386.0
3582,d5,2025-12-14,11,2739.0
3583,b1,2025-12-14,16,3184.0
3584,b2,2025-12-14,11,2739.0
3585,b3,2025-12-14,9,1791.0
3586,b4,2025-12-14,7,4193.0
3587,b5,2025-12-14,13,3887.0
3588,bv1,2025-12-14,7,1043.0
3589,bv2,2025-12-14,8,1992.0
3590,bv3,2025-12-14,6,1194.0
3591,bv4,2025-12-14,5,1745.0
3592,s1,2025-12-14,6,2394.0
3593,s2,2025-12-14,13,3237.0
3594,s3,2025-12-14,9,891.0
3595,s4,2025-12-14,7,2093.0
3596,s5,2025-12-14,12,2388.0
3597,f1,2025-12-15,4,996.0
3598,f2,2025-12-15,6,294.0
3599,f3,2025-12-15,5,745.0
3600,f4,2025-12-15,4,796.0
3601,f5,2025-12-15,6,594.0
3602,f6,2025-12-15,3,537.0
3603,v1,2025-12-15,6,534.0
3604,v2,2025-12-15,5,245.0
3605,v3,2025-12-15,5,395.0
3606,v4,2025-12-15,7,273.0
3607,v5,2025-12-15,5,745.0
3608,v6,2025-12-15,5,145.0
3609,d1,2025-12-15,5,345.0
3610,d2,2025-12-15,5,1245.0
3611,d3,2025-12-15,6,1074.0
3612,d4,2025-12-15,8,792.0
3613,d5,2025-12-15,4,996.0
3614,b1,2025-12-15,5,995.0
3615,b2,2025-12-15,6,1494.0
3616,b3,2025-12-15,5,995.0
3617,b4,2025-12-15,3,1797.0
3618,b5,2025-12-15,6,1794.0
3619,bv1,2025-12-15,5,745.0
3620,bv2,2025-12-15,4,996.0
3621,bv3,2025-12-15,2,398.0
3622,bv4,2025-12-15,3,1047.0
3623,s1,2025-12-15,5,1995.0
3624,s2,2025-12-15,6,1494.0
3625,s3,2025-12-15,5,495.0
3626,s4,2025-12-15,5,1495.0
3627,s5,2025-12-15,6,1194.0
3628,f1,2025-12-16,3,747.0
3629,f2,2025-12-16,7,343.0
3630,f3,2025-12-16,6,894.0
3631,f4,2025-12-16,6,1194.0
3632,f5,2025-12-16,5,495.0
3633,f6,2025-12-16,4,716.0
3634,v1,2025-12-16,7,623.0
3635,v2,2025-12-16,7,343.0
3636,v3,2025-12-16,6,474.0
3637,v4,2025-12-16,6,234.0
3638,v5,2025-12-16,3,447.0
3639,v6,2025-12-16,8,232.0
3640,d1,2025-12-16,8,552.0
3641,d2,2025-12-16,5,1245.0
3642,d3,2025-12-16,7,1253.0
3643,d4,2025-12-16,7,693.0
3644,d5,2025-12-16,6,1494.0
3645,b1,2025-12-16,7,1393.0
3646,b2,2025-12-16,10,2490.0
3647,b3,2025-12-16,7,1393.0
3648,b4,2025-12-16,5,2995.0
3649,b5,2025-12-16,8,2392.0
3650,bv1,2025-12-16,3,447.0
3651,bv2,2025-12-16,3,747.0
3652,bv3,2025-12-16,4,796.0
3653,bv4,2025-12-16,5,1745.0
3654,s1,2025-12-16,5,1995.0
3655,s2,2025-12-16,7,1743.0
3656,s3,2025-12-16,7,693.0
3657,s4,2025-12-16,5,1495.0
3658,s5,2025-12-16,8,1592.0
3659,f1,2025-12-17,7,1743.0
3660,f2,2025-12-17,8,392.0
3661,f3,2025-12-17,7,1043.0
3662,f4,2025-12-17,4,796.0
3663,f5,2025-12-17,7,693.0
3664,f6,2025-12-17,5,895.0
3665,v1,2025-12-17,7,623.0
3666,v2,2025-12-17,8,392.0
3667,v3,2025-12-17,7,553.0
3668,v4,2025-12-17,6,234.0
3669,v5,2025-12-17,6,894.0
3670,v6,2025-12-17,5,145.0
3671,d1,2025-12-17,8,552.0
3672,d2,2025-12-17,7,1743.0
3673,d3,2025-12-17,7,1253.0
3674,d4,2025-12-17,9,891.0
3675,d5,2025-12-17,6,1494.0
3676,b1,2025-12-17,12,2388.0
3677,b2,2025-12-17,7,1743.0
3678,b3,2025-12-17,8,1592.0
3679,b4,2025-12-17,5,2995.0
3680,b5,2025-12-17,9,2691.0
3681,bv1,2025-12-17,5,745.0
3682,bv2,2025-12-17,5,1245.0
3683,bv3,2025-12-17,4,796.0
3684,bv4,2025-12-17,5,1745.0
3685,s1,2025-12-17,4,1596.0
3686,s2,2025-12-17,9,2241.0
3687,s3,2025-12-17,7,693.0
3688,s4,2025-12-17,6,1794.0
3689,s5,2025-12-17,9,1791.0
3690,f1,2025-12-18,7,1743.0
3691,f2,2025-12-18,7,343.0
3692,f3,2025-12-18,6,894.0
3693,f4,2025-12-18,8,1592.0
3694,f5,2025-12-18,7,693.0
3695,f6,2025-12-18,5,895.0
3696,v1,2025-12-18,9,801.0
3697,v2,2025-12-18,8,392.0
3698,v3,2025-12-18,7,553.0
3699,v4,2025-12-18,8,312.0
3700,v5,2025-12-18,5,745.0
3701,v6,2025-12-18,6,174.0
3702,d1,2025-12-18,12,828.0
3703,d2,2025-12-18,7,1743.0
3704,d3,2025-12-18,10,1790.0
3705,d4,2025-12-18,14,1386.0
3706,d5,2025-12-18,9,2241.0
3707,b1,2025-12-18,11,2189.0
3708,b2,2025-12-18,11,2739.0
3709,b3,2025-12-18,10,1990.0
3710,b4,2025-12-18,5,2995.0
3711,b5,2025-12-18,6,1794.0
3712,bv1,2025-12-18,6,894.0
3713,bv2,2025-12-18,6,1494.0
3714,bv3,2025-12-18,5,995.0
3715,bv4,2025-12-18,5,1745.0
3716,s1,2025-12-18,5,1995.0
3717,s2,2025-12-18,8,1992.0
3718,s3,2025-12-18,7,693.0
3719,s4,2025-12-18,6,1794.0
3720,s5,2025-12-18,11,2189.0
3721,f1,2025-12-19,8,1992.0
3722,f2,2025-12-19,8,392.0
3723,f3,2025-12-19,7,1043.0
3724,f4,2025-12-19,8,1592.0
3725,f5,2025-12-19,8,792.0
3726,f6,2025-12-19,7,1253.0
3727,v1,2025-12-19,7,623.0
3728,v2,2025-12-19,9,441.0
3729,v3,2025-12-19,6,474.0
3730,v4,2025-12-19,11,429.0
3731,v5,2025-12-19,6,894.0
3732,v6,2025-12-19,9,261.0
3733,d1,2025-12-19,9,621.0
3734,d2,2025-12-19,7,1743.0
3735,d3,2025-12-19,10,1790.0
3736,d4,2025-12-19,10,990.0
3737,d5,2025-12-19,8,1992.0
3738,b1,2025-12-19,9,1791.0
3739,b2,2025-12-19,9,2241.0
3740,b3,2025-12-19,10,1990.0
3741,b4,2025-12-19,5,2995.0
3742,b5,2025-12-19,9,2691.0
3743,bv1,2025-12-19,6,894.0
3744,bv2,2025-12-19,8,1992.0
3745,bv3,2025-12-19,4,796.0
3746,bv4,2025-12-19,4,1396.0
3747,s1,2025-12-19,4,1596.0
3748,s2,2025-12-19,10,2490.0
3749,s3,2025-12-19,10,990.0
3750,s4,2025-12-19,5,1495.0
3751,s5,2025-12-19,10,1990.0
3752,f1,2025-12-20,6,1494.0
3753,f2,2025-12-20,11,539.0
3754,f3,2025-12-20,6,894.0
3755,f4,2025-12-20,8,1592.0
3756,f5,2025-12-20,11,1089.0
3757,f6,2025-12-20,7,1253.0
3758,v1,2025-12-20,11,979.0
3759,v2,2025-12-20,13,637.0
3760,v3,2025-12-20,7,553.0
3761,v4,2025-12-20,9,351.0
3762,v5,2025-12-20,8,1192.0
3763,v6,2025-12-20,13,377.0
3764,d1,2025-12-20,13,897.0
3765,d2,2025-12-20,13,3237.0
3766,d3,2025-12-20,10,1790.0
3767,d4,2025-12-20,11,1089.0
3768,d5,2025-12-20,8,1992.0
3769,b1,2025-12-20,18,3582.0
3770,b2,2025-12-20,12,2988.0
3771,b3,2025-12-20,14,2786.0
3772,b4,2025-12-20,6,3594.0
3773,b5,2025-12-20,9,2691.0
3774,bv1,2025-12-20,9,1341.0
3775,bv2,2025-12-20,8,1992.0
3776,bv3,2025-12-20,6,1194.0
3777,bv4,2025-12-20,8,2792.0
3778,s1,2025-12-20,9,3591.0
3779,s2,2025-12-20,10,2490.0
3780,s3,2025-12-20,14,1386.0
3781,s4,2025-12-20,8,2392.0
3782,s5,2025-12-20,15,2985.0
3783,f1,2025-12-21,7,1743.0
3784,f2,2025-12-21,9,441.0
3785,f3,2025-12-21,10,1490.0
3786,f4,2025-12-21,11,2189.0
3787,f5,2025-12-21,7,693.0
3788,f6,2025-12-21,8,1432.0
3789,v1,2025-12-21,8,712.0
3790,v2,2025-12-21,14,686.0
3791,v3,2025-12-21,8,632.0
3792,v4,2025-12-21,13,507.0
3793,v5,2025-12-21,9,1341.0
3794,v6,2025-12-21,10,290.0
3795,d1,2025-12-21,11,759.0
3796,d2,2025-12-21,13,3237.0
3797,d3,2025-12-21,12,2148.0
3798,d4,2025-12-21,17,1683.0
3799,d5,2025-12-21,8,1992.0
3800,b1,2025-12-21,17,3383.0
3801,b2,2025-12-21,13,3237.0
3802,b3,2025-12-21,8,1592.0
3803,b4,2025-12-21,6,3594.0
3804,b5,2025-12-21,8,2392.0
3805,bv1,2025-12-21,7,1043.0
3806,bv2,2025-12-21,8,1992.0
3807,bv3,2025-12-21,6,1194.0
3808,bv4,2025-12-21,5,1745.0
3809,s1,2025-12-21,5,1995.0
3810,s2,2025-12-21,8,1992.0
3811,s3,2025-12-21,11,1089.0
3812,s4,2025-12-21,11,3289.0
3813,s5,2025-12-21,10,1990.0
3814,f1,2025-12-22,4,996.0
3815,f2,2025-12-22,5,245.0
3816,f3,2025-12-22,5,745.0
3817,f4,2025-12-22,5,995.0
3818,f5,2025-12-22,4,396.0
3819,f6,2025-12-22,3,537.0
3820,v1,2025-12-22,6,534.0
3821,v2,2025-12-22,5,245.0
3822,v3,2025-12-22,5,395.0
3823,v4,2025-12-22,6,234.0
3824,v5,2025-12-22,3,447.0
3825,v6,2025-12-22,6,174.0
3826,d1,2025-12-22,8,552.0
3827,d2,2025-12-22,5,1245.0
3828,d3,2025-12-22,4,716.0
3829,d4,2025-12-22,8,792.0
3830,d5,2025-12-22,5,1245.0
3831,b1,2025-12-22,8,1592.0
3832,b2,2025-12-22,5,1245.0
3833,b3,2025-12-22,5,995.0
3834,b4,2025-12-22,3,1797.0
3835,b5,2025-12-22,5,1495.0
3836,bv1,2025-12-22,5,745.0
3837,bv2,2025-12-22,3,747.0
3838,bv3,2025-12-22,3,597.0
3839,bv4,2025-12-22,3,1047.0
3840,s1,2025-12-22,4,1596.0
3841,s2,2025-12-22,7,1743.0
3842,s3,2025-12-22,8,792.0
3843,s4,2025-12-22,5,1495.0
3844,s5,2025-12-22,5,995.0
3845,f1,2025-12-23,6,1494.0
3846,f2,2025-12-23,6,294.0
3847,f3,2025-12-23,5,745.0
3848,f4,2025-12-23,5,995.0
3849,f5,2025-12-23,6,594.0
3850,f6,2025-12-23,4,716.0
3851,v1,2025-12-23,4,356.0
3852,v2,2025-12-23,6,294.0
3853,v3,2025-12-23,7,553.0
3854,v4,2025-12-23,9,351.0
3855,v5,2025-12-23,3,447.0
3856,v6,2025-12-23,8,232.0
3857,d1,2025-12-23,8,552.0
3858,d2,2025-12-23,6,1494.0
3859,d3,2025-12-23,4,716.0
3860,d4,2025-12-23,6,594.0
3861,d5,2025-12-23,6,1494.0
3862,b1,2025-12-23,7,1393.0
3863,b2,2025-12-23,6,1494.0
3864,b3,2025-12-23,6,1194.0
3865,b4,2025-12-23,3,1797.0
3866,b5,2025-12-23,7,2093.0
3867,bv1,2025-12-23,5,745.0
3868,bv2,2025-12-23,4,996.0
3869,bv3,2025-12-23,4,796.0
3870,bv4,2025-12-23,5,1745.0
3871,s1,2025-12-23,5,1995.0
3872,s2,2025-12-23,8,1992.0
3873,s3,2025-12-23,8,792.0
3874,s4,2025-12-23,4,1196.0
3875,s5,2025-12-23,5,995.0
3876,f1,2025-12-24,5,1245.0
3877,f2,2025-12-24,5,245.0
3878,f3,2025-12-24,6,894.0
3879,f4,2025-12-24,4,796.0
3880,f5,2025-12-24,8,792.0
3881,f6,2025-12-24,3,537.0
3882,v1,2025-12-24,6,534.0
3883,v2,2025-12-24,10,490.0
3884,v3,2025-12-24,8,632.0
3885,v4,2025-12-24,6,234.0
3886,v5,2025-12-24,4,596.0
3887,v6,2025-12-24,7,203.0
3888,d1,2025-12-24,9,621.0
3889,d2,2025-12-24,6,1494.0
3890,d3,2025-12-24,6,1074.0
3891,d4,2025-12-24,11,1089.0
3892,d5,2025-12-24,5,1245.0
3893,b1,2025-12-24,7,1393.0
3894,b2,2025-12-24,11,2739.0
3895,b3,2025-12-24,8,1592.0
3896,b4,2025-12-24,5,2995.0
3897,b5,2025-12-24,6,1794.0
3898,bv1,2025-12-24,6,894.0
3899,bv2,2025-12-24,6,1494.0
3900,bv3,2025-12-24,4,796.0
3901,bv4,2025-12-24,3,1047.0
3902,s1,2025-12-24,6,2394.0
3903,s2,2025-12-24,6,1494.0
3904,s3,2025-12-24,6,594.0
3905,s4,2025-12-24,5,1495.0
3906,s5,2025-12-24,10,1990.0
3907,f1,2025-12-25,6,1494.0
3908,f2,2025-12-25,6,294.0
3909,f3,2025-12-25,5,745.0
3910,f4,2025-12-25,7,1393.0
3911,f5,2025-12-25,6,594.0
3912,f6,2025-12-25,4,716.0
3913,v1,2025-12-25,5,445.0
3914,v2,2025-12-25,11,539.0
3915,v3,2025-12-25,6,474.0
3916,v4,2025-12-25,8,312.0
3917,v5,2025-12-25,7,1043.0
3918,v6,2025-12-25,10,290.0
3919,d1,2025-12-25,9,621.0
3920,d2,2025-12-25,8,1992.0
3921,d3,2025-12-25,9,1611.0
3922,d4,2025-12-25,13,1287.0
3923,d5,2025-12-25,9,2241.0
3924,b1,2025-12-25,11,2189.0
3925,b2,2025-12-25,12,2988.0
3926,b3,2025-12-25,7,1393.0
3927,b4,2025-12-25,5,2995.0
3928,b5,2025-12-25,5,1495.0
3929,bv1,2025-12-25,6,894.0
3930,bv2,2025-12-25,6,1494.0
3931,bv3,2025-12-25,5,995.0
3932,bv4,2025-12-25,4,1396.0
3933,s1,2025-12-25,6,2394.0
3934,s2,2025-12-25,8,1992.0
3935,s3,2025-12-25,10,990.0
3936,s4,2025-12-25,5,1495.0
3937,s5,2025-12-25,9,1791.0
3938,f1,2025-12-26,7,1743.0
3939,f2,2025-12-26,6,294.0
3940,f3,2025-12-26,7,1043.0
3941,f4,2025-12-26,7,1393.0
3942,f5,2025-12-26,10,990.0
3943,f6,2025-12-26,4,716.0
3944,v1,2025-12-26,8,712.0
3945,v2,2025-12-26,11,539.0
3946,v3,2025-12-26,7,553.0
3947,v4,2025-12-26,12,468.0
3948,v5,2025-12-26,6,894.0
3949,v6,2025-12-26,8,232.0
3950,d1,2025-12-26,10,690.0
3951,d2,2025-12-26,7,1743.0
3952,d3,2025-12-26,6,1074.0
3953,d4,2025-12-26,10,990.0
3954,d5,2025-12-26,8,1992.0
3955,b1,2025-12-26,11,2189.0
3956,b2,2025-12-26,9,2241.0
3957,b3,2025-12-26,8,1592.0
3958,b4,2025-12-26,5,2995.0
3959,b5,2025-12-26,9,2691.0
3960,bv1,2025-12-26,6,894.0
3961,bv2,2025-12-26,7,1743.0
3962,bv3,2025-12-26,4,796.0
3963,bv4,2025-12-26,6,2094.0
3964,s1,2025-12-26,4,1596.0
3965,s2,2025-12-26,11,2739.0
3966,s3,2025-12-26,7,693.0
3967,s4,2025-12-26,8,2392.0
3968,s5,2025-12-26,7,1393.0
3969,f1,2025-12-27,7,1743.0
3970,f2,2025-12-27,8,392.0
3971,f3,2025-12-27,7,1043.0
3972,f4,2025-12-27,7,1393.0
3973,f5,2025-12-27,12,1188.0
3974,f6,2025-12-27,9,1611.0
3975,v1,2025-12-27,8,712.0
3976,v2,2025-12-27,12,588.0
3977,v3,2025-12-27,9,711.0
3978,v4,2025-12-27,11,429.0
3979,v5,2025-12-27,6,894.0
3980,v6,2025-12-27,12,348.0
3981,d1,2025-12-27,11,759.0
3982,d2,2025-12-27,10,2490.0
3983,d3,2025-12-27,12,2148.0
3984,d4,2025-12-27,17,1683.0
3985,d5,2025-12-27,9,2241.0
3986,b1,2025-12-27,10,1990.0
3987,b2,2025-12-27,10,2490.0
3988,b3,2025-12-27,10,1990.0
3989,b4,2025-12-27,6,3594.0
3990,b5,2025-12-27,12,3588.0
3991,bv1,2025-12-27,6,894.0
3992,bv2,2025-12-27,10,2490.0
3993,bv3,2025-12-27,7,1393.0
3994,bv4,2025-12-27,8,2792.0
3995,s1,2025-12-27,9,3591.0
3996,s2,2025-12-27,9,2241.0
3997,s3,2025-12-27,16,1584.0
3998,s4,2025-12-27,7,2093.0
3999,s5,2025-12-27,15,2985.0
4000,f1,2025-12-28,8,1992.0
4001,f2,2025-12-28,9,441.0
4002,f3,2025-12-28,10,1490.0
4003,f4,2025-12-28,9,1791.0
4004,f5,2025-12-28,12,1188.0
4005,f6,2025-12-28,6,1074.0
4006,v1,2025-12-28,8,712.0
4007,v2,2025-12-28,12,588.0
4008,v3,2025-12-28,6,474.0
4009,v4,2025-12-28,11,429.0
4010,v5,2025-12-28,9,1341.0
4011,v6,2025-12-28,13,377.0
4012,d1,2025-12-28,13,897.0
4013,d2,2025-12-28,13,3237.0
4014,d3,2025-12-28,10,1790.0
4015,d4,2025-12-28,15,1485.0
4016,d5,2025-12-28,9,2241.0
4017,b1,2025-12-28,14,2786.0
4018,b2,2025-12-28,14,3486.0
4019,b3,2025-12-28,7,1393.0
4020,b4,2025-12-28,6,3594.0
4021,b5,2025-12-28,11,3289.0
4022,bv1,2025-12-28,7,1043.0
4023,bv2,2025-12-28,5,1245.0
4024,bv3,2025-12-28,7,1393.0
4025,bv4,2025-12-28,7,2443.0
4026,s1,2025-12-28,5,1995.0
4027,s2,2025-12-28,10,2490.0
4028,s3,2025-12-28,10,990.0
4029,s4,2025-12-28,9,2691.0
4030,s5,2025-12-28,12,2388.0
4031,f1,2025-12-29,3,747.0
4032,f2,2025-12-29,6,294.0
4033,f3,2025-12-29,6,894.0
4034,f4,2025-12-29,4,796.0
4035,f5,2025-12-29,5,495.0
4036,f6,2025-12-29,4,716.0
4037,v1,2025-12-29,4,356.0
4038,v2,2025-12-29,5,245.0
4039,v3,2025-12-29,4,316.0
4040,v4,2025-12-29,8,312.0
4041,v5,2025-12-29,5,745.0
4042,v6,2025-12-29,5,145.0
4043,d1,2025-12-29,5,345.0
4044,d2,2025-12-29,4,996.0
4045,d3,2025-12-29,4,716.0
4046,d4,2025-12-29,9,891.0
4047,d5,2025-12-29,5,1245.0
4048,b1,2025-12-29,6,1194.0
4049,b2,2025-12-29,7,1743.0
4050,b3,2025-12-29,6,1194.0
4051,b4,2025-12-29,3,1797.0
4052,b5,2025-12-29,5,1495.0
4053,bv1,2025-12-29,3,447.0
4054,bv2,2025-12-29,4,996.0
4055,bv3,2025-12-29,2,398.0
4056,bv4,2025-12-29,3,1047.0
4057,s1,2025-12-29,3,1197.0
4058,s2,2025-12-29,7,1743.0
4059,s3,2025-12-29,6,594.0
4060,s4,2025-12-29,5,1495.0
4061,s5,2025-12-29,7,1393.0
4062,f1,2025-12-30,5,1245.0
4063,f2,2025-12-30,6,294.0
4064,f3,2025-12-30,6,894.0
4065,f4,2025-12-30,7,1393.0
4066,f5,2025-12-30,6,594.0
4067,f6,2025-12-30,4,716.0
4068,v1,2025-12-30,7,623.0
4069,v2,2025-12-30,7,343.0
4070,v3,2025-12-30,6,474.0
4071,v4,2025-12-30,8,312.0
4072,v5,2025-12-30,4,596.0
4073,v6,2025-12-30,8,232.0
4074,d1,2025-12-30,9,621.0
4075,d2,2025-12-30,8,1992.0
4076,d3,2025-12-30,5,895.0
4077,d4,2025-12-30,7,693.0
4078,d5,2025-12-30,7,1743.0
4079,b1,2025-12-30,9,1791.0
4080,b2,2025-12-30,9,2241.0
4081,b3,2025-12-30,5,995.0
4082,b4,2025-12-30,4,2396.0
4083,b5,2025-12-30,5,1495.0
4084,bv1,2025-12-30,6,894.0
4085,bv2,2025-12-30,6,1494.0
4086,bv3,2025-12-30,4,796.0
4087,bv4,2025-12-30,3,1047.0
4088,s1,2025-12-30,4,1596.0
4089,s2,2025-12-30,8,1992.0
4090,s3,2025-12-30,5,495.0
4091,s4,2025-12-30,5,1495.0
4092,s5,2025-12-30,7,1393.0
4093,f1,2025-12-31,4,996.0
4094,f2,2025-12-31,7,343.0
4095,f3,2025-12-31,5,745.0
4096,f4,2025-12-31,6,1194.0
4097,f5,2025-12-31,5,495.0
4098,f6,2025-12-31,5,895.0
4099,v1,2025-12-31,5,445.0
4100,v2,2025-12-31,7,343.0
4101,v3,2025-12-31,6,474.0
4102,v4,2025-12-31,6,234.0
4103,v5,2025-12-31,4,596.0
4104,v6,2025-12-31,6,174.0
4105,d1,2025-12-31,11,759.0
4106,d2,2025-12-31,8,1992.0
4107,d3,2025-12-31,5,895.0
4108,d4,2025-12-31,7,693.0
4109,d5,2025-12-31,6,1494.0
4110,b1,2025-12-31,9,1791.0
4111,b2,2025-12-31,10,2490.0
4112,b3,2025-12-31,6,1194.0
4113,b4,2025-12-31,4,2396.0
4114,b5,2025-12-31,7,2093.0
4115,bv1,2025-12-31,7,1043.0
4116,bv2,2025-12-31,4,996.0
4117,bv3,2025-12-31,4,796.0
4118,bv4,2025-12-31,4,1396.0
4119,s1,2025-12-31,4,1596.0
4120,s2,2025-12-31,8,1992.0
4121,s3,2025-12-31,7,693.0
4122,s4,2025-12-31,6,1794.0
4123,s5,2025-12-31,9,1791.0
4124,f1,2026-01-01,5,1245.0
4125,f2,2026-01-01,5,245.0
4126,f3,2026-01-01,6,894.0
4127,f4,2026-01-01,6,1194.0
4128,f5,2026-01-01,5,495.0
4129,f6,2026-01-01,3,537.0
4130,v1,2026-01-01,5,445.0
4131,v2,2026-01-01,6,294.0
4132,v3,2026-01-01,4,316.0
4133,v4,2026-01-01,9,351.0
4134,v5,2026-01-01,5,745.0
4135,v6,2026-01-01,9,261.0
4136,d1,2026-01-01,7,483.0
4137,d2,2026-01-01,7,1743.0
4138,d3,2026-01-01,5,895.0
4139,d4,2026-01-01,9,891.0
4140,d5,2026-01-01,6,1494.0
4141,b1,2026-01-01,11,2189.0
4142,b2,2026-01-01,7,1743.0
4143,b3,2026-01-01,6,1194.0
4144,b4,2026-01-01,4,2396.0
4145,b5,2026-01-01,5,1495.0
4146,bv1,2026-01-01,5,745.0
4147,bv2,2026-01-01,7,1743.0
4148,bv3,2026-01-01,6,1194.0
4149,bv4,2026-01-01,4,1396.0
4150,s1,2026-01-01,5,1995.0
4151,s2,2026-01-01,7,1743.0
4152,s3,2026-01-01,5,495.0
4153,s4,2026-01-01,5,1495.0
4154,s5,2026-01-01,9,1791.0
4155,f1,2026-01-02,6,1494.0
4156,f2,2026-01-02,5,245.0
4157,f3,2026-01-02,4,596.0
4158,f4,2026-01-02,7,1393.0
4159,f5,2026-01-02,7,693.0
4160,f6,2026-01-02,4,716.0
4161,v1,2026-01-02,7,623.0
4162,v2,2026-01-02,10,490.0
4163,v3,2026-01-02,6,474.0
4164,v4,2026-01-02,11,429.0
4165,v5,2026-01-02,7,1043.0
4166,v6,2026-01-02,8,232.0
4167,d1,2026-01-02,9,621.0
4168,d2,2026-01-02,8,1992.0
4169,d3,2026-01-02,7,1253.0
4170,d4,2026-01-02,10,990.0
4171,d5,2026-01-02,7,1743.0
4172,b1,2026-01-02,10,1990.0
4173,b2,2026-01-02,11,2739.0
4174,b3,2026-01-02,6,1194.0
4175,b4,2026-01-02,4,2396.0
4176,b5,2026-01-02,8,2392.0
4177,bv1,2026-01-02,8,1192.0
4178,bv2,2026-01-02,5,1245.0
4179,bv3,2026-01-02,4,796.0
4180,bv4,2026-01-02,6,2094.0
4181,s1,2026-01-02,6,2394.0
4182,s2,2026-01-02,7,1743.0
4183,s3,2026-01-02,6,594.0
4184,s4,2026-01-02,8,2392.0
4185,s5,2026-01-02,8,1592.0
4186,f1,2026-01-03,5,1245.0
4187,f2,2026-01-03,7,343.0
4188,f3,2026-01-03,9,1341.0
4189,f4,2026-01-03,10,1990.0
4190,f5,2026-01-03,8,792.0
4191,f6,2026-01-03,4,716.0
4192,v1,2026-01-03,8,712.0
4193,v2,2026-01-03,11,539.0
4194,v3,2026-01-03,7,553.0
4195,v4,2026-01-03,14,546.0
4196,v5,2026-01-03,8,1192.0
4197,v6,2026-01-03,9,261.0
4198,d1,2026-01-03,10,690.0
4199,d2,2026-01-03,12,2988.0
4200,d3,2026-01-03,9,1611.0
4201,d4,2026-01-03,15,1485.0
4202,d5,2026-01-03,10,2490.0
4203,b1,2026-01-03,11,2189.0
4204,b2,2026-01-03,13,3237.0
4205,b3,2026-01-03,10,1990.0
4206,b4,2026-01-03,5,2995.0
4207,b5,2026-01-03,7,2093.0
4208,bv1,2026-01-03,8,1192.0
4209,bv2,2026-01-03,6,1494.0
4210,bv3,2026-01-03,7,1393.0
4211,bv4,2026-01-03,5,1745.0
4212,s1,2026-01-03,8,3192.0
4213,s2,2026-01-03,13,3237.0
4214,s3,2026-01-03,12,1188.0
4215,s4,2026-01-03,6,1794.0
4216,s5,2026-01-03,10,1990.0
4217,f1,2026-01-04,8,1992.0
4218,f2,2026-01-04,8,392.0
4219,f3,2026-01-04,8,1192.0
4220,f4,2026-01-04,6,1194.0
4221,f5,2026-01-04,8,792.0
4222,f6,2026-01-04,6,1074.0
4223,v1,2026-01-04,9,801.0
4224,v2,2026-01-04,12,588.0
4225,v3,2026-01-04,9,711.0
4226,v4,2026-01-04,10,390.0
4227,v5,2026-01-04,5,745.0
4228,v6,2026-01-04,10,290.0
4229,d1,2026-01-04,9,621.0
4230,d2,2026-01-04,9,2241.0
4231,d3,2026-01-04,7,1253.0
4232,d4,2026-01-04,16,1584.0
4233,d5,2026-01-04,11,2739.0
4234,b1,2026-01-04,11,2189.0
4235,b2,2026-01-04,12,2988.0
4236,b3,2026-01-04,7,1393.0
4237,b4,2026-01-04,4,2396.0
4238,b5,2026-01-04,10,2990.0
4239,bv1,2026-01-04,9,1341.0
4240,bv2,2026-01-04,8,1992.0
4241,bv3,2026-01-04,4,796.0
4242,bv4,2026-01-04,5,1745.0
4243,s1,2026-01-04,5,1995.0
4244,s2,2026-01-04,12,2988.0
4245,s3,2026-01-04,7,693.0
4246,s4,2026-01-04,6,1794.0
4247,s5,2026-01-04,11,2189.0
4248,f1,2026-01-05,4,996.0
4249,f2,2026-01-05,3,147.0
4250,f3,2026-01-05,3,447.0
4251,f4,2026-01-05,5,995.0
4252,f5,2026-01-05,4,396.0
4253,f6,2026-01-05,3,537.0
4254,v1,2026-01-05,6,534.0
4255,v2,2026-01-05,5,245.0
4256,v3,2026-01-05,4,316.0
4257,v4,2026-01-05,7,273.0
4258,v5,2026-01-05,2,298.0
4259,v6,2026-01-05,5,145.0
4260,d1,2026-01-05,7,483.0
4261,d2,2026-01-05,4,996.0
4262,d3,2026-01-05,6,1074.0
4263,d4,2026-01-05,6,594.0
4264,d5,2026-01-05,4,996.0
4265,b1,2026-01-05,5,995.0
4266,b2,2026-01-05,4,996.0
4267,b3,2026-01-05,5,995.0
4268,b4,2026-01-05,3,1797.0
4269,b5,2026-01-05,5,1495.0
4270,bv1,2026-01-05,5,745.0
4271,bv2,2026-01-05,3,747.0
4272,bv3,2026-01-05,2,398.0
4273,bv4,2026-01-05,3,1047.0
4274,s1,2026-01-05,2,798.0
4275,s2,2026-01-05,4,996.0
4276,s3,2026-01-05,4,396.0
4277,s4,2026-01-05,4,1196.0
4278,s5,2026-01-05,6,1194.0
4279,f1,2026-01-06,4,996.0
4280,f2,2026-01-06,5,245.0
4281,f3,2026-01-06,4,596.0
4282,f4,2026-01-06,5,995.0
4283,f5,2026-01-06,5,495.0
4284,f6,2026-01-06,3,537.0
4285,v1,2026-01-06,7,623.0
4286,v2,2026-01-06,5,245.0
4287,v3,2026-01-06,5,395.0
4288,v4,2026-01-06,6,234.0
4289,v5,2026-01-06,5,745.0
4290,v6,2026-01-06,6,174.0
4291,d1,2026-01-06,8,552.0
4292,d2,2026-01-06,6,1494.0
4293,d3,2026-01-06,7,1253.0
4294,d4,2026-01-06,8,792.0
4295,d5,2026-01-06,6,1494.0
4296,b1,2026-01-06,7,1393.0
4297,b2,2026-01-06,8,1992.0
4298,b3,2026-01-06,5,995.0
4299,b4,2026-01-06,3,1797.0
4300,b5,2026-01-06,4,1196.0
4301,bv1,2026-01-06,4,596.0
4302,bv2,2026-01-06,5,1245.0
4303,bv3,2026-01-06,4,796.0
4304,bv4,2026-01-06,4,1396.0
4305,s1,2026-01-06,3,1197.0
4306,s2,2026-01-06,6,1494.0
4307,s3,2026-01-06,5,495.0
4308,s4,2026-01-06,5,1495.0
4309,s5,2026-01-06,7,1393.0
4310,f1,2026-01-07,4,996.0
4311,f2,2026-01-07,5,245.0
4312,f3,2026-01-07,4,596.0
4313,f4,2026-01-07,6,1194.0
4314,f5,2026-01-07,6,594.0
4315,f6,2026-01-07,3,537.0
4316,v1,2026-01-07,5,445.0
4317,v2,2026-01-07,6,294.0
4318,v3,2026-01-07,6,474.0
4319,v4,2026-01-07,8,312.0
4320,v5,2026-01-07,4,596.0
4321,v6,2026-01-07,6,174.0
4322,d1,2026-01-07,8,552.0
4323,d2,2026-01-07,8,1992.0
4324,d3,2026-01-07,4,716.0
4325,d4,2026-01-07,10,990.0
4326,d5,2026-01-07,7,1743.0
4327,b1,2026-01-07,8,1592.0
4328,b2,2026-01-07,8,1992.0
4329,b3,2026-01-07,5,995.0
4330,b4,2026-01-07,3,1797.0
4331,b5,2026-01-07,6,1794.0
4332,bv1,2026-01-07,4,596.0
4333,bv2,2026-01-07,4,996.0
4334,bv3,2026-01-07,3,597.0
4335,bv4,2026-01-07,5,1745.0
4336,s1,2026-01-07,3,1197.0
4337,s2,2026-01-07,8,1992.0
4338,s3,2026-01-07,7,693.0
4339,s4,2026-01-07,4,1196.0
4340,s5,2026-01-07,8,1592.0
4341,f1,2026-01-08,6,1494.0
4342,f2,2026-01-08,5,245.0
4343,f3,2026-01-08,7,1043.0
4344,f4,2026-01-08,7,1393.0
4345,f5,2026-01-08,8,792.0
4346,f6,2026-01-08,4,716.0
4347,v1,2026-01-08,6,534.0
4348,v2,2026-01-08,8,392.0
4349,v3,2026-01-08,6,474.0
4350,v4,2026-01-08,10,390.0
4351,v5,2026-01-08,5,745.0
4352,v6,2026-01-08,7,203.0
4353,d1,2026-01-08,9,621.0
4354,d2,2026-01-08,6,1494.0
4355,d3,2026-01-08,9,1611.0
4356,d4,2026-01-08,12,1188.0
4357,d5,2026-01-08,6,1494.0
4358,b1,2026-01-08,11,2189.0
4359,b2,2026-01-08,9,2241.0
4360,b3,2026-01-08,7,1393.0
4361,b4,2026-01-08,5,2995.0
4362,b5,2026-01-08,5,1495.0
4363,bv1,2026-01-08,4,596.0
4364,bv2,2026-01-08,6,1494.0
4365,bv3,2026-01-08,5,995.0
4366,bv4,2026-01-08,5,1745.0
4367,s1,2026-01-08,4,1596.0
4368,s2,2026-01-08,8,1992.0
4369,s3,2026-01-08,7,693.0
4370,s4,2026-01-08,7,2093.0
4371,s5,2026-01-08,8,1592.0
4372,f1,2026-01-09,5,1245.0
4373,f2,2026-01-09,7,343.0
4374,f3,2026-01-09,6,894.0
4375,f4,2026-01-09,6,1194.0
4376,f5,2026-01-09,7,693.0
4377,f6,2026-01-09,5,895.0
4378,v1,2026-01-09,6,534.0
4379,v2,2026-01-09,6,294.0
4380,v3,2026-01-09,6,474.0
4381,v4,2026-01-09,10,390.0
4382,v5,2026-01-09,7,1043.0
4383,v6,2026-01-09,8,232.0
4384,d1,2026-01-09,10,690.0
4385,d2,2026-01-09,7,1743.0
4386,d3,2026-01-09,10,1790.0
4387,d4,2026-01-09,12,1188.0
4388,d5,2026-01-09,9,2241.0
4389,b1,2026-01-09,10,1990.0
4390,b2,2026-01-09,11,2739.0
4391,b3,2026-01-09,8,1592.0
4392,b4,2026-01-09,3,1797.0
4393,b5,2026-01-09,9,2691.0
4394,bv1,2026-01-09,6,894.0
4395,bv2,2026-01-09,4,996.0
4396,bv3,2026-01-09,4,796.0
4397,bv4,2026-01-09,6,2094.0
4398,s1,2026-01-09,4,1596.0
4399,s2,2026-01-09,9,2241.0
4400,s3,2026-01-09,6,594.0
4401,s4,2026-01-09,8,2392.0
4402,s5,2026-01-09,10,1990.0
4403,f1,2026-01-10,8,1992.0
4404,f2,2026-01-10,7,343.0
4405,f3,2026-01-10,7,1043.0
4406,f4,2026-01-10,8,1592.0
4407,f5,2026-01-10,11,1089.0
4408,f6,2026-01-10,5,895.0
4409,v1,2026-01-10,10,890.0
4410,v2,2026-01-10,14,686.0
4411,v3,2026-01-10,6,474.0
4412,v4,2026-01-10,14,546.0
4413,v5,2026-01-10,7,1043.0
4414,v6,2026-01-10,8,232.0
4415,d1,2026-01-10,12,828.0
4416,d2,2026-01-10,8,1992.0
4417,d3,2026-01-10,12,2148.0
4418,d4,2026-01-10,16,1584.0
4419,d5,2026-01-10,9,2241.0
4420,b1,2026-01-10,10,1990.0
4421,b2,2026-01-10,13,3237.0
4422,b3,2026-01-10,10,1990.0
4423,b4,2026-01-10,7,4193.0
4424,b5,2026-01-10,11,3289.0
4425,bv1,2026-01-10,6,894.0
4426,bv2,2026-01-10,8,1992.0
4427,bv3,2026-01-10,7,1393.0
4428,bv4,2026-01-10,5,1745.0
4429,s1,2026-01-10,5,1995.0
4430,s2,2026-01-10,8,1992.0
4431,s3,2026-01-10,9,891.0
4432,s4,2026-01-10,8,2392.0
4433,s5,2026-01-10,7,1393.0
4434,f1,2026-01-11,5,1245.0
4435,f2,2026-01-11,7,343.0
4436,f3,2026-01-11,8,1192.0
4437,f4,2026-01-11,6,1194.0
4438,f5,2026-01-11,10,990.0
4439,f6,2026-01-11,7,1253.0
4440,v1,2026-01-11,6,534.0
4441,v2,2026-01-11,10,490.0
4442,v3,2026-01-11,10,790.0
4443,v4,2026-01-11,12,468.0
4444,v5,2026-01-11,6,894.0
4445,v6,2026-01-11,13,377.0
4446,d1,2026-01-11,10,690.0
4447,d2,2026-01-11,11,2739.0
4448,d3,2026-01-11,9,1611.0
4449,d4,2026-01-11,12,1188.0
4450,d5,2026-01-11,9,2241.0
4451,b1,2026-01-11,8,1592.0
4452,b2,2026-01-11,11,2739.0
4453,b3,2026-01-11,7,1393.0
4454,b4,2026-01-11,5,2995.0
4455,b5,2026-01-11,10,2990.0
4456,bv1,2026-01-11,9,1341.0
4457,bv2,2026-01-11,8,1992.0
4458,bv3,2026-01-11,7,1393.0
4459,bv4,2026-01-11,6,2094.0
4460,s1,2026-01-11,5,1995.0
4461,s2,2026-01-11,7,1743.0
4462,s3,2026-01-11,11,1089.0
4463,s4,2026-01-11,8,2392.0
4464,s5,2026-01-11,7,1393.0
4465,f1,2026-01-12,3,747.0
4466,f2,2026-01-12,4,196.0
4467,f3,2026-01-12,3,447.0
4468,f4,2026-01-12,4,796.0
4469,f5,2026-01-12,4,396.0
4470,f6,2026-01-12,3,537.0
4471,v1,2026-01-12,6,534.0
4472,v2,2026-01-12,4,196.0
4473,v3,2026-01-12,5,395.0
4474,v4,2026-01-12,6,234.0
4475,v5,2026-01-12,3,447.0
4476,v6,2026-01-12,6,174.0
4477,d1,2026-01-12,6,414.0
4478,d2,2026-01-12,5,1245.0
4479,d3,2026-01-12,5,895.0
4480,d4,2026-01-12,7,693.0
4481,d5,2026-01-12,4,996.0
4482,b1,2026-01-12,8,1592.0
4483,b2,2026-01-12,7,1743.0
4484,b3,2026-01-12,3,597.0
4485,b4,2026-01-12,2,1198.0
4486,b5,2026-01-12,4,1196.0
4487,bv1,2026-01-12,5,745.0
4488,bv2,2026-01-12,5,1245.0
4489,bv3,2026-01-12,4,796.0
4490,bv4,2026-01-12,2,698.0
4491,s1,2026-01-12,4,1596.0
4492,s2,2026-01-12,5,1245.0
4493,s3,2026-01-12,6,594.0
4494,s4,2026-01-12,4,1196.0
4495,s5,2026-01-12,6,1194.0
4496,f1,2026-01-13,4,996.0
4497,f2,2026-01-13,4,196.0
4498,f3,2026-01-13,4,596.0
4499,f4,2026-01-13,4,796.0
4500,f5,2026-01-13,6,594.0
4501,f6,2026-01-13,4,716.0
4502,v1,2026-01-13,4,356.0
4503,v2,2026-01-13,6,294.0
4504,v3,2026-01-13,6,474.0
4505,v4,2026-01-13,7,273.0
4506,v5,2026-01-13,4,596.0
4507,v6,2026-01-13,6,174.0
4508,d1,2026-01-13,9,621.0
4509,d2,2026-01-13,6,1494.0
4510,d3,2026-01-13,4,716.0
4511,d4,2026-01-13,8,792.0
4512,d5,2026-01-13,5,1245.0
4513,b1,2026-01-13,8,1592.0
4514,b2,2026-01-13,7,1743.0
4515,b3,2026-01-13,4,796.0
4516,b4,2026-01-13,4,2396.0
4517,b5,2026-01-13,6,1794.0
4518,bv1,2026-01-13,3,447.0
4519,bv2,2026-01-13,5,1245.0
4520,bv3,2026-01-13,2,398.0
4521,bv4,2026-01-13,4,1396.0
4522,s1,2026-01-13,4,1596.0
4523,s2,2026-01-13,5,1245.0
4524,s3,2026-01-13,6,594.0
4525,s4,2026-01-13,6,1794.0
4526,s5,2026-01-13,5,995.0
4527,f1,2026-01-14,4,996.0
4528,f2,2026-01-14,6,294.0
4529,f3,2026-01-14,4,596.0
4530,f4,2026-01-14,7,1393.0
4531,f5,2026-01-14,7,693.0
4532,f6,2026-01-14,4,716.0
4533,v1,2026-01-14,6,534.0
4534,v2,2026-01-14,8,392.0
4535,v3,2026-01-14,4,316.0
4536,v4,2026-01-14,8,312.0
4537,v5,2026-01-14,5,745.0
4538,v6,2026-01-14,8,232.0
4539,d1,2026-01-14,7,483.0
4540,d2,2026-01-14,7,1743.0
4541,d3,2026-01-14,7,1253.0
4542,d4,2026-01-14,11,1089.0
4543,d5,2026-01-14,7,1743.0
4544,b1,2026-01-14,8,1592.0
4545,b2,2026-01-14,9,2241.0
4546,b3,2026-01-14,6,1194.0
4547,b4,2026-01-14,4,2396.0
4548,b5,2026-01-14,6,1794.0
4549,bv1,2026-01-14,5,745.0
4550,bv2,2026-01-14,5,1245.0
4551,bv3,2026-01-14,5,995.0
4552,bv4,2026-01-14,4,1396.0
4553,s1,2026-01-14,5,1995.0
4554,s2,2026-01-14,7,1743.0
4555,s3,2026-01-14,6,594.0
4556,s4,2026-01-14,4,1196.0
4557,s5,2026-01-14,7,1393.0
4558,f1,2026-01-15,5,1245.0
4559,f2,2026-01-15,6,294.0
4560,f3,2026-01-15,4,596.0
4561,f4,2026-01-15,4,796.0
4562,f5,2026-01-15,7,693.0
4563,f6,2026-01-15,5,895.0
4564,v1,2026-01-15,7,623.0
4565,v2,2026-01-15,9,441.0
4566,v3,2026-01-15,6,474.0
4567,v4,2026-01-15,8,312.0
4568,v5,2026-01-15,5,745.0
4569,v6,2026-01-15,8,232.0
4570,d1,2026-01-15,7,483.0
4571,d2,2026-01-15,9,2241.0
4572,d3,2026-01-15,9,1611.0
4573,d4,2026-01-15,7,693.0
4574,d5,2026-01-15,6,1494.0
4575,b1,2026-01-15,8,1592.0
4576,b2,2026-01-15,10,2490.0
4577,b3,2026-01-15,5,995.0
4578,b4,2026-01-15,3,1797.0
4579,b5,2026-01-15,8,2392.0
4580,bv1,2026-01-15,4,596.0
4581,bv2,2026-01-15,4,996.0
4582,bv3,2026-01-15,4,796.0
4583,bv4,2026-01-15,5,1745.0
4584,s1,2026-01-15,5,1995.0
4585,s2,2026-01-15,7,1743.0
4586,s3,2026-01-15,6,594.0
4587,s4,2026-01-15,6,1794.0
4588,s5,2026-01-15,7,1393.0
4589,f1,2026-01-16,6,1494.0
4590,f2,2026-01-16,7,343.0
4591,f3,2026-01-16,5,745.0
4592,f4,2026-01-16,5,995.0
4593,f5,2026-01-16,8,792.0
4594,f6,2026-01-16,5,895.0
4595,v1,2026-01-16,7,623.0
4596,v2,2026-01-16,8,392.0
4597,v3,2026-01-16,7,553.0
4598,v4,2026-01-16,7,273.0
4599,v5,2026-01-16,4,596.0
4600,v6,2026-01-16,6,174.0
4601,d1,2026-01-16,10,690.0
4602,d2,2026-01-16,9,2241.0
4603,d3,2026-01-16,8,1432.0
4604,d4,2026-01-16,8,792.0
4605,d5,2026-01-16,5,1245.0
4606,b1,2026-01-16,7,1393.0
4607,b2,2026-01-16,7,1743.0
4608,b3,2026-01-16,8,1592.0
4609,b4,2026-01-16,4,2396.0
4610,b5,2026-01-16,8,2392.0
4611,bv1,2026-01-16,7,1043.0
4612,bv2,2026-01-16,5,1245.0
4613,bv3,2026-01-16,4,796.0
4614,bv4,2026-01-16,6,2094.0
4615,s1,2026-01-16,4,1596.0
4616,s2,2026-01-16,6,1494.0
4617,s3,2026-01-16,9,891.0
4618,s4,2026-01-16,7,2093.0
4619,s5,2026-01-16,9,1791.0
4620,f1,2026-01-17,8,1992.0
4621,f2,2026-01-17,7,343.0
4622,f3,2026-01-17,8,1192.0
4623,f4,2026-01-17,6,1194.0
4624,f5,2026-01-17,6,594.0
4625,f6,2026-01-17,5,895.0
4626,v1,2026-01-17,8,712.0
4627,v2,2026-01-17,12,588.0
4628,v3,2026-01-17,10,790.0
4629,v4,2026-01-17,12,468.0
4630,v5,2026-01-17,6,894.0
4631,v6,2026-01-17,12,348.0
4632,d1,2026-01-17,12,828.0
4633,d2,2026-01-17,11,2739.0
4634,d3,2026-01-17,7,1253.0
4635,d4,2026-01-17,10,990.0
4636,d5,2026-01-17,11,2739.0
4637,b1,2026-01-17,11,2189.0
4638,b2,2026-01-17,12,2988.0
4639,b3,2026-01-17,11,2189.0
4640,b4,2026-01-17,4,2396.0
4641,b5,2026-01-17,9,2691.0
4642,bv1,2026-01-17,7,1043.0
4643,bv2,2026-01-17,9,2241.0
4644,bv3,2026-01-17,8,1592.0
4645,bv4,2026-01-17,8,2792.0
4646,s1,2026-01-17,6,2394.0
4647,s2,2026-01-17,8,1992.0
4648,s3,2026-01-17,13,1287.0
4649,s4,2026-01-17,7,2093.0
4650,s5,2026-01-17,7,1393.0
4651,f1,2026-01-18,5,1245.0
4652,f2,2026-01-18,8,392.0
4653,f3,2026-01-18,8,1192.0
4654,f4,2026-01-18,6,1194.0
4655,f5,2026-01-18,7,693.0
4656,f6,2026-01-18,5,895.0
4657,v1,2026-01-18,9,801.0
4658,v2,2026-01-18,9,441.0
4659,v3,2026-01-18,6,474.0
4660,v4,2026-01-18,12,468.0
4661,v5,2026-01-18,6,894.0
4662,v6,2026-01-18,13,377.0
4663,d1,2026-01-18,8,552.0
4664,d2,2026-01-18,10,2490.0
4665,d3,2026-01-18,7,1253.0
4666,d4,2026-01-18,13,1287.0
4667,d5,2026-01-18,8,1992.0
4668,b1,2026-01-18,9,1791.0
4669,b2,2026-01-18,8,1992.0
4670,b3,2026-01-18,8,1592.0
4671,b4,2026-01-18,4,2396.0
4672,b5,2026-01-18,9,2691.0
4673,bv1,2026-01-18,7,1043.0
4674,bv2,2026-01-18,9,2241.0
4675,bv3,2026-01-18,5,995.0
4676,bv4,2026-01-18,7,2443.0
4677,s1,2026-01-18,6,2394.0
4678,s2,2026-01-18,7,1743.0
4679,s3,2026-01-18,9,891.0
4680,s4,2026-01-18,8,2392.0
4681,s5,2026-01-18,11,2189.0
4682,f1,2026-01-19,3,747.0
4683,f2,2026-01-19,5,245.0
4684,f3,2026-01-19,5,745.0
4685,f4,2026-01-19,3,597.0
4686,f5,2026-01-19,5,495.0
4687,f6,2026-01-19,4,716.0
4688,v1,2026-01-19,5,445.0
4689,v2,2026-01-19,6,294.0
4690,v3,2026-01-19,5,395.0
4691,v4,2026-01-19,5,195.0
4692,v5,2026-01-19,3,447.0
4693,v6,2026-01-19,4,116.0
4694,d1,2026-01-19,7,483.0
4695,d2,2026-01-19,4,996.0
4696,d3,2026-01-19,6,1074.0
4697,d4,2026-01-19,6,594.0
4698,d5,2026-01-19,5,1245.0
4699,b1,2026-01-19,6,1194.0
4700,b2,2026-01-19,5,1245.0
4701,b3,2026-01-19,4,796.0
4702,b4,2026-01-19,3,1797.0
4703,b5,2026-01-19,5,1495.0
4704,bv1,2026-01-19,5,745.0
4705,bv2,2026-01-19,5,1245.0
4706,bv3,2026-01-19,3,597.0
4707,bv4,2026-01-19,4,1396.0
4708,s1,2026-01-19,4,1596.0
4709,s2,2026-01-19,5,1245.0
4710,s3,2026-01-19,5,495.0
4711,s4,2026-01-19,5,1495.0
4712,s5,2026-01-19,4,796.0
4713,f1,2026-01-20,4,996.0
4714,f2,2026-01-20,3,147.0
4715,f3,2026-01-20,5,745.0
4716,f4,2026-01-20,5,995.0
4717,f5,2026-01-20,5,495.0
4718,f6,2026-01-20,2,358.0
4719,v1,2026-01-20,6,534.0
4720,v2,2026-01-20,6,294.0
4721,v3,2026-01-20,5,395.0
4722,v4,2026-01-20,6,234.0
4723,v5,2026-01-20,3,447.0
4724,v6,2026-01-20,7,203.0
4725,d1,2026-01-20,7,483.0
4726,d2,2026-01-20,6,1494.0
4727,d3,2026-01-20,6,1074.0
4728,d4,2026-01-20,8,792.0
4729,d5,2026-01-20,4,996.0
4730,b1,2026-01-20,7,1393.0
4731,b2,2026-01-20,5,1245.0
4732,b3,2026-01-20,7,1393.0
4733,b4,2026-01-20,4,2396.0
4734,b5,2026-01-20,4,1196.0
4735,bv1,2026-01-20,5,745.0
4736,bv2,2026-01-20,6,1494.0
4737,bv3,2026-01-20,4,796.0
4738,bv4,2026-01-20,3,1047.0
4739,s1,2026-01-20,4,1596.0
4740,s2,2026-01-20,4,996.0
4741,s3,2026-01-20,7,693.0
4742,s4,2026-01-20,4,1196.0
4743,s5,2026-01-20,6,1194.0
4744,f1,2026-01-21,4,996.0
4745,f2,2026-01-21,5,245.0
4746,f3,2026-01-21,6,894.0
4747,f4,2026-01-21,5,995.0
4748,f5,2026-01-21,4,396.0
4749,f6,2026-01-21,4,716.0
4750,v1,2026-01-21,6,534.0
4751,v2,2026-01-21,8,392.0
4752,v3,2026-01-21,5,395.0
4753,v4,2026-01-21,6,234.0
4754,v5,2026-01-21,3,447.0
4755,v6,2026-01-21,7,203.0
4756,d1,2026-01-21,8,552.0
4757,d2,2026-01-21,5,1245.0
4758,d3,2026-01-21,5,895.0
4759,d4,2026-01-21,6,594.0
4760,d5,2026-01-21,4,996.0
4761,b1,2026-01-21,8,1592.0
4762,b2,2026-01-21,8,1992.0
4763,b3,2026-01-21,7,1393.0
4764,b4,2026-01-21,3,1797.0
4765,b5,2026-01-21,6,1794.0
4766,bv1,2026-01-21,5,745.0
4767,bv2,2026-01-21,6,1494.0
4768,bv3,2026-01-21,4,796.0
4769,bv4,2026-01-21,3,1047.0
4770,s1,2026-01-21,5,1995.0
4771,s2,2026-01-21,7,1743.0
4772,s3,2026-01-21,5,495.0
4773,s4,2026-01-21,5,1495.0
4774,s5,2026-01-21,5,995.0
4775,f1,2026-01-22,6,1494.0
4776,f2,2026-01-22,6,294.0
4777,f3,2026-01-22,6,894.0
4778,f4,2026-01-22,7,1393.0
4779,f5,2026-01-22,6,594.0
4780,f6,2026-01-22,5,895.0
4781,v1,2026-01-22,7,623.0
4782,v2,2026-01-22,6,294.0
4783,v3,2026-01-22,6,474.0
4784,v4,2026-01-22,10,390.0
4785,v5,2026-01-22,6,894.0
4786,v6,2026-01-22,9,261.0
4787,d1,2026-01-22,11,759.0
4788,d2,2026-01-22,6,1494.0
4789,d3,2026-01-22,5,895.0
4790,d4,2026-01-22,9,891.0
4791,d5,2026-01-22,6,1494.0
4792,b1,2026-01-22,11,2189.0
4793,b2,2026-01-22,10,2490.0
4794,b3,2026-01-22,5,995.0
4795,b4,2026-01-22,4,2396.0
4796,b5,2026-01-22,5,1495.0
4797,bv1,2026-01-22,7,1043.0
4798,bv2,2026-01-22,7,1743.0
4799,bv3,2026-01-22,3,597.0
4800,bv4,2026-01-22,4,1396.0
4801,s1,2026-01-22,5,1995.0
4802,s2,2026-01-22,8,1992.0
4803,s3,2026-01-22,6,594.0
4804,s4,2026-01-22,5,1495.0
4805,s5,2026-01-22,9,1791.0
4806,f1,2026-01-23,6,1494.0
4807,f2,2026-01-23,7,343.0
4808,f3,2026-01-23,5,745.0
4809,f4,2026-01-23,5,995.0
4810,f5,2026-01-23,8,792.0
4811,f6,2026-01-23,5,895.0
4812,v1,2026-01-23,9,801.0
4813,v2,2026-01-23,11,539.0
4814,v3,2026-01-23,5,395.0
4815,v4,2026-01-23,9,351.0
4816,v5,2026-01-23,6,894.0
4817,v6,2026-01-23,10,290.0
4818,d1,2026-01-23,10,690.0
4819,d2,2026-01-23,8,1992.0
4820,d3,2026-01-23,7,1253.0
4821,d4,2026-01-23,9,891.0
4822,d5,2026-01-23,9,2241.0
4823,b1,2026-01-23,9,1791.0
4824,b2,2026-01-23,7,1743.0
4825,b3,2026-01-23,6,1194.0
4826,b4,2026-01-23,5,2995.0
4827,b5,2026-01-23,9,2691.0
4828,bv1,2026-01-23,8,1192.0
4829,bv2,2026-01-23,7,1743.0
4830,bv3,2026-01-23,5,995.0
4831,bv4,2026-01-23,4,1396.0
4832,s1,2026-01-23,4,1596.0
4833,s2,2026-01-23,9,2241.0
4834,s3,2026-01-23,6,594.0
4835,s4,2026-01-23,5,1495.0
4836,s5,2026-01-23,10,1990.0
4837,f1,2026-01-24,6,1494.0
4838,f2,2026-01-24,8,392.0
4839,f3,2026-01-24,8,1192.0
4840,f4,2026-01-24,9,1791.0
4841,f5,2026-01-24,9,891.0
4842,f6,2026-01-24,5,895.0
4843,v1,2026-01-24,9,801.0
4844,v2,2026-01-24,10,490.0
4845,v3,2026-01-24,10,790.0
4846,v4,2026-01-24,14,546.0
4847,v5,2026-01-24,7,1043.0
4848,v6,2026-01-24,12,348.0
4849,d1,2026-01-24,12,828.0
4850,d2,2026-01-24,12,2988.0
4851,d3,2026-01-24,11,1969.0
4852,d4,2026-01-24,10,990.0
4853,d5,2026-01-24,9,2241.0
4854,b1,2026-01-24,12,2388.0
4855,b2,2026-01-24,10,2490.0
4856,b3,2026-01-24,8,1592.0
4857,b4,2026-01-24,5,2995.0
4858,b5,2026-01-24,10,2990.0
4859,bv1,2026-01-24,10,1490.0
4860,bv2,2026-01-24,7,1743.0
4861,bv3,2026-01-24,5,995.0
4862,bv4,2026-01-24,6,2094.0
4863,s1,2026-01-24,5,1995.0
4864,s2,2026-01-24,11,2739.0
4865,s3,2026-01-24,10,990.0
4866,s4,2026-01-24,8,2392.0
4867,s5,2026-01-24,10,1990.0
4868,f1,2026-01-25,6,1494.0
4869,f2,2026-01-25,7,343.0
4870,f3,2026-01-25,7,1043.0
4871,f4,2026-01-25,8,1592.0
4872,f5,2026-01-25,7,693.0
4873,f6,2026-01-25,5,895.0
4874,v1,2026-01-25,11,979.0
4875,v2,2026-01-25,11,539.0
4876,v3,2026-01-25,9,711.0
4877,v4,2026-01-25,8,312.0
4878,v5,2026-01-25,5,745.0
4879,v6,2026-01-25,12,348.0
4880,d1,2026-01-25,13,897.0
4881,d2,2026-01-25,7,1743.0
4882,d3,2026-01-25,8,1432.0
4883,d4,2026-01-25,12,1188.0
4884,d5,2026-01-25,11,2739.0
4885,b1,2026-01-25,9,1791.0
4886,b2,2026-01-25,12,2988.0
4887,b3,2026-01-25,6,1194.0
4888,b4,2026-01-25,5,2995.0
4889,b5,2026-01-25,9,2691.0
4890,bv1,2026-01-25,9,1341.0
4891,bv2,2026-01-25,6,1494.0
4892,bv3,2026-01-25,5,995.0
4893,bv4,2026-01-25,7,2443.0
4894,s1,2026-01-25,5,1995.0
4895,s2,2026-01-25,9,2241.0
4896,s3,2026-01-25,9,891.0
4897,s4,2026-01-25,6,1794.0
4898,s5,2026-01-25,7,1393.0
4899,f1,2026-01-26,3,747.0
4900,f2,2026-01-26,5,245.0
4901,f3,2026-01-26,4,596.0
4902,f4,2026-01-26,5,995.0
4903,f5,2026-01-26,5,495.0
4904,f6,2026-01-26,2,358.0
4905,v1,2026-01-26,4,356.0
4906,v2,2026-01-26,6,294.0
4907,v3,2026-01-26,3,237.0
4908,v4,2026-01-26,7,273.0
4909,v5,2026-01-26,3,447.0
4910,v6,2026-01-26,5,145.0
4911,d1,2026-01-26,5,345.0
4912,d2,2026-01-26,4,996.0
4913,d3,2026-01-26,3,537.0
4914,d4,2026-01-26,8,792.0
4915,d5,2026-01-26,4,996.0
4916,b1,2026-01-26,5,995.0
4917,b2,2026-01-26,5,1245.0
4918,b3,2026-01-26,4,796.0
4919,b4,2026-01-26,3,1797.0
4920,b5,2026-01-26,4,1196.0
4921,bv1,2026-01-26,3,447.0
4922,bv2,2026-01-26,4,996.0
4923,bv3,2026-01-26,3,597.0
4924,bv4,2026-01-26,4,1396.0
4925,s1,2026-01-26,3,1197.0
4926,s2,2026-01-26,4,996.0
4927,s3,2026-01-26,4,396.0
4928,s4,2026-01-26,3,897.0
4929,s5,2026-01-26,5,995.0
4930,f1,2026-01-27,4,996.0
4931,f2,2026-01-27,4,196.0
4932,f3,2026-01-27,5,745.0
4933,f4,2026-01-27,5,995.0
4934,f5,2026-01-27,5,495.0
4935,f6,2026-01-27,4,716.0
4936,v1,2026-01-27,7,623.0
4937,v2,2026-01-27,6,294.0
4938,v3,2026-01-27,6,474.0
4939,v4,2026-01-27,8,312.0
4940,v5,2026-01-27,3,447.0
4941,v6,2026-01-27,6,174.0
4942,d1,2026-01-27,5,345.0
4943,d2,2026-01-27,7,1743.0
4944,d3,2026-01-27,5,895.0
4945,d4,2026-01-27,9,891.0
4946,d5,2026-01-27,6,1494.0
4947,b1,2026-01-27,8,1592.0
4948,b2,2026-01-27,7,1743.0
4949,b3,2026-01-27,6,1194.0
4950,b4,2026-01-27,4,2396.0
4951,b5,2026-01-27,6,1794.0
4952,bv1,2026-01-27,6,894.0
4953,bv2,2026-01-27,4,996.0
4954,bv3,2026-01-27,4,796.0
4955,bv4,2026-01-27,4,1396.0
4956,s1,2026-01-27,4,1596.0
4957,s2,2026-01-27,5,1245.0
4958,s3,2026-01-27,7,693.0
4959,s4,2026-01-27,3,897.0
4960,s5,2026-01-27,6,1194.0
4961,f1,2026-01-28,4,996.0
4962,f2,2026-01-28,4,196.0
4963,f3,2026-01-28,4,596.0
4964,f4,2026-01-28,4,796.0
4965,f5,2026-01-28,5,495.0
4966,f6,2026-01-28,3,537.0
4967,v1,2026-01-28,7,623.0
4968,v2,2026-01-28,8,392.0
4969,v3,2026-01-28,5,395.0
4970,v4,2026-01-28,7,273.0
4971,v5,2026-01-28,5,745.0
4972,v6,2026-01-28,8,232.0
4973,d1,2026-01-28,6,414.0
4974,d2,2026-01-28,7,1743.0
4975,d3,2026-01-28,6,1074.0
4976,d4,2026-01-28,9,891.0
4977,d5,2026-01-28,4,996.0
4978,b1,2026-01-28,8,1592.0
4979,b2,2026-01-28,5,1245.0
4980,b3,2026-01-28,7,1393.0
4981,b4,2026-01-28,4,2396.0
4982,b5,2026-01-28,7,2093.0
4983,bv1,2026-01-28,6,894.0
4984,bv2,2026-01-28,5,1245.0
4985,bv3,2026-01-28,5,995.0
4986,bv4,2026-01-28,5,1745.0
4987,s1,2026-01-28,5,1995.0
4988,s2,2026-01-28,7,1743.0
4989,s3,2026-01-28,5,495.0
4990,s4,2026-01-28,4,1196.0
4991,s5,2026-01-28,8,1592.0
4992,f1,2026-01-29,5,1245.0
4993,f2,2026-01-29,6,294.0
4994,f3,2026-01-29,5,745.0
4995,f4,2026-01-29,6,1194.0
4996,f5,2026-01-29,6,594.0
4997,f6,2026-01-29,4,716.0
4998,v1,2026-01-29,5,445.0
4999,v2,2026-01-29,8,392.0
5000,v3,2026-01-29,7,553.0
5001,v4,2026-01-29,9,351.0
5002,v5,2026-01-29,6,894.0
5003,v6,2026-01-29,9,261.0
5004,d1,2026-01-29,10,690.0
5005,d2,2026-01-29,8,1992.0
5006,d3,2026-01-29,9,1611.0
5007,d4,2026-01-29,8,792.0
5008,d5,2026-01-29,5,1245.0
5009,b1,2026-01-29,9,1791.0
5010,b2,2026-01-29,8,1992.0
5011,b3,2026-01-29,7,1393.0
5012,b4,2026-01-29,3,1797.0
5013,b5,2026-01-29,8,2392.0
5014,bv1,2026-01-29,6,894.0
5015,bv2,2026-01-29,6,1494.0
5016,bv3,2026-01-29,4,796.0
5017,bv4,2026-01-29,4,1396.0
5018,s1,2026-01-29,5,1995.0
5019,s2,2026-01-29,5,1245.0
5020,s3,2026-01-29,7,693.0
5021,s4,2026-01-29,5,1495.0
5022,s5,2026-01-29,6,1194.0
5023,f1,2026-01-30,5,1245.0
5024,f2,2026-01-30,5,245.0
5025,f3,2026-01-30,6,894.0
5026,f4,2026-01-30,8,1592.0
5027,f5,2026-01-30,6,594.0
5028,f6,2026-01-30,4,716.0
5029,v1,2026-01-30,8,712.0
5030,v2,2026-01-30,7,343.0
5031,v3,2026-01-30,6,474.0
5032,v4,2026-01-30,7,273.0
5033,v5,2026-01-30,7,1043.0
5034,v6,2026-01-30,10,290.0
5035,d1,2026-01-30,7,483.0
5036,d2,2026-01-30,6,1494.0
5037,d3,2026-01-30,8,1432.0
5038,d4,2026-01-30,12,1188.0
5039,d5,2026-01-30,9,2241.0
5040,b1,2026-01-30,11,2189.0
5041,b2,2026-01-30,12,2988.0
5042,b3,2026-01-30,6,1194.0
5043,b4,2026-01-30,4,2396.0
5044,b5,2026-01-30,9,2691.0
5045,bv1,2026-01-30,8,1192.0
5046,bv2,2026-01-30,7,1743.0
5047,bv3,2026-01-30,6,1194.0
5048,bv4,2026-01-30,5,1745.0
5049,s1,2026-01-30,6,2394.0
5050,s2,2026-01-30,6,1494.0
5051,s3,2026-01-30,8,792.0
5052,s4,2026-01-30,6,1794.0
5053,s5,2026-01-30,9,1791.0
5054,f1,2026-01-31,8,1992.0
5055,f2,2026-01-31,9,441.0
5056,f3,2026-01-31,7,1043.0
5057,f4,2026-01-31,8,1592.0
5058,f5,2026-01-31,10,990.0
5059,f6,2026-01-31,5,895.0
5060,v1,2026-01-31,8,712.0
5061,v2,2026-01-31,11,539.0
5062,v3,2026-01-31,8,632.0
5063,v4,2026-01-31,13,507.0
5064,v5,2026-01-31,7,1043.0
5065,v6,2026-01-31,11,319.0
5066,d1,2026-01-31,15,1035.0
5067,d2,2026-01-31,12,2988.0
5068,d3,2026-01-31,9,1611.0
5069,d4,2026-01-31,17,1683.0
5070,d5,2026-01-31,7,1743.0
5071,b1,2026-01-31,14,2786.0
5072,b2,2026-01-31,12,2988.0
5073,b3,2026-01-31,7,1393.0
5074,b4,2026-01-31,7,4193.0
5075,b5,2026-01-31,8,2392.0
5076,bv1,2026-01-31,7,1043.0
5077,bv2,2026-01-31,6,1494.0
5078,bv3,2026-01-31,4,796.0
5079,bv4,2026-01-31,8,2792.0
5080,s1,2026-01-31,7,2793.0
5081,s2,2026-01-31,7,1743.0
5082,s3,2026-01-31,11,1089.0
5083,s4,2026-01-31,7,2093.0
5084,s5,2026-01-31,11,2189.0
5085,f1,2026-02-01,7,1743.0
5086,f2,2026-02-01,6,294.0
5087,f3,2026-02-01,8,1192.0
5088,f4,2026-02-01,7,1393.0
5089,f5,2026-02-01,10,990.0
5090,f6,2026-02-01,7,1253.0
5091,v1,2026-02-01,6,534.0
5092,v2,2026-02-01,12,588.0
5093,v3,2026-02-01,7,553.0
5094,v4,2026-02-01,12,468.0
5095,v5,2026-02-01,7,1043.0
5096,v6,2026-02-01,8,232.0
5097,d1,2026-02-01,8,552.0
5098,d2,2026-02-01,10,2490.0
5099,d3,2026-02-01,8,1432.0
5100,d4,2026-02-01,11,1089.0
5101,d5,2026-02-01,9,2241.0
5102,b1,2026-02-01,11,2189.0
5103,b2,2026-02-01,8,1992.0
5104,b3,2026-02-01,8,1592.0
5105,b4,2026-02-01,5,2995.0
5106,b5,2026-02-01,7,2093.0
5107,bv1,2026-02-01,6,894.0
5108,bv2,2026-02-01,8,1992.0
5109,bv3,2026-02-01,6,1194.0
5110,bv4,2026-02-01,5,1745.0
5111,s1,2026-02-01,5,1995.0
5112,s2,2026-02-01,11,2739.0
5113,s3,2026-02-01,9,891.0
5114,s4,2026-02-01,8,2392.0
5115,s5,2026-02-01,12,2388.0
5116,f1,2026-02-02,3,747.0
5117,f2,2026-02-02,5,245.0
5118,f3,2026-02-02,3,447.0
5119,f4,2026-02-02,4,796.0
5120,f5,2026-02-02,4,396.0
5121,f6,2026-02-02,4,716.0
5122,v1,2026-02-02,5,445.0
5123,v2,2026-02-02,5,245.0
5124,v3,2026-02-02,4,316.0
5125,v4,2026-02-02,6,234.0
5126,v5,2026-02-02,4,596.0
5127,v6,2026-02-02,5,145.0
5128,d1,2026-02-02,7,483.0
5129,d2,2026-02-02,5,1245.0
5130,d3,2026-02-02,4,716.0
5131,d4,2026-02-02,8,792.0
5132,d5,2026-02-02,5,1245.0
5133,b1,2026-02-02,5,995.0
5134,b2,2026-02-02,6,1494.0
5135,b3,2026-02-02,4,796.0
5136,b4,2026-02-02,3,1797.0
5137,b5,2026-02-02,3,897.0
5138,bv1,2026-02-02,3,447.0
5139,bv2,2026-02-02,5,1245.0
5140,bv3,2026-02-02,3,597.0
5141,bv4,2026-02-02,3,1047.0
5142,s1,2026-02-02,3,1197.0
5143,s2,2026-02-02,4,996.0
5144,s3,2026-02-02,4,396.0
5145,s4,2026-02-02,4,1196.0
5146,s5,2026-02-02,5,995.0
5147,f1,2026-02-03,5,1245.0
5148,f2,2026-02-03,5,245.0
5149,f3,2026-02-03,4,596.0
5150,f4,2026-02-03,4,796.0
5151,f5,2026-02-03,5,495.0
5152,f6,2026-02-03,3,537.0
5153,v1,2026-02-03,6,534.0
5154,v2,2026-02-03,5,245.0
5155,v3,2026-02-03,6,474.0
5156,v4,2026-02-03,7,273.0
5157,v5,2026-02-03,5,745.0
5158,v6,2026-02-03,8,232.0
5159,d1,2026-02-03,7,483.0
5160,d2,2026-02-03,5,1245.0
5161,d3,2026-02-03,6,1074.0
5162,d4,2026-02-03,6,594.0
5163,d5,2026-02-03,6,1494.0
5164,b1,2026-02-03,5,995.0
5165,b2,2026-02-03,7,1743.0
5166,b3,2026-02-03,5,995.0
5167,b4,2026-02-03,2,1198.0
5168,b5,2026-02-03,4,1196.0
5169,bv1,2026-02-03,5,745.0
5170,bv2,2026-02-03,4,996.0
5171,bv3,2026-02-03,3,597.0
5172,bv4,2026-02-03,4,1396.0
5173,s1,2026-02-03,4,1596.0
5174,s2,2026-02-03,5,1245.0
5175,s3,2026-02-03,7,693.0
5176,s4,2026-02-03,5,1495.0
5177,s5,2026-02-03,7,1393.0
5178,f1,2026-02-04,5,1245.0
5179,f2,2026-02-04,5,245.0
5180,f3,2026-02-04,4,596.0
5181,f4,2026-02-04,7,1393.0
5182,f5,2026-02-04,6,594.0
5183,f6,2026-02-04,5,895.0
5184,v1,2026-02-04,7,623.0
5185,v2,2026-02-04,7,343.0
5186,v3,2026-02-04,4,316.0
5187,v4,2026-02-04,7,273.0
5188,v5,2026-02-04,5,745.0
5189,v6,2026-02-04,6,174.0
5190,d1,2026-02-04,10,690.0
5191,d2,2026-02-04,7,1743.0
5192,d3,2026-02-04,6,1074.0
5193,d4,2026-02-04,8,792.0
5194,d5,2026-02-04,6,1494.0
5195,b1,2026-02-04,5,995.0
5196,b2,2026-02-04,7,1743.0
5197,b3,2026-02-04,5,995.0
5198,b4,2026-02-04,4,2396.0
5199,b5,2026-02-04,4,1196.0
5200,bv1,2026-02-04,4,596.0
5201,bv2,2026-02-04,6,1494.0
5202,bv3,2026-02-04,3,597.0
5203,bv4,2026-02-04,6,2094.0
5204,s1,2026-02-04,5,1995.0
5205,s2,2026-02-04,7,1743.0
5206,s3,2026-02-04,6,594.0
5207,s4,2026-02-04,4,1196.0
5208,s5,2026-02-04,5,995.0
5209,f1,2026-02-05,6,1494.0
5210,f2,2026-02-05,4,196.0
5211,f3,2026-02-05,5,745.0
5212,f4,2026-02-05,6,1194.0
5213,f5,2026-02-05,7,693.0
5214,f6,2026-02-05,5,895.0
5215,v1,2026-02-05,8,712.0
5216,v2,2026-02-05,7,343.0
5217,v3,2026-02-05,4,316.0
5218,v4,2026-02-05,7,273.0
5219,v5,2026-02-05,6,894.0
5220,v6,2026-02-05,7,203.0
5221,d1,2026-02-05,11,759.0
5222,d2,2026-02-05,8,1992.0
5223,d3,2026-02-05,8,1432.0
5224,d4,2026-02-05,10,990.0
5225,d5,2026-02-05,8,1992.0
5226,b1,2026-02-05,6,1194.0
5227,b2,2026-02-05,5,1245.0
5228,b3,2026-02-05,5,995.0
5229,b4,2026-02-05,3,1797.0
5230,b5,2026-02-05,5,1495.0
5231,bv1,2026-02-05,4,596.0
5232,bv2,2026-02-05,5,1245.0
5233,bv3,2026-02-05,4,796.0
5234,bv4,2026-02-05,4,1396.0
5235,s1,2026-02-05,5,1995.0
5236,s2,2026-02-05,9,2241.0
5237,s3,2026-02-05,6,594.0
5238,s4,2026-02-05,4,1196.0
5239,s5,2026-02-05,9,1791.0
5240,f1,2026-02-06,5,1245.0
5241,f2,2026-02-06,6,294.0
5242,f3,2026-02-06,5,745.0
5243,f4,2026-02-06,7,1393.0
5244,f5,2026-02-06,7,693.0
5245,f6,2026-02-06,4,716.0
5246,v1,2026-02-06,7,623.0
5247,v2,2026-02-06,8,392.0
5248,v3,2026-02-06,7,553.0
5249,v4,2026-02-06,8,312.0
5250,v5,2026-02-06,5,745.0
5251,v6,2026-02-06,9,261.0
5252,d1,2026-02-06,10,690.0
5253,d2,2026-02-06,6,1494.0
5254,d3,2026-02-06,6,1074.0
5255,d4,2026-02-06,12,1188.0
5256,d5,2026-02-06,6,1494.0
5257,b1,2026-02-06,9,1791.0
5258,b2,2026-02-06,9,2241.0
5259,b3,2026-02-06,7,1393.0
5260,b4,2026-02-06,5,2995.0
5261,b5,2026-02-06,8,2392.0
5262,bv1,2026-02-06,4,596.0
5263,bv2,2026-02-06,8,1992.0
5264,bv3,2026-02-06,4,796.0
5265,bv4,2026-02-06,5,1745.0
5266,s1,2026-02-06,6,2394.0
5267,s2,2026-02-06,9,2241.0
5268,s3,2026-02-06,10,990.0
5269,s4,2026-02-06,7,2093.0
5270,s5,2026-02-06,7,1393.0
5271,f1,2026-02-07,8,1992.0
5272,f2,2026-02-07,7,343.0
5273,f3,2026-02-07,8,1192.0
5274,f4,2026-02-07,10,1990.0
5275,f5,2026-02-07,8,792.0
5276,f6,2026-02-07,6,1074.0
5277,v1,2026-02-07,11,979.0
5278,v2,2026-02-07,13,637.0
5279,v3,2026-02-07,6,474.0
5280,v4,2026-02-07,10,390.0
5281,v5,2026-02-07,6,894.0
5282,v6,2026-02-07,12,348.0
5283,d1,2026-02-07,11,759.0
5284,d2,2026-02-07,12,2988.0
5285,d3,2026-02-07,12,2148.0
5286,d4,2026-02-07,15,1485.0
5287,d5,2026-02-07,6,1494.0
5288,b1,2026-02-07,11,2189.0
5289,b2,2026-02-07,12,2988.0
5290,b3,2026-02-07,8,1592.0
5291,b4,2026-02-07,4,2396.0
5292,b5,2026-02-07,9,2691.0
5293,bv1,2026-02-07,8,1192.0
5294,bv2,2026-02-07,9,2241.0
5295,bv3,2026-02-07,5,995.0
5296,bv4,2026-02-07,7,2443.0
5297,s1,2026-02-07,8,3192.0
5298,s2,2026-02-07,12,2988.0
5299,s3,2026-02-07,12,1188.0
5300,s4,2026-02-07,8,2392.0
5301,s5,2026-02-07,9,1791.0
5302,f1,2026-02-08,6,1494.0
5303,f2,2026-02-08,10,490.0
5304,f3,2026-02-08,8,1192.0
5305,f4,2026-02-08,9,1791.0
5306,f5,2026-02-08,8,792.0
5307,f6,2026-02-08,4,716.0
5308,v1,2026-02-08,8,712.0
5309,v2,2026-02-08,7,343.0
5310,v3,2026-02-08,7,553.0
5311,v4,2026-02-08,8,312.0
5312,v5,2026-02-08,5,745.0
5313,v6,2026-02-08,12,348.0
5314,d1,2026-02-08,13,897.0
5315,d2,2026-02-08,10,2490.0
5316,d3,2026-02-08,7,1253.0
5317,d4,2026-02-08,11,1089.0
5318,d5,2026-02-08,7,1743.0
5319,b1,2026-02-08,13,2587.0
5320,b2,2026-02-08,7,1743.0
5321,b3,2026-02-08,9,1791.0
5322,b4,2026-02-08,4,2396.0
5323,b5,2026-02-08,9,2691.0
5324,bv1,2026-02-08,8,1192.0
5325,bv2,2026-02-08,6,1494.0
5326,bv3,2026-02-08,7,1393.0
5327,bv4,2026-02-08,6,2094.0
5328,s1,2026-02-08,5,1995.0
5329,s2,2026-02-08,9,2241.0
5330,s3,2026-02-08,8,792.0
5331,s4,2026-02-08,7,2093.0
5332,s5,2026-02-08,8,1592.0
5333,f1,2026-02-09,4,996.0
5334,f2,2026-02-09,5,245.0
5335,f3,2026-02-09,3,447.0
5336,f4,2026-02-09,4,796.0
5337,f5,2026-02-09,5,495.0
5338,f6,2026-02-09,3,537.0
5339,v1,2026-02-09,3,267.0
5340,v2,2026-02-09,4,196.0
5341,v3,2026-02-09,5,395.0
5342,v4,2026-02-09,7,273.0
5343,v5,2026-02-09,3,447.0
5344,v6,2026-02-09,7,203.0
5345,d1,2026-02-09,7,483.0
5346,d2,2026-02-09,5,1245.0
5347,d3,2026-02-09,5,895.0
5348,d4,2026-02-09,9,891.0
5349,d5,2026-02-09,6,1494.0
5350,b1,2026-02-09,4,796.0
5351,b2,2026-02-09,4,996.0
5352,b3,2026-02-09,5,995.0
5353,b4,2026-02-09,2,1198.0
5354,b5,2026-02-09,3,897.0
5355,bv1,2026-02-09,3,447.0
5356,bv2,2026-02-09,5,1245.0
5357,bv3,2026-02-09,2,398.0
5358,bv4,2026-02-09,4,1396.0
5359,s1,2026-02-09,2,798.0
5360,s2,2026-02-09,6,1494.0
5361,s3,2026-02-09,5,495.0
5362,s4,2026-02-09,5,1495.0
5363,s5,2026-02-09,6,1194.0
5364,f1,2026-02-10,5,1245.0
5365,f2,2026-02-10,4,196.0
5366,f3,2026-02-10,5,745.0
5367,f4,2026-02-10,6,1194.0
5368,f5,2026-02-10,4,396.0
5369,f6,2026-02-10,4,716.0
5370,v1,2026-02-10,5,445.0
5371,v2,2026-02-10,7,343.0
5372,v3,2026-02-10,5,395.0
5373,v4,2026-02-10,7,273.0
5374,v5,2026-02-10,5,745.0
5375,v6,2026-02-10,6,174.0
5376,d1,2026-02-10,8,552.0
5377,d2,2026-02-10,5,1245.0
5378,d3,2026-02-10,6,1074.0
5379,d4,2026-02-10,10,990.0
5380,d5,2026-02-10,5,1245.0
5381,b1,2026-02-10,8,1592.0
5382,b2,2026-02-10,6,1494.0
5383,b3,2026-02-10,5,995.0
5384,b4,2026-02-10,4,2396.0
5385,b5,2026-02-10,6,1794.0
5386,bv1,2026-02-10,4,596.0
5387,bv2,2026-02-10,6,1494.0
5388,bv3,2026-02-10,4,796.0
5389,bv4,2026-02-10,3,1047.0
5390,s1,2026-02-10,4,1596.0
5391,s2,2026-02-10,5,1245.0
5392,s3,2026-02-10,7,693.0
5393,s4,2026-02-10,5,1495.0
5394,s5,2026-02-10,6,1194.0
5395,f1,2026-02-11,4,996.0
5396,f2,2026-02-11,6,294.0
5397,f3,2026-02-11,4,596.0
5398,f4,2026-02-11,4,796.0
5399,f5,2026-02-11,6,594.0
5400,f6,2026-02-11,4,716.0
5401,v1,2026-02-11,6,534.0
5402,v2,2026-02-11,7,343.0
5403,v3,2026-02-11,5,395.0
5404,v4,2026-02-11,8,312.0
5405,v5,2026-02-11,3,447.0
5406,v6,2026-02-11,5,145.0
5407,d1,2026-02-11,8,552.0
5408,d2,2026-02-11,5,1245.0
5409,d3,2026-02-11,7,1253.0
5410,d4,2026-02-11,10,990.0
5411,d5,2026-02-11,6,1494.0
5412,b1,2026-02-11,7,1393.0
5413,b2,2026-02-11,8,1992.0
5414,b3,2026-02-11,7,1393.0
5415,b4,2026-02-11,3,1797.0
5416,b5,2026-02-11,7,2093.0
5417,bv1,2026-02-11,5,745.0
5418,bv2,2026-02-11,6,1494.0
5419,bv3,2026-02-11,3,597.0
5420,bv4,2026-02-11,4,1396.0
5421,s1,2026-02-11,4,1596.0
5422,s2,2026-02-11,7,1743.0
5423,s3,2026-02-11,8,792.0
5424,s4,2026-02-11,4,1196.0
5425,s5,2026-02-11,5,995.0
5426,f1,2026-02-12,4,996.0
5427,f2,2026-02-12,6,294.0
5428,f3,2026-02-12,4,596.0
5429,f4,2026-02-12,5,995.0
5430,f5,2026-02-12,6,594.0
5431,f6,2026-02-12,5,895.0
5432,v1,2026-02-12,8,712.0
5433,v2,2026-02-12,5,245.0
5434,v3,2026-02-12,8,632.0
5435,v4,2026-02-12,6,234.0
5436,v5,2026-02-12,6,894.0
5437,v6,2026-02-12,10,290.0
5438,d1,2026-02-12,7,483.0
5439,d2,2026-02-12,7,1743.0
5440,d3,2026-02-12,6,1074.0
5441,d4,2026-02-12,12,1188.0
5442,d5,2026-02-12,7,1743.0
5443,b1,2026-02-12,8,1592.0
5444,b2,2026-02-12,8,1992.0
5445,b3,2026-02-12,7,1393.0
5446,b4,2026-02-12,5,2995.0
5447,b5,2026-02-12,4,1196.0
5448,bv1,2026-02-12,6,894.0
5449,bv2,2026-02-12,5,1245.0
5450,bv3,2026-02-12,4,796.0
5451,bv4,2026-02-12,6,2094.0
5452,s1,2026-02-12,4,1596.0
5453,s2,2026-02-12,6,1494.0
5454,s3,2026-02-12,9,891.0
5455,s4,2026-02-12,5,1495.0
5456,s5,2026-02-12,6,1194.0
5457,f1,2026-02-13,7,1743.0
5458,f2,2026-02-13,6,294.0
5459,f3,2026-02-13,5,745.0
5460,f4,2026-02-13,5,995.0
5461,f5,2026-02-13,9,891.0
5462,f6,2026-02-13,4,716.0
5463,v1,2026-02-13,9,801.0
5464,v2,2026-02-13,8,392.0
5465,v3,2026-02-13,5,395.0
5466,v4,2026-02-13,11,429.0
5467,v5,2026-02-13,7,1043.0
5468,v6,2026-02-13,8,232.0
5469,d1,2026-02-13,8,552.0
5470,d2,2026-02-13,8,1992.0
5471,d3,2026-02-13,8,1432.0
5472,d4,2026-02-13,12,1188.0
5473,d5,2026-02-13,7,1743.0
5474,b1,2026-02-13,6,1194.0
5475,b2,2026-02-13,10,2490.0
5476,b3,2026-02-13,8,1592.0
5477,b4,2026-02-13,3,1797.0
5478,b5,2026-02-13,5,1495.0
5479,bv1,2026-02-13,5,745.0
5480,bv2,2026-02-13,7,1743.0
5481,bv3,2026-02-13,4,796.0
5482,bv4,2026-02-13,7,2443.0
5483,s1,2026-02-13,5,1995.0
5484,s2,2026-02-13,10,2490.0
5485,s3,2026-02-13,9,891.0
5486,s4,2026-02-13,6,1794.0
5487,s5,2026-02-13,8,1592.0
5488,f1,2026-02-14,9,2241.0
5489,f2,2026-02-14,7,343.0
5490,f3,2026-02-14,10,1490.0
5491,f4,2026-02-14,8,1592.0
5492,f5,2026-02-14,7,693.0
5493,f6,2026-02-14,8,1432.0
5494,v1,2026-02-14,9,801.0
5495,v2,2026-02-14,11,539.0
5496,v3,2026-02-14,7,553.0
5497,v4,2026-02-14,10,390.0
5498,v5,2026-02-14,5,745.0
5499,v6,2026-02-14,8,232.0
5500,d1,2026-02-14,9,621.0
5501,d2,2026-02-14,10,2490.0
5502,d3,2026-02-14,8,1432.0
5503,d4,2026-02-14,13,1287.0
5504,d5,2026-02-14,10,2490.0
5505,b1,2026-02-14,10,1990.0
5506,b2,2026-02-14,11,2739.0
5507,b3,2026-02-14,9,1791.0
5508,b4,2026-02-14,6,3594.0
5509,b5,2026-02-14,8,2392.0
5510,bv1,2026-02-14,10,1490.0
5511,bv2,2026-02-14,10,2490.0
5512,bv3,2026-02-14,7,1393.0
5513,bv4,2026-02-14,5,1745.0
5514,s1,2026-02-14,5,1995.0
5515,s2,2026-02-14,8,1992.0
5516,s3,2026-02-14,10,990.0
5517,s4,2026-02-14,5,1495.0
5518,s5,2026-02-14,12,2388.0
5519,f1,2026-02-15,6,1494.0
5520,f2,2026-02-15,9,441.0
5521,f3,2026-02-15,6,894.0
5522,f4,2026-02-15,9,1791.0
5523,f5,2026-02-15,10,990.0
5524,f6,2026-02-15,6,1074.0
5525,v1,2026-02-15,9,801.0
5526,v2,2026-02-15,12,588.0
5527,v3,2026-02-15,8,632.0
5528,v4,2026-02-15,12,468.0
5529,v5,2026-02-15,5,745.0
5530,v6,2026-02-15,10,290.0
5531,d1,2026-02-15,10,690.0
5532,d2,2026-02-15,10,2490.0
5533,d3,2026-02-15,10,1790.0
5534,d4,2026-02-15,9,891.0
5535,d5,2026-02-15,11,2739.0
5536,b1,2026-02-15,12,2388.0
5537,b2,2026-02-15,9,2241.0
5538,b3,2026-02-15,7,1393.0
5539,b4,2026-02-15,4,2396.0
5540,b5,2026-02-15,6,1794.0
5541,bv1,2026-02-15,6,894.0
5542,bv2,2026-02-15,8,1992.0
5543,bv3,2026-02-15,4,796.0
5544,bv4,2026-02-15,6,2094.0
5545,s1,2026-02-15,4,1596.0
5546,s2,2026-02-15,10,2490.0
5547,s3,2026-02-15,12,1188.0
5548,s4,2026-02-15,6,1794.0
5549,s5,2026-02-15,9,1791.0
5550,f1,2026-02-16,3,747.0
5551,f2,2026-02-16,3,147.0
5552,f3,2026-02-16,3,447.0
5553,f4,2026-02-16,4,796.0
5554,f5,2026-02-16,6,594.0
5555,f6,2026-02-16,2,358.0
5556,v1,2026-02-16,6,534.0
5557,v2,2026-02-16,5,245.0
5558,v3,2026-02-16,3,237.0
5559,v4,2026-02-16,6,234.0
5560,v5,2026-02-16,3,447.0
5561,v6,2026-02-16,5,145.0
5562,d1,2026-02-16,7,483.0
5563,d2,2026-02-16,4,996.0
5564,d3,2026-02-16,6,1074.0
5565,d4,2026-02-16,8,792.0
5566,d5,2026-02-16,4,996.0
5567,b1,2026-02-16,5,995.0
5568,b2,2026-02-16,5,1245.0
5569,b3,2026-02-16,5,995.0
5570,b4,2026-02-16,3,1797.0
5571,b5,2026-02-16,4,1196.0
5572,bv1,2026-02-16,5,745.0
5573,bv2,2026-02-16,4,996.0
5574,bv3,2026-02-16,2,398.0
5575,bv4,2026-02-16,3,1047.0
5576,s1,2026-02-16,4,1596.0
5577,s2,2026-02-16,5,1245.0
5578,s3,2026-02-16,6,594.0
5579,s4,2026-02-16,4,1196.0
5580,s5,2026-02-16,4,796.0
5581,f1,2026-02-17,3,747.0
5582,f2,2026-02-17,4,196.0
5583,f3,2026-02-17,3,447.0
5584,f4,2026-02-17,6,1194.0
5585,f5,2026-02-17,7,693.0
5586,f6,2026-02-17,4,716.0
5587,v1,2026-02-17,5,445.0
5588,v2,2026-02-17,5,245.0
5589,v3,2026-02-17,4,316.0
5590,v4,2026-02-17,6,234.0
5591,v5,2026-02-17,3,447.0
5592,v6,2026-02-17,5,145.0
5593,d1,2026-02-17,7,483.0
5594,d2,2026-02-17,4,996.0
5595,d3,2026-02-17,5,895.0
5596,d4,2026-02-17,8,792.0
5597,d5,2026-02-17,6,1494.0
5598,b1,2026-02-17,7,1393.0
5599,b2,2026-02-17,7,1743.0
5600,b3,2026-02-17,4,796.0
5601,b4,2026-02-17,3,1797.0
5602,b5,2026-02-17,5,1495.0
5603,bv1,2026-02-17,5,745.0
5604,bv2,2026-02-17,3,747.0
5605,bv3,2026-02-17,2,398.0
5606,bv4,2026-02-17,4,1396.0
5607,s1,2026-02-17,3,1197.0
5608,s2,2026-02-17,7,1743.0
5609,s3,2026-02-17,7,693.0
5610,s4,2026-02-17,4,1196.0
5611,s5,2026-02-17,6,1194.0
5612,f1,2026-02-18,6,1494.0
5613,f2,2026-02-18,5,245.0
5614,f3,2026-02-18,4,596.0
5615,f4,2026-02-18,5,995.0
5616,f5,2026-02-18,5,495.0
5617,f6,2026-02-18,5,895.0
5618,v1,2026-02-18,5,445.0
5619,v2,2026-02-18,5,245.0
5620,v3,2026-02-18,5,395.0
5621,v4,2026-02-18,6,234.0
5622,v5,2026-02-18,4,596.0
5623,v6,2026-02-18,8,232.0
5624,d1,2026-02-18,7,483.0
5625,d2,2026-02-18,6,1494.0
5626,d3,2026-02-18,8,1432.0
5627,d4,2026-02-18,10,990.0
5628,d5,2026-02-18,7,1743.0
5629,b1,2026-02-18,7,1393.0
5630,b2,2026-02-18,9,2241.0
5631,b3,2026-02-18,6,1194.0
5632,b4,2026-02-18,4,2396.0
5633,b5,2026-02-18,4,1196.0
5634,bv1,2026-02-18,4,596.0
5635,bv2,2026-02-18,4,996.0
5636,bv3,2026-02-18,5,995.0
5637,bv4,2026-02-18,5,1745.0
5638,s1,2026-02-18,3,1197.0
5639,s2,2026-02-18,6,1494.0
5640,s3,2026-02-18,5,495.0
5641,s4,2026-02-18,5,1495.0
5642,s5,2026-02-18,6,1194.0
5643,f1,2026-02-19,4,996.0
5644,f2,2026-02-19,5,245.0
5645,f3,2026-02-19,6,894.0
5646,f4,2026-02-19,7,1393.0
5647,f5,2026-02-19,6,594.0
5648,f6,2026-02-19,4,716.0
5649,v1,2026-02-19,5,445.0
5650,v2,2026-02-19,8,392.0
5651,v3,2026-02-19,5,395.0
5652,v4,2026-02-19,9,351.0
5653,v5,2026-02-19,5,745.0
5654,v6,2026-02-19,8,232.0
5655,d1,2026-02-19,7,483.0
5656,d2,2026-02-19,8,1992.0
5657,d3,2026-02-19,8,1432.0
5658,d4,2026-02-19,13,1287.0
5659,d5,2026-02-19,6,1494.0
5660,b1,2026-02-19,10,1990.0
5661,b2,2026-02-19,9,2241.0
5662,b3,2026-02-19,6,1194.0
5663,b4,2026-02-19,4,2396.0
5664,b5,2026-02-19,7,2093.0
5665,bv1,2026-02-19,4,596.0
5666,bv2,2026-02-19,5,1245.0
5667,bv3,2026-02-19,6,1194.0
5668,bv4,2026-02-19,5,1745.0
5669,s1,2026-02-19,5,1995.0
5670,s2,2026-02-19,6,1494.0
5671,s3,2026-02-19,7,693.0
5672,s4,2026-02-19,6,1794.0
5673,s5,2026-02-19,7,1393.0
5674,f1,2026-02-20,4,996.0
5675,f2,2026-02-20,7,343.0
5676,f3,2026-02-20,5,745.0
5677,f4,2026-02-20,8,1592.0
5678,f5,2026-02-20,7,693.0
5679,f6,2026-02-20,5,895.0
5680,v1,2026-02-20,6,534.0
5681,v2,2026-02-20,11,539.0
5682,v3,2026-02-20,6,474.0
5683,v4,2026-02-20,9,351.0
5684,v5,2026-02-20,4,596.0
5685,v6,2026-02-20,11,319.0
5686,d1,2026-02-20,8,552.0
5687,d2,2026-02-20,10,2490.0
5688,d3,2026-02-20,7,1253.0
5689,d4,2026-02-20,13,1287.0
5690,d5,2026-02-20,8,1992.0
5691,b1,2026-02-20,8,1592.0
5692,b2,2026-02-20,6,1494.0
5693,b3,2026-02-20,7,1393.0
5694,b4,2026-02-20,5,2995.0
5695,b5,2026-02-20,5,1495.0
5696,bv1,2026-02-20,5,745.0
5697,bv2,2026-02-20,8,1992.0
5698,bv3,2026-02-20,5,995.0
5699,bv4,2026-02-20,6,2094.0
5700,s1,2026-02-20,6,2394.0
5701,s2,2026-02-20,6,1494.0
5702,s3,2026-02-20,7,693.0
5703,s4,2026-02-20,5,1495.0
5704,s5,2026-02-20,7,1393.0
5705,f1,2026-02-21,8,1992.0
5706,f2,2026-02-21,8,392.0
5707,f3,2026-02-21,6,894.0
5708,f4,2026-02-21,8,1592.0
5709,f5,2026-02-21,6,594.0
5710,f6,2026-02-21,7,1253.0
5711,v1,2026-02-21,8,712.0
5712,v2,2026-02-21,11,539.0
5713,v3,2026-02-21,10,790.0
5714,v4,2026-02-21,15,585.0
5715,v5,2026-02-21,8,1192.0
5716,v6,2026-02-21,13,377.0
5717,d1,2026-02-21,12,828.0
5718,d2,2026-02-21,11,2739.0
5719,d3,2026-02-21,12,2148.0
5720,d4,2026-02-21,13,1287.0
5721,d5,2026-02-21,10,2490.0
5722,b1,2026-02-21,10,1990.0
5723,b2,2026-02-21,10,2490.0
5724,b3,2026-02-21,7,1393.0
5725,b4,2026-02-21,4,2396.0
5726,b5,2026-02-21,6,1794.0
5727,bv1,2026-02-21,7,1043.0
5728,bv2,2026-02-21,10,2490.0
5729,bv3,2026-02-21,6,1194.0
5730,bv4,2026-02-21,6,2094.0
5731,s1,2026-02-21,7,2793.0
5732,s2,2026-02-21,10,2490.0
5733,s3,2026-02-21,12,1188.0
5734,s4,2026-02-21,7,2093.0
5735,s5,2026-02-21,13,2587.0
5736,f1,2026-02-22,6,1494.0
5737,f2,2026-02-22,8,392.0
5738,f3,2026-02-22,6,894.0
5739,f4,2026-02-22,8,1592.0
5740,f5,2026-02-22,9,891.0
5741,f6,2026-02-22,6,1074.0
5742,v1,2026-02-22,7,623.0
5743,v2,2026-02-22,7,343.0
5744,v3,2026-02-22,8,632.0
5745,v4,2026-02-22,8,312.0
5746,v5,2026-02-22,8,1192.0
5747,v6,2026-02-22,11,319.0
5748,d1,2026-02-22,14,966.0
5749,d2,2026-02-22,9,2241.0
5750,d3,2026-02-22,9,1611.0
5751,d4,2026-02-22,13,1287.0
5752,d5,2026-02-22,7,1743.0
5753,b1,2026-02-22,8,1592.0
5754,b2,2026-02-22,11,2739.0
5755,b3,2026-02-22,7,1393.0
5756,b4,2026-02-22,6,3594.0
5757,b5,2026-02-22,7,2093.0
5758,bv1,2026-02-22,8,1192.0
5759,bv2,2026-02-22,9,2241.0
5760,bv3,2026-02-22,6,1194.0
5761,bv4,2026-02-22,6,2094.0
5762,s1,2026-02-22,6,2394.0
5763,s2,2026-02-22,7,1743.0
5764,s3,2026-02-22,11,1089.0
5765,s4,2026-02-22,7,2093.0
5766,s5,2026-02-22,10,1990.0
5767,f1,2026-02-23,4,996.0
5768,f2,2026-02-23,3,147.0
5769,f3,2026-02-23,4,596.0
5770,f4,2026-02-23,3,597.0
5771,f5,2026-02-23,4,396.0
5772,f6,2026-02-23,3,537.0
5773,v1,2026-02-23,4,356.0
5774,v2,2026-02-23,4,196.0
5775,v3,2026-02-23,4,316.0
5776,v4,2026-02-23,8,312.0
5777,v5,2026-02-23,3,447.0
5778,v6,2026-02-23,4,116.0
5779,d1,2026-02-23,6,414.0
5780,d2,2026-02-23,5,1245.0
5781,d3,2026-02-23,4,716.0
5782,d4,2026-02-23,6,594.0
5783,d5,2026-02-23,5,1245.0
5784,b1,2026-02-23,6,1194.0
5785,b2,2026-02-23,6,1494.0
5786,b3,2026-02-23,4,796.0
5787,b4,2026-02-23,3,1797.0
5788,b5,2026-02-23,5,1495.0
5789,bv1,2026-02-23,5,745.0
5790,bv2,2026-02-23,4,996.0
5791,bv3,2026-02-23,4,796.0
5792,bv4,2026-02-23,4,1396.0
5793,s1,2026-02-23,3,1197.0
5794,s2,2026-02-23,3,747.0
5795,s3,2026-02-23,7,693.0
5796,s4,2026-02-23,4,1196.0
5797,s5,2026-02-23,4,796.0
5798,f1,2026-02-24,5,1245.0
5799,f2,2026-02-24,5,245.0
5800,f3,2026-02-24,4,596.0
5801,f4,2026-02-24,4,796.0
5802,f5,2026-02-24,6,594.0
5803,f6,2026-02-24,3,537.0
5804,v1,2026-02-24,7,623.0
5805,v2,2026-02-24,5,245.0
5806,v3,2026-02-24,4,316.0
5807,v4,2026-02-24,7,273.0
5808,v5,2026-02-24,4,596.0
5809,v6,2026-02-24,7,203.0
5810,d1,2026-02-24,5,345.0
5811,d2,2026-02-24,6,1494.0
5812,d3,2026-02-24,7,1253.0
5813,d4,2026-02-24,9,891.0
5814,d5,2026-02-24,6,1494.0
5815,b1,2026-02-24,5,995.0
5816,b2,2026-02-24,5,1245.0
5817,b3,2026-02-24,4,796.0
5818,b4,2026-02-24,2,1198.0
5819,b5,2026-02-24,4,1196.0
5820,bv1,2026-02-24,4,596.0
5821,bv2,2026-02-24,4,996.0
5822,bv3,2026-02-24,3,597.0
5823,bv4,2026-02-24,3,1047.0
5824,s1,2026-02-24,3,1197.0
5825,s2,2026-02-24,7,1743.0
5826,s3,2026-02-24,5,495.0
5827,s4,2026-02-24,4,1196.0
5828,s5,2026-02-24,6,1194.0
5829,f1,2026-02-25,4,996.0
5830,f2,2026-02-25,6,294.0
5831,f3,2026-02-25,5,745.0
5832,f4,2026-02-25,5,995.0
5833,f5,2026-02-25,5,495.0
5834,f6,2026-02-25,3,537.0
5835,v1,2026-02-25,5,445.0
5836,v2,2026-02-25,6,294.0
5837,v3,2026-02-25,5,395.0
5838,v4,2026-02-25,8,312.0
5839,v5,2026-02-25,4,596.0
5840,v6,2026-02-25,5,145.0
5841,d1,2026-02-25,8,552.0
5842,d2,2026-02-25,8,1992.0
5843,d3,2026-02-25,7,1253.0
5844,d4,2026-02-25,7,693.0
5845,d5,2026-02-25,6,1494.0
5846,b1,2026-02-25,7,1393.0
5847,b2,2026-02-25,6,1494.0
5848,b3,2026-02-25,6,1194.0
5849,b4,2026-02-25,3,1797.0
5850,b5,2026-02-25,5,1495.0
5851,bv1,2026-02-25,4,596.0
5852,bv2,2026-02-25,6,1494.0
5853,bv3,2026-02-25,5,995.0
5854,bv4,2026-02-25,4,1396.0
5855,s1,2026-02-25,4,1596.0
5856,s2,2026-02-25,8,1992.0
5857,s3,2026-02-25,6,594.0
5858,s4,2026-02-25,5,1495.0
5859,s5,2026-02-25,8,1592.0
5860,f1,2026-02-26,4,996.0
5861,f2,2026-02-26,5,245.0
5862,f3,2026-02-26,4,596.0
5863,f4,2026-02-26,4,796.0
5864,f5,2026-02-26,7,693.0
5865,f6,2026-02-26,5,895.0
5866,v1,2026-02-26,8,712.0
5867,v2,2026-02-26,7,343.0
5868,v3,2026-02-26,5,395.0
5869,v4,2026-02-26,8,312.0
5870,v5,2026-02-26,4,596.0
5871,v6,2026-02-26,9,261.0
5872,d1,2026-02-26,7,483.0
5873,d2,2026-02-26,9,2241.0
5874,d3,2026-02-26,8,1432.0
5875,d4,2026-02-26,8,792.0
5876,d5,2026-02-26,8,1992.0
5877,b1,2026-02-26,9,1791.0
5878,b2,2026-02-26,7,1743.0
5879,b3,2026-02-26,7,1393.0
5880,b4,2026-02-26,4,2396.0
5881,b5,2026-02-26,6,1794.0
5882,bv1,2026-02-26,6,894.0
5883,bv2,2026-02-26,6,1494.0
5884,bv3,2026-02-26,5,995.0
5885,bv4,2026-02-26,4,1396.0
5886,s1,2026-02-26,5,1995.0
5887,s2,2026-02-26,8,1992.0
5888,s3,2026-02-26,7,693.0
5889,s4,2026-02-26,5,1495.0
5890,s5,2026-02-26,8,1592.0
5891,f1,2026-02-27,5,1245.0
5892,f2,2026-02-27,5,245.0
5893,f3,2026-02-27,6,894.0
5894,f4,2026-02-27,7,1393.0
5895,f5,2026-02-27,9,891.0
5896,f6,2026-02-27,4,716.0
5897,v1,2026-02-27,8,712.0
5898,v2,2026-02-27,9,441.0
5899,v3,2026-02-27,7,553.0
5900,v4,2026-02-27,10,390.0
5901,v5,2026-02-27,5,745.0
5902,v6,2026-02-27,7,203.0
5903,d1,2026-02-27,11,759.0
5904,d2,2026-02-27,6,1494.0
5905,d3,2026-02-27,9,1611.0
5906,d4,2026-02-27,13,1287.0
5907,d5,2026-02-27,7,1743.0
5908,b1,2026-02-27,9,1791.0
5909,b2,2026-02-27,8,1992.0
5910,b3,2026-02-27,5,995.0
5911,b4,2026-02-27,5,2995.0
5912,b5,2026-02-27,5,1495.0
5913,bv1,2026-02-27,5,745.0
5914,bv2,2026-02-27,5,1245.0
5915,bv3,2026-02-27,5,995.0
5916,bv4,2026-02-27,7,2443.0
5917,s1,2026-02-27,4,1596.0
5918,s2,2026-02-27,10,2490.0
5919,s3,2026-02-27,9,891.0
5920,s4,2026-02-27,7,2093.0
5921,s5,2026-02-27,8,1592.0
5922,f1,2026-02-28,8,1992.0
5923,f2,2026-02-28,6,294.0
5924,f3,2026-02-28,7,1043.0
5925,f4,2026-02-28,8,1592.0
5926,f5,2026-02-28,7,693.0
5927,f6,2026-02-28,7,1253.0
5928,v1,2026-02-28,7,623.0
5929,v2,2026-02-28,9,441.0
5930,v3,2026-02-28,7,553.0
5931,v4,2026-02-28,14,546.0
5932,v5,2026-02-28,8,1192.0
5933,v6,2026-02-28,8,232.0
5934,d1,2026-02-28,14,966.0
5935,d2,2026-02-28,12,2988.0
5936,d3,2026-02-28,7,1253.0
5937,d4,2026-02-28,17,1683.0
5938,d5,2026-02-28,9,2241.0
5939,b1,2026-02-28,13,2587.0
5940,b2,2026-02-28,12,2988.0
5941,b3,2026-02-28,9,1791.0
5942,b4,2026-02-28,4,2396.0
5943,b5,2026-02-28,9,2691.0
5944,bv1,2026-02-28,8,1192.0
5945,bv2,2026-02-28,10,2490.0
5946,bv3,2026-02-28,5,995.0
5947,bv4,2026-02-28,7,2443.0
5948,s1,2026-02-28,7,2793.0
5949,s2,2026-02-28,13,3237.0
5950,s3,2026-02-28,9,891.0
5951,s4,2026-02-28,6,1794.0
5952,s5,2026-02-28,8,1592.0
5953,f1,2026-03-01,10,2490.0
5954,f2,2026-03-01,7,343.0
5955,f3,2026-03-01,12,1788.0
5956,f4,2026-03-01,11,2189.0
5957,f5,2026-03-01,13,1287.0
5958,f6,2026-03-01,7,1253.0
5959,v1,2026-03-01,7,623.0
5960,v2,2026-03-01,14,686.0
5961,v3,2026-03-01,10,790.0
5962,v4,2026-03-01,14,546.0
5963,v5,2026-03-01,9,1341.0
5964,v6,2026-03-01,8,232.0
5965,d1,2026-03-01,12,828.0
5966,d2,2026-03-01,6,1494.0
5967,d3,2026-03-01,12,2148.0
5968,d4,2026-03-01,12,1188.0
5969,d5,2026-03-01,7,1743.0
5970,b1,2026-03-01,11,2189.0
5971,b2,2026-03-01,9,2241.0
5972,b3,2026-03-01,7,1393.0
5973,b4,2026-03-01,4,2396.0
5974,b5,2026-03-01,5,1495.0
5975,bv1,2026-03-01,7,1043.0
5976,bv2,2026-03-01,7,1743.0
5977,bv3,2026-03-01,8,1592.0
5978,bv4,2026-03-01,8,2792.0
5979,s1,2026-03-01,5,1995.0
5980,s2,2026-03-01,10,2490.0
5981,s3,2026-03-01,10,990.0
5982,s4,2026-03-01,5,1495.0
5983,s5,2026-03-01,11,2189.0
5984,f1,2026-03-02,5,1245.0
5985,f2,2026-03-02,6,294.0
5986,f3,2026-03-02,5,745.0
5987,f4,2026-03-02,6,1194.0
5988,f5,2026-03-02,7,693.0
5989,f6,2026-03-02,3,537.0
5990,v1,2026-03-02,5,445.0
5991,v2,2026-03-02,5,245.0
5992,v3,2026-03-02,3,237.0
5993,v4,2026-03-02,7,273.0
5994,v5,2026-03-02,3,447.0
5995,v6,2026-03-02,4,116.0
5996,d1,2026-03-02,5,345.0
5997,d2,2026-03-02,5,1245.0
5998,d3,2026-03-02,5,895.0
5999,d4,2026-03-02,7,693.0
6000,d5,2026-03-02,4,996.0
6001,b1,2026-03-02,5,995.0
6002,b2,2026-03-02,5,1245.0
6003,b3,2026-03-02,5,995.0
6004,b4,2026-03-02,2,1198.0
6005,b5,2026-03-02,4,1196.0
6006,bv1,2026-03-02,4,596.0
6007,bv2,2026-03-02,3,747.0
6008,bv3,2026-03-02,4,796.0
6009,bv4,2026-03-02,3,1047.0
6010,s1,2026-03-02,3,1197.0
6011,s2,2026-03-02,5,1245.0
6012,s3,2026-03-02,5,495.0
6013,s4,2026-03-02,5,1495.0
6014,s5,2026-03-02,6,1194.0
6015,f1,2026-03-03,5,1245.0
6016,f2,2026-03-03,4,196.0
6017,f3,2026-03-03,4,596.0
6018,f4,2026-03-03,6,1194.0
6019,f5,2026-03-03,5,495.0
6020,f6,2026-03-03,5,895.0
6021,v1,2026-03-03,7,623.0
6022,v2,2026-03-03,9,441.0
6023,v3,2026-03-03,4,316.0
6024,v4,2026-03-03,7,273.0
6025,v5,2026-03-03,5,745.0
6026,v6,2026-03-03,6,174.0
6027,d1,2026-03-03,8,552.0
6028,d2,2026-03-03,6,1494.0
6029,d3,2026-03-03,6,1074.0
6030,d4,2026-03-03,6,594.0
6031,d5,2026-03-03,5,1245.0
6032,b1,2026-03-03,7,1393.0
6033,b2,2026-03-03,5,1245.0
6034,b3,2026-03-03,4,796.0
6035,b4,2026-03-03,3,1797.0
6036,b5,2026-03-03,5,1495.0
6037,bv1,2026-03-03,7,1043.0
6038,bv2,2026-03-03,5,1245.0
6039,bv3,2026-03-03,3,597.0
6040,bv4,2026-03-03,4,1396.0
6041,s1,2026-03-03,4,1596.0
6042,s2,2026-03-03,7,1743.0
6043,s3,2026-03-03,7,693.0
6044,s4,2026-03-03,5,1495.0
6045,s5,2026-03-03,5,995.0
6046,f1,2026-03-04,7,1743.0
6047,f2,2026-03-04,7,343.0
6048,f3,2026-03-04,8,1192.0
6049,f4,2026-03-04,5,995.0
6050,f5,2026-03-04,6,594.0
6051,f6,2026-03-04,6,1074.0
6052,v1,2026-03-04,8,712.0
6053,v2,2026-03-04,5,245.0
6054,v3,2026-03-04,6,474.0
6055,v4,2026-03-04,9,351.0
6056,v5,2026-03-04,4,596.0
6057,v6,2026-03-04,7,203.0
6058,d1,2026-03-04,8,552.0
6059,d2,2026-03-04,5,1245.0
6060,d3,2026-03-04,5,895.0
6061,d4,2026-03-04,11,1089.0
6062,d5,2026-03-04,6,1494.0
6063,b1,2026-03-04,6,1194.0
6064,b2,2026-03-04,7,1743.0
6065,b3,2026-03-04,6,1194.0
6066,b4,2026-03-04,3,1797.0
6067,b5,2026-03-04,5,1495.0
6068,bv1,2026-03-04,5,745.0
6069,bv2,2026-03-04,6,1494.0
6070,bv3,2026-03-04,5,995.0
6071,bv4,2026-03-04,6,2094.0
6072,s1,2026-03-04,5,1995.0
6073,s2,2026-03-04,6,1494.0
6074,s3,2026-03-04,6,594.0
6075,s4,2026-03-04,5,1495.0
6076,s5,2026-03-04,7,1393.0
6077,f1,2026-03-05,7,1743.0
6078,f2,2026-03-05,7,343.0
6079,f3,2026-03-05,9,1341.0
6080,f4,2026-03-05,9,1791.0
6081,f5,2026-03-05,8,792.0
6082,f6,2026-03-05,4,716.0
6083,v1,2026-03-05,6,534.0
6084,v2,2026-03-05,7,343.0
6085,v3,2026-03-05,7,553.0
6086,v4,2026-03-05,6,234.0
6087,v5,2026-03-05,4,596.0
6088,v6,2026-03-05,7,203.0
6089,d1,2026-03-05,6,414.0
6090,d2,2026-03-05,5,1245.0
6091,d3,2026-03-05,6,1074.0
6092,d4,2026-03-05,8,792.0
6093,d5,2026-03-05,5,1245.0
6094,b1,2026-03-05,9,1791.0
6095,b2,2026-03-05,6,1494.0
6096,b3,2026-03-05,4,796.0
6097,b4,2026-03-05,4,2396.0
6098,b5,2026-03-05,5,1495.0
6099,bv1,2026-03-05,6,894.0
6100,bv2,2026-03-05,5,1245.0
6101,bv3,2026-03-05,5,995.0
6102,bv4,2026-03-05,5,1745.0
6103,s1,2026-03-05,3,1197.0
6104,s2,2026-03-05,6,1494.0
6105,s3,2026-03-05,8,792.0
6106,s4,2026-03-05,6,1794.0
6107,s5,2026-03-05,7,1393.0
6108,f1,2026-03-06,8,1992.0
6109,f2,2026-03-06,6,294.0
6110,f3,2026-03-06,7,1043.0
6111,f4,2026-03-06,7,1393.0
6112,f5,2026-03-06,10,990.0
6113,f6,2026-03-06,7,1253.0
6114,v1,2026-03-06,9,801.0
6115,v2,2026-03-06,9,441.0
6116,v3,2026-03-06,6,474.0
6117,v4,2026-03-06,8,312.0
6118,v5,2026-03-06,6,894.0
6119,v6,2026-03-06,9,261.0
6120,d1,2026-03-06,9,621.0
6121,d2,2026-03-06,8,1992.0
6122,d3,2026-03-06,9,1611.0
6123,d4,2026-03-06,14,1386.0
6124,d5,2026-03-06,6,1494.0
6125,b1,2026-03-06,8,1592.0
6126,b2,2026-03-06,6,1494.0
6127,b3,2026-03-06,6,1194.0
6128,b4,2026-03-06,4,2396.0
6129,b5,2026-03-06,5,1495.0
6130,bv1,2026-03-06,7,1043.0
6131,bv2,2026-03-06,6,1494.0
6132,bv3,2026-03-06,4,796.0
6133,bv4,2026-03-06,5,1745.0
6134,s1,2026-03-06,5,1995.0
6135,s2,2026-03-06,10,2490.0
6136,s3,2026-03-06,6,594.0
6137,s4,2026-03-06,5,1495.0
6138,s5,2026-03-06,10,1990.0
6139,f1,2026-03-07,11,2739.0
6140,f2,2026-03-07,8,392.0
6141,f3,2026-03-07,12,1788.0
6142,f4,2026-03-07,9,1791.0
6143,f5,2026-03-07,11,1089.0
6144,f6,2026-03-07,10,1790.0
6145,v1,2026-03-07,8,712.0
6146,v2,2026-03-07,14,686.0
6147,v3,2026-03-07,8,632.0
6148,v4,2026-03-07,16,624.0
6149,v5,2026-03-07,8,1192.0
6150,v6,2026-03-07,9,261.0
6151,d1,2026-03-07,14,966.0
6152,d2,2026-03-07,12,2988.0
6153,d3,2026-03-07,7,1253.0
6154,d4,2026-03-07,16,1584.0
6155,d5,2026-03-07,9,2241.0
6156,b1,2026-03-07,7,1393.0
6157,b2,2026-03-07,12,2988.0
6158,b3,2026-03-07,9,1791.0
6159,b4,2026-03-07,6,3594.0
6160,b5,2026-03-07,9,2691.0
6161,bv1,2026-03-07,8,1192.0
6162,bv2,2026-03-07,8,1992.0
6163,bv3,2026-03-07,5,995.0
6164,bv4,2026-03-07,9,3141.0
6165,s1,2026-03-07,8,3192.0
6166,s2,2026-03-07,12,2988.0
6167,s3,2026-03-07,8,792.0
6168,s4,2026-03-07,6,1794.0
6169,s5,2026-03-07,10,1990.0
6170,f1,2026-03-08,6,1494.0
6171,f2,2026-03-08,12,588.0
6172,f3,2026-03-08,12,1788.0
6173,f4,2026-03-08,8,1592.0
6174,f5,2026-03-08,8,792.0
6175,f6,2026-03-08,8,1432.0
6176,v1,2026-03-08,11,979.0
6177,v2,2026-03-08,12,588.0
6178,v3,2026-03-08,6,474.0
6179,v4,2026-03-08,12,468.0
6180,v5,2026-03-08,7,1043.0
6181,v6,2026-03-08,10,290.0
6182,d1,2026-03-08,12,828.0
6183,d2,2026-03-08,7,1743.0
6184,d3,2026-03-08,10,1790.0
6185,d4,2026-03-08,10,990.0
6186,d5,2026-03-08,6,1494.0
6187,b1,2026-03-08,6,1194.0
6188,b2,2026-03-08,7,1743.0
6189,b3,2026-03-08,8,1592.0
6190,b4,2026-03-08,5,2995.0
6191,b5,2026-03-08,8,2392.0
6192,bv1,2026-03-08,7,1043.0
6193,bv2,2026-03-08,10,2490.0
6194,bv3,2026-03-08,7,1393.0
6195,bv4,2026-03-08,7,2443.0
6196,s1,2026-03-08,6,2394.0
6197,s2,2026-03-08,10,2490.0
6198,s3,2026-03-08,10,990.0
6199,s4,2026-03-08,5,1495.0
6200,s5,2026-03-08,11,2189.0
6201,f1,2026-03-09,4,996.0
6202,f2,2026-03-09,6,294.0
6203,f3,2026-03-09,6,894.0
6204,f4,2026-03-09,7,1393.0
6205,f5,2026-03-09,4,396.0
6206,f6,2026-03-09,3,537.0
6207,v1,2026-03-09,5,445.0
6208,v2,2026-03-09,5,245.0
6209,v3,2026-03-09,6,474.0
6210,v4,2026-03-09,5,195.0
6211,v5,2026-03-09,3,447.0
6212,v6,2026-03-09,5,145.0
6213,d1,2026-03-09,6,414.0
6214,d2,2026-03-09,4,996.0
6215,d3,2026-03-09,4,716.0
6216,d4,2026-03-09,6,594.0
6217,d5,2026-03-09,5,1245.0
6218,b1,2026-03-09,4,796.0
6219,b2,2026-03-09,5,1245.0
6220,b3,2026-03-09,3,597.0
6221,b4,2026-03-09,2,1198.0
6222,b5,2026-03-09,3,897.0
6223,bv1,2026-03-09,6,894.0
6224,bv2,2026-03-09,6,1494.0
6225,bv3,2026-03-09,3,597.0
6226,bv4,2026-03-09,3,1047.0
6227,s1,2026-03-09,4,1596.0
6228,s2,2026-03-09,4,996.0
6229,s3,2026-03-09,4,396.0
6230,s4,2026-03-09,4,1196.0
6231,s5,2026-03-09,5,995.0
6232,f1,2026-03-10,5,1245.0
6233,f2,2026-03-10,6,294.0
6234,f3,2026-03-10,5,745.0
6235,f4,2026-03-10,5,995.0
6236,f5,2026-03-10,8,792.0
6237,f6,2026-03-10,4,716.0
6238,v1,2026-03-10,7,623.0
6239,v2,2026-03-10,7,343.0
6240,v3,2026-03-10,4,316.0
6241,v4,2026-03-10,10,390.0
6242,v5,2026-03-10,4,596.0
6243,v6,2026-03-10,5,145.0
6244,d1,2026-03-10,8,552.0
6245,d2,2026-03-10,6,1494.0
6246,d3,2026-03-10,4,716.0
6247,d4,2026-03-10,9,891.0
6248,d5,2026-03-10,6,1494.0
6249,b1,2026-03-10,6,1194.0
6250,b2,2026-03-10,4,996.0
6251,b3,2026-03-10,5,995.0
6252,b4,2026-03-10,3,1797.0
6253,b5,2026-03-10,5,1495.0
6254,bv1,2026-03-10,4,596.0
6255,bv2,2026-03-10,4,996.0
6256,bv3,2026-03-10,4,796.0
6257,bv4,2026-03-10,5,1745.0
6258,s1,2026-03-10,3,1197.0
6259,s2,2026-03-10,4,996.0
6260,s3,2026-03-10,5,495.0
6261,s4,2026-03-10,5,1495.0
6262,s5,2026-03-10,5,995.0
6263,f1,2026-03-11,5,1245.0
6264,f2,2026-03-11,9,441.0
6265,f3,2026-03-11,6,894.0
6266,f4,2026-03-11,5,995.0
6267,f5,2026-03-11,9,891.0
6268,f6,2026-03-11,4,716.0
6269,v1,2026-03-11,5,445.0
6270,v2,2026-03-11,7,343.0
6271,v3,2026-03-11,6,474.0
6272,v4,2026-03-11,8,312.0
6273,v5,2026-03-11,4,596.0
6274,v6,2026-03-11,6,174.0
6275,d1,2026-03-11,8,552.0
6276,d2,2026-03-11,6,1494.0
6277,d3,2026-03-11,7,1253.0
6278,d4,2026-03-11,8,792.0
6279,d5,2026-03-11,8,1992.0
6280,b1,2026-03-11,5,995.0
6281,b2,2026-03-11,7,1743.0
6282,b3,2026-03-11,4,796.0
6283,b4,2026-03-11,2,1198.0
6284,b5,2026-03-11,4,1196.0
6285,bv1,2026-03-11,6,894.0
6286,bv2,2026-03-11,5,1245.0
6287,bv3,2026-03-11,5,995.0
6288,bv4,2026-03-11,5,1745.0
6289,s1,2026-03-11,3,1197.0
6290,s2,2026-03-11,7,1743.0
6291,s3,2026-03-11,7,693.0
6292,s4,2026-03-11,4,1196.0
6293,s5,2026-03-11,7,1393.0
6294,f1,2026-03-12,6,1494.0
6295,f2,2026-03-12,9,441.0
6296,f3,2026-03-12,8,1192.0
6297,f4,2026-03-12,6,1194.0
6298,f5,2026-03-12,8,792.0
6299,f6,2026-03-12,6,1074.0
6300,v1,2026-03-12,6,534.0
6301,v2,2026-03-12,10,490.0
6302,v3,2026-03-12,7,553.0
6303,v4,2026-03-12,12,468.0
6304,v5,2026-03-12,5,745.0
6305,v6,2026-03-12,11,319.0
6306,d1,2026-03-12,11,759.0
6307,d2,2026-03-12,8,1992.0
6308,d3,2026-03-12,7,1253.0
6309,d4,2026-03-12,11,1089.0
6310,d5,2026-03-12,6,1494.0
6311,b1,2026-03-12,7,1393.0
6312,b2,2026-03-12,8,1992.0
6313,b3,2026-03-12,4,796.0
6314,b4,2026-03-12,4,2396.0
6315,b5,2026-03-12,7,2093.0
6316,bv1,2026-03-12,7,1043.0
6317,bv2,2026-03-12,7,1743.0
6318,bv3,2026-03-12,5,995.0
6319,bv4,2026-03-12,4,1396.0
6320,s1,2026-03-12,5,1995.0
6321,s2,2026-03-12,6,1494.0
6322,s3,2026-03-12,9,891.0
6323,s4,2026-03-12,5,1495.0
6324,s5,2026-03-12,5,995.0
6325,f1,2026-03-13,9,2241.0
6326,f2,2026-03-13,6,294.0
6327,f3,2026-03-13,9,1341.0
6328,f4,2026-03-13,6,1194.0
6329,f5,2026-03-13,7,693.0
6330,f6,2026-03-13,5,895.0
6331,v1,2026-03-13,6,534.0
6332,v2,2026-03-13,9,441.0
6333,v3,2026-03-13,9,711.0
6334,v4,2026-03-13,9,351.0
6335,v5,2026-03-13,7,1043.0
6336,v6,2026-03-13,9,261.0
6337,d1,2026-03-13,10,690.0
6338,d2,2026-03-13,9,2241.0
6339,d3,2026-03-13,7,1253.0
6340,d4,2026-03-13,14,1386.0
6341,d5,2026-03-13,9,2241.0
6342,b1,2026-03-13,9,1791.0
6343,b2,2026-03-13,7,1743.0
6344,b3,2026-03-13,5,995.0
6345,b4,2026-03-13,4,2396.0
6346,b5,2026-03-13,4,1196.0
6347,bv1,2026-03-13,6,894.0
6348,bv2,2026-03-13,8,1992.0
6349,bv3,2026-03-13,4,796.0
6350,bv4,2026-03-13,4,1396.0
6351,s1,2026-03-13,6,2394.0
6352,s2,2026-03-13,6,1494.0
6353,s3,2026-03-13,9,891.0
6354,s4,2026-03-13,7,2093.0
6355,s5,2026-03-13,8,1592.0
6356,f1,2026-03-14,8,1992.0
6357,f2,2026-03-14,12,588.0
6358,f3,2026-03-14,12,1788.0
6359,f4,2026-03-14,11,2189.0
6360,f5,2026-03-14,12,1188.0
6361,f6,2026-03-14,9,1611.0
6362,v1,2026-03-14,11,979.0
6363,v2,2026-03-14,14,686.0
6364,v3,2026-03-14,7,553.0
6365,v4,2026-03-14,11,429.0
6366,v5,2026-03-14,7,1043.0
6367,v6,2026-03-14,9,261.0
6368,d1,2026-03-14,12,828.0
6369,d2,2026-03-14,9,2241.0
6370,d3,2026-03-14,7,1253.0
6371,d4,2026-03-14,14,1386.0
6372,d5,2026-03-14,7,1743.0
6373,b1,2026-03-14,8,1592.0
6374,b2,2026-03-14,11,2739.0
6375,b3,2026-03-14,6,1194.0
6376,b4,2026-03-14,4,2396.0
6377,b5,2026-03-14,10,2990.0
6378,bv1,2026-03-14,7,1043.0
6379,bv2,2026-03-14,8,1992.0
6380,bv3,2026-03-14,8,1592.0
6381,bv4,2026-03-14,6,2094.0
6382,s1,2026-03-14,5,1995.0
6383,s2,2026-03-14,9,2241.0
6384,s3,2026-03-14,13,1287.0
6385,s4,2026-03-14,9,2691.0
6386,s5,2026-03-14,11,2189.0
6387,f1,2026-03-15,7,1743.0
6388,f2,2026-03-15,7,343.0
6389,f3,2026-03-15,7,1043.0
6390,f4,2026-03-15,11,2189.0
6391,f5,2026-03-15,10,990.0
6392,f6,2026-03-15,8,1432.0
6393,v1,2026-03-15,9,801.0
6394,v2,2026-03-15,11,539.0
6395,v3,2026-03-15,9,711.0
6396,v4,2026-03-15,12,468.0
6397,v5,2026-03-15,5,745.0
6398,v6,2026-03-15,10,290.0
6399,d1,2026-03-15,14,966.0
6400,d2,2026-03-15,10,2490.0
6401,d3,2026-03-15,10,1790.0
6402,d4,2026-03-15,10,990.0
6403,d5,2026-03-15,8,1992.0
6404,b1,2026-03-15,11,2189.0
6405,b2,2026-03-15,10,2490.0
6406,b3,2026-03-15,9,1791.0
6407,b4,2026-03-15,4,2396.0
6408,b5,2026-03-15,5,1495.0
6409,bv1,2026-03-15,6,894.0
6410,bv2,2026-03-15,8,1992.0
6411,bv3,2026-03-15,7,1393.0
6412,bv4,2026-03-15,6,2094.0
6413,s1,2026-03-15,6,2394.0
6414,s2,2026-03-15,7,1743.0
6415,s3,2026-03-15,9,891.0
6416,s4,2026-03-15,8,2392.0
6417,s5,2026-03-15,7,1393.0
6418,f1,2026-03-16,4,996.0
6419,f2,2026-03-16,6,294.0
6420,f3,2026-03-16,6,894.0
6421,f4,2026-03-16,5,995.0
6422,f5,2026-03-16,7,693.0
6423,f6,2026-03-16,3,537.0
6424,v1,2026-03-16,5,445.0
6425,v2,2026-03-16,7,343.0
6426,v3,2026-03-16,6,474.0
6427,v4,2026-03-16,7,273.0
6428,v5,2026-03-16,4,596.0
6429,v6,2026-03-16,7,203.0
6430,d1,2026-03-16,7,483.0
6431,d2,2026-03-16,5,1245.0
6432,d3,2026-03-16,4,716.0
6433,d4,2026-03-16,9,891.0
6434,d5,2026-03-16,6,1494.0
6435,b1,2026-03-16,5,995.0
6436,b2,2026-03-16,5,1245.0
6437,b3,2026-03-16,4,796.0
6438,b4,2026-03-16,2,1198.0
6439,b5,2026-03-16,3,897.0
6440,bv1,2026-03-16,5,745.0
6441,bv2,2026-03-16,5,1245.0
6442,bv3,2026-03-16,3,597.0
6443,bv4,2026-03-16,4,1396.0
6444,s1,2026-03-16,4,1596.0
6445,s2,2026-03-16,4,996.0
6446,s3,2026-03-16,4,396.0
6447,s4,2026-03-16,3,897.0
6448,s5,2026-03-16,6,1194.0
6449,f1,2026-03-17,4,996.0
6450,f2,2026-03-17,5,245.0
6451,f3,2026-03-17,6,894.0
6452,f4,2026-03-17,7,1393.0
6453,f5,2026-03-17,6,594.0
6454,f6,2026-03-17,4,716.0
6455,v1,2026-03-17,6,534.0
6456,v2,2026-03-17,7,343.0
6457,v3,2026-03-17,7,553.0
6458,v4,2026-03-17,6,234.0
6459,v5,2026-03-17,4,596.0
6460,v6,2026-03-17,6,174.0
6461,d1,2026-03-17,8,552.0
6462,d2,2026-03-17,4,996.0
6463,d3,2026-03-17,6,1074.0
6464,d4,2026-03-17,9,891.0
6465,d5,2026-03-17,5,1245.0
6466,b1,2026-03-17,5,995.0
6467,b2,2026-03-17,4,996.0
6468,b3,2026-03-17,3,597.0
6469,b4,2026-03-17,2,1198.0
6470,b5,2026-03-17,5,1495.0
6471,bv1,2026-03-17,4,596.0
6472,bv2,2026-03-17,4,996.0
6473,bv3,2026-03-17,4,796.0
6474,bv4,2026-03-17,3,1047.0
6475,s1,2026-03-17,4,1596.0
6476,s2,2026-03-17,6,1494.0
6477,s3,2026-03-17,4,396.0
6478,s4,2026-03-17,4,1196.0
6479,s5,2026-03-17,7,1393.0
6480,f1,2026-03-18,6,1494.0
6481,f2,2026-03-18,8,392.0
6482,f3,2026-03-18,7,1043.0
6483,f4,2026-03-18,8,1592.0
6484,f5,2026-03-18,6,594.0
6485,f6,2026-03-18,6,1074.0
6486,v1,2026-03-18,5,445.0
6487,v2,2026-03-18,7,343.0
6488,v3,2026-03-18,6,474.0
6489,v4,2026-03-18,6,234.0
6490,v5,2026-03-18,3,447.0
6491,v6,2026-03-18,7,203.0
6492,d1,2026-03-18,8,552.0
6493,d2,2026-03-18,5,1245.0
6494,d3,2026-03-18,5,895.0
6495,d4,2026-03-18,11,1089.0
6496,d5,2026-03-18,4,996.0
6497,b1,2026-03-18,6,1194.0
6498,b2,2026-03-18,7,1743.0
6499,b3,2026-03-18,5,995.0
6500,b4,2026-03-18,3,1797.0
6501,b5,2026-03-18,5,1495.0
6502,bv1,2026-03-18,7,1043.0
6503,bv2,2026-03-18,6,1494.0
6504,bv3,2026-03-18,4,796.0
6505,bv4,2026-03-18,4,1396.0
6506,s1,2026-03-18,4,1596.0
6507,s2,2026-03-18,5,1245.0
6508,s3,2026-03-18,7,693.0
6509,s4,2026-03-18,4,1196.0
6510,s5,2026-03-18,7,1393.0
6511,f1,2026-03-19,5,1245.0
6512,f2,2026-03-19,8,392.0
6513,f3,2026-03-19,7,1043.0
6514,f4,2026-03-19,8,1592.0
6515,f5,2026-03-19,10,990.0
6516,f6,2026-03-19,5,895.0
6517,v1,2026-03-19,8,712.0
6518,v2,2026-03-19,6,294.0
6519,v3,2026-03-19,7,553.0
6520,v4,2026-03-19,10,390.0
6521,v5,2026-03-19,6,894.0
6522,v6,2026-03-19,11,319.0
6523,d1,2026-03-19,8,552.0
6524,d2,2026-03-19,6,1494.0
6525,d3,2026-03-19,5,895.0
6526,d4,2026-03-19,11,1089.0
6527,d5,2026-03-19,5,1245.0
6528,b1,2026-03-19,8,1592.0
6529,b2,2026-03-19,5,1245.0
6530,b3,2026-03-19,7,1393.0
6531,b4,2026-03-19,4,2396.0
6532,b5,2026-03-19,4,1196.0
6533,bv1,2026-03-19,6,894.0
6534,bv2,2026-03-19,8,1992.0
6535,bv3,2026-03-19,6,1194.0
6536,bv4,2026-03-19,5,1745.0
6537,s1,2026-03-19,4,1596.0
6538,s2,2026-03-19,5,1245.0
6539,s3,2026-03-19,9,891.0
6540,s4,2026-03-19,5,1495.0
6541,s5,2026-03-19,8,1592.0
6542,f1,2026-03-20,8,1992.0
6543,f2,2026-03-20,8,392.0
6544,f3,2026-03-20,5,745.0
6545,f4,2026-03-20,10,1990.0
6546,f5,2026-03-20,7,693.0
6547,f6,2026-03-20,7,1253.0
6548,v1,2026-03-20,7,623.0
6549,v2,2026-03-20,10,490.0
6550,v3,2026-03-20,9,711.0
6551,v4,2026-03-20,12,468.0
6552,v5,2026-03-20,7,1043.0
6553,v6,2026-03-20,10,290.0
6554,d1,2026-03-20,8,552.0
6555,d2,2026-03-20,9,2241.0
6556,d3,2026-03-20,7,1253.0
6557,d4,2026-03-20,13,1287.0
6558,d5,2026-03-20,7,1743.0
6559,b1,2026-03-20,8,1592.0
6560,b2,2026-03-20,7,1743.0
6561,b3,2026-03-20,5,995.0
6562,b4,2026-03-20,4,2396.0
6563,b5,2026-03-20,5,1495.0
6564,bv1,2026-03-20,9,1341.0
6565,bv2,2026-03-20,8,1992.0
6566,bv3,2026-03-20,6,1194.0
6567,bv4,2026-03-20,6,2094.0
6568,s1,2026-03-20,5,1995.0
6569,s2,2026-03-20,9,2241.0
6570,s3,2026-03-20,7,693.0
6571,s4,2026-03-20,7,2093.0
6572,s5,2026-03-20,6,1194.0
6573,f1,2026-03-21,11,2739.0
6574,f2,2026-03-21,11,539.0
6575,f3,2026-03-21,8,1192.0
6576,f4,2026-03-21,8,1592.0
6577,f5,2026-03-21,11,1089.0
6578,f6,2026-03-21,9,1611.0
6579,v1,2026-03-21,11,979.0
6580,v2,2026-03-21,13,637.0
6581,v3,2026-03-21,11,869.0
6582,v4,2026-03-21,15,585.0
6583,v5,2026-03-21,7,1043.0
6584,v6,2026-03-21,15,435.0
6585,d1,2026-03-21,10,690.0
6586,d2,2026-03-21,9,2241.0
6587,d3,2026-03-21,8,1432.0
6588,d4,2026-03-21,11,1089.0
6589,d5,2026-03-21,10,2490.0
6590,b1,2026-03-21,9,1791.0
6591,b2,2026-03-21,12,2988.0
6592,b3,2026-03-21,9,1791.0
6593,b4,2026-03-21,4,2396.0
6594,b5,2026-03-21,8,2392.0
6595,bv1,2026-03-21,9,1341.0
6596,bv2,2026-03-21,10,2490.0
6597,bv3,2026-03-21,5,995.0
6598,bv4,2026-03-21,9,3141.0
6599,s1,2026-03-21,7,2793.0
6600,s2,2026-03-21,10,2490.0
6601,s3,2026-03-21,10,990.0
6602,s4,2026-03-21,6,1794.0
6603,s5,2026-03-21,13,2587.0
6604,f1,2026-03-22,7,1743.0
6605,f2,2026-03-22,13,637.0
6606,f3,2026-03-22,10,1490.0
6607,f4,2026-03-22,12,2388.0
6608,f5,2026-03-22,10,990.0
6609,f6,2026-03-22,9,1611.0
6610,v1,2026-03-22,10,890.0
6611,v2,2026-03-22,13,637.0
6612,v3,2026-03-22,8,632.0
6613,v4,2026-03-22,10,390.0
6614,v5,2026-03-22,6,894.0
6615,v6,2026-03-22,14,406.0
6616,d1,2026-03-22,9,621.0
6617,d2,2026-03-22,8,1992.0
6618,d3,2026-03-22,7,1253.0
6619,d4,2026-03-22,16,1584.0
6620,d5,2026-03-22,6,1494.0
6621,b1,2026-03-22,10,1990.0
6622,b2,2026-03-22,11,2739.0
6623,b3,2026-03-22,6,1194.0
6624,b4,2026-03-22,3,1797.0
6625,b5,2026-03-22,7,2093.0
6626,bv1,2026-03-22,7,1043.0
6627,bv2,2026-03-22,9,2241.0
6628,bv3,2026-03-22,7,1393.0
6629,bv4,2026-03-22,6,2094.0
6630,s1,2026-03-22,7,2793.0
6631,s2,2026-03-22,10,2490.0
6632,s3,2026-03-22,8,792.0
6633,s4,2026-03-22,8,2392.0
6634,s5,2026-03-22,11,2189.0
6635,f1,2026-03-23,5,1245.0
6636,f2,2026-03-23,7,343.0
6637,f3,2026-03-23,4,596.0
6638,f4,2026-03-23,6,1194.0
6639,f5,2026-03-23,6,594.0
6640,f6,2026-03-23,4,716.0
6641,v1,2026-03-23,6,534.0
6642,v2,2026-03-23,6,294.0
6643,v3,2026-03-23,6,474.0
6644,v4,2026-03-23,6,234.0
6645,v5,2026-03-23,4,596.0
6646,v6,2026-03-23,6,174.0
6647,d1,2026-03-23,5,345.0
6648,d2,2026-03-23,6,1494.0
6649,d3,2026-03-23,5,895.0
6650,d4,2026-03-23,8,792.0
6651,d5,2026-03-23,6,1494.0
6652,b1,2026-03-23,4,796.0
6653,b2,2026-03-23,4,996.0
6654,b3,2026-03-23,3,597.0
6655,b4,2026-03-23,2,1198.0
6656,b5,2026-03-23,4,1196.0
6657,bv1,2026-03-23,3,447.0
6658,bv2,2026-03-23,4,996.0
6659,bv3,2026-03-23,3,597.0
6660,bv4,2026-03-23,5,1745.0
6661,s1,2026-03-23,4,1596.0
6662,s2,2026-03-23,5,1245.0
6663,s3,2026-03-23,6,594.0
6664,s4,2026-03-23,4,1196.0
6665,s5,2026-03-23,6,1194.0
6666,f1,2026-03-24,7,1743.0
6667,f2,2026-03-24,5,245.0
6668,f3,2026-03-24,7,1043.0
6669,f4,2026-03-24,7,1393.0
6670,f5,2026-03-24,8,792.0
6671,f6,2026-03-24,4,716.0
6672,v1,2026-03-24,6,534.0
6673,v2,2026-03-24,5,245.0
6674,v3,2026-03-24,5,395.0
6675,v4,2026-03-24,8,312.0
6676,v5,2026-03-24,3,447.0
6677,v6,2026-03-24,5,145.0
6678,d1,2026-03-24,5,345.0
6679,d2,2026-03-24,4,996.0
6680,d3,2026-03-24,4,716.0
6681,d4,2026-03-24,6,594.0
6682,d5,2026-03-24,4,996.0
6683,b1,2026-03-24,6,1194.0
6684,b2,2026-03-24,6,1494.0
6685,b3,2026-03-24,5,995.0
6686,b4,2026-03-24,3,1797.0
6687,b5,2026-03-24,4,1196.0
6688,bv1,2026-03-24,7,1043.0
6689,bv2,2026-03-24,5,1245.0
6690,bv3,2026-03-24,4,796.0
6691,bv4,2026-03-24,4,1396.0
6692,s1,2026-03-24,3,1197.0
6693,s2,2026-03-24,7,1743.0
6694,s3,2026-03-24,5,495.0
6695,s4,2026-03-24,3,897.0
6696,s5,2026-03-24,6,1194.0
6697,f1,2026-03-25,6,1494.0
6698,f2,2026-03-25,8,392.0
6699,f3,2026-03-25,4,596.0
6700,f4,2026-03-25,5,995.0
6701,f5,2026-03-25,7,693.0
6702,f6,2026-03-25,6,1074.0
6703,v1,2026-03-25,6,534.0
6704,v2,2026-03-25,10,490.0
6705,v3,2026-03-25,5,395.0
6706,v4,2026-03-25,6,234.0
6707,v5,2026-03-25,5,745.0
6708,v6,2026-03-25,8,232.0
6709,d1,2026-03-25,6,414.0
6710,d2,2026-03-25,7,1743.0
6711,d3,2026-03-25,7,1253.0
6712,d4,2026-03-25,9,891.0
6713,d5,2026-03-25,7,1743.0
6714,b1,2026-03-25,6,1194.0
6715,b2,2026-03-25,5,1245.0
6716,b3,2026-03-25,4,796.0
6717,b4,2026-03-25,3,1797.0
6718,b5,2026-03-25,4,1196.0
6719,bv1,2026-03-25,4,596.0
6720,bv2,2026-03-25,7,1743.0
6721,bv3,2026-03-25,6,1194.0
6722,bv4,2026-03-25,6,2094.0
6723,s1,2026-03-25,3,1197.0
6724,s2,2026-03-25,6,1494.0
6725,s3,2026-03-25,6,594.0
6726,s4,2026-03-25,5,1495.0
6727,s5,2026-03-25,6,1194.0
6728,f1,2026-03-26,6,1494.0
6729,f2,2026-03-26,10,490.0
6730,f3,2026-03-26,8,1192.0
6731,f4,2026-03-26,8,1592.0
6732,f5,2026-03-26,7,693.0
6733,f6,2026-03-26,7,1253.0
6734,v1,2026-03-26,8,712.0
6735,v2,2026-03-26,6,294.0
6736,v3,2026-03-26,7,553.0
6737,v4,2026-03-26,8,312.0
6738,v5,2026-03-26,6,894.0
6739,v6,2026-03-26,8,232.0
6740,d1,2026-03-26,8,552.0
6741,d2,2026-03-26,6,1494.0
6742,d3,2026-03-26,8,1432.0
6743,d4,2026-03-26,9,891.0
6744,d5,2026-03-26,5,1245.0
6745,b1,2026-03-26,5,995.0
6746,b2,2026-03-26,6,1494.0
6747,b3,2026-03-26,7,1393.0
6748,b4,2026-03-26,4,2396.0
6749,b5,2026-03-26,4,1196.0
6750,bv1,2026-03-26,8,1192.0
6751,bv2,2026-03-26,7,1743.0
6752,bv3,2026-03-26,6,1194.0
6753,bv4,2026-03-26,4,1396.0
6754,s1,2026-03-26,4,1596.0
6755,s2,2026-03-26,6,1494.0
6756,s3,2026-03-26,6,594.0
6757,s4,2026-03-26,5,1495.0
6758,s5,2026-03-26,7,1393.0
6759,f1,2026-03-27,5,1245.0
6760,f2,2026-03-27,6,294.0
6761,f3,2026-03-27,9,1341.0
6762,f4,2026-03-27,10,1990.0
6763,f5,2026-03-27,8,792.0
6764,f6,2026-03-27,5,895.0
6765,v1,2026-03-27,6,534.0
6766,v2,2026-03-27,12,588.0
6767,v3,2026-03-27,9,711.0
6768,v4,2026-03-27,10,390.0
6769,v5,2026-03-27,4,596.0
6770,v6,2026-03-27,7,203.0
6771,d1,2026-03-27,9,621.0
6772,d2,2026-03-27,6,1494.0
6773,d3,2026-03-27,7,1253.0
6774,d4,2026-03-27,10,990.0
6775,d5,2026-03-27,7,1743.0
6776,b1,2026-03-27,9,1791.0
6777,b2,2026-03-27,9,2241.0
6778,b3,2026-03-27,7,1393.0
6779,b4,2026-03-27,5,2995.0
6780,b5,2026-03-27,7,2093.0
6781,bv1,2026-03-27,6,894.0
6782,bv2,2026-03-27,6,1494.0
6783,bv3,2026-03-27,7,1393.0
6784,bv4,2026-03-27,7,2443.0
6785,s1,2026-03-27,5,1995.0
6786,s2,2026-03-27,8,1992.0
6787,s3,2026-03-27,8,792.0
6788,s4,2026-03-27,7,2093.0
6789,s5,2026-03-27,10,1990.0
6790,f1,2026-03-28,10,2490.0
6791,f2,2026-03-28,9,441.0
6792,f3,2026-03-28,13,1937.0
6793,f4,2026-03-28,9,1791.0
6794,f5,2026-03-28,11,1089.0
6795,f6,2026-03-28,8,1432.0
6796,v1,2026-03-28,8,712.0
6797,v2,2026-03-28,11,539.0
6798,v3,2026-03-28,11,869.0
6799,v4,2026-03-28,14,546.0
6800,v5,2026-03-28,7,1043.0
6801,v6,2026-03-28,14,406.0
6802,d1,2026-03-28,12,828.0
6803,d2,2026-03-28,13,3237.0
6804,d3,2026-03-28,9,1611.0
6805,d4,2026-03-28,17,1683.0
6806,d5,2026-03-28,9,2241.0
6807,b1,2026-03-28,13,2587.0
6808,b2,2026-03-28,8,1992.0
6809,b3,2026-03-28,7,1393.0
6810,b4,2026-03-28,6,3594.0
6811,b5,2026-03-28,6,1794.0
6812,bv1,2026-03-28,8,1192.0
6813,bv2,2026-03-28,11,2739.0
6814,bv3,2026-03-28,7,1393.0
6815,bv4,2026-03-28,9,3141.0
6816,s1,2026-03-28,7,2793.0
6817,s2,2026-03-28,12,2988.0
6818,s3,2026-03-28,12,1188.0
6819,s4,2026-03-28,6,1794.0
6820,s5,2026-03-28,8,1592.0
6821,f1,2026-03-29,6,1494.0
6822,f2,2026-03-29,8,392.0
6823,f3,2026-03-29,11,1639.0
6824,f4,2026-03-29,9,1791.0
6825,f5,2026-03-29,11,1089.0
6826,f6,2026-03-29,5,895.0
6827,v1,2026-03-29,11,979.0
6828,v2,2026-03-29,9,441.0
6829,v3,2026-03-29,10,790.0
6830,v4,2026-03-29,13,507.0
6831,v5,2026-03-29,6,894.0
6832,v6,2026-03-29,10,290.0
6833,d1,2026-03-29,12,828.0
6834,d2,2026-03-29,8,1992.0
6835,d3,2026-03-29,8,1432.0
6836,d4,2026-03-29,16,1584.0
6837,d5,2026-03-29,8,1992.0
6838,b1,2026-03-29,11,2189.0
6839,b2,2026-03-29,6,1494.0
6840,b3,2026-03-29,6,1194.0
6841,b4,2026-03-29,5,2995.0
6842,b5,2026-03-29,9,2691.0
6843,bv1,2026-03-29,7,1043.0
6844,bv2,2026-03-29,10,2490.0
6845,bv3,2026-03-29,5,995.0
6846,bv4,2026-03-29,8,2792.0
6847,s1,2026-03-29,7,2793.0
6848,s2,2026-03-29,8,1992.0
6849,s3,2026-03-29,9,891.0
6850,s4,2026-03-29,6,1794.0
6851,s5,2026-03-29,11,2189.0
6852,f1,2026-03-30,4,996.0
6853,f2,2026-03-30,5,245.0
6854,f3,2026-03-30,5,745.0
6855,f4,2026-03-30,6,1194.0
6856,f5,2026-03-30,7,693.0
6857,f6,2026-03-30,3,537.0
6858,v1,2026-03-30,5,445.0
6859,v2,2026-03-30,7,343.0
6860,v3,2026-03-30,5,395.0
6861,v4,2026-03-30,8,312.0
6862,v5,2026-03-30,4,596.0
6863,v6,2026-03-30,6,174.0
6864,d1,2026-03-30,7,483.0
6865,d2,2026-03-30,5,1245.0
6866,d3,2026-03-30,4,716.0
6867,d4,2026-03-30,6,594.0
6868,d5,2026-03-30,5,1245.0
6869,b1,2026-03-30,5,995.0
6870,b2,2026-03-30,6,1494.0
6871,b3,2026-03-30,5,995.0
6872,b4,2026-03-30,3,1797.0
6873,b5,2026-03-30,5,1495.0
6874,bv1,2026-03-30,4,596.0
6875,bv2,2026-03-30,3,747.0
6876,bv3,2026-03-30,3,597.0
6877,bv4,2026-03-30,4,1396.0
6878,s1,2026-03-30,3,1197.0
6879,s2,2026-03-30,4,996.0
6880,s3,2026-03-30,6,594.0
6881,s4,2026-03-30,3,897.0
6882,s5,2026-03-30,4,796.0
6883,f1,2026-03-31,6,1494.0
6884,f2,2026-03-31,5,245.0
6885,f3,2026-03-31,4,596.0
6886,f4,2026-03-31,6,1194.0
6887,f5,2026-03-31,8,792.0
6888,f6,2026-03-31,5,895.0
6889,v1,2026-03-31,5,445.0
6890,v2,2026-03-31,8,392.0
6891,v3,2026-03-31,6,474.0
6892,v4,2026-03-31,6,234.0
6893,v5,2026-03-31,3,447.0
6894,v6,2026-03-31,6,174.0
6895,d1,2026-03-31,7,483.0
6896,d2,2026-03-31,5,1245.0
6897,d3,2026-03-31,5,895.0
6898,d4,2026-03-31,9,891.0
6899,d5,2026-03-31,6,1494.0
6900,b1,2026-03-31,6,1194.0
6901,b2,2026-03-31,5,1245.0
6902,b3,2026-03-31,5,995.0
6903,b4,2026-03-31,2,1198.0
6904,b5,2026-03-31,5,1495.0
6905,bv1,2026-03-31,5,745.0
6906,bv2,2026-03-31,4,996.0
6907,bv3,2026-03-31,3,597.0
6908,bv4,2026-03-31,5,1745.0
6909,s1,2026-03-31,3,1197.0
6910,s2,2026-03-31,6,1494.0
6911,s3,2026-03-31,6,594.0
6912,s4,2026-03-31,5,1495.0
6913,s5,2026-03-31,5,995.0
6914,f1,2026-04-01,8,1992.0
6915,f2,2026-04-01,9,441.0
6916,f3,2026-04-01,6,894.0
6917,f4,2026-04-01,8,1592.0
6918,f5,2026-04-01,7,693.0
6919,f6,2026-04-01,9,1611.0
6920,v1,2026-04-01,8,712.0
6921,v2,2026-04-01,9,441.0
6922,v3,2026-04-01,5,395.0
6923,v4,2026-04-01,8,312.0
6924,v5,2026-04-01,6,894.0
6925,v6,2026-04-01,8,232.0
6926,d1,2026-04-01,6,414.0
6927,d2,2026-04-01,4,996.0
6928,d3,2026-04-01,4,716.0
6929,d4,2026-04-01,7,693.0
6930,d5,2026-04-01,6,1494.0
6931,b1,2026-04-01,6,1194.0
6932,b2,2026-04-01,5,1245.0
6933,b3,2026-04-01,4,796.0
6934,b4,2026-04-01,3,1797.0
6935,b5,2026-04-01,5,1495.0
6936,bv1,2026-04-01,5,745.0
6937,bv2,2026-04-01,6,1494.0
6938,bv3,2026-04-01,6,1194.0
6939,bv4,2026-04-01,5,1745.0
6940,s1,2026-04-01,4,1596.0
6941,s2,2026-04-01,8,1992.0
6942,s3,2026-04-01,6,594.0
6943,s4,2026-04-01,4,1196.0
6944,s5,2026-04-01,8,1592.0
6945,f1,2026-04-02,9,2241.0
6946,f2,2026-04-02,8,392.0
6947,f3,2026-04-02,9,1341.0
6948,f4,2026-04-02,7,1393.0
6949,f5,2026-04-02,8,792.0
6950,f6,2026-04-02,9,1611.0
6951,v1,2026-04-02,7,623.0
6952,v2,2026-04-02,6,294.0
6953,v3,2026-04-02,6,474.0
6954,v4,2026-04-02,10,390.0
6955,v5,2026-04-02,7,1043.0
6956,v6,2026-04-02,9,261.0
6957,d1,2026-04-02,6,414.0
6958,d2,2026-04-02,5,1245.0
6959,d3,2026-04-02,7,1253.0
6960,d4,2026-04-02,7,693.0
6961,d5,2026-04-02,4,996.0
6962,b1,2026-04-02,5,995.0
6963,b2,2026-04-02,6,1494.0
6964,b3,2026-04-02,4,796.0
6965,b4,2026-04-02,3,1797.0
6966,b5,2026-04-02,3,897.0
6967,bv1,2026-04-02,9,1341.0
6968,bv2,2026-04-02,10,2490.0
6969,bv3,2026-04-02,5,995.0
6970,bv4,2026-04-02,7,2443.0
6971,s1,2026-04-02,4,1596.0
6972,s2,2026-04-02,9,2241.0
6973,s3,2026-04-02,6,594.0
6974,s4,2026-04-02,4,1196.0
6975,s5,2026-04-02,9,1791.0
6976,f1,2026-04-03,11,2739.0
6977,f2,2026-04-03,10,490.0
6978,f3,2026-04-03,10,1490.0
6979,f4,2026-04-03,9,1791.0
6980,f5,2026-04-03,14,1386.0
6981,f6,2026-04-03,9,1611.0
6982,v1,2026-04-03,8,712.0
6983,v2,2026-04-03,11,539.0
6984,v3,2026-04-03,8,632.0
6985,v4,2026-04-03,9,351.0
6986,v5,2026-04-03,8,1192.0
6987,v6,2026-04-03,8,232.0
6988,d1,2026-04-03,9,621.0
6989,d2,2026-04-03,7,1743.0
6990,d3,2026-04-03,5,895.0
6991,d4,2026-04-03,7,693.0
6992,d5,2026-04-03,8,1992.0
6993,b1,2026-04-03,7,1393.0
6994,b2,2026-04-03,5,1245.0
6995,b3,2026-04-03,6,1194.0
6996,b4,2026-04-03,3,1797.0
6997,b5,2026-04-03,6,1794.0
6998,bv1,2026-04-03,6,894.0
6999,bv2,2026-04-03,7,1743.0
7000,bv3,2026-04-03,7,1393.0
7001,bv4,2026-04-03,6,2094.0
7002,s1,2026-04-03,4,1596.0
7003,s2,2026-04-03,8,1992.0
7004,s3,2026-04-03,7,693.0
7005,s4,2026-04-03,7,2093.0
7006,s5,2026-04-03,7,1393.0
7007,f1,2026-04-04,15,3735.0
7008,f2,2026-04-04,11,539.0
7009,f3,2026-04-04,14,2086.0
7010,f4,2026-04-04,18,3582.0
7011,f5,2026-04-04,11,1089.0
7012,f6,2026-04-04,10,1790.0
7013,v1,2026-04-04,8,712.0
7014,v2,2026-04-04,9,441.0
7015,v3,2026-04-04,9,711.0
7016,v4,2026-04-04,10,390.0
7017,v5,2026-04-04,6,894.0
7018,v6,2026-04-04,13,377.0
7019,d1,2026-04-04,14,966.0
7020,d2,2026-04-04,7,1743.0
7021,d3,2026-04-04,10,1790.0
7022,d4,2026-04-04,14,1386.0
7023,d5,2026-04-04,7,1743.0
7024,b1,2026-04-04,10,1990.0
7025,b2,2026-04-04,8,1992.0
7026,b3,2026-04-04,7,1393.0
7027,b4,2026-04-04,5,2995.0
7028,b5,2026-04-04,6,1794.0
7029,bv1,2026-04-04,9,1341.0
7030,bv2,2026-04-04,11,2739.0
7031,bv3,2026-04-04,6,1194.0
7032,bv4,2026-04-04,10,3490.0
7033,s1,2026-04-04,5,1995.0
7034,s2,2026-04-04,11,2739.0
7035,s3,2026-04-04,9,891.0
7036,s4,2026-04-04,10,2990.0
7037,s5,2026-04-04,9,1791.0
7038,f1,2026-04-05,12,2988.0
7039,f2,2026-04-05,10,490.0
7040,f3,2026-04-05,12,1788.0
7041,f4,2026-04-05,13,2587.0
7042,f5,2026-04-05,18,1782.0
7043,f6,2026-04-05,9,1611.0
7044,v1,2026-04-05,10,890.0
7045,v2,2026-04-05,8,392.0
7046,v3,2026-04-05,11,869.0
7047,v4,2026-04-05,9,351.0
7048,v5,2026-04-05,5,745.0
7049,v6,2026-04-05,14,406.0
7050,d1,2026-04-05,7,483.0
7051,d2,2026-04-05,7,1743.0
7052,d3,2026-04-05,8,1432.0
7053,d4,2026-04-05,8,792.0
7054,d5,2026-04-05,9,2241.0
7055,b1,2026-04-05,10,1990.0
7056,b2,2026-04-05,8,1992.0
7057,b3,2026-04-05,8,1592.0
7058,b4,2026-04-05,4,2396.0
7059,b5,2026-04-05,5,1495.0
7060,bv1,2026-04-05,9,1341.0
7061,bv2,2026-04-05,11,2739.0
7062,bv3,2026-04-05,6,1194.0
7063,bv4,2026-04-05,8,2792.0
7064,s1,2026-04-05,6,2394.0
7065,s2,2026-04-05,8,1992.0
7066,s3,2026-04-05,12,1188.0
7067,s4,2026-04-05,9,2691.0
7068,s5,2026-04-05,9,1791.0
7069,f1,2026-04-06,6,1494.0
7070,f2,2026-04-06,9,441.0
7071,f3,2026-04-06,6,894.0
7072,f4,2026-04-06,6,1194.0
7073,f5,2026-04-06,8,792.0
7074,f6,2026-04-06,4,716.0
7075,v1,2026-04-06,6,534.0
7076,v2,2026-04-06,6,294.0
7077,v3,2026-04-06,4,316.0
7078,v4,2026-04-06,8,312.0
7079,v5,2026-04-06,4,596.0
7080,v6,2026-04-06,6,174.0
7081,d1,2026-04-06,6,414.0
7082,d2,2026-04-06,4,996.0
7083,d3,2026-04-06,5,895.0
7084,d4,2026-04-06,5,495.0
7085,d5,2026-04-06,4,996.0
7086,b1,2026-04-06,3,597.0
7087,b2,2026-04-06,5,1245.0
7088,b3,2026-04-06,3,597.0
7089,b4,2026-04-06,2,1198.0
7090,b5,2026-04-06,3,897.0
7091,bv1,2026-04-06,4,596.0
7092,bv2,2026-04-06,7,1743.0
7093,bv3,2026-04-06,4,796.0
7094,bv4,2026-04-06,6,2094.0
7095,s1,2026-04-06,2,798.0
7096,s2,2026-04-06,6,1494.0
7097,s3,2026-04-06,6,594.0
7098,s4,2026-04-06,4,1196.0
7099,s5,2026-04-06,6,1194.0
7100,f1,2026-04-07,7,1743.0
7101,f2,2026-04-07,10,490.0
7102,f3,2026-04-07,9,1341.0
7103,f4,2026-04-07,8,1592.0
7104,f5,2026-04-07,7,693.0
7105,f6,2026-04-07,6,1074.0
7106,v1,2026-04-07,4,356.0
7107,v2,2026-04-07,8,392.0
7108,v3,2026-04-07,5,395.0
7109,v4,2026-04-07,6,234.0
7110,v5,2026-04-07,4,596.0
7111,v6,2026-04-07,9,261.0
7112,d1,2026-04-07,7,483.0
7113,d2,2026-04-07,6,1494.0
7114,d3,2026-04-07,4,716.0
7115,d4,2026-04-07,7,693.0
7116,d5,2026-04-07,4,996.0
7117,b1,2026-04-07,5,995.0
7118,b2,2026-04-07,4,996.0
7119,b3,2026-04-07,4,796.0
7120,b4,2026-04-07,2,1198.0
7121,b5,2026-04-07,4,1196.0
7122,bv1,2026-04-07,5,745.0
7123,bv2,2026-04-07,7,1743.0
7124,bv3,2026-04-07,5,995.0
7125,bv4,2026-04-07,4,1396.0
7126,s1,2026-04-07,3,1197.0
7127,s2,2026-04-07,7,1743.0
7128,s3,2026-04-07,6,594.0
7129,s4,2026-04-07,4,1196.0
7130,s5,2026-04-07,7,1393.0
7131,f1,2026-04-08,9,2241.0
7132,f2,2026-04-08,9,441.0
7133,f3,2026-04-08,9,1341.0
7134,f4,2026-04-08,7,1393.0
7135,f5,2026-04-08,8,792.0
7136,f6,2026-04-08,8,1432.0
7137,v1,2026-04-08,8,712.0
7138,v2,2026-04-08,6,294.0
7139,v3,2026-04-08,6,474.0
7140,v4,2026-04-08,10,390.0
7141,v5,2026-04-08,5,745.0
7142,v6,2026-04-08,8,232.0
7143,d1,2026-04-08,9,621.0
7144,d2,2026-04-08,5,1245.0
7145,d3,2026-04-08,6,1074.0
7146,d4,2026-04-08,6,594.0
7147,d5,2026-04-08,4,996.0
7148,b1,2026-04-08,7,1393.0
7149,b2,2026-04-08,5,1245.0
7150,b3,2026-04-08,5,995.0
7151,b4,2026-04-08,3,1797.0
7152,b5,2026-04-08,4,1196.0
7153,bv1,2026-04-08,6,894.0
7154,bv2,2026-04-08,8,1992.0
7155,bv3,2026-04-08,6,1194.0
7156,bv4,2026-04-08,7,2443.0
7157,s1,2026-04-08,4,1596.0
7158,s2,2026-04-08,4,996.0
7159,s3,2026-04-08,8,792.0
7160,s4,2026-04-08,5,1495.0
7161,s5,2026-04-08,5,995.0
7162,f1,2026-04-09,7,1743.0
7163,f2,2026-04-09,11,539.0
7164,f3,2026-04-09,7,1043.0
7165,f4,2026-04-09,12,2388.0
7166,f5,2026-04-09,11,1089.0
7167,f6,2026-04-09,8,1432.0
7168,v1,2026-04-09,6,534.0
7169,v2,2026-04-09,10,490.0
7170,v3,2026-04-09,5,395.0
7171,v4,2026-04-09,10,390.0
7172,v5,2026-04-09,6,894.0
7173,v6,2026-04-09,9,261.0
7174,d1,2026-04-09,7,483.0
7175,d2,2026-04-09,5,1245.0
7176,d3,2026-04-09,5,895.0
7177,d4,2026-04-09,10,990.0
7178,d5,2026-04-09,5,1245.0
7179,b1,2026-04-09,5,995.0
7180,b2,2026-04-09,5,1245.0
7181,b3,2026-04-09,4,796.0
7182,b4,2026-04-09,4,2396.0
7183,b5,2026-04-09,6,1794.0
7184,bv1,2026-04-09,9,1341.0
7185,bv2,2026-04-09,8,1992.0
7186,bv3,2026-04-09,5,995.0
7187,bv4,2026-04-09,7,2443.0
7188,s1,2026-04-09,6,2394.0
7189,s2,2026-04-09,6,1494.0
7190,s3,2026-04-09,8,792.0
7191,s4,2026-04-09,7,2093.0
7192,s5,2026-04-09,7,1393.0
7193,f1,2026-04-10,10,2490.0
7194,f2,2026-04-10,11,539.0
7195,f3,2026-04-10,13,1937.0
7196,f4,2026-04-10,8,1592.0
7197,f5,2026-04-10,11,1089.0
7198,f6,2026-04-10,9,1611.0
7199,v1,2026-04-10,10,890.0
7200,v2,2026-04-10,9,441.0
7201,v3,2026-04-10,7,553.0
7202,v4,2026-04-10,13,507.0
7203,v5,2026-04-10,7,1043.0
7204,v6,2026-04-10,10,290.0
7205,d1,2026-04-10,11,759.0
7206,d2,2026-04-10,7,1743.0
7207,d3,2026-04-10,7,1253.0
7208,d4,2026-04-10,10,990.0
7209,d5,2026-04-10,7,1743.0
7210,b1,2026-04-10,9,1791.0
7211,b2,2026-04-10,5,1245.0
7212,b3,2026-04-10,4,796.0
7213,b4,2026-04-10,3,1797.0
7214,b5,2026-04-10,4,1196.0
7215,bv1,2026-04-10,7,1043.0
7216,bv2,2026-04-10,11,2739.0
7217,bv3,2026-04-10,7,1393.0
7218,bv4,2026-04-10,5,1745.0
7219,s1,2026-04-10,6,2394.0
7220,s2,2026-04-10,9,2241.0
7221,s3,2026-04-10,6,594.0
7222,s4,2026-04-10,7,2093.0
7223,s5,2026-04-10,6,1194.0
7224,f1,2026-04-11,9,2241.0
7225,f2,2026-04-11,14,686.0
7226,f3,2026-04-11,17,2533.0
7227,f4,2026-04-11,18,3582.0
7228,f5,2026-04-11,15,1485.0
7229,f6,2026-04-11,13,2327.0
7230,v1,2026-04-11,11,979.0
7231,v2,2026-04-11,10,490.0
7232,v3,2026-04-11,12,948.0
7233,v4,2026-04-11,10,390.0
7234,v5,2026-04-11,7,1043.0
7235,v6,2026-04-11,12,348.0
7236,d1,2026-04-11,10,690.0
7237,d2,2026-04-11,8,1992.0
7238,d3,2026-04-11,8,1432.0
7239,d4,2026-04-11,11,1089.0
7240,d5,2026-04-11,8,1992.0
7241,b1,2026-04-11,7,1393.0
7242,b2,2026-04-11,10,2490.0
7243,b3,2026-04-11,7,1393.0
7244,b4,2026-04-11,4,2396.0
7245,b5,2026-04-11,5,1495.0
7246,bv1,2026-04-11,12,1788.0
7247,bv2,2026-04-11,10,2490.0
7248,bv3,2026-04-11,6,1194.0
7249,bv4,2026-04-11,11,3839.0
7250,s1,2026-04-11,5,1995.0
7251,s2,2026-04-11,12,2988.0
7252,s3,2026-04-11,8,792.0
7253,s4,2026-04-11,8,2392.0
7254,s5,2026-04-11,9,1791.0
7255,f1,2026-04-12,12,2988.0
7256,f2,2026-04-12,16,784.0
7257,f3,2026-04-12,12,1788.0
7258,f4,2026-04-12,12,2388.0
7259,f5,2026-04-12,18,1782.0
7260,f6,2026-04-12,12,2148.0
7261,v1,2026-04-12,7,623.0
7262,v2,2026-04-12,11,539.0
7263,v3,2026-04-12,10,790.0
7264,v4,2026-04-12,14,546.0
7265,v5,2026-04-12,8,1192.0
7266,v6,2026-04-12,10,290.0
7267,d1,2026-04-12,11,759.0
7268,d2,2026-04-12,8,1992.0
7269,d3,2026-04-12,7,1253.0
7270,d4,2026-04-12,10,990.0
7271,d5,2026-04-12,8,1992.0
7272,b1,2026-04-12,10,1990.0
7273,b2,2026-04-12,9,2241.0
7274,b3,2026-04-12,8,1592.0
7275,b4,2026-04-12,4,2396.0
7276,b5,2026-04-12,6,1794.0
7277,bv1,2026-04-12,13,1937.0
7278,bv2,2026-04-12,11,2739.0
7279,bv3,2026-04-12,9,1791.0
7280,bv4,2026-04-12,11,3839.0
7281,s1,2026-04-12,8,3192.0
7282,s2,2026-04-12,12,2988.0
7283,s3,2026-04-12,7,693.0
7284,s4,2026-04-12,7,2093.0
7285,s5,2026-04-12,9,1791.0
7286,f1,2026-04-13,6,1494.0
7287,f2,2026-04-13,7,343.0
7288,f3,2026-04-13,8,1192.0
7289,f4,2026-04-13,9,1791.0
7290,f5,2026-04-13,7,693.0
7291,f6,2026-04-13,5,895.0
7292,v1,2026-04-13,5,445.0
7293,v2,2026-04-13,6,294.0
7294,v3,2026-04-13,4,316.0
7295,v4,2026-04-13,5,195.0
7296,v5,2026-04-13,4,596.0
7297,v6,2026-04-13,6,174.0
7298,d1,2026-04-13,4,276.0
7299,d2,2026-04-13,3,747.0
7300,d3,2026-04-13,3,537.0
7301,d4,2026-04-13,5,495.0
7302,d5,2026-04-13,5,1245.0
7303,b1,2026-04-13,5,995.0
7304,b2,2026-04-13,4,996.0
7305,b3,2026-04-13,2,398.0
7306,b4,2026-04-13,3,1797.0
7307,b5,2026-04-13,4,1196.0
7308,bv1,2026-04-13,6,894.0
7309,bv2,2026-04-13,7,1743.0
7310,bv3,2026-04-13,4,796.0
7311,bv4,2026-04-13,5,1745.0
7312,s1,2026-04-13,2,798.0
7313,s2,2026-04-13,3,747.0
7314,s3,2026-04-13,5,495.0
7315,s4,2026-04-13,4,1196.0
7316,s5,2026-04-13,6,1194.0
7317,f1,2026-04-14,7,1743.0
7318,f2,2026-04-14,9,441.0
7319,f3,2026-04-14,9,1341.0
7320,f4,2026-04-14,7,1393.0
7321,f5,2026-04-14,11,1089.0
7322,f6,2026-04-14,8,1432.0
7323,v1,2026-04-14,7,623.0
7324,v2,2026-04-14,7,343.0
7325,v3,2026-04-14,4,316.0
7326,v4,2026-04-14,5,195.0
7327,v5,2026-04-14,5,745.0
7328,v6,2026-04-14,5,145.0
7329,d1,2026-04-14,6,414.0
7330,d2,2026-04-14,4,996.0
7331,d3,2026-04-14,6,1074.0
7332,d4,2026-04-14,9,891.0
7333,d5,2026-04-14,4,996.0
7334,b1,2026-04-14,4,796.0
7335,b2,2026-04-14,6,1494.0
7336,b3,2026-04-14,3,597.0
7337,b4,2026-04-14,3,1797.0
7338,b5,2026-04-14,4,1196.0
7339,bv1,2026-04-14,8,1192.0
7340,bv2,2026-04-14,5,1245.0
7341,bv3,2026-04-14,4,796.0
7342,bv4,2026-04-14,6,2094.0
7343,s1,2026-04-14,5,1995.0
7344,s2,2026-04-14,5,1245.0
7345,s3,2026-04-14,6,594.0
7346,s4,2026-04-14,3,897.0
7347,s5,2026-04-14,6,1194.0
7348,f1,2026-04-15,6,1494.0
7349,f2,2026-04-15,7,343.0
7350,f3,2026-04-15,9,1341.0
7351,f4,2026-04-15,7,1393.0
7352,f5,2026-04-15,12,1188.0
7353,f6,2026-04-15,5,895.0
7354,v1,2026-04-15,5,445.0
7355,v2,2026-04-15,7,343.0
7356,v3,2026-04-15,5,395.0
7357,v4,2026-04-15,8,312.0
7358,v5,2026-04-15,6,894.0
7359,v6,2026-04-15,9,261.0
7360,d1,2026-04-15,8,552.0
7361,d2,2026-04-15,5,1245.0
7362,d3,2026-04-15,4,716.0
7363,d4,2026-04-15,10,990.0
7364,d5,2026-04-15,4,996.0
7365,b1,2026-04-15,6,1194.0
7366,b2,2026-04-15,7,1743.0
7367,b3,2026-04-15,5,995.0
7368,b4,2026-04-15,2,1198.0
7369,b5,2026-04-15,4,1196.0
7370,bv1,2026-04-15,9,1341.0
7371,bv2,2026-04-15,7,1743.0
7372,bv3,2026-04-15,7,1393.0
7373,bv4,2026-04-15,6,2094.0
7374,s1,2026-04-15,3,1197.0
7375,s2,2026-04-15,7,1743.0
7376,s3,2026-04-15,7,693.0
7377,s4,2026-04-15,6,1794.0
7378,s5,2026-04-15,6,1194.0
7379,f1,2026-04-16,6,1494.0
7380,f2,2026-04-16,12,588.0
7381,f3,2026-04-16,7,1043.0
7382,f4,2026-04-16,7,1393.0
7383,f5,2026-04-16,11,1089.0
7384,f6,2026-04-16,8,1432.0
7385,v1,2026-04-16,7,623.0
7386,v2,2026-04-16,7,343.0
7387,v3,2026-04-16,9,711.0
7388,v4,2026-04-16,9,351.0
7389,v5,2026-04-16,7,1043.0
7390,v6,2026-04-16,10,290.0
7391,d1,2026-04-16,10,690.0
7392,d2,2026-04-16,8,1992.0
7393,d3,2026-04-16,5,895.0
7394,d4,2026-04-16,9,891.0
7395,d5,2026-04-16,7,1743.0
7396,b1,2026-04-16,6,1194.0
7397,b2,2026-04-16,7,1743.0
7398,b3,2026-04-16,5,995.0
7399,b4,2026-04-16,2,1198.0
7400,b5,2026-04-16,6,1794.0
7401,bv1,2026-04-16,9,1341.0
7402,bv2,2026-04-16,7,1743.0
7403,bv3,2026-04-16,5,995.0
7404,bv4,2026-04-16,5,1745.0
7405,s1,2026-04-16,6,2394.0
7406,s2,2026-04-16,8,1992.0
7407,s3,2026-04-16,5,495.0
7408,s4,2026-04-16,5,1495.0
7409,s5,2026-04-16,9,1791.0
7410,f1,2026-04-17,7,1743.0
7411,f2,2026-04-17,11,539.0
7412,f3,2026-04-17,11,1639.0
7413,f4,2026-04-17,11,2189.0
7414,f5,2026-04-17,13,1287.0
7415,f6,2026-04-17,9,1611.0
7416,v1,2026-04-17,10,890.0
7417,v2,2026-04-17,12,588.0
7418,v3,2026-04-17,9,711.0
7419,v4,2026-04-17,9,351.0
7420,v5,2026-04-17,6,894.0
7421,v6,2026-04-17,10,290.0
7422,d1,2026-04-17,10,690.0
7423,d2,2026-04-17,5,1245.0
7424,d3,2026-04-17,6,1074.0
7425,d4,2026-04-17,12,1188.0
7426,d5,2026-04-17,6,1494.0
7427,b1,2026-04-17,6,1194.0
7428,b2,2026-04-17,6,1494.0
7429,b3,2026-04-17,6,1194.0
7430,b4,2026-04-17,4,2396.0
7431,b5,2026-04-17,5,1495.0
7432,bv1,2026-04-17,9,1341.0
7433,bv2,2026-04-17,10,2490.0
7434,bv3,2026-04-17,7,1393.0
7435,bv4,2026-04-17,7,2443.0
7436,s1,2026-04-17,6,2394.0
7437,s2,2026-04-17,9,2241.0
7438,s3,2026-04-17,9,891.0
7439,s4,2026-04-17,5,1495.0
7440,s5,2026-04-17,8,1592.0
7441,f1,2026-04-18,14,3486.0
7442,f2,2026-04-18,10,490.0
7443,f3,2026-04-18,15,2235.0
7444,f4,2026-04-18,16,3184.0
7445,f5,2026-04-18,18,1782.0
7446,f6,2026-04-18,10,1790.0
7447,v1,2026-04-18,8,712.0
7448,v2,2026-04-18,13,637.0
7449,v3,2026-04-18,8,632.0
7450,v4,2026-04-18,15,585.0
7451,v5,2026-04-18,6,894.0
7452,v6,2026-04-18,10,290.0
7453,d1,2026-04-18,12,828.0
7454,d2,2026-04-18,10,2490.0
7455,d3,2026-04-18,8,1432.0
7456,d4,2026-04-18,12,1188.0
7457,d5,2026-04-18,10,2490.0
7458,b1,2026-04-18,10,1990.0
7459,b2,2026-04-18,11,2739.0
7460,b3,2026-04-18,6,1194.0
7461,b4,2026-04-18,4,2396.0
7462,b5,2026-04-18,8,2392.0
7463,bv1,2026-04-18,8,1192.0
7464,bv2,2026-04-18,13,3237.0
7465,bv3,2026-04-18,8,1592.0
7466,bv4,2026-04-18,7,2443.0
7467,s1,2026-04-18,5,1995.0
7468,s2,2026-04-18,9,2241.0
7469,s3,2026-04-18,8,792.0
7470,s4,2026-04-18,9,2691.0
7471,s5,2026-04-18,8,1592.0
7472,f1,2026-04-19,10,2490.0
7473,f2,2026-04-19,12,588.0
7474,f3,2026-04-19,11,1639.0
7475,f4,2026-04-19,16,3184.0
7476,f5,2026-04-19,17,1683.0
7477,f6,2026-04-19,11,1969.0
7478,v1,2026-04-19,12,1068.0
7479,v2,2026-04-19,12,588.0
7480,v3,2026-04-19,9,711.0
7481,v4,2026-04-19,10,390.0
7482,v5,2026-04-19,9,1341.0
7483,v6,2026-04-19,11,319.0
7484,d1,2026-04-19,7,483.0
7485,d2,2026-04-19,6,1494.0
7486,d3,2026-04-19,10,1790.0
7487,d4,2026-04-19,9,891.0
7488,d5,2026-04-19,9,2241.0
7489,b1,2026-04-19,10,1990.0
7490,b2,2026-04-19,8,1992.0
7491,b3,2026-04-19,5,995.0
7492,b4,2026-04-19,3,1797.0
7493,b5,2026-04-19,5,1495.0
7494,bv1,2026-04-19,12,1788.0
7495,bv2,2026-04-19,8,1992.0
7496,bv3,2026-04-19,8,1592.0
7497,bv4,2026-04-19,8,2792.0
7498,s1,2026-04-19,6,2394.0
7499,s2,2026-04-19,10,2490.0
7500,s3,2026-04-19,10,990.0
7501,s4,2026-04-19,9,2691.0
7502,s5,2026-04-19,7,1393.0
7503,f1,2026-04-20,7,1743.0
7504,f2,2026-04-20,8,392.0
7505,f3,2026-04-20,7,1043.0
7506,f4,2026-04-20,5,995.0
7507,f5,2026-04-20,9,891.0
7508,f6,2026-04-20,5,895.0
7509,v1,2026-04-20,4,356.0
7510,v2,2026-04-20,5,245.0
7511,v3,2026-04-20,4,316.0
7512,v4,2026-04-20,6,234.0
7513,v5,2026-04-20,4,596.0
7514,v6,2026-04-20,6,174.0
7515,d1,2026-04-20,7,483.0
7516,d2,2026-04-20,4,996.0
7517,d3,2026-04-20,4,716.0
7518,d4,2026-04-20,5,495.0
7519,d5,2026-04-20,5,1245.0
7520,b1,2026-04-20,4,796.0
7521,b2,2026-04-20,5,1245.0
7522,b3,2026-04-20,4,796.0
7523,b4,2026-04-20,2,1198.0
7524,b5,2026-04-20,2,598.0
7525,bv1,2026-04-20,6,894.0
7526,bv2,2026-04-20,4,996.0
7527,bv3,2026-04-20,4,796.0
7528,bv4,2026-04-20,6,2094.0
7529,s1,2026-04-20,3,1197.0
7530,s2,2026-04-20,4,996.0
7531,s3,2026-04-20,6,594.0
7532,s4,2026-04-20,5,1495.0
7533,s5,2026-04-20,6,1194.0
7534,f1,2026-04-21,5,1245.0
7535,f2,2026-04-21,9,441.0
7536,f3,2026-04-21,6,894.0
7537,f4,2026-04-21,8,1592.0
7538,f5,2026-04-21,10,990.0
7539,f6,2026-04-21,7,1253.0
7540,v1,2026-04-21,5,445.0
7541,v2,2026-04-21,6,294.0
7542,v3,2026-04-21,4,316.0
7543,v4,2026-04-21,7,273.0
7544,v5,2026-04-21,5,745.0
7545,v6,2026-04-21,5,145.0
7546,d1,2026-04-21,5,345.0
7547,d2,2026-04-21,5,1245.0
7548,d3,2026-04-21,5,895.0
7549,d4,2026-04-21,6,594.0
7550,d5,2026-04-21,3,747.0
7551,b1,2026-04-21,5,995.0
7552,b2,2026-04-21,4,996.0
7553,b3,2026-04-21,4,796.0
7554,b4,2026-04-21,3,1797.0
7555,b5,2026-04-21,4,1196.0
7556,bv1,2026-04-21,5,745.0
7557,bv2,2026-04-21,7,1743.0
7558,bv3,2026-04-21,5,995.0
7559,bv4,2026-04-21,6,2094.0
7560,s1,2026-04-21,4,1596.0
7561,s2,2026-04-21,5,1245.0
7562,s3,2026-04-21,5,495.0
7563,s4,2026-04-21,5,1495.0
7564,s5,2026-04-21,7,1393.0
7565,f1,2026-04-22,6,1494.0
7566,f2,2026-04-22,7,343.0
7567,f3,2026-04-22,8,1192.0
7568,f4,2026-04-22,9,1791.0
7569,f5,2026-04-22,8,792.0
7570,f6,2026-04-22,8,1432.0
7571,v1,2026-04-22,6,534.0
7572,v2,2026-04-22,9,441.0
7573,v3,2026-04-22,5,395.0
7574,v4,2026-04-22,6,234.0
7575,v5,2026-04-22,4,596.0
7576,v6,2026-04-22,10,290.0
7577,d1,2026-04-22,9,621.0
7578,d2,2026-04-22,6,1494.0
7579,d3,2026-04-22,6,1074.0
7580,d4,2026-04-22,10,990.0
7581,d5,2026-04-22,4,996.0
7582,b1,2026-04-22,7,1393.0
7583,b2,2026-04-22,7,1743.0
7584,b3,2026-04-22,5,995.0
7585,b4,2026-04-22,2,1198.0
7586,b5,2026-04-22,3,897.0
7587,bv1,2026-04-22,6,894.0
7588,bv2,2026-04-22,8,1992.0
7589,bv3,2026-04-22,5,995.0
7590,bv4,2026-04-22,4,1396.0
7591,s1,2026-04-22,3,1197.0
7592,s2,2026-04-22,5,1245.0
7593,s3,2026-04-22,6,594.0
7594,s4,2026-04-22,6,1794.0
7595,s5,2026-04-22,7,1393.0
7596,f1,2026-04-23,10,2490.0
7597,f2,2026-04-23,12,588.0
7598,f3,2026-04-23,11,1639.0
7599,f4,2026-04-23,12,2388.0
7600,f5,2026-04-23,12,1188.0
7601,f6,2026-04-23,7,1253.0
7602,v1,2026-04-23,8,712.0
7603,v2,2026-04-23,6,294.0
7604,v3,2026-04-23,6,474.0
7605,v4,2026-04-23,10,390.0
7606,v5,2026-04-23,5,745.0
7607,v6,2026-04-23,9,261.0
7608,d1,2026-04-23,6,414.0
7609,d2,2026-04-23,6,1494.0
7610,d3,2026-04-23,6,1074.0
7611,d4,2026-04-23,8,792.0
7612,d5,2026-04-23,8,1992.0
7613,b1,2026-04-23,6,1194.0
7614,b2,2026-04-23,5,1245.0
7615,b3,2026-04-23,4,796.0
7616,b4,2026-04-23,3,1797.0
7617,b5,2026-04-23,4,1196.0
7618,bv1,2026-04-23,7,1043.0
7619,bv2,2026-04-23,9,2241.0
7620,bv3,2026-04-23,5,995.0
7621,bv4,2026-04-23,8,2792.0
7622,s1,2026-04-23,4,1596.0
7623,s2,2026-04-23,9,2241.0
7624,s3,2026-04-23,7,693.0
7625,s4,2026-04-23,7,2093.0
7626,s5,2026-04-23,7,1393.0
7627,f1,2026-04-24,12,2988.0
7628,f2,2026-04-24,12,588.0
7629,f3,2026-04-24,8,1192.0
7630,f4,2026-04-24,11,2189.0
7631,f5,2026-04-24,12,1188.0
7632,f6,2026-04-24,9,1611.0
7633,v1,2026-04-24,8,712.0
7634,v2,2026-04-24,12,588.0
7635,v3,2026-04-24,6,474.0
7636,v4,2026-04-24,10,390.0
7637,v5,2026-04-24,6,894.0
7638,v6,2026-04-24,11,319.0
7639,d1,2026-04-24,10,690.0
7640,d2,2026-04-24,7,1743.0
7641,d3,2026-04-24,9,1611.0
7642,d4,2026-04-24,8,792.0
7643,d5,2026-04-24,8,1992.0
7644,b1,2026-04-24,8,1592.0
7645,b2,2026-04-24,7,1743.0
7646,b3,2026-04-24,4,796.0
7647,b4,2026-04-24,4,2396.0
7648,b5,2026-04-24,6,1794.0
7649,bv1,2026-04-24,11,1639.0
7650,bv2,2026-04-24,11,2739.0
7651,bv3,2026-04-24,8,1592.0
7652,bv4,2026-04-24,9,3141.0
7653,s1,2026-04-24,6,2394.0
7654,s2,2026-04-24,7,1743.0
7655,s3,2026-04-24,6,594.0
7656,s4,2026-04-24,7,2093.0
7657,s5,2026-04-24,6,1194.0
7658,f1,2026-04-25,14,3486.0
7659,f2,2026-04-25,11,539.0
7660,f3,2026-04-25,11,1639.0
7661,f4,2026-04-25,14,2786.0
7662,f5,2026-04-25,12,1188.0
7663,f6,2026-04-25,11,1969.0
7664,v1,2026-04-25,8,712.0
7665,v2,2026-04-25,10,490.0
7666,v3,2026-04-25,11,869.0
7667,v4,2026-04-25,16,624.0
7668,v5,2026-04-25,9,1341.0
7669,v6,2026-04-25,10,290.0
7670,d1,2026-04-25,11,759.0
7671,d2,2026-04-25,7,1743.0
7672,d3,2026-04-25,6,1074.0
7673,d4,2026-04-25,9,891.0
7674,d5,2026-04-25,8,1992.0
7675,b1,2026-04-25,9,1791.0
7676,b2,2026-04-25,7,1743.0
7677,b3,2026-04-25,9,1791.0
7678,b4,2026-04-25,4,2396.0
7679,b5,2026-04-25,8,2392.0
7680,bv1,2026-04-25,13,1937.0
7681,bv2,2026-04-25,14,3486.0
7682,bv3,2026-04-25,8,1592.0
7683,bv4,2026-04-25,11,3839.0
7684,s1,2026-04-25,6,2394.0
7685,s2,2026-04-25,10,2490.0
7686,s3,2026-04-25,12,1188.0
7687,s4,2026-04-25,7,2093.0
7688,s5,2026-04-25,8,1592.0
7689,f1,2026-04-26,11,2739.0
7690,f2,2026-04-26,15,735.0
7691,f3,2026-04-26,13,1937.0
7692,f4,2026-04-26,16,3184.0
7693,f5,2026-04-26,11,1089.0
7694,f6,2026-04-26,12,2148.0
7695,v1,2026-04-26,8,712.0
7696,v2,2026-04-26,14,686.0
7697,v3,2026-04-26,6,474.0
7698,v4,2026-04-26,9,351.0
7699,v5,2026-04-26,8,1192.0
7700,v6,2026-04-26,9,261.0
7701,d1,2026-04-26,10,690.0
7702,d2,2026-04-26,10,2490.0
7703,d3,2026-04-26,10,1790.0
7704,d4,2026-04-26,12,1188.0
7705,d5,2026-04-26,7,1743.0
7706,b1,2026-04-26,7,1393.0
7707,b2,2026-04-26,7,1743.0
7708,b3,2026-04-26,6,1194.0
7709,b4,2026-04-26,4,2396.0
7710,b5,2026-04-26,7,2093.0
7711,bv1,2026-04-26,10,1490.0
7712,bv2,2026-04-26,9,2241.0
7713,bv3,2026-04-26,8,1592.0
7714,bv4,2026-04-26,9,3141.0
7715,s1,2026-04-26,7,2793.0
7716,s2,2026-04-26,9,2241.0
7717,s3,2026-04-26,12,1188.0
7718,s4,2026-04-26,7,2093.0
7719,s5,2026-04-26,8,1592.0
7720,f1,2026-04-27,7,1743.0
7721,f2,2026-04-27,5,245.0
7722,f3,2026-04-27,8,1192.0
7723,f4,2026-04-27,6,1194.0
7724,f5,2026-04-27,7,693.0
7725,f6,2026-04-27,5,895.0
7726,v1,2026-04-27,6,534.0
7727,v2,2026-04-27,6,294.0
7728,v3,2026-04-27,3,237.0
7729,v4,2026-04-27,6,234.0
7730,v5,2026-04-27,3,447.0
7731,v6,2026-04-27,6,174.0
7732,d1,2026-04-27,6,414.0
7733,d2,2026-04-27,4,996.0
7734,d3,2026-04-27,5,895.0
7735,d4,2026-04-27,6,594.0
7736,d5,2026-04-27,3,747.0
7737,b1,2026-04-27,5,995.0
7738,b2,2026-04-27,5,1245.0
7739,b3,2026-04-27,3,597.0
7740,b4,2026-04-27,3,1797.0
7741,b5,2026-04-27,4,1196.0
7742,bv1,2026-04-27,7,1043.0
7743,bv2,2026-04-27,5,1245.0
7744,bv3,2026-04-27,5,995.0
7745,bv4,2026-04-27,3,1047.0
7746,s1,2026-04-27,2,798.0
7747,s2,2026-04-27,6,1494.0
7748,s3,2026-04-27,5,495.0
7749,s4,2026-04-27,3,897.0
7750,s5,2026-04-27,6,1194.0
7751,f1,2026-04-28,8,1992.0
7752,f2,2026-04-28,8,392.0
7753,f3,2026-04-28,7,1043.0
7754,f4,2026-04-28,6,1194.0
7755,f5,2026-04-28,9,891.0
7756,f6,2026-04-28,6,1074.0
7757,v1,2026-04-28,5,445.0
7758,v2,2026-04-28,6,294.0
7759,v3,2026-04-28,6,474.0
7760,v4,2026-04-28,7,273.0
7761,v5,2026-04-28,5,745.0
7762,v6,2026-04-28,8,232.0
7763,d1,2026-04-28,5,345.0
7764,d2,2026-04-28,4,996.0
7765,d3,2026-04-28,5,895.0
7766,d4,2026-04-28,8,792.0
7767,d5,2026-04-28,4,996.0
7768,b1,2026-04-28,6,1194.0
7769,b2,2026-04-28,6,1494.0
7770,b3,2026-04-28,4,796.0
7771,b4,2026-04-28,2,1198.0
7772,b5,2026-04-28,3,897.0
7773,bv1,2026-04-28,7,1043.0
7774,bv2,2026-04-28,7,1743.0
7775,bv3,2026-04-28,4,796.0
7776,bv4,2026-04-28,5,1745.0
7777,s1,2026-04-28,4,1596.0
7778,s2,2026-04-28,6,1494.0
7779,s3,2026-04-28,5,495.0
7780,s4,2026-04-28,4,1196.0
7781,s5,2026-04-28,6,1194.0
7782,f1,2026-04-29,5,1245.0
7783,f2,2026-04-29,8,392.0
7784,f3,2026-04-29,10,1490.0
7785,f4,2026-04-29,12,2388.0
7786,f5,2026-04-29,9,891.0
7787,f6,2026-04-29,8,1432.0
7788,v1,2026-04-29,7,623.0
7789,v2,2026-04-29,7,343.0
7790,v3,2026-04-29,5,395.0
7791,v4,2026-04-29,7,273.0
7792,v5,2026-04-29,6,894.0
7793,v6,2026-04-29,8,232.0
7794,d1,2026-04-29,7,483.0
7795,d2,2026-04-29,5,1245.0
7796,d3,2026-04-29,5,895.0
7797,d4,2026-04-29,10,990.0
7798,d5,2026-04-29,5,1245.0
7799,b1,2026-04-29,6,1194.0
7800,b2,2026-04-29,4,996.0
7801,b3,2026-04-29,4,796.0
7802,b4,2026-04-29,3,1797.0
7803,b5,2026-04-29,5,1495.0
7804,bv1,2026-04-29,6,894.0
7805,bv2,2026-04-29,9,2241.0
7806,bv3,2026-04-29,7,1393.0
7807,bv4,2026-04-29,5,1745.0
7808,s1,2026-04-29,3,1197.0
7809,s2,2026-04-29,4,996.0
7810,s3,2026-04-29,5,495.0
7811,s4,2026-04-29,5,1495.0
7812,s5,2026-04-29,5,995.0
7813,f1,2026-04-30,8,1992.0
7814,f2,2026-04-30,9,441.0
7815,f3,2026-04-30,10,1490.0
7816,f4,2026-04-30,10,1990.0
7817,f5,2026-04-30,14,1386.0
7818,f6,2026-04-30,6,1074.0
7819,v1,2026-04-30,7,623.0
7820,v2,2026-04-30,8,392.0
7821,v3,2026-04-30,7,553.0
7822,v4,2026-04-30,11,429.0
7823,v5,2026-04-30,4,596.0
7824,v6,2026-04-30,11,319.0
7825,d1,2026-04-30,9,621.0
7826,d2,2026-04-30,7,1743.0
7827,d3,2026-04-30,7,1253.0
7828,d4,2026-04-30,7,693.0
7829,d5,2026-04-30,4,996.0
7830,b1,2026-04-30,4,796.0
7831,b2,2026-04-30,8,1992.0
7832,b3,2026-04-30,3,597.0
7833,b4,2026-04-30,3,1797.0
7834,b5,2026-04-30,4,1196.0
7835,bv1,2026-04-30,10,1490.0
7836,bv2,2026-04-30,9,2241.0
7837,bv3,2026-04-30,7,1393.0
7838,bv4,2026-04-30,6,2094.0
7839,s1,2026-04-30,4,1596.0
7840,s2,2026-04-30,6,1494.0
7841,s3,2026-04-30,9,891.0
7842,s4,2026-04-30,6,1794.0
7843,s5,2026-04-30,7,1393.0
7844,f1,2026-05-01,12,2988.0
7845,f2,2026-05-01,11,539.0
7846,f3,2026-05-01,10,1490.0
7847,f4,2026-05-01,10,1990.0
7848,f5,2026-05-01,11,1089.0
7849,f6,2026-05-01,9,1611.0
7850,v1,2026-05-01,7,623.0
7851,v2,2026-05-01,6,294.0
7852,v3,2026-05-01,6,474.0
7853,v4,2026-05-01,8,312.0
7854,v5,2026-05-01,5,745.0
7855,v6,2026-05-01,6,174.0
7856,d1,2026-05-01,9,621.0
7857,d2,2026-05-01,7,1743.0
7858,d3,2026-05-01,7,1253.0
7859,d4,2026-05-01,11,1089.0
7860,d5,2026-05-01,6,1494.0
7861,b1,2026-05-01,7,1393.0
7862,b2,2026-05-01,5,1245.0
7863,b3,2026-05-01,4,796.0
7864,b4,2026-05-01,3,1797.0
7865,b5,2026-05-01,4,1196.0
7866,bv1,2026-05-01,11,1639.0
7867,bv2,2026-05-01,9,2241.0
7868,bv3,2026-05-01,9,1791.0
7869,bv4,2026-05-01,7,2443.0
7870,s1,2026-05-01,5,1995.0
7871,s2,2026-05-01,10,2490.0
7872,s3,2026-05-01,6,594.0
7873,s4,2026-05-01,7,2093.0
7874,s5,2026-05-01,8,1592.0
7875,f1,2026-05-02,19,4731.0
7876,f2,2026-05-02,16,784.0
7877,f3,2026-05-02,13,1937.0
7878,f4,2026-05-02,19,3781.0
7879,f5,2026-05-02,22,2178.0
7880,f6,2026-05-02,11,1969.0
7881,v1,2026-05-02,9,801.0
7882,v2,2026-05-02,8,392.0
7883,v3,2026-05-02,9,711.0
7884,v4,2026-05-02,11,429.0
7885,v5,2026-05-02,5,745.0
7886,v6,2026-05-02,14,406.0
7887,d1,2026-05-02,7,483.0
7888,d2,2026-05-02,7,1743.0
7889,d3,2026-05-02,6,1074.0
7890,d4,2026-05-02,10,990.0
7891,d5,2026-05-02,9,2241.0
7892,b1,2026-05-02,8,1592.0
7893,b2,2026-05-02,7,1743.0
7894,b3,2026-05-02,6,1194.0
7895,b4,2026-05-02,5,2995.0
7896,b5,2026-05-02,7,2093.0
7897,bv1,2026-05-02,13,1937.0
7898,bv2,2026-05-02,15,3735.0
7899,bv3,2026-05-02,8,1592.0
7900,bv4,2026-05-02,9,3141.0
7901,s1,2026-05-02,6,2394.0
7902,s2,2026-05-02,12,2988.0
7903,s3,2026-05-02,13,1287.0
7904,s4,2026-05-02,9,2691.0
7905,s5,2026-05-02,14,2786.0
7906,f1,2026-05-03,17,4233.0
7907,f2,2026-05-03,16,784.0
7908,f3,2026-05-03,14,2086.0
7909,f4,2026-05-03,16,3184.0
7910,f5,2026-05-03,14,1386.0
7911,f6,2026-05-03,10,1790.0
7912,v1,2026-05-03,6,534.0
7913,v2,2026-05-03,11,539.0
7914,v3,2026-05-03,8,632.0
7915,v4,2026-05-03,13,507.0
7916,v5,2026-05-03,7,1043.0
7917,v6,2026-05-03,12,348.0
7918,d1,2026-05-03,7,483.0
7919,d2,2026-05-03,6,1494.0
7920,d3,2026-05-03,6,1074.0
7921,d4,2026-05-03,8,792.0
7922,d5,2026-05-03,8,1992.0
7923,b1,2026-05-03,8,1592.0
7924,b2,2026-05-03,5,1245.0
7925,b3,2026-05-03,5,995.0
7926,b4,2026-05-03,3,1797.0
7927,b5,2026-05-03,6,1794.0
7928,bv1,2026-05-03,14,2086.0
7929,bv2,2026-05-03,12,2988.0
7930,bv3,2026-05-03,11,2189.0
7931,bv4,2026-05-03,10,3490.0
7932,s1,2026-05-03,6,2394.0
7933,s2,2026-05-03,11,2739.0
7934,s3,2026-05-03,9,891.0
7935,s4,2026-05-03,8,2392.0
7936,s5,2026-05-03,9,1791.0
7937,f1,2026-05-04,7,1743.0
7938,f2,2026-05-04,11,539.0
7939,f3,2026-05-04,7,1043.0
7940,f4,2026-05-04,9,1791.0
7941,f5,2026-05-04,8,792.0
7942,f6,2026-05-04,5,895.0
7943,v1,2026-05-04,4,356.0
7944,v2,2026-05-04,4,196.0
7945,v3,2026-05-04,5,395.0
7946,v4,2026-05-04,7,273.0
7947,v5,2026-05-04,4,596.0
7948,v6,2026-05-04,4,116.0
7949,d1,2026-05-04,6,414.0
7950,d2,2026-05-04,4,996.0
7951,d3,2026-05-04,4,716.0
7952,d4,2026-05-04,7,693.0
7953,d5,2026-05-04,3,747.0
7954,b1,2026-05-04,4,796.0
7955,b2,2026-05-04,4,996.0
7956,b3,2026-05-04,2,398.0
7957,b4,2026-05-04,2,1198.0
7958,b5,2026-05-04,3,897.0
7959,bv1,2026-05-04,7,1043.0
7960,bv2,2026-05-04,7,1743.0
7961,bv3,2026-05-04,4,796.0
7962,bv4,2026-05-04,5,1745.0
7963,s1,2026-05-04,3,1197.0
7964,s2,2026-05-04,4,996.0
7965,s3,2026-05-04,7,693.0
7966,s4,2026-05-04,4,1196.0
7967,s5,2026-05-04,5,995.0
7968,f1,2026-05-05,9,2241.0
7969,f2,2026-05-05,10,490.0
7970,f3,2026-05-05,9,1341.0
7971,f4,2026-05-05,11,2189.0
7972,f5,2026-05-05,13,1287.0
7973,f6,2026-05-05,6,1074.0
7974,v1,2026-05-05,5,445.0
7975,v2,2026-05-05,5,245.0
7976,v3,2026-05-05,4,316.0
7977,v4,2026-05-05,6,234.0
7978,v5,2026-05-05,4,596.0
7979,v6,2026-05-05,6,174.0
7980,d1,2026-05-05,6,414.0
7981,d2,2026-05-05,5,1245.0
7982,d3,2026-05-05,4,716.0
7983,d4,2026-05-05,5,495.0
7984,d5,2026-05-05,4,996.0
7985,b1,2026-05-05,3,597.0
7986,b2,2026-05-05,3,747.0
7987,b3,2026-05-05,4,796.0
7988,b4,2026-05-05,2,1198.0
7989,b5,2026-05-05,3,897.0
7990,bv1,2026-05-05,8,1192.0
7991,bv2,2026-05-05,8,1992.0
7992,bv3,2026-05-05,7,1393.0
7993,bv4,2026-05-05,7,2443.0
7994,s1,2026-05-05,5,1995.0
7995,s2,2026-05-05,7,1743.0
7996,s3,2026-05-05,8,792.0
7997,s4,2026-05-05,6,1794.0
7998,s5,2026-05-05,7,1393.0
7999,f1,2026-05-06,11,2739.0
8000,f2,2026-05-06,10,490.0
8001,f3,2026-05-06,13,1937.0
8002,f4,2026-05-06,12,2388.0
8003,f5,2026-05-06,9,891.0
8004,f6,2026-05-06,6,1074.0
8005,v1,2026-05-06,6,534.0
8006,v2,2026-05-06,6,294.0
8007,v3,2026-05-06,7,553.0
8008,v4,2026-05-06,5,195.0
8009,v5,2026-05-06,4,596.0
8010,v6,2026-05-06,8,232.0
8011,d1,2026-05-06,5,345.0
8012,d2,2026-05-06,5,1245.0
8013,d3,2026-05-06,4,716.0
8014,d4,2026-05-06,8,792.0
8015,d5,2026-05-06,5,1245.0
8016,b1,2026-05-06,6,1194.0
8017,b2,2026-05-06,5,1245.0
8018,b3,2026-05-06,3,597.0
8019,b4,2026-05-06,2,1198.0
8020,b5,2026-05-06,4,1196.0
8021,bv1,2026-05-06,9,1341.0
8022,bv2,2026-05-06,10,2490.0
8023,bv3,2026-05-06,8,1592.0
8024,bv4,2026-05-06,7,2443.0
8025,s1,2026-05-06,5,1995.0
8026,s2,2026-05-06,9,2241.0
8027,s3,2026-05-06,5,495.0
8028,s4,2026-05-06,4,1196.0
8029,s5,2026-05-06,7,1393.0
8030,f1,2026-05-07,9,2241.0
8031,f2,2026-05-07,15,735.0
8032,f3,2026-05-07,12,1788.0
8033,f4,2026-05-07,13,2587.0
8034,f5,2026-05-07,11,1089.0
8035,f6,2026-05-07,7,1253.0
8036,v1,2026-05-07,6,534.0
8037,v2,2026-05-07,9,441.0
8038,v3,2026-05-07,6,474.0
8039,v4,2026-05-07,10,390.0
8040,v5,2026-05-07,5,745.0
8041,v6,2026-05-07,6,174.0
8042,d1,2026-05-07,9,621.0
8043,d2,2026-05-07,7,1743.0
8044,d3,2026-05-07,5,895.0
8045,d4,2026-05-07,7,693.0
8046,d5,2026-05-07,5,1245.0
8047,b1,2026-05-07,6,1194.0
8048,b2,2026-05-07,4,996.0
8049,b3,2026-05-07,4,796.0
8050,b4,2026-05-07,2,1198.0
8051,b5,2026-05-07,3,897.0
8052,bv1,2026-05-07,9,1341.0
8053,bv2,2026-05-07,10,2490.0
8054,bv3,2026-05-07,9,1791.0
8055,bv4,2026-05-07,9,3141.0
8056,s1,2026-05-07,6,2394.0
8057,s2,2026-05-07,7,1743.0
8058,s3,2026-05-07,7,693.0
8059,s4,2026-05-07,8,2392.0
8060,s5,2026-05-07,6,1194.0
8061,f1,2026-05-08,14,3486.0
8062,f2,2026-05-08,16,784.0
8063,f3,2026-05-08,11,1639.0
8064,f4,2026-05-08,12,2388.0
8065,f5,2026-05-08,11,1089.0
8066,f6,2026-05-08,8,1432.0
8067,v1,2026-05-08,9,801.0
8068,v2,2026-05-08,8,392.0
8069,v3,2026-05-08,5,395.0
8070,v4,2026-05-08,8,312.0
8071,v5,2026-05-08,6,894.0
8072,v6,2026-05-08,10,290.0
8073,d1,2026-05-08,10,690.0
8074,d2,2026-05-08,7,1743.0
8075,d3,2026-05-08,5,895.0
8076,d4,2026-05-08,9,891.0
8077,d5,2026-05-08,7,1743.0
8078,b1,2026-05-08,7,1393.0
8079,b2,2026-05-08,7,1743.0
8080,b3,2026-05-08,4,796.0
8081,b4,2026-05-08,3,1797.0
8082,b5,2026-05-08,5,1495.0
8083,bv1,2026-05-08,11,1639.0
8084,bv2,2026-05-08,9,2241.0
8085,bv3,2026-05-08,7,1393.0
8086,bv4,2026-05-08,10,3490.0
8087,s1,2026-05-08,6,2394.0
8088,s2,2026-05-08,6,1494.0
8089,s3,2026-05-08,11,1089.0
8090,s4,2026-05-08,8,2392.0
8091,s5,2026-05-08,9,1791.0
8092,f1,2026-05-09,11,2739.0
8093,f2,2026-05-09,17,833.0
8094,f3,2026-05-09,17,2533.0
8095,f4,2026-05-09,17,3383.0
8096,f5,2026-05-09,23,2277.0
8097,f6,2026-05-09,15,2685.0
8098,v1,2026-05-09,7,623.0
8099,v2,2026-05-09,13,637.0
8100,v3,2026-05-09,7,553.0
8101,v4,2026-05-09,10,390.0
8102,v5,2026-05-09,9,1341.0
8103,v6,2026-05-09,11,319.0
8104,d1,2026-05-09,12,828.0
8105,d2,2026-05-09,9,2241.0
8106,d3,2026-05-09,7,1253.0
8107,d4,2026-05-09,10,990.0
8108,d5,2026-05-09,6,1494.0
8109,b1,2026-05-09,9,1791.0
8110,b2,2026-05-09,9,2241.0
8111,b3,2026-05-09,5,995.0
8112,b4,2026-05-09,4,2396.0
8113,b5,2026-05-09,7,2093.0
8114,bv1,2026-05-09,14,2086.0
8115,bv2,2026-05-09,15,3735.0
8116,bv3,2026-05-09,9,1791.0
8117,bv4,2026-05-09,10,3490.0
8118,s1,2026-05-09,7,2793.0
8119,s2,2026-05-09,13,3237.0
8120,s3,2026-05-09,13,1287.0
8121,s4,2026-05-09,9,2691.0
8122,s5,2026-05-09,8,1592.0
8123,f1,2026-05-10,17,4233.0
8124,f2,2026-05-10,19,931.0
8125,f3,2026-05-10,13,1937.0
8126,f4,2026-05-10,19,3781.0
8127,f5,2026-05-10,22,2178.0
8128,f6,2026-05-10,9,1611.0
8129,v1,2026-05-10,10,890.0
8130,v2,2026-05-10,13,637.0
8131,v3,2026-05-10,10,790.0
8132,v4,2026-05-10,10,390.0
8133,v5,2026-05-10,6,894.0
8134,v6,2026-05-10,10,290.0
8135,d1,2026-05-10,10,690.0
8136,d2,2026-05-10,7,1743.0
8137,d3,2026-05-10,8,1432.0
8138,d4,2026-05-10,8,792.0
8139,d5,2026-05-10,8,1992.0
8140,b1,2026-05-10,7,1393.0
8141,b2,2026-05-10,6,1494.0
8142,b3,2026-05-10,5,995.0
8143,b4,2026-05-10,3,1797.0
8144,b5,2026-05-10,5,1495.0
8145,bv1,2026-05-10,15,2235.0
8146,bv2,2026-05-10,13,3237.0
8147,bv3,2026-05-10,8,1592.0
8148,bv4,2026-05-10,11,3839.0
8149,s1,2026-05-10,8,3192.0
8150,s2,2026-05-10,7,1743.0
8151,s3,2026-05-10,10,990.0
8152,s4,2026-05-10,6,1794.0
8153,s5,2026-05-10,9,1791.0
8154,f1,2026-05-11,9,2241.0
8155,f2,2026-05-11,7,343.0
8156,f3,2026-05-11,6,894.0
8157,f4,2026-05-11,7,1393.0
8158,f5,2026-05-11,7,693.0
8159,f6,2026-05-11,5,895.0
8160,v1,2026-05-11,5,445.0
8161,v2,2026-05-11,4,196.0
8162,v3,2026-05-11,3,237.0
8163,v4,2026-05-11,7,273.0
8164,v5,2026-05-11,4,596.0
8165,v6,2026-05-11,5,145.0
8166,d1,2026-05-11,5,345.0
8167,d2,2026-05-11,5,1245.0
8168,d3,2026-05-11,3,537.0
8169,d4,2026-05-11,6,594.0
8170,d5,2026-05-11,3,747.0
8171,b1,2026-05-11,3,597.0
8172,b2,2026-05-11,5,1245.0
8173,b3,2026-05-11,3,597.0
8174,b4,2026-05-11,2,1198.0
8175,b5,2026-05-11,3,897.0
8176,bv1,2026-05-11,5,745.0
8177,bv2,2026-05-11,5,1245.0
8178,bv3,2026-05-11,4,796.0
8179,bv4,2026-05-11,7,2443.0
8180,s1,2026-05-11,3,1197.0
8181,s2,2026-05-11,6,1494.0
8182,s3,2026-05-11,5,495.0
8183,s4,2026-05-11,4,1196.0
8184,s5,2026-05-11,4,796.0
8185,f1,2026-05-12,6,1494.0
8186,f2,2026-05-12,8,392.0
8187,f3,2026-05-12,12,1788.0
8188,f4,2026-05-12,11,2189.0
8189,f5,2026-05-12,13,1287.0
8190,f6,2026-05-12,8,1432.0
8191,v1,2026-05-12,5,445.0
8192,v2,2026-05-12,4,196.0
8193,v3,2026-05-12,5,395.0
8194,v4,2026-05-12,7,273.0
8195,v5,2026-05-12,4,596.0
8196,v6,2026-05-12,7,203.0
8197,d1,2026-05-12,7,483.0
8198,d2,2026-05-12,4,996.0
8199,d3,2026-05-12,4,716.0
8200,d4,2026-05-12,6,594.0
8201,d5,2026-05-12,5,1245.0
8202,b1,2026-05-12,4,796.0
8203,b2,2026-05-12,4,996.0
8204,b3,2026-05-12,3,597.0
8205,b4,2026-05-12,2,1198.0
8206,b5,2026-05-12,2,598.0
8207,bv1,2026-05-12,8,1192.0
8208,bv2,2026-05-12,9,2241.0
8209,bv3,2026-05-12,6,1194.0
8210,bv4,2026-05-12,6,2094.0
8211,s1,2026-05-12,5,1995.0
8212,s2,2026-05-12,8,1992.0
8213,s3,2026-05-12,5,495.0
8214,s4,2026-05-12,3,897.0
8215,s5,2026-05-12,7,1393.0
8216,f1,2026-05-13,8,1992.0
8217,f2,2026-05-13,11,539.0
8218,f3,2026-05-13,10,1490.0
8219,f4,2026-05-13,12,2388.0
8220,f5,2026-05-13,9,891.0
8221,f6,2026-05-13,10,1790.0
8222,v1,2026-05-13,6,534.0
8223,v2,2026-05-13,6,294.0
8224,v3,2026-05-13,5,395.0
8225,v4,2026-05-13,9,351.0
8226,v5,2026-05-13,5,745.0
8227,v6,2026-05-13,7,203.0
8228,d1,2026-05-13,7,483.0
8229,d2,2026-05-13,5,1245.0
8230,d3,2026-05-13,6,1074.0
8231,d4,2026-05-13,7,693.0
8232,d5,2026-05-13,4,996.0
8233,b1,2026-05-13,5,995.0
8234,b2,2026-05-13,4,996.0
8235,b3,2026-05-13,3,597.0
8236,b4,2026-05-13,2,1198.0
8237,b5,2026-05-13,5,1495.0
8238,bv1,2026-05-13,9,1341.0
8239,bv2,2026-05-13,6,1494.0
8240,bv3,2026-05-13,7,1393.0
8241,bv4,2026-05-13,9,3141.0
8242,s1,2026-05-13,4,1596.0
8243,s2,2026-05-13,7,1743.0
8244,s3,2026-05-13,9,891.0
8245,s4,2026-05-13,5,1495.0
8246,s5,2026-05-13,8,1592.0
8247,f1,2026-05-14,9,2241.0
8248,f2,2026-05-14,12,588.0
8249,f3,2026-05-14,13,1937.0
8250,f4,2026-05-14,14,2786.0
8251,f5,2026-05-14,17,1683.0
8252,f6,2026-05-14,8,1432.0
8253,v1,2026-05-14,8,712.0
8254,v2,2026-05-14,6,294.0
8255,v3,2026-05-14,5,395.0
8256,v4,2026-05-14,6,234.0
8257,v5,2026-05-14,6,894.0
8258,v6,2026-05-14,8,232.0
8259,d1,2026-05-14,7,483.0
8260,d2,2026-05-14,6,1494.0
8261,d3,2026-05-14,5,895.0
8262,d4,2026-05-14,10,990.0
8263,d5,2026-05-14,7,1743.0
8264,b1,2026-05-14,5,995.0
8265,b2,2026-05-14,6,1494.0
8266,b3,2026-05-14,4,796.0
8267,b4,2026-05-14,3,1797.0
8268,b5,2026-05-14,3,897.0
8269,bv1,2026-05-14,9,1341.0
8270,bv2,2026-05-14,11,2739.0
8271,bv3,2026-05-14,5,995.0
8272,bv4,2026-05-14,9,3141.0
8273,s1,2026-05-14,5,1995.0
8274,s2,2026-05-14,8,1992.0
8275,s3,2026-05-14,6,594.0
8276,s4,2026-05-14,5,1495.0
8277,s5,2026-05-14,8,1592.0
8278,f1,2026-05-15,12,2988.0
8279,f2,2026-05-15,14,686.0
8280,f3,2026-05-15,14,2086.0
8281,f4,2026-05-15,14,2786.0
8282,f5,2026-05-15,16,1584.0
8283,f6,2026-05-15,12,2148.0
8284,v1,2026-05-15,8,712.0
8285,v2,2026-05-15,7,343.0
8286,v3,2026-05-15,7,553.0
8287,v4,2026-05-15,11,429.0
8288,v5,2026-05-15,7,1043.0
8289,v6,2026-05-15,8,232.0
8290,d1,2026-05-15,10,690.0
8291,d2,2026-05-15,6,1494.0
8292,d3,2026-05-15,8,1432.0
8293,d4,2026-05-15,11,1089.0
8294,d5,2026-05-15,5,1245.0
8295,b1,2026-05-15,7,1393.0
8296,b2,2026-05-15,7,1743.0
8297,b3,2026-05-15,5,995.0
8298,b4,2026-05-15,2,1198.0
8299,b5,2026-05-15,6,1794.0
8300,bv1,2026-05-15,10,1490.0
8301,bv2,2026-05-15,9,2241.0
8302,bv3,2026-05-15,8,1592.0
8303,bv4,2026-05-15,11,3839.0
8304,s1,2026-05-15,7,2793.0
8305,s2,2026-05-15,11,2739.0
8306,s3,2026-05-15,10,990.0
8307,s4,2026-05-15,7,2093.0
8308,s5,2026-05-15,9,1791.0
8309,f1,2026-05-16,18,4482.0
8310,f2,2026-05-16,20,980.0
8311,f3,2026-05-16,16,2384.0
8312,f4,2026-05-16,18,3582.0
8313,f5,2026-05-16,19,1881.0
8314,f6,2026-05-16,10,1790.0
8315,v1,2026-05-16,7,623.0
8316,v2,2026-05-16,9,441.0
8317,v3,2026-05-16,7,553.0
8318,v4,2026-05-16,12,468.0
8319,v5,2026-05-16,7,1043.0
8320,v6,2026-05-16,10,290.0
8321,d1,2026-05-16,12,828.0
8322,d2,2026-05-16,6,1494.0
8323,d3,2026-05-16,7,1253.0
8324,d4,2026-05-16,11,1089.0
8325,d5,2026-05-16,7,1743.0
8326,b1,2026-05-16,7,1393.0
8327,b2,2026-05-16,7,1743.0
8328,b3,2026-05-16,6,1194.0
8329,b4,2026-05-16,5,2995.0
8330,b5,2026-05-16,5,1495.0
8331,bv1,2026-05-16,17,2533.0
8332,bv2,2026-05-16,10,2490.0
8333,bv3,2026-05-16,8,1592.0
8334,bv4,2026-05-16,9,3141.0
8335,s1,2026-05-16,7,2793.0
8336,s2,2026-05-16,10,2490.0
8337,s3,2026-05-16,12,1188.0
8338,s4,2026-05-16,8,2392.0
8339,s5,2026-05-16,14,2786.0
8340,f1,2026-05-17,11,2739.0
8341,f2,2026-05-17,14,686.0
8342,f3,2026-05-17,11,1639.0
8343,f4,2026-05-17,14,2786.0
8344,f5,2026-05-17,20,1980.0
8345,f6,2026-05-17,15,2685.0
8346,v1,2026-05-17,8,712.0
8347,v2,2026-05-17,12,588.0
8348,v3,2026-05-17,8,632.0
8349,v4,2026-05-17,8,312.0
8350,v5,2026-05-17,7,1043.0
8351,v6,2026-05-17,7,203.0
8352,d1,2026-05-17,10,690.0
8353,d2,2026-05-17,6,1494.0
8354,d3,2026-05-17,6,1074.0
8355,d4,2026-05-17,10,990.0
8356,d5,2026-05-17,7,1743.0
8357,b1,2026-05-17,9,1791.0
8358,b2,2026-05-17,5,1245.0
8359,b3,2026-05-17,5,995.0
8360,b4,2026-05-17,3,1797.0
8361,b5,2026-05-17,4,1196.0
8362,bv1,2026-05-17,11,1639.0
8363,bv2,2026-05-17,13,3237.0
8364,bv3,2026-05-17,9,1791.0
8365,bv4,2026-05-17,8,2792.0
8366,s1,2026-05-17,7,2793.0
8367,s2,2026-05-17,11,2739.0
8368,s3,2026-05-17,9,891.0
8369,s4,2026-05-17,7,2093.0
8370,s5,2026-05-17,11,2189.0
8371,f1,2026-05-18,8,1992.0
8372,f2,2026-05-18,8,392.0
8373,f3,2026-05-18,7,1043.0
8374,f4,2026-05-18,6,1194.0
8375,f5,2026-05-18,10,990.0
8376,f6,2026-05-18,8,1432.0
8377,v1,2026-05-18,5,445.0
8378,v2,2026-05-18,4,196.0
8379,v3,2026-05-18,5,395.0
8380,v4,2026-05-18,7,273.0
8381,v5,2026-05-18,4,596.0
8382,v6,2026-05-18,6,174.0
8383,d1,2026-05-18,6,414.0
8384,d2,2026-05-18,3,747.0
8385,d3,2026-05-18,4,716.0
8386,d4,2026-05-18,6,594.0
8387,d5,2026-05-18,3,747.0
8388,b1,2026-05-18,5,995.0
8389,b2,2026-05-18,3,747.0
8390,b3,2026-05-18,3,597.0
8391,b4,2026-05-18,2,1198.0
8392,b5,2026-05-18,3,897.0
8393,bv1,2026-05-18,8,1192.0
8394,bv2,2026-05-18,5,1245.0
8395,bv3,2026-05-18,6,1194.0
8396,bv4,2026-05-18,5,1745.0
8397,s1,2026-05-18,4,1596.0
8398,s2,2026-05-18,4,996.0
8399,s3,2026-05-18,4,396.0
8400,s4,2026-05-18,3,897.0
8401,s5,2026-05-18,7,1393.0
8402,f1,2026-05-19,11,2739.0
8403,f2,2026-05-19,11,539.0
8404,f3,2026-05-19,11,1639.0
8405,f4,2026-05-19,12,2388.0
8406,f5,2026-05-19,10,990.0
8407,f6,2026-05-19,9,1611.0
8408,v1,2026-05-19,5,445.0
8409,v2,2026-05-19,5,245.0
8410,v3,2026-05-19,4,316.0
8411,v4,2026-05-19,6,234.0
8412,v5,2026-05-19,5,745.0
8413,v6,2026-05-19,8,232.0
8414,d1,2026-05-19,5,345.0
8415,d2,2026-05-19,5,1245.0
8416,d3,2026-05-19,3,537.0
8417,d4,2026-05-19,6,594.0
8418,d5,2026-05-19,4,996.0
8419,b1,2026-05-19,5,995.0
8420,b2,2026-05-19,5,1245.0
8421,b3,2026-05-19,3,597.0
8422,b4,2026-05-19,2,1198.0
8423,b5,2026-05-19,4,1196.0
8424,bv1,2026-05-19,7,1043.0
8425,bv2,2026-05-19,7,1743.0
8426,bv3,2026-05-19,5,995.0
8427,bv4,2026-05-19,7,2443.0
8428,s1,2026-05-19,4,1596.0
8429,s2,2026-05-19,5,1245.0
8430,s3,2026-05-19,5,495.0
8431,s4,2026-05-19,4,1196.0
8432,s5,2026-05-19,8,1592.0
8433,f1,2026-05-20,11,2739.0
8434,f2,2026-05-20,10,490.0
8435,f3,2026-05-20,8,1192.0
8436,f4,2026-05-20,14,2786.0
8437,f5,2026-05-20,9,891.0
8438,f6,2026-05-20,8,1432.0
8439,v1,2026-05-20,7,623.0
8440,v2,2026-05-20,5,245.0
8441,v3,2026-05-20,4,316.0
8442,v4,2026-05-20,7,273.0
8443,v5,2026-05-20,6,894.0
8444,v6,2026-05-20,7,203.0
8445,d1,2026-05-20,5,345.0
8446,d2,2026-05-20,5,1245.0
8447,d3,2026-05-20,4,716.0
8448,d4,2026-05-20,8,792.0
8449,d5,2026-05-20,6,1494.0
8450,b1,2026-05-20,5,995.0
8451,b2,2026-05-20,3,747.0
8452,b3,2026-05-20,3,597.0
8453,b4,2026-05-20,3,1797.0
8454,b5,2026-05-20,3,897.0
8455,bv1,2026-05-20,10,1490.0
8456,bv2,2026-05-20,9,2241.0
8457,bv3,2026-05-20,5,995.0
8458,bv4,2026-05-20,8,2792.0
8459,s1,2026-05-20,4,1596.0
8460,s2,2026-05-20,6,1494.0
8461,s3,2026-05-20,5,495.0
8462,s4,2026-05-20,7,2093.0
8463,s5,2026-05-20,6,1194.0
8464,f1,2026-05-21,12,2988.0
8465,f2,2026-05-21,9,441.0
8466,f3,2026-05-21,10,1490.0
8467,f4,2026-05-21,15,2985.0
8468,f5,2026-05-21,17,1683.0
8469,f6,2026-05-21,10,1790.0
8470,v1,2026-05-21,6,534.0
8471,v2,2026-05-21,6,294.0
8472,v3,2026-05-21,4,316.0
8473,v4,2026-05-21,10,390.0
8474,v5,2026-05-21,6,894.0
8475,v6,2026-05-21,8,232.0
8476,d1,2026-05-21,8,552.0
8477,d2,2026-05-21,4,996.0
8478,d3,2026-05-21,5,895.0
8479,d4,2026-05-21,6,594.0
8480,d5,2026-05-21,6,1494.0
8481,b1,2026-05-21,4,796.0
8482,b2,2026-05-21,5,1245.0
8483,b3,2026-05-21,5,995.0
8484,b4,2026-05-21,3,1797.0
8485,b5,2026-05-21,5,1495.0
8486,bv1,2026-05-21,11,1639.0
8487,bv2,2026-05-21,10,2490.0
8488,bv3,2026-05-21,8,1592.0
8489,bv4,2026-05-21,9,3141.0
8490,s1,2026-05-21,6,2394.0
8491,s2,2026-05-21,6,1494.0
8492,s3,2026-05-21,7,693.0
8493,s4,2026-05-21,6,1794.0
8494,s5,2026-05-21,8,1592.0
8495,f1,2026-05-22,15,3735.0
8496,f2,2026-05-22,14,686.0
8497,f3,2026-05-22,13,1937.0
8498,f4,2026-05-22,10,1990.0
8499,f5,2026-05-22,14,1386.0
8500,f6,2026-05-22,12,2148.0
8501,v1,2026-05-22,9,801.0
8502,v2,2026-05-22,6,294.0
8503,v3,2026-05-22,8,632.0
8504,v4,2026-05-22,7,273.0
8505,v5,2026-05-22,4,596.0
8506,v6,2026-05-22,9,261.0
8507,d1,2026-05-22,7,483.0
8508,d2,2026-05-22,7,1743.0
8509,d3,2026-05-22,4,716.0
8510,d4,2026-05-22,7,693.0
8511,d5,2026-05-22,5,1245.0
8512,b1,2026-05-22,5,995.0
8513,b2,2026-05-22,7,1743.0
8514,b3,2026-05-22,4,796.0
8515,b4,2026-05-22,3,1797.0
8516,b5,2026-05-22,5,1495.0
8517,bv1,2026-05-22,9,1341.0
8518,bv2,2026-05-22,9,2241.0
8519,bv3,2026-05-22,7,1393.0
8520,bv4,2026-05-22,8,2792.0
8521,s1,2026-05-22,6,2394.0
8522,s2,2026-05-22,9,2241.0
8523,s3,2026-05-22,10,990.0
8524,s4,2026-05-22,7,2093.0
8525,s5,2026-05-22,7,1393.0
8526,f1,2026-05-23,14,3486.0
8527,f2,2026-05-23,13,637.0
8528,f3,2026-05-23,14,2086.0
8529,f4,2026-05-23,13,2587.0
8530,f5,2026-05-23,24,2376.0
8531,f6,2026-05-23,12,2148.0
8532,v1,2026-05-23,8,712.0
8533,v2,2026-05-23,8,392.0
8534,v3,2026-05-23,11,869.0
8535,v4,2026-05-23,15,585.0
8536,v5,2026-05-23,5,745.0
8537,v6,2026-05-23,13,377.0
8538,d1,2026-05-23,8,552.0
8539,d2,2026-05-23,8,1992.0
8540,d3,2026-05-23,6,1074.0
8541,d4,2026-05-23,10,990.0
8542,d5,2026-05-23,8,1992.0
8543,b1,2026-05-23,6,1194.0
8544,b2,2026-05-23,8,1992.0
8545,b3,2026-05-23,7,1393.0
8546,b4,2026-05-23,4,2396.0
8547,b5,2026-05-23,4,1196.0
8548,bv1,2026-05-23,11,1639.0
8549,bv2,2026-05-23,11,2739.0
8550,bv3,2026-05-23,10,1990.0
8551,bv4,2026-05-23,9,3141.0
8552,s1,2026-05-23,5,1995.0
8553,s2,2026-05-23,11,2739.0
8554,s3,2026-05-23,9,891.0
8555,s4,2026-05-23,8,2392.0
8556,s5,2026-05-23,11,2189.0
8557,f1,2026-05-24,10,2490.0
8558,f2,2026-05-24,13,637.0
8559,f3,2026-05-24,13,1937.0
8560,f4,2026-05-24,19,3781.0
8561,f5,2026-05-24,21,2079.0
8562,f6,2026-05-24,13,2327.0
8563,v1,2026-05-24,7,623.0
8564,v2,2026-05-24,8,392.0
8565,v3,2026-05-24,7,553.0
8566,v4,2026-05-24,11,429.0
8567,v5,2026-05-24,7,1043.0
8568,v6,2026-05-24,10,290.0
8569,d1,2026-05-24,8,552.0
8570,d2,2026-05-24,9,2241.0
8571,d3,2026-05-24,9,1611.0
8572,d4,2026-05-24,11,1089.0
8573,d5,2026-05-24,7,1743.0
8574,b1,2026-05-24,5,995.0
8575,b2,2026-05-24,7,1743.0
8576,b3,2026-05-24,4,796.0
8577,b4,2026-05-24,4,2396.0
8578,b5,2026-05-24,7,2093.0
8579,bv1,2026-05-24,12,1788.0
8580,bv2,2026-05-24,14,3486.0
8581,bv3,2026-05-24,8,1592.0
8582,bv4,2026-05-24,8,2792.0
8583,s1,2026-05-24,8,3192.0
8584,s2,2026-05-24,11,2739.0
8585,s3,2026-05-24,12,1188.0
8586,s4,2026-05-24,6,1794.0
8587,s5,2026-05-24,12,2388.0
8588,f1,2026-05-25,6,1494.0
8589,f2,2026-05-25,8,392.0
8590,f3,2026-05-25,11,1639.0
8591,f4,2026-05-25,8,1592.0
8592,f5,2026-05-25,8,792.0
8593,f6,2026-05-25,6,1074.0
8594,v1,2026-05-25,4,356.0
8595,v2,2026-05-25,5,245.0
8596,v3,2026-05-25,3,237.0
8597,v4,2026-05-25,6,234.0
8598,v5,2026-05-25,2,298.0
8599,v6,2026-05-25,6,174.0
8600,d1,2026-05-25,6,414.0
8601,d2,2026-05-25,3,747.0
8602,d3,2026-05-25,3,537.0
8603,d4,2026-05-25,4,396.0
8604,d5,2026-05-25,4,996.0
8605,b1,2026-05-25,3,597.0
8606,b2,2026-05-25,5,1245.0
8607,b3,2026-05-25,3,597.0
8608,b4,2026-05-25,2,1198.0
8609,b5,2026-05-25,4,1196.0
8610,bv1,2026-05-25,7,1043.0
8611,bv2,2026-05-25,5,1245.0
8612,bv3,2026-05-25,5,995.0
8613,bv4,2026-05-25,4,1396.0
8614,s1,2026-05-25,4,1596.0
8615,s2,2026-05-25,6,1494.0
8616,s3,2026-05-25,4,396.0
8617,s4,2026-05-25,4,1196.0
8618,s5,2026-05-25,7,1393.0
8619,f1,2026-05-26,8,1992.0
8620,f2,2026-05-26,9,441.0
8621,f3,2026-05-26,8,1192.0
8622,f4,2026-05-26,10,1990.0
8623,f5,2026-05-26,11,1089.0
8624,f6,2026-05-26,8,1432.0
8625,v1,2026-05-26,7,623.0
8626,v2,2026-05-26,7,343.0
8627,v3,2026-05-26,5,395.0
8628,v4,2026-05-26,8,312.0
8629,v5,2026-05-26,4,596.0
8630,v6,2026-05-26,5,145.0
8631,d1,2026-05-26,4,276.0
8632,d2,2026-05-26,6,1494.0
8633,d3,2026-05-26,4,716.0
8634,d4,2026-05-26,5,495.0
8635,d5,2026-05-26,5,1245.0
8636,b1,2026-05-26,5,995.0
8637,b2,2026-05-26,3,747.0
8638,b3,2026-05-26,4,796.0
8639,b4,2026-05-26,2,1198.0
8640,b5,2026-05-26,2,598.0
8641,bv1,2026-05-26,7,1043.0
8642,bv2,2026-05-26,7,1743.0
8643,bv3,2026-05-26,5,995.0
8644,bv4,2026-05-26,6,2094.0
8645,s1,2026-05-26,4,1596.0
8646,s2,2026-05-26,7,1743.0
8647,s3,2026-05-26,7,693.0
8648,s4,2026-05-26,6,1794.0
8649,s5,2026-05-26,6,1194.0
8650,f1,2026-05-27,10,2490.0
8651,f2,2026-05-27,10,490.0
8652,f3,2026-05-27,12,1788.0
8653,f4,2026-05-27,10,1990.0
8654,f5,2026-05-27,10,990.0
8655,f6,2026-05-27,7,1253.0
8656,v1,2026-05-27,6,534.0
8657,v2,2026-05-27,5,245.0
8658,v3,2026-05-27,7,553.0
8659,v4,2026-05-27,7,273.0
8660,v5,2026-05-27,4,596.0
8661,v6,2026-05-27,5,145.0
8662,d1,2026-05-27,6,414.0
8663,d2,2026-05-27,5,1245.0
8664,d3,2026-05-27,4,716.0
8665,d4,2026-05-27,6,594.0
8666,d5,2026-05-27,4,996.0
8667,b1,2026-05-27,5,995.0
8668,b2,2026-05-27,5,1245.0
8669,b3,2026-05-27,4,796.0
8670,b4,2026-05-27,3,1797.0
8671,b5,2026-05-27,3,897.0
8672,bv1,2026-05-27,6,894.0
8673,bv2,2026-05-27,7,1743.0
8674,bv3,2026-05-27,5,995.0
8675,bv4,2026-05-27,7,2443.0
8676,s1,2026-05-27,4,1596.0
8677,s2,2026-05-27,5,1245.0
8678,s3,2026-05-27,9,891.0
8679,s4,2026-05-27,6,1794.0
8680,s5,2026-05-27,8,1592.0
8681,f1,2026-05-28,10,2490.0
8682,f2,2026-05-28,12,588.0
8683,f3,2026-05-28,9,1341.0
8684,f4,2026-05-28,11,2189.0
8685,f5,2026-05-28,10,990.0
8686,f6,2026-05-28,9,1611.0
8687,v1,2026-05-28,7,623.0
8688,v2,2026-05-28,9,441.0
8689,v3,2026-05-28,6,474.0
8690,v4,2026-05-28,10,390.0
8691,v5,2026-05-28,5,745.0
8692,v6,2026-05-28,10,290.0
8693,d1,2026-05-28,8,552.0
8694,d2,2026-05-28,5,1245.0
8695,d3,2026-05-28,6,1074.0
8696,d4,2026-05-28,10,990.0
8697,d5,2026-05-28,5,1245.0
8698,b1,2026-05-28,7,1393.0
8699,b2,2026-05-28,4,996.0
8700,b3,2026-05-28,4,796.0
8701,b4,2026-05-28,3,1797.0
8702,b5,2026-05-28,3,897.0
8703,bv1,2026-05-28,9,1341.0
8704,bv2,2026-05-28,10,2490.0
8705,bv3,2026-05-28,8,1592.0
8706,bv4,2026-05-28,10,3490.0
8707,s1,2026-05-28,6,2394.0
8708,s2,2026-05-28,6,1494.0
8709,s3,2026-05-28,9,891.0
8710,s4,2026-05-28,6,1794.0
8711,s5,2026-05-28,9,1791.0
8712,f1,2026-05-29,10,2490.0
8713,f2,2026-05-29,11,539.0
8714,f3,2026-05-29,15,2235.0
8715,f4,2026-05-29,12,2388.0
8716,f5,2026-05-29,15,1485.0
8717,f6,2026-05-29,12,2148.0
8718,v1,2026-05-29,7,623.0
8719,v2,2026-05-29,6,294.0
8720,v3,2026-05-29,5,395.0
8721,v4,2026-05-29,7,273.0
8722,v5,2026-05-29,5,745.0
8723,v6,2026-05-29,10,290.0
8724,d1,2026-05-29,6,414.0
8725,d2,2026-05-29,7,1743.0
8726,d3,2026-05-29,6,1074.0
8727,d4,2026-05-29,8,792.0
8728,d5,2026-05-29,7,1743.0
8729,b1,2026-05-29,7,1393.0
8730,b2,2026-05-29,7,1743.0
8731,b3,2026-05-29,5,995.0
8732,b4,2026-05-29,2,1198.0
8733,b5,2026-05-29,5,1495.0
8734,bv1,2026-05-29,9,1341.0
8735,bv2,2026-05-29,12,2988.0
8736,bv3,2026-05-29,7,1393.0
8737,bv4,2026-05-29,6,2094.0
8738,s1,2026-05-29,6,2394.0
8739,s2,2026-05-29,9,2241.0
8740,s3,2026-05-29,8,792.0
8741,s4,2026-05-29,6,1794.0
8742,s5,2026-05-29,7,1393.0
8743,f1,2026-05-30,19,4731.0
8744,f2,2026-05-30,14,686.0
8745,f3,2026-05-30,20,2980.0
8746,f4,2026-05-30,15,2985.0
8747,f5,2026-05-30,17,1683.0
8748,f6,2026-05-30,11,1969.0
8749,v1,2026-05-30,9,801.0
8750,v2,2026-05-30,8,392.0
8751,v3,2026-05-30,8,632.0
8752,v4,2026-05-30,11,429.0
8753,v5,2026-05-30,7,1043.0
8754,v6,2026-05-30,13,377.0
8755,d1,2026-05-30,9,621.0
8756,d2,2026-05-30,6,1494.0
8757,d3,2026-05-30,6,1074.0
8758,d4,2026-05-30,11,1089.0
8759,d5,2026-05-30,9,2241.0
8760,b1,2026-05-30,8,1592.0
8761,b2,2026-05-30,6,1494.0
8762,b3,2026-05-30,5,995.0
8763,b4,2026-05-30,4,2396.0
8764,b5,2026-05-30,7,2093.0
8765,bv1,2026-05-30,13,1937.0
8766,bv2,2026-05-30,14,3486.0
8767,bv3,2026-05-30,10,1990.0
8768,bv4,2026-05-30,11,3839.0
8769,s1,2026-05-30,7,2793.0
8770,s2,2026-05-30,10,2490.0
8771,s3,2026-05-30,8,792.0
8772,s4,2026-05-30,11,3289.0
8773,s5,2026-05-30,14,2786.0
8774,f1,2026-05-31,15,3735.0
8775,f2,2026-05-31,20,980.0
8776,f3,2026-05-31,17,2533.0
8777,f4,2026-05-31,12,2388.0
8778,f5,2026-05-31,14,1386.0
8779,f6,2026-05-31,14,2506.0
8780,v1,2026-05-31,8,712.0
8781,v2,2026-05-31,8,392.0
8782,v3,2026-05-31,6,474.0
8783,v4,2026-05-31,13,507.0
8784,v5,2026-05-31,7,1043.0
8785,v6,2026-05-31,9,261.0
8786,d1,2026-05-31,9,621.0
8787,d2,2026-05-31,6,1494.0
8788,d3,2026-05-31,5,895.0
8789,d4,2026-05-31,11,1089.0
8790,d5,2026-05-31,8,1992.0
8791,b1,2026-05-31,7,1393.0
8792,b2,2026-05-31,5,1245.0
8793,b3,2026-05-31,6,1194.0
8794,b4,2026-05-31,4,2396.0
8795,b5,2026-05-31,7,2093.0
8796,bv1,2026-05-31,14,2086.0
8797,bv2,2026-05-31,13,3237.0
8798,bv3,2026-05-31,10,1990.0
8799,bv4,2026-05-31,11,3839.0
8800,s1,2026-05-31,6,2394.0
8801,s2,2026-05-31,8,1992.0
8802,s3,2026-05-31,8,792.0
8803,s4,2026-05-31,6,1794.0
8804,s5,2026-05-31,8,1592.0
8805,f1,2026-06-01,5,1245.0
8806,f2,2026-06-01,9,441.0
8807,f3,2026-06-01,9,1341.0
8808,f4,2026-06-01,8,1592.0
8809,f5,2026-06-01,10,990.0
8810,f6,2026-06-01,6,1074.0
8811,v1,2026-06-01,4,356.0
8812,v2,2026-06-01,5,245.0
8813,v3,2026-06-01,3,237.0
8814,v4,2026-06-01,6,234.0
8815,v5,2026-06-01,3,447.0
8816,v6,2026-06-01,5,145.0
8817,d1,2026-06-01,4,276.0
8818,d2,2026-06-01,2,498.0
8819,d3,2026-06-01,4,716.0
8820,d4,2026-06-01,5,495.0
8821,d5,2026-06-01,4,996.0
8822,b1,2026-06-01,3,597.0
8823,b2,2026-06-01,4,996.0
8824,b3,2026-06-01,4,796.0
8825,b4,2026-06-01,2,1198.0
8826,b5,2026-06-01,4,1196.0
8827,bv1,2026-06-01,9,1341.0
8828,bv2,2026-06-01,5,1245.0
8829,bv3,2026-06-01,4,796.0
8830,bv4,2026-06-01,6,2094.0
8831,s1,2026-06-01,3,1197.0
8832,s2,2026-06-01,5,1245.0
8833,s3,2026-06-01,6,594.0
8834,s4,2026-06-01,3,897.0
8835,s5,2026-06-01,5,995.0
8836,f1,2026-06-02,9,2241.0
8837,f2,2026-06-02,8,392.0
8838,f3,2026-06-02,9,1341.0
8839,f4,2026-06-02,11,2189.0
8840,f5,2026-06-02,11,1089.0
8841,f6,2026-06-02,7,1253.0
8842,v1,2026-06-02,4,356.0
8843,v2,2026-06-02,4,196.0
8844,v3,2026-06-02,3,237.0
8845,v4,2026-06-02,8,312.0
8846,v5,2026-06-02,4,596.0
8847,v6,2026-06-02,6,174.0
8848,d1,2026-06-02,6,414.0
8849,d2,2026-06-02,4,996.0
8850,d3,2026-06-02,3,537.0
8851,d4,2026-06-02,7,693.0
8852,d5,2026-06-02,4,996.0
8853,b1,2026-06-02,4,796.0
8854,b2,2026-06-02,3,747.0
8855,b3,2026-06-02,3,597.0
8856,b4,2026-06-02,2,1198.0
8857,b5,2026-06-02,3,897.0
8858,bv1,2026-06-02,7,1043.0
8859,bv2,2026-06-02,9,2241.0
8860,bv3,2026-06-02,5,995.0
8861,bv4,2026-06-02,9,3141.0
8862,s1,2026-06-02,4,1596.0
8863,s2,2026-06-02,4,996.0
8864,s3,2026-06-02,6,594.0
8865,s4,2026-06-02,4,1196.0
8866,s5,2026-06-02,7,1393.0
8867,f1,2026-06-03,7,1743.0
8868,f2,2026-06-03,8,392.0
8869,f3,2026-06-03,10,1490.0
8870,f4,2026-06-03,8,1592.0
8871,f5,2026-06-03,14,1386.0
8872,f6,2026-06-03,8,1432.0
8873,v1,2026-06-03,5,445.0
8874,v2,2026-06-03,7,343.0
8875,v3,2026-06-03,5,395.0
8876,v4,2026-06-03,8,312.0
8877,v5,2026-06-03,3,447.0
8878,v6,2026-06-03,6,174.0
8879,d1,2026-06-03,7,483.0
8880,d2,2026-06-03,5,1245.0
8881,d3,2026-06-03,5,895.0
8882,d4,2026-06-03,7,693.0
8883,d5,2026-06-03,4,996.0
8884,b1,2026-06-03,5,995.0
8885,b2,2026-06-03,6,1494.0
8886,b3,2026-06-03,4,796.0
8887,b4,2026-06-03,3,1797.0
8888,b5,2026-06-03,3,897.0
8889,bv1,2026-06-03,8,1192.0
8890,bv2,2026-06-03,8,1992.0
8891,bv3,2026-06-03,6,1194.0
8892,bv4,2026-06-03,9,3141.0
8893,s1,2026-06-03,4,1596.0
8894,s2,2026-06-03,6,1494.0
8895,s3,2026-06-03,6,594.0
8896,s4,2026-06-03,7,2093.0
8897,s5,2026-06-03,9,1791.0
8898,f1,2026-06-04,9,2241.0
8899,f2,2026-06-04,8,392.0
8900,f3,2026-06-04,9,1341.0
8901,f4,2026-06-04,10,1990.0
8902,f5,2026-06-04,14,1386.0
8903,f6,2026-06-04,9,1611.0
8904,v1,2026-06-04,6,534.0
8905,v2,2026-06-04,6,294.0
8906,v3,2026-06-04,7,553.0
8907,v4,2026-06-04,7,273.0
8908,v5,2026-06-04,4,596.0
8909,v6,2026-06-04,9,261.0
8910,d1,2026-06-04,5,345.0
8911,d2,2026-06-04,5,1245.0
8912,d3,2026-06-04,5,895.0
8913,d4,2026-06-04,6,594.0
8914,d5,2026-06-04,5,1245.0
8915,b1,2026-06-04,4,796.0
8916,b2,2026-06-04,6,1494.0
8917,b3,2026-06-04,5,995.0
8918,b4,2026-06-04,2,1198.0
8919,b5,2026-06-04,4,1196.0
8920,bv1,2026-06-04,9,1341.0
8921,bv2,2026-06-04,8,1992.0
8922,bv3,2026-06-04,6,1194.0
8923,bv4,2026-06-04,10,3490.0
8924,s1,2026-06-04,4,1596.0
8925,s2,2026-06-04,8,1992.0
8926,s3,2026-06-04,9,891.0
8927,s4,2026-06-04,5,1495.0
8928,s5,2026-06-04,8,1592.0
8929,f1,2026-06-05,7,1743.0
8930,f2,2026-06-05,10,490.0
8931,f3,2026-06-05,13,1937.0
8932,f4,2026-06-05,15,2985.0
8933,f5,2026-06-05,9,891.0
8934,f6,2026-06-05,7,1253.0
8935,v1,2026-06-05,5,445.0
8936,v2,2026-06-05,6,294.0
8937,v3,2026-06-05,7,553.0
8938,v4,2026-06-05,6,234.0
8939,v5,2026-06-05,4,596.0
8940,v6,2026-06-05,5,145.0
8941,d1,2026-06-05,8,552.0
8942,d2,2026-06-05,6,1494.0
8943,d3,2026-06-05,7,1253.0
8944,d4,2026-06-05,7,693.0
8945,d5,2026-06-05,6,1494.0
8946,b1,2026-06-05,6,1194.0
8947,b2,2026-06-05,7,1743.0
8948,b3,2026-06-05,4,796.0
8949,b4,2026-06-05,3,1797.0
8950,b5,2026-06-05,4,1196.0
8951,bv1,2026-06-05,10,1490.0
8952,bv2,2026-06-05,9,2241.0
8953,bv3,2026-06-05,9,1791.0
8954,bv4,2026-06-05,10,3490.0
8955,s1,2026-06-05,6,2394.0
8956,s2,2026-06-05,10,2490.0
8957,s3,2026-06-05,11,1089.0
8958,s4,2026-06-05,5,1495.0
8959,s5,2026-06-05,10,1990.0
8960,f1,2026-06-06,11,2739.0
8961,f2,2026-06-06,11,539.0
8962,f3,2026-06-06,18,2682.0
8963,f4,2026-06-06,16,3184.0
8964,f5,2026-06-06,14,1386.0
8965,f6,2026-06-06,10,1790.0
8966,v1,2026-06-06,6,534.0
8967,v2,2026-06-06,12,588.0
8968,v3,2026-06-06,9,711.0
8969,v4,2026-06-06,10,390.0
8970,v5,2026-06-06,5,745.0
8971,v6,2026-06-06,10,290.0
8972,d1,2026-06-06,8,552.0
8973,d2,2026-06-06,5,1245.0
8974,d3,2026-06-06,6,1074.0
8975,d4,2026-06-06,9,891.0
8976,d5,2026-06-06,5,1245.0
8977,b1,2026-06-06,8,1592.0
8978,b2,2026-06-06,8,1992.0
8979,b3,2026-06-06,4,796.0
8980,b4,2026-06-06,4,2396.0
8981,b5,2026-06-06,7,2093.0
8982,bv1,2026-06-06,18,2682.0
8983,bv2,2026-06-06,12,2988.0
8984,bv3,2026-06-06,11,2189.0
8985,bv4,2026-06-06,12,4188.0
8986,s1,2026-06-06,7,2793.0
8987,s2,2026-06-06,13,3237.0
8988,s3,2026-06-06,10,990.0
8989,s4,2026-06-06,7,2093.0
8990,s5,2026-06-06,10,1990.0
8991,f1,2026-06-07,8,1992.0
8992,f2,2026-06-07,14,686.0
8993,f3,2026-06-07,11,1639.0
8994,f4,2026-06-07,12,2388.0
8995,f5,2026-06-07,14,1386.0
8996,f6,2026-06-07,8,1432.0
8997,v1,2026-06-07,8,712.0
8998,v2,2026-06-07,10,490.0
8999,v3,2026-06-07,7,553.0
9000,v4,2026-06-07,10,390.0
9001,v5,2026-06-07,5,745.0
9002,v6,2026-06-07,7,203.0
9003,d1,2026-06-07,9,621.0
9004,d2,2026-06-07,6,1494.0
9005,d3,2026-06-07,6,1074.0
9006,d4,2026-06-07,9,891.0
9007,d5,2026-06-07,5,1245.0
9008,b1,2026-06-07,6,1194.0
9009,b2,2026-06-07,8,1992.0
9010,b3,2026-06-07,7,1393.0
9011,b4,2026-06-07,3,1797.0
9012,b5,2026-06-07,5,1495.0
9013,bv1,2026-06-07,10,1490.0
9014,bv2,2026-06-07,14,3486.0
9015,bv3,2026-06-07,11,2189.0
9016,bv4,2026-06-07,8,2792.0
9017,s1,2026-06-07,8,3192.0
9018,s2,2026-06-07,8,1992.0
9019,s3,2026-06-07,9,891.0
9020,s4,2026-06-07,8,2392.0
9021,s5,2026-06-07,12,2388.0
9022,f1,2026-06-08,6,1494.0
9023,f2,2026-06-08,7,343.0
9024,f3,2026-06-08,8,1192.0
9025,f4,2026-06-08,7,1393.0
9026,f5,2026-06-08,10,990.0
9027,f6,2026-06-08,7,1253.0
9028,v1,2026-06-08,4,356.0
9029,v2,2026-06-08,4,196.0
9030,v3,2026-06-08,4,316.0
9031,v4,2026-06-08,5,195.0
9032,v5,2026-06-08,3,447.0
9033,v6,2026-06-08,5,145.0
9034,d1,2026-06-08,4,276.0
9035,d2,2026-06-08,3,747.0
9036,d3,2026-06-08,3,537.0
9037,d4,2026-06-08,6,594.0
9038,d5,2026-06-08,3,747.0
9039,b1,2026-06-08,4,796.0
9040,b2,2026-06-08,3,747.0
9041,b3,2026-06-08,2,398.0
9042,b4,2026-06-08,2,1198.0
9043,b5,2026-06-08,3,897.0
9044,bv1,2026-06-08,7,1043.0
9045,bv2,2026-06-08,7,1743.0
9046,bv3,2026-06-08,5,995.0
9047,bv4,2026-06-08,5,1745.0
9048,s1,2026-06-08,4,1596.0
9049,s2,2026-06-08,5,1245.0
9050,s3,2026-06-08,5,495.0
9051,s4,2026-06-08,3,897.0
9052,s5,2026-06-08,4,796.0
9053,f1,2026-06-09,8,1992.0
9054,f2,2026-06-09,10,490.0
9055,f3,2026-06-09,6,894.0
9056,f4,2026-06-09,9,1791.0
9057,f5,2026-06-09,10,990.0
9058,f6,2026-06-09,8,1432.0
9059,v1,2026-06-09,5,445.0
9060,v2,2026-06-09,6,294.0
9061,v3,2026-06-09,4,316.0
9062,v4,2026-06-09,6,234.0
9063,v5,2026-06-09,3,447.0
9064,v6,2026-06-09,7,203.0
9065,d1,2026-06-09,5,345.0
9066,d2,2026-06-09,3,747.0
9067,d3,2026-06-09,3,537.0
9068,d4,2026-06-09,5,495.0
9069,d5,2026-06-09,4,996.0
9070,b1,2026-06-09,4,796.0
9071,b2,2026-06-09,4,996.0
9072,b3,2026-06-09,4,796.0
9073,b4,2026-06-09,2,1198.0
9074,b5,2026-06-09,3,897.0
9075,bv1,2026-06-09,6,894.0
9076,bv2,2026-06-09,8,1992.0
9077,bv3,2026-06-09,8,1592.0
9078,bv4,2026-06-09,8,2792.0
9079,s1,2026-06-09,3,1197.0
9080,s2,2026-06-09,7,1743.0
9081,s3,2026-06-09,7,693.0
9082,s4,2026-06-09,4,1196.0
9083,s5,2026-06-09,6,1194.0
9084,f1,2026-06-10,7,1743.0
9085,f2,2026-06-10,10,490.0
9086,f3,2026-06-10,11,1639.0
9087,f4,2026-06-10,11,2189.0
9088,f5,2026-06-10,9,891.0
9089,f6,2026-06-10,7,1253.0
9090,v1,2026-06-10,7,623.0
9091,v2,2026-06-10,6,294.0
9092,v3,2026-06-10,5,395.0
9093,v4,2026-06-10,8,312.0
9094,v5,2026-06-10,5,745.0
9095,v6,2026-06-10,7,203.0
9096,d1,2026-06-10,5,345.0
9097,d2,2026-06-10,5,1245.0
9098,d3,2026-06-10,5,895.0
9099,d4,2026-06-10,6,594.0
9100,d5,2026-06-10,5,1245.0
9101,b1,2026-06-10,6,1194.0
9102,b2,2026-06-10,5,1245.0
9103,b3,2026-06-10,3,597.0
9104,b4,2026-06-10,3,1797.0
9105,b5,2026-06-10,4,1196.0
9106,bv1,2026-06-10,9,1341.0
9107,bv2,2026-06-10,10,2490.0
9108,bv3,2026-06-10,6,1194.0
9109,bv4,2026-06-10,9,3141.0
9110,s1,2026-06-10,5,1995.0
9111,s2,2026-06-10,7,1743.0
9112,s3,2026-06-10,8,792.0
9113,s4,2026-06-10,5,1495.0
9114,s5,2026-06-10,9,1791.0
9115,f1,2026-06-11,9,2241.0
9116,f2,2026-06-11,8,392.0
9117,f3,2026-06-11,9,1341.0
9118,f4,2026-06-11,12,2388.0
9119,f5,2026-06-11,14,1386.0
9120,f6,2026-06-11,8,1432.0
9121,v1,2026-06-11,7,623.0
9122,v2,2026-06-11,7,343.0
9123,v3,2026-06-11,7,553.0
9124,v4,2026-06-11,7,273.0
9125,v5,2026-06-11,5,745.0
9126,v6,2026-06-11,8,232.0
9127,d1,2026-06-11,5,345.0
9128,d2,2026-06-11,4,996.0
9129,d3,2026-06-11,5,895.0
9130,d4,2026-06-11,7,693.0
9131,d5,2026-06-11,3,747.0
9132,b1,2026-06-11,6,1194.0
9133,b2,2026-06-11,7,1743.0
9134,b3,2026-06-11,5,995.0
9135,b4,2026-06-11,2,1198.0
9136,b5,2026-06-11,5,1495.0
9137,bv1,2026-06-11,10,1490.0
9138,bv2,2026-06-11,8,1992.0
9139,bv3,2026-06-11,7,1393.0
9140,bv4,2026-06-11,6,2094.0
9141,s1,2026-06-11,4,1596.0
9142,s2,2026-06-11,6,1494.0
9143,s3,2026-06-11,9,891.0
9144,s4,2026-06-11,5,1495.0
9145,s5,2026-06-11,8,1592.0
9146,f1,2026-06-12,7,1743.0
9147,f2,2026-06-12,11,539.0
9148,f3,2026-06-12,12,1788.0
9149,f4,2026-06-12,14,2786.0
9150,f5,2026-06-12,14,1386.0
9151,f6,2026-06-12,11,1969.0
9152,v1,2026-06-12,7,623.0
9153,v2,2026-06-12,8,392.0
9154,v3,2026-06-12,5,395.0
9155,v4,2026-06-12,6,234.0
9156,v5,2026-06-12,4,596.0
9157,v6,2026-06-12,9,261.0
9158,d1,2026-06-12,6,414.0
9159,d2,2026-06-12,6,1494.0
9160,d3,2026-06-12,4,716.0
9161,d4,2026-06-12,7,693.0
9162,d5,2026-06-12,6,1494.0
9163,b1,2026-06-12,7,1393.0
9164,b2,2026-06-12,7,1743.0
9165,b3,2026-06-12,3,597.0
9166,b4,2026-06-12,3,1797.0
9167,b5,2026-06-12,4,1196.0
9168,bv1,2026-06-12,9,1341.0
9169,bv2,2026-06-12,11,2739.0
9170,bv3,2026-06-12,11,2189.0
9171,bv4,2026-06-12,9,3141.0
9172,s1,2026-06-12,5,1995.0
9173,s2,2026-06-12,7,1743.0
9174,s3,2026-06-12,10,990.0
9175,s4,2026-06-12,7,2093.0
9176,s5,2026-06-12,7,1393.0
9177,f1,2026-06-13,16,3984.0
9178,f2,2026-06-13,17,833.0
9179,f3,2026-06-13,17,2533.0
9180,f4,2026-06-13,11,2189.0
9181,f5,2026-06-13,22,2178.0
9182,f6,2026-06-13,9,1611.0
9183,v1,2026-06-13,8,712.0
9184,v2,2026-06-13,12,588.0
9185,v3,2026-06-13,10,790.0
9186,v4,2026-06-13,12,468.0
9187,v5,2026-06-13,7,1043.0
9188,v6,2026-06-13,9,261.0
9189,d1,2026-06-13,11,759.0
9190,d2,2026-06-13,7,1743.0
9191,d3,2026-06-13,5,895.0
9192,d4,2026-06-13,10,990.0
9193,d5,2026-06-13,5,1245.0
9194,b1,2026-06-13,7,1393.0
9195,b2,2026-06-13,5,1245.0
9196,b3,2026-06-13,7,1393.0
9197,b4,2026-06-13,4,2396.0
9198,b5,2026-06-13,5,1495.0
9199,bv1,2026-06-13,17,2533.0
9200,bv2,2026-06-13,12,2988.0
9201,bv3,2026-06-13,10,1990.0
9202,bv4,2026-06-13,12,4188.0
9203,s1,2026-06-13,7,2793.0
9204,s2,2026-06-13,11,2739.0
9205,s3,2026-06-13,14,1386.0
9206,s4,2026-06-13,10,2990.0
9207,s5,2026-06-13,12,2388.0
9208,f1,2026-06-14,14,3486.0
9209,f2,2026-06-14,14,686.0
9210,f3,2026-06-14,17,2533.0
9211,f4,2026-06-14,12,2388.0
9212,f5,2026-06-14,19,1881.0
9213,f6,2026-06-14,9,1611.0
9214,v1,2026-06-14,8,712.0
9215,v2,2026-06-14,8,392.0
9216,v3,2026-06-14,7,553.0
9217,v4,2026-06-14,12,468.0
9218,v5,2026-06-14,7,1043.0
9219,v6,2026-06-14,7,203.0
9220,d1,2026-06-14,10,690.0
9221,d2,2026-06-14,7,1743.0
9222,d3,2026-06-14,4,716.0
9223,d4,2026-06-14,7,693.0
9224,d5,2026-06-14,6,1494.0
9225,b1,2026-06-14,7,1393.0
9226,b2,2026-06-14,5,1245.0
9227,b3,2026-06-14,7,1393.0
9228,b4,2026-06-14,3,1797.0
9229,b5,2026-06-14,6,1794.0
9230,bv1,2026-06-14,12,1788.0
9231,bv2,2026-06-14,16,3984.0
9232,bv3,2026-06-14,13,2587.0
9233,bv4,2026-06-14,11,3839.0
9234,s1,2026-06-14,5,1995.0
9235,s2,2026-06-14,11,2739.0
9236,s3,2026-06-14,11,1089.0
9237,s4,2026-06-14,9,2691.0
9238,s5,2026-06-14,12,2388.0
9239,f1,2026-06-15,6,1494.0
9240,f2,2026-06-15,7,343.0
9241,f3,2026-06-15,7,1043.0
9242,f4,2026-06-15,9,1791.0
9243,f5,2026-06-15,8,792.0
9244,f6,2026-06-15,6,1074.0
9245,v1,2026-06-15,5,445.0
9246,v2,2026-06-15,6,294.0
9247,v3,2026-06-15,5,395.0
9248,v4,2026-06-15,4,156.0
9249,v5,2026-06-15,2,298.0
9250,v6,2026-06-15,4,116.0
9251,d1,2026-06-15,4,276.0
9252,d2,2026-06-15,2,498.0
9253,d3,2026-06-15,3,537.0
9254,d4,2026-06-15,4,396.0
9255,d5,2026-06-15,2,498.0
9256,b1,2026-06-15,4,796.0
9257,b2,2026-06-15,4,996.0
9258,b3,2026-06-15,4,796.0
9259,b4,2026-06-15,1,599.0
9260,b5,2026-06-15,3,897.0
9261,bv1,2026-06-15,6,894.0
9262,bv2,2026-06-15,5,1245.0
9263,bv3,2026-06-15,5,995.0
9264,bv4,2026-06-15,7,2443.0
9265,s1,2026-06-15,4,1596.0
9266,s2,2026-06-15,5,1245.0
9267,s3,2026-06-15,4,396.0
9268,s4,2026-06-15,3,897.0
9269,s5,2026-06-15,4,796.0
9270,f1,2026-06-16,8,1992.0
9271,f2,2026-06-16,11,539.0
9272,f3,2026-06-16,7,1043.0
9273,f4,2026-06-16,7,1393.0
9274,f5,2026-06-16,7,693.0
9275,f6,2026-06-16,5,895.0
9276,v1,2026-06-16,5,445.0
9277,v2,2026-06-16,6,294.0
9278,v3,2026-06-16,4,316.0
9279,v4,2026-06-16,6,234.0
9280,v5,2026-06-16,4,596.0
9281,v6,2026-06-16,4,116.0
9282,d1,2026-06-16,5,345.0
9283,d2,2026-06-16,3,747.0
9284,d3,2026-06-16,4,716.0
9285,d4,2026-06-16,5,495.0
9286,d5,2026-06-16,5,1245.0
9287,b1,2026-06-16,5,995.0
9288,b2,2026-06-16,4,996.0
9289,b3,2026-06-16,4,796.0
9290,b4,2026-06-16,3,1797.0
9291,b5,2026-06-16,3,897.0
9292,bv1,2026-06-16,9,1341.0
9293,bv2,2026-06-16,9,2241.0
9294,bv3,2026-06-16,7,1393.0
9295,bv4,2026-06-16,6,2094.0
9296,s1,2026-06-16,3,1197.0
9297,s2,2026-06-16,6,1494.0
9298,s3,2026-06-16,5,495.0
9299,s4,2026-06-16,3,897.0
9300,s5,2026-06-16,7,1393.0
9301,f1,2026-06-17,7,1743.0
9302,f2,2026-06-17,8,392.0
9303,f3,2026-06-17,10,1490.0
9304,f4,2026-06-17,9,1791.0
9305,f5,2026-06-17,12,1188.0
9306,f6,2026-06-17,6,1074.0
9307,v1,2026-06-17,7,623.0
9308,v2,2026-06-17,6,294.0
9309,v3,2026-06-17,4,316.0
9310,v4,2026-06-17,7,273.0
9311,v5,2026-06-17,4,596.0
9312,v6,2026-06-17,5,145.0
9313,d1,2026-06-17,6,414.0
9314,d2,2026-06-17,4,996.0
9315,d3,2026-06-17,4,716.0
9316,d4,2026-06-17,8,792.0
9317,d5,2026-06-17,4,996.0
9318,b1,2026-06-17,5,995.0
9319,b2,2026-06-17,6,1494.0
9320,b3,2026-06-17,5,995.0
9321,b4,2026-06-17,2,1198.0
9322,b5,2026-06-17,3,897.0
9323,bv1,2026-06-17,9,1341.0
9324,bv2,2026-06-17,7,1743.0
9325,bv3,2026-06-17,5,995.0
9326,bv4,2026-06-17,7,2443.0
9327,s1,2026-06-17,5,1995.0
9328,s2,2026-06-17,5,1245.0
9329,s3,2026-06-17,9,891.0
9330,s4,2026-06-17,6,1794.0
9331,s5,2026-06-17,8,1592.0
9332,f1,2026-06-18,7,1743.0
9333,f2,2026-06-18,12,588.0
9334,f3,2026-06-18,9,1341.0
9335,f4,2026-06-18,13,2587.0
9336,f5,2026-06-18,9,891.0
9337,f6,2026-06-18,9,1611.0
9338,v1,2026-06-18,7,623.0
9339,v2,2026-06-18,6,294.0
9340,v3,2026-06-18,6,474.0
9341,v4,2026-06-18,6,234.0
9342,v5,2026-06-18,6,894.0
9343,v6,2026-06-18,5,145.0
9344,d1,2026-06-18,6,414.0
9345,d2,2026-06-18,6,1494.0
9346,d3,2026-06-18,5,895.0
9347,d4,2026-06-18,7,693.0
9348,d5,2026-06-18,6,1494.0
9349,b1,2026-06-18,7,1393.0
9350,b2,2026-06-18,4,996.0
9351,b3,2026-06-18,5,995.0
9352,b4,2026-06-18,3,1797.0
9353,b5,2026-06-18,4,1196.0
9354,bv1,2026-06-18,9,1341.0
9355,bv2,2026-06-18,12,2988.0
9356,bv3,2026-06-18,7,1393.0
9357,bv4,2026-06-18,6,2094.0
9358,s1,2026-06-18,4,1596.0
9359,s2,2026-06-18,10,2490.0
9360,s3,2026-06-18,10,990.0
9361,s4,2026-06-18,4,1196.0
9362,s5,2026-06-18,10,1990.0
9363,f1,2026-06-19,13,3237.0
9364,f2,2026-06-19,13,637.0
9365,f3,2026-06-19,13,1937.0
9366,f4,2026-06-19,14,2786.0
9367,f5,2026-06-19,11,1089.0
9368,f6,2026-06-19,6,1074.0
9369,v1,2026-06-19,7,623.0
9370,v2,2026-06-19,8,392.0
9371,v3,2026-06-19,6,474.0
9372,v4,2026-06-19,9,351.0
9373,v5,2026-06-19,4,596.0
9374,v6,2026-06-19,9,261.0
9375,d1,2026-06-19,6,414.0
9376,d2,2026-06-19,6,1494.0
9377,d3,2026-06-19,4,716.0
9378,d4,2026-06-19,7,693.0
9379,d5,2026-06-19,5,1245.0
9380,b1,2026-06-19,6,1194.0
9381,b2,2026-06-19,5,1245.0
9382,b3,2026-06-19,4,796.0
9383,b4,2026-06-19,3,1797.0
9384,b5,2026-06-19,3,897.0
9385,bv1,2026-06-19,13,1937.0
9386,bv2,2026-06-19,8,1992.0
9387,bv3,2026-06-19,8,1592.0
9388,bv4,2026-06-19,9,3141.0
9389,s1,2026-06-19,7,2793.0
9390,s2,2026-06-19,7,1743.0
9391,s3,2026-06-19,10,990.0
9392,s4,2026-06-19,7,2093.0
9393,s5,2026-06-19,8,1592.0
9394,f1,2026-06-20,12,2988.0
9395,f2,2026-06-20,15,735.0
9396,f3,2026-06-20,15,2235.0
9397,f4,2026-06-20,11,2189.0
9398,f5,2026-06-20,21,2079.0
9399,f6,2026-06-20,8,1432.0
9400,v1,2026-06-20,6,534.0
9401,v2,2026-06-20,11,539.0
9402,v3,2026-06-20,8,632.0
9403,v4,2026-06-20,12,468.0
9404,v5,2026-06-20,5,745.0
9405,v6,2026-06-20,11,319.0
9406,d1,2026-06-20,11,759.0
9407,d2,2026-06-20,6,1494.0
9408,d3,2026-06-20,8,1432.0
9409,d4,2026-06-20,9,891.0
9410,d5,2026-06-20,5,1245.0
9411,b1,2026-06-20,9,1791.0
9412,b2,2026-06-20,9,2241.0
9413,b3,2026-06-20,6,1194.0
9414,b4,2026-06-20,4,2396.0
9415,b5,2026-06-20,4,1196.0
9416,bv1,2026-06-20,17,2533.0
9417,bv2,2026-06-20,11,2739.0
9418,bv3,2026-06-20,9,1791.0
9419,bv4,2026-06-20,9,3141.0
9420,s1,2026-06-20,9,3591.0
9421,s2,2026-06-20,14,3486.0
9422,s3,2026-06-20,8,792.0
9423,s4,2026-06-20,7,2093.0
9424,s5,2026-06-20,12,2388.0
9425,f1,2026-06-21,14,3486.0
9426,f2,2026-06-21,16,784.0
9427,f3,2026-06-21,11,1639.0
9428,f4,2026-06-21,17,3383.0
9429,f5,2026-06-21,16,1584.0
9430,f6,2026-06-21,11,1969.0
9431,v1,2026-06-21,9,801.0
9432,v2,2026-06-21,11,539.0
9433,v3,2026-06-21,6,474.0
9434,v4,2026-06-21,11,429.0
9435,v5,2026-06-21,5,745.0
9436,v6,2026-06-21,6,174.0
9437,d1,2026-06-21,6,414.0
9438,d2,2026-06-21,7,1743.0
9439,d3,2026-06-21,7,1253.0
9440,d4,2026-06-21,11,1089.0
9441,d5,2026-06-21,5,1245.0
9442,b1,2026-06-21,7,1393.0
9443,b2,2026-06-21,5,1245.0
9444,b3,2026-06-21,5,995.0
9445,b4,2026-06-21,4,2396.0
9446,b5,2026-06-21,5,1495.0
9447,bv1,2026-06-21,10,1490.0
9448,bv2,2026-06-21,13,3237.0
9449,bv3,2026-06-21,10,1990.0
9450,bv4,2026-06-21,14,4886.0
9451,s1,2026-06-21,7,2793.0
9452,s2,2026-06-21,12,2988.0
9453,s3,2026-06-21,12,1188.0
9454,s4,2026-06-21,6,1794.0
9455,s5,2026-06-21,13,2587.0
9456,f1,2026-06-22,7,1743.0
9457,f2,2026-06-22,7,343.0
9458,f3,2026-06-22,7,1043.0
9459,f4,2026-06-22,9,1791.0
9460,f5,2026-06-22,9,891.0
9461,f6,2026-06-22,7,1253.0
9462,v1,2026-06-22,4,356.0
9463,v2,2026-06-22,5,245.0
9464,v3,2026-06-22,3,237.0
9465,v4,2026-06-22,6,234.0
9466,v5,2026-06-22,4,596.0
9467,v6,2026-06-22,6,174.0
9468,d1,2026-06-22,4,276.0
9469,d2,2026-06-22,3,747.0
9470,d3,2026-06-22,3,537.0
9471,d4,2026-06-22,6,594.0
9472,d5,2026-06-22,2,498.0
9473,b1,2026-06-22,5,995.0
9474,b2,2026-06-22,4,996.0
9475,b3,2026-06-22,4,796.0
9476,b4,2026-06-22,2,1198.0
9477,b5,2026-06-22,2,598.0
9478,bv1,2026-06-22,8,1192.0
9479,bv2,2026-06-22,8,1992.0
9480,bv3,2026-06-22,6,1194.0
9481,bv4,2026-06-22,7,2443.0
9482,s1,2026-06-22,3,1197.0
9483,s2,2026-06-22,4,996.0
9484,s3,2026-06-22,5,495.0
9485,s4,2026-06-22,5,1495.0
9486,s5,2026-06-22,4,796.0
9487,f1,2026-06-23,9,2241.0
9488,f2,2026-06-23,9,441.0
9489,f3,2026-06-23,9,1341.0
9490,f4,2026-06-23,8,1592.0
9491,f5,2026-06-23,10,990.0
9492,f6,2026-06-23,5,895.0
9493,v1,2026-06-23,3,267.0
9494,v2,2026-06-23,5,245.0
9495,v3,2026-06-23,5,395.0
9496,v4,2026-06-23,5,195.0
9497,v5,2026-06-23,3,447.0
9498,v6,2026-06-23,6,174.0
9499,d1,2026-06-23,6,414.0
9500,d2,2026-06-23,4,996.0
9501,d3,2026-06-23,3,537.0
9502,d4,2026-06-23,4,396.0
9503,d5,2026-06-23,5,1245.0
9504,b1,2026-06-23,3,597.0
9505,b2,2026-06-23,4,996.0
9506,b3,2026-06-23,3,597.0
9507,b4,2026-06-23,3,1797.0
9508,b5,2026-06-23,3,897.0
9509,bv1,2026-06-23,10,1490.0
9510,bv2,2026-06-23,9,2241.0
9511,bv3,2026-06-23,5,995.0
9512,bv4,2026-06-23,8,2792.0
9513,s1,2026-06-23,3,1197.0
9514,s2,2026-06-23,5,1245.0
9515,s3,2026-06-23,7,693.0
9516,s4,2026-06-23,6,1794.0
9517,s5,2026-06-23,7,1393.0
9518,f1,2026-06-24,9,2241.0
9519,f2,2026-06-24,7,343.0
9520,f3,2026-06-24,8,1192.0
9521,f4,2026-06-24,11,2189.0
9522,f5,2026-06-24,12,1188.0
9523,f6,2026-06-24,9,1611.0
9524,v1,2026-06-24,5,445.0
9525,v2,2026-06-24,7,343.0
9526,v3,2026-06-24,6,474.0
9527,v4,2026-06-24,5,195.0
9528,v5,2026-06-24,3,447.0
9529,v6,2026-06-24,4,116.0
9530,d1,2026-06-24,7,483.0
9531,d2,2026-06-24,5,1245.0
9532,d3,2026-06-24,4,716.0
9533,d4,2026-06-24,5,495.0
9534,d5,2026-06-24,4,996.0
9535,b1,2026-06-24,6,1194.0
9536,b2,2026-06-24,3,747.0
9537,b3,2026-06-24,3,597.0
9538,b4,2026-06-24,3,1797.0
9539,b5,2026-06-24,3,897.0
9540,bv1,2026-06-24,8,1192.0
9541,bv2,2026-06-24,6,1494.0
9542,bv3,2026-06-24,5,995.0
9543,bv4,2026-06-24,8,2792.0
9544,s1,2026-06-24,4,1596.0
9545,s2,2026-06-24,5,1245.0
9546,s3,2026-06-24,9,891.0
9547,s4,2026-06-24,5,1495.0
9548,s5,2026-06-24,6,1194.0
9549,f1,2026-06-25,7,1743.0
9550,f2,2026-06-25,12,588.0
9551,f3,2026-06-25,11,1639.0
9552,f4,2026-06-25,11,2189.0
9553,f5,2026-06-25,14,1386.0
9554,f6,2026-06-25,9,1611.0
9555,v1,2026-06-25,7,623.0
9556,v2,2026-06-25,6,294.0
9557,v3,2026-06-25,7,553.0
9558,v4,2026-06-25,8,312.0
9559,v5,2026-06-25,3,447.0
9560,v6,2026-06-25,8,232.0
9561,d1,2026-06-25,7,483.0
9562,d2,2026-06-25,6,1494.0
9563,d3,2026-06-25,4,716.0
9564,d4,2026-06-25,8,792.0
9565,d5,2026-06-25,6,1494.0
9566,b1,2026-06-25,6,1194.0
9567,b2,2026-06-25,5,1245.0
9568,b3,2026-06-25,4,796.0
9569,b4,2026-06-25,3,1797.0
9570,b5,2026-06-25,4,1196.0
9571,bv1,2026-06-25,8,1192.0
9572,bv2,2026-06-25,12,2988.0
9573,bv3,2026-06-25,9,1791.0
9574,bv4,2026-06-25,8,2792.0
9575,s1,2026-06-25,5,1995.0
9576,s2,2026-06-25,9,2241.0
9577,s3,2026-06-25,6,594.0
9578,s4,2026-06-25,7,2093.0
9579,s5,2026-06-25,9,1791.0
9580,f1,2026-06-26,11,2739.0
9581,f2,2026-06-26,9,441.0
9582,f3,2026-06-26,12,1788.0
9583,f4,2026-06-26,12,2388.0
9584,f5,2026-06-26,15,1485.0
9585,f6,2026-06-26,10,1790.0
9586,v1,2026-06-26,5,445.0
9587,v2,2026-06-26,5,245.0
9588,v3,2026-06-26,5,395.0
9589,v4,2026-06-26,9,351.0
9590,v5,2026-06-26,4,596.0
9591,v6,2026-06-26,10,290.0
9592,d1,2026-06-26,8,552.0
9593,d2,2026-06-26,6,1494.0
9594,d3,2026-06-26,5,895.0
9595,d4,2026-06-26,5,495.0
9596,d5,2026-06-26,5,1245.0
9597,b1,2026-06-26,7,1393.0
9598,b2,2026-06-26,7,1743.0
9599,b3,2026-06-26,4,796.0
9600,b4,2026-06-26,3,1797.0
9601,b5,2026-06-26,5,1495.0
9602,bv1,2026-06-26,10,1490.0
9603,bv2,2026-06-26,13,3237.0
9604,bv3,2026-06-26,7,1393.0
9605,bv4,2026-06-26,12,4188.0
9606,s1,2026-06-26,7,2793.0
9607,s2,2026-06-26,7,1743.0
9608,s3,2026-06-26,9,891.0
9609,s4,2026-06-26,7,2093.0
9610,s5,2026-06-26,7,1393.0
9611,f1,2026-06-27,10,2490.0
9612,f2,2026-06-27,15,735.0
9613,f3,2026-06-27,14,2086.0
9614,f4,2026-06-27,16,3184.0
9615,f5,2026-06-27,15,1485.0
9616,f6,2026-06-27,9,1611.0
9617,v1,2026-06-27,9,801.0
9618,v2,2026-06-27,8,392.0
9619,v3,2026-06-27,8,632.0
9620,v4,2026-06-27,9,351.0
9621,v5,2026-06-27,7,1043.0
9622,v6,2026-06-27,12,348.0
9623,d1,2026-06-27,9,621.0
9624,d2,2026-06-27,7,1743.0
9625,d3,2026-06-27,5,895.0
9626,d4,2026-06-27,12,1188.0
9627,d5,2026-06-27,5,1245.0
9628,b1,2026-06-27,10,1990.0
9629,b2,2026-06-27,9,2241.0
9630,b3,2026-06-27,5,995.0
9631,b4,2026-06-27,4,2396.0
9632,b5,2026-06-27,6,1794.0
9633,bv1,2026-06-27,18,2682.0
9634,bv2,2026-06-27,11,2739.0
9635,bv3,2026-06-27,11,2189.0
9636,bv4,2026-06-27,12,4188.0
9637,s1,2026-06-27,8,3192.0
9638,s2,2026-06-27,8,1992.0
9639,s3,2026-06-27,14,1386.0
9640,s4,2026-06-27,10,2990.0
9641,s5,2026-06-27,10,1990.0
9642,f1,2026-06-28,11,2739.0
9643,f2,2026-06-28,16,784.0
9644,f3,2026-06-28,17,2533.0
9645,f4,2026-06-28,11,2189.0
9646,f5,2026-06-28,12,1188.0
9647,f6,2026-06-28,13,2327.0
9648,v1,2026-06-28,6,534.0
9649,v2,2026-06-28,8,392.0
9650,v3,2026-06-28,8,632.0
9651,v4,2026-06-28,10,390.0
9652,v5,2026-06-28,5,745.0
9653,v6,2026-06-28,9,261.0
9654,d1,2026-06-28,8,552.0
9655,d2,2026-06-28,6,1494.0
9656,d3,2026-06-28,8,1432.0
9657,d4,2026-06-28,11,1089.0
9658,d5,2026-06-28,7,1743.0
9659,b1,2026-06-28,7,1393.0
9660,b2,2026-06-28,8,1992.0
9661,b3,2026-06-28,5,995.0
9662,b4,2026-06-28,3,1797.0
9663,b5,2026-06-28,5,1495.0
9664,bv1,2026-06-28,15,2235.0
9665,bv2,2026-06-28,16,3984.0
9666,bv3,2026-06-28,11,2189.0
9667,bv4,2026-06-28,11,3839.0
9668,s1,2026-06-28,6,2394.0
9669,s2,2026-06-28,11,2739.0
9670,s3,2026-06-28,9,891.0
9671,s4,2026-06-28,6,1794.0
9672,s5,2026-06-28,12,2388.0
9673,f1,2026-06-29,5,1245.0
9674,f2,2026-06-29,9,441.0
9675,f3,2026-06-29,5,745.0
9676,f4,2026-06-29,7,1393.0
9677,f5,2026-06-29,9,891.0
9678,f6,2026-06-29,5,895.0
9679,v1,2026-06-29,4,356.0
9680,v2,2026-06-29,4,196.0
9681,v3,2026-06-29,3,237.0
9682,v4,2026-06-29,6,234.0
9683,v5,2026-06-29,3,447.0
9684,v6,2026-06-29,4,116.0
9685,d1,2026-06-29,5,345.0
9686,d2,2026-06-29,3,747.0
9687,d3,2026-06-29,3,537.0
9688,d4,2026-06-29,5,495.0
9689,d5,2026-06-29,3,747.0
9690,b1,2026-06-29,3,597.0
9691,b2,2026-06-29,3,747.0
9692,b3,2026-06-29,3,597.0
9693,b4,2026-06-29,2,1198.0
9694,b5,2026-06-29,3,897.0
9695,bv1,2026-06-29,8,1192.0
9696,bv2,2026-06-29,7,1743.0
9697,bv3,2026-06-29,5,995.0
9698,bv4,2026-06-29,7,2443.0
9699,s1,2026-06-29,3,1197.0
9700,s2,2026-06-29,4,996.0
9701,s3,2026-06-29,6,594.0
9702,s4,2026-06-29,5,1495.0
9703,s5,2026-06-29,6,1194.0
9704,f1,2026-06-30,6,1494.0
9705,f2,2026-06-30,10,490.0
9706,f3,2026-06-30,6,894.0
9707,f4,2026-06-30,11,2189.0
9708,f5,2026-06-30,11,1089.0
9709,f6,2026-06-30,6,1074.0
9710,v1,2026-06-30,5,445.0
9711,v2,2026-06-30,6,294.0
9712,v3,2026-06-30,5,395.0
9713,v4,2026-06-30,7,273.0
9714,v5,2026-06-30,4,596.0
9715,v6,2026-06-30,5,145.0
9716,d1,2026-06-30,5,345.0
9717,d2,2026-06-30,3,747.0
9718,d3,2026-06-30,4,716.0
9719,d4,2026-06-30,5,495.0
9720,d5,2026-06-30,5,1245.0
9721,b1,2026-06-30,3,597.0
9722,b2,2026-06-30,5,1245.0
9723,b3,2026-06-30,3,597.0
9724,b4,2026-06-30,2,1198.0
9725,b5,2026-06-30,3,897.0
9726,bv1,2026-06-30,8,1192.0
9727,bv2,2026-06-30,7,1743.0
9728,bv3,2026-06-30,8,1592.0
9729,bv4,2026-06-30,8,2792.0
9730,s1,2026-06-30,5,1995.0
9731,s2,2026-06-30,5,1245.0
9732,s3,2026-06-30,7,693.0
9733,s4,2026-06-30,6,1794.0
9734,s5,2026-06-30,6,1194.0
9735,f1,2026-07-01,6,1494.0
9736,f2,2026-07-01,6,294.0
9737,f3,2026-07-01,8,1192.0
9738,f4,2026-07-01,7,1393.0
9739,f5,2026-07-01,9,891.0
9740,f6,2026-07-01,6,1074.0
9741,v1,2026-07-01,4,356.0
9742,v2,2026-07-01,4,196.0
9743,v3,2026-07-01,6,474.0
9744,v4,2026-07-01,6,234.0
9745,v5,2026-07-01,3,447.0
9746,v6,2026-07-01,6,174.0
9747,d1,2026-07-01,5,345.0
9748,d2,2026-07-01,4,996.0
9749,d3,2026-07-01,4,716.0
9750,d4,2026-07-01,5,495.0
9751,d5,2026-07-01,4,996.0
9752,b1,2026-07-01,6,1194.0
9753,b2,2026-07-01,4,996.0
9754,b3,2026-07-01,5,995.0
9755,b4,2026-07-01,3,1797.0
9756,b5,2026-07-01,3,897.0
9757,bv1,2026-07-01,10,1490.0
9758,bv2,2026-07-01,8,1992.0
9759,bv3,2026-07-01,8,1592.0
9760,bv4,2026-07-01,7,2443.0
9761,s1,2026-07-01,3,1197.0
9762,s2,2026-07-01,8,1992.0
9763,s3,2026-07-01,8,792.0
9764,s4,2026-07-01,6,1794.0
9765,s5,2026-07-01,7,1393.0
9766,f1,2026-07-02,5,1245.0
9767,f2,2026-07-02,7,343.0
9768,f3,2026-07-02,8,1192.0
9769,f4,2026-07-02,7,1393.0
9770,f5,2026-07-02,10,990.0
9771,f6,2026-07-02,5,895.0
9772,v1,2026-07-02,5,445.0
9773,v2,2026-07-02,6,294.0
9774,v3,2026-07-02,6,474.0
9775,v4,2026-07-02,5,195.0
9776,v5,2026-07-02,3,447.0
9777,v6,2026-07-02,7,203.0
9778,d1,2026-07-02,6,414.0
9779,d2,2026-07-02,4,996.0
9780,d3,2026-07-02,6,1074.0
9781,d4,2026-07-02,6,594.0
9782,d5,2026-07-02,5,1245.0
9783,b1,2026-07-02,6,1194.0
9784,b2,2026-07-02,5,1245.0
9785,b3,2026-07-02,6,1194.0
9786,b4,2026-07-02,3,1797.0
9787,b5,2026-07-02,6,1794.0
9788,bv1,2026-07-02,10,1490.0
9789,bv2,2026-07-02,9,2241.0
9790,bv3,2026-07-02,8,1592.0
9791,bv4,2026-07-02,7,2443.0
9792,s1,2026-07-02,4,1596.0
9793,s2,2026-07-02,7,1743.0
9794,s3,2026-07-02,6,594.0
9795,s4,2026-07-02,6,1794.0
9796,s5,2026-07-02,9,1791.0
9797,f1,2026-07-03,10,2490.0
9798,f2,2026-07-03,9,441.0
9799,f3,2026-07-03,8,1192.0
9800,f4,2026-07-03,6,1194.0
9801,f5,2026-07-03,12,1188.0
9802,f6,2026-07-03,8,1432.0
9803,v1,2026-07-03,8,712.0
9804,v2,2026-07-03,8,392.0
9805,v3,2026-07-03,4,316.0
9806,v4,2026-07-03,6,234.0
9807,v5,2026-07-03,4,596.0
9808,v6,2026-07-03,10,290.0
9809,d1,2026-07-03,7,483.0
9810,d2,2026-07-03,5,1245.0
9811,d3,2026-07-03,6,1074.0
9812,d4,2026-07-03,7,693.0
9813,d5,2026-07-03,5,1245.0
9814,b1,2026-07-03,7,1393.0
9815,b2,2026-07-03,5,1245.0
9816,b3,2026-07-03,5,995.0
9817,b4,2026-07-03,3,1797.0
9818,b5,2026-07-03,6,1794.0
9819,bv1,2026-07-03,8,1192.0
9820,bv2,2026-07-03,11,2739.0
9821,bv3,2026-07-03,10,1990.0
9822,bv4,2026-07-03,8,2792.0
9823,s1,2026-07-03,4,1596.0
9824,s2,2026-07-03,8,1992.0
9825,s3,2026-07-03,7,693.0
9826,s4,2026-07-03,5,1495.0
9827,s5,2026-07-03,7,1393.0
9828,f1,2026-07-04,7,1743.0
9829,f2,2026-07-04,14,686.0
9830,f3,2026-07-04,8,1192.0
9831,f4,2026-07-04,9,1791.0
9832,f5,2026-07-04,13,1287.0
9833,f6,2026-07-04,8,1432.0
9834,v1,2026-07-04,6,534.0
9835,v2,2026-07-04,7,343.0
9836,v3,2026-07-04,7,553.0
9837,v4,2026-07-04,13,507.0
9838,v5,2026-07-04,6,894.0
9839,v6,2026-07-04,10,290.0
9840,d1,2026-07-04,6,414.0
9841,d2,2026-07-04,6,1494.0
9842,d3,2026-07-04,8,1432.0
9843,d4,2026-07-04,11,1089.0
9844,d5,2026-07-04,7,1743.0
9845,b1,2026-07-04,7,1393.0
9846,b2,2026-07-04,9,2241.0
9847,b3,2026-07-04,6,1194.0
9848,b4,2026-07-04,5,2995.0
9849,b5,2026-07-04,8,2392.0
9850,bv1,2026-07-04,12,1788.0
9851,bv2,2026-07-04,17,4233.0
9852,bv3,2026-07-04,8,1592.0
9853,bv4,2026-07-04,10,3490.0
9854,s1,2026-07-04,6,2394.0
9855,s2,2026-07-04,8,1992.0
9856,s3,2026-07-04,9,891.0
9857,s4,2026-07-04,9,2691.0
9858,s5,2026-07-04,8,1592.0
9859,f1,2026-07-05,10,2490.0
9860,f2,2026-07-05,10,490.0
9861,f3,2026-07-05,11,1639.0
9862,f4,2026-07-05,10,1990.0
9863,f5,2026-07-05,9,891.0
9864,f6,2026-07-05,6,1074.0
9865,v1,2026-07-05,6,534.0
9866,v2,2026-07-05,10,490.0
9867,v3,2026-07-05,8,632.0
9868,v4,2026-07-05,7,273.0
9869,v5,2026-07-05,7,1043.0
9870,v6,2026-07-05,9,261.0
9871,d1,2026-07-05,9,621.0
9872,d2,2026-07-05,7,1743.0
9873,d3,2026-07-05,7,1253.0
9874,d4,2026-07-05,11,1089.0
9875,d5,2026-07-05,6,1494.0
9876,b1,2026-07-05,7,1393.0
9877,b2,2026-07-05,7,1743.0
9878,b3,2026-07-05,7,1393.0
9879,b4,2026-07-05,3,1797.0
9880,b5,2026-07-05,8,2392.0
9881,bv1,2026-07-05,13,1937.0
9882,bv2,2026-07-05,10,2490.0
9883,bv3,2026-07-05,8,1592.0
9884,bv4,2026-07-05,9,3141.0
9885,s1,2026-07-05,7,2793.0
9886,s2,2026-07-05,11,2739.0
9887,s3,2026-07-05,12,1188.0
9888,s4,2026-07-05,5,1495.0
9889,s5,2026-07-05,11,2189.0
9890,f1,2026-07-06,4,996.0
9891,f2,2026-07-06,7,343.0
9892,f3,2026-07-06,6,894.0
9893,f4,2026-07-06,5,995.0
9894,f5,2026-07-06,7,693.0
9895,f6,2026-07-06,5,895.0
9896,v1,2026-07-06,3,267.0
9897,v2,2026-07-06,6,294.0
9898,v3,2026-07-06,3,237.0
9899,v4,2026-07-06,5,195.0
9900,v5,2026-07-06,3,447.0
9901,v6,2026-07-06,5,145.0
9902,d1,2026-07-06,3,207.0
9903,d2,2026-07-06,3,747.0
9904,d3,2026-07-06,4,716.0
9905,d4,2026-07-06,5,495.0
9906,d5,2026-07-06,3,747.0
9907,b1,2026-07-06,4,796.0
9908,b2,2026-07-06,3,747.0
9909,b3,2026-07-06,4,796.0
9910,b4,2026-07-06,2,1198.0
9911,b5,2026-07-06,3,897.0
9912,bv1,2026-07-06,7,1043.0
9913,bv2,2026-07-06,8,1992.0
9914,bv3,2026-07-06,5,995.0
9915,bv4,2026-07-06,7,2443.0
9916,s1,2026-07-06,3,1197.0
9917,s2,2026-07-06,6,1494.0
9918,s3,2026-07-06,6,594.0
9919,s4,2026-07-06,4,1196.0
9920,s5,2026-07-06,5,995.0
9921,f1,2026-07-07,7,1743.0
9922,f2,2026-07-07,8,392.0
9923,f3,2026-07-07,7,1043.0
9924,f4,2026-07-07,6,1194.0
9925,f5,2026-07-07,8,792.0
9926,f6,2026-07-07,5,895.0
9927,v1,2026-07-07,6,534.0
9928,v2,2026-07-07,4,196.0
9929,v3,2026-07-07,5,395.0
9930,v4,2026-07-07,7,273.0
9931,v5,2026-07-07,4,596.0
9932,v6,2026-07-07,5,145.0
9933,d1,2026-07-07,5,345.0
9934,d2,2026-07-07,3,747.0
9935,d3,2026-07-07,3,537.0
9936,d4,2026-07-07,4,396.0
9937,d5,2026-07-07,3,747.0
9938,b1,2026-07-07,4,796.0
9939,b2,2026-07-07,4,996.0
9940,b3,2026-07-07,3,597.0
9941,b4,2026-07-07,2,1198.0
9942,b5,2026-07-07,3,897.0
9943,bv1,2026-07-07,8,1192.0
9944,bv2,2026-07-07,6,1494.0
9945,bv3,2026-07-07,6,1194.0
9946,bv4,2026-07-07,5,1745.0
9947,s1,2026-07-07,4,1596.0
9948,s2,2026-07-07,4,996.0
9949,s3,2026-07-07,4,396.0
9950,s4,2026-07-07,4,1196.0
9951,s5,2026-07-07,4,796.0
9952,f1,2026-07-08,6,1494.0
9953,f2,2026-07-08,8,392.0
9954,f3,2026-07-08,9,1341.0
9955,f4,2026-07-08,9,1791.0
9956,f5,2026-07-08,9,891.0
9957,f6,2026-07-08,5,895.0
9958,v1,2026-07-08,4,356.0
9959,v2,2026-07-08,4,196.0
9960,v3,2026-07-08,4,316.0
9961,v4,2026-07-08,6,234.0
9962,v5,2026-07-08,3,447.0
9963,v6,2026-07-08,8,232.0
9964,d1,2026-07-08,7,483.0
9965,d2,2026-07-08,6,1494.0
9966,d3,2026-07-08,4,716.0
9967,d4,2026-07-08,6,594.0
9968,d5,2026-07-08,4,996.0
9969,b1,2026-07-08,5,995.0
9970,b2,2026-07-08,5,1245.0
9971,b3,2026-07-08,5,995.0
9972,b4,2026-07-08,2,1198.0
9973,b5,2026-07-08,5,1495.0
9974,bv1,2026-07-08,11,1639.0
9975,bv2,2026-07-08,9,2241.0
9976,bv3,2026-07-08,8,1592.0
9977,bv4,2026-07-08,7,2443.0
9978,s1,2026-07-08,3,1197.0
9979,s2,2026-07-08,5,1245.0
9980,s3,2026-07-08,7,693.0
9981,s4,2026-07-08,4,1196.0
9982,s5,2026-07-08,7,1393.0
9983,f1,2026-07-09,8,1992.0
9984,f2,2026-07-09,11,539.0
9985,f3,2026-07-09,6,894.0
9986,f4,2026-07-09,8,1592.0
9987,f5,2026-07-09,10,990.0
9988,f6,2026-07-09,5,895.0
9989,v1,2026-07-09,6,534.0
9990,v2,2026-07-09,8,392.0
9991,v3,2026-07-09,5,395.0
9992,v4,2026-07-09,7,273.0
9993,v5,2026-07-09,5,745.0
9994,v6,2026-07-09,5,145.0
9995,d1,2026-07-09,6,414.0
9996,d2,2026-07-09,5,1245.0
9997,d3,2026-07-09,4,716.0
9998,d4,2026-07-09,8,792.0
9999,d5,2026-07-09,4,996.0
10000,b1,2026-07-09,7,1393.0
10001,b2,2026-07-09,6,1494.0
10002,b3,2026-07-09,5,995.0
10003,b4,2026-07-09,2,1198.0
10004,b5,2026-07-09,5,1495.0
10005,bv1,2026-07-09,8,1192.0
10006,bv2,2026-07-09,12,2988.0
10007,bv3,2026-07-09,8,1592.0
10008,bv4,2026-07-09,11,3839.0
10009,s1,2026-07-09,4,1596.0
10010,s2,2026-07-09,7,1743.0
10011,s3,2026-07-09,6,594.0
10012,s4,2026-07-09,6,1794.0
10013,s5,2026-07-09,5,995.0
10014,f1,2026-07-10,8,1992.0
10015,f2,2026-07-10,8,392.0
10016,f3,2026-07-10,10,1490.0
10017,f4,2026-07-10,11,2189.0
10018,f5,2026-07-10,12,1188.0
10019,f6,2026-07-10,5,895.0
10020,v1,2026-07-10,5,445.0
10021,v2,2026-07-10,8,392.0
10022,v3,2026-07-10,6,474.0
10023,v4,2026-07-10,6,234.0
10024,v5,2026-07-10,5,745.0
10025,v6,2026-07-10,9,261.0
10026,d1,2026-07-10,7,483.0
10027,d2,2026-07-10,7,1743.0
10028,d3,2026-07-10,4,716.0
10029,d4,2026-07-10,7,693.0
10030,d5,2026-07-10,7,1743.0
10031,b1,2026-07-10,8,1592.0
10032,b2,2026-07-10,6,1494.0
10033,b3,2026-07-10,5,995.0
10034,b4,2026-07-10,3,1797.0
10035,b5,2026-07-10,5,1495.0
10036,bv1,2026-07-10,13,1937.0
10037,bv2,2026-07-10,9,2241.0
10038,bv3,2026-07-10,7,1393.0
10039,bv4,2026-07-10,8,2792.0
10040,s1,2026-07-10,5,1995.0
10041,s2,2026-07-10,8,1992.0
10042,s3,2026-07-10,9,891.0
10043,s4,2026-07-10,6,1794.0
10044,s5,2026-07-10,10,1990.0
10045,f1,2026-07-11,8,1992.0
10046,f2,2026-07-11,9,441.0
10047,f3,2026-07-11,9,1341.0
10048,f4,2026-07-11,10,1990.0
10049,f5,2026-07-11,11,1089.0
10050,f6,2026-07-11,9,1611.0
10051,v1,2026-07-11,8,712.0
10052,v2,2026-07-11,7,343.0
10053,v3,2026-07-11,6,474.0
10054,v4,2026-07-11,8,312.0
10055,v5,2026-07-11,6,894.0
10056,v6,2026-07-11,9,261.0
10057,d1,2026-07-11,10,690.0
10058,d2,2026-07-11,8,1992.0
10059,d3,2026-07-11,6,1074.0
10060,d4,2026-07-11,10,990.0
10061,d5,2026-07-11,8,1992.0
10062,b1,2026-07-11,9,1791.0
10063,b2,2026-07-11,9,2241.0
10064,b3,2026-07-11,6,1194.0
10065,b4,2026-07-11,5,2995.0
10066,b5,2026-07-11,8,2392.0
10067,bv1,2026-07-11,17,2533.0
10068,bv2,2026-07-11,12,2988.0
10069,bv3,2026-07-11,11,2189.0
10070,bv4,2026-07-11,14,4886.0
10071,s1,2026-07-11,5,1995.0
10072,s2,2026-07-11,12,2988.0
10073,s3,2026-07-11,9,891.0
10074,s4,2026-07-11,6,1794.0
10075,s5,2026-07-11,10,1990.0
10076,f1,2026-07-12,8,1992.0
10077,f2,2026-07-12,12,588.0
10078,f3,2026-07-12,13,1937.0
10079,f4,2026-07-12,13,2587.0
10080,f5,2026-07-12,14,1386.0
10081,f6,2026-07-12,6,1074.0
10082,v1,2026-07-12,9,801.0
10083,v2,2026-07-12,10,490.0
10084,v3,2026-07-12,7,553.0
10085,v4,2026-07-12,11,429.0
10086,v5,2026-07-12,5,745.0
10087,v6,2026-07-12,10,290.0
10088,d1,2026-07-12,7,483.0
10089,d2,2026-07-12,7,1743.0
10090,d3,2026-07-12,7,1253.0
10091,d4,2026-07-12,7,693.0
10092,d5,2026-07-12,5,1245.0
10093,b1,2026-07-12,7,1393.0
10094,b2,2026-07-12,6,1494.0
10095,b3,2026-07-12,6,1194.0
10096,b4,2026-07-12,3,1797.0
10097,b5,2026-07-12,5,1495.0
10098,bv1,2026-07-12,15,2235.0
10099,bv2,2026-07-12,15,3735.0
10100,bv3,2026-07-12,7,1393.0
10101,bv4,2026-07-12,11,3839.0
10102,s1,2026-07-12,6,2394.0
10103,s2,2026-07-12,8,1992.0
10104,s3,2026-07-12,9,891.0
10105,s4,2026-07-12,8,2392.0
10106,s5,2026-07-12,11,2189.0
10107,f1,2026-07-13,4,996.0
10108,f2,2026-07-13,7,343.0
10109,f3,2026-07-13,6,894.0
10110,f4,2026-07-13,6,1194.0
10111,f5,2026-07-13,6,594.0
10112,f6,2026-07-13,5,895.0
10113,v1,2026-07-13,5,445.0
10114,v2,2026-07-13,4,196.0
10115,v3,2026-07-13,3,237.0
10116,v4,2026-07-13,5,195.0
10117,v5,2026-07-13,2,298.0
10118,v6,2026-07-13,5,145.0
10119,d1,2026-07-13,4,276.0
10120,d2,2026-07-13,4,996.0
10121,d3,2026-07-13,3,537.0
10122,d4,2026-07-13,6,594.0
10123,d5,2026-07-13,4,996.0
10124,b1,2026-07-13,5,995.0
10125,b2,2026-07-13,5,1245.0
10126,b3,2026-07-13,4,796.0
10127,b4,2026-07-13,3,1797.0
10128,b5,2026-07-13,4,1196.0
10129,bv1,2026-07-13,6,894.0
10130,bv2,2026-07-13,8,1992.0
10131,bv3,2026-07-13,4,796.0
10132,bv4,2026-07-13,5,1745.0
10133,s1,2026-07-13,2,798.0
10134,s2,2026-07-13,4,996.0
10135,s3,2026-07-13,5,495.0
10136,s4,2026-07-13,4,1196.0
10137,s5,2026-07-13,6,1194.0
10138,f1,2026-07-14,6,1494.0
10139,f2,2026-07-14,6,294.0
10140,f3,2026-07-14,6,894.0
10141,f4,2026-07-14,8,1592.0
10142,f5,2026-07-14,5,495.0
10143,f6,2026-07-14,6,1074.0
10144,v1,2026-07-14,6,534.0
10145,v2,2026-07-14,7,343.0
10146,v3,2026-07-14,5,395.0
10147,v4,2026-07-14,6,234.0
10148,v5,2026-07-14,4,596.0
10149,v6,2026-07-14,7,203.0
10150,d1,2026-07-14,5,345.0
10151,d2,2026-07-14,3,747.0
10152,d3,2026-07-14,5,895.0
10153,d4,2026-07-14,4,396.0
10154,d5,2026-07-14,3,747.0
10155,b1,2026-07-14,6,1194.0
10156,b2,2026-07-14,6,1494.0
10157,b3,2026-07-14,4,796.0
10158,b4,2026-07-14,3,1797.0
10159,b5,2026-07-14,5,1495.0
10160,bv1,2026-07-14,7,1043.0
10161,bv2,2026-07-14,6,1494.0
10162,bv3,2026-07-14,7,1393.0
10163,bv4,2026-07-14,6,2094.0
10164,s1,2026-07-14,4,1596.0
10165,s2,2026-07-14,6,1494.0
10166,s3,2026-07-14,6,594.0
10167,s4,2026-07-14,4,1196.0
10168,s5,2026-07-14,4,796.0
10169,f1,2026-07-15,7,1743.0
10170,f2,2026-07-15,8,392.0
10171,f3,2026-07-15,6,894.0
10172,f4,2026-07-15,8,1592.0
10173,f5,2026-07-15,9,891.0
10174,f6,2026-07-15,6,1074.0
10175,v1,2026-07-15,6,534.0
10176,v2,2026-07-15,6,294.0
10177,v3,2026-07-15,5,395.0
10178,v4,2026-07-15,6,234.0
10179,v5,2026-07-15,4,596.0
10180,v6,2026-07-15,7,203.0
10181,d1,2026-07-15,6,414.0
10182,d2,2026-07-15,5,1245.0
10183,d3,2026-07-15,5,895.0
10184,d4,2026-07-15,7,693.0
10185,d5,2026-07-15,4,996.0
10186,b1,2026-07-15,6,1194.0
10187,b2,2026-07-15,4,996.0
10188,b3,2026-07-15,4,796.0
10189,b4,2026-07-15,2,1198.0
10190,b5,2026-07-15,3,897.0
10191,bv1,2026-07-15,11,1639.0
10192,bv2,2026-07-15,9,2241.0
10193,bv3,2026-07-15,5,995.0
10194,bv4,2026-07-15,7,2443.0
10195,s1,2026-07-15,5,1995.0
10196,s2,2026-07-15,6,1494.0
10197,s3,2026-07-15,6,594.0
10198,s4,2026-07-15,5,1495.0
10199,s5,2026-07-15,5,995.0
10200,f1,2026-07-16,6,1494.0
10201,f2,2026-07-16,9,441.0
10202,f3,2026-07-16,6,894.0
10203,f4,2026-07-16,8,1592.0
10204,f5,2026-07-16,8,792.0
10205,f6,2026-07-16,6,1074.0
10206,v1,2026-07-16,7,623.0
10207,v2,2026-07-16,8,392.0
10208,v3,2026-07-16,5,395.0
10209,v4,2026-07-16,6,234.0
10210,v5,2026-07-16,4,596.0
10211,v6,2026-07-16,6,174.0
10212,d1,2026-07-16,5,345.0
10213,d2,2026-07-16,5,1245.0
10214,d3,2026-07-16,5,895.0
10215,d4,2026-07-16,8,792.0
10216,d5,2026-07-16,6,1494.0
10217,b1,2026-07-16,6,1194.0
10218,b2,2026-07-16,7,1743.0
10219,b3,2026-07-16,6,1194.0
10220,b4,2026-07-16,3,1797.0
10221,b5,2026-07-16,4,1196.0
10222,bv1,2026-07-16,10,1490.0
10223,bv2,2026-07-16,12,2988.0
10224,bv3,2026-07-16,7,1393.0
10225,bv4,2026-07-16,9,3141.0
10226,s1,2026-07-16,6,2394.0
10227,s2,2026-07-16,6,1494.0
10228,s3,2026-07-16,7,693.0
10229,s4,2026-07-16,7,2093.0
10230,s5,2026-07-16,6,1194.0
10231,f1,2026-07-17,5,1245.0
10232,f2,2026-07-17,7,343.0
10233,f3,2026-07-17,11,1639.0
10234,f4,2026-07-17,10,1990.0
10235,f5,2026-07-17,13,1287.0
10236,f6,2026-07-17,5,895.0
10237,v1,2026-07-17,8,712.0
10238,v2,2026-07-17,8,392.0
10239,v3,2026-07-17,7,553.0
10240,v4,2026-07-17,9,351.0
10241,v5,2026-07-17,3,447.0
10242,v6,2026-07-17,8,232.0
10243,d1,2026-07-17,5,345.0
10244,d2,2026-07-17,6,1494.0
10245,d3,2026-07-17,6,1074.0
10246,d4,2026-07-17,6,594.0
10247,d5,2026-07-17,5,1245.0
10248,b1,2026-07-17,7,1393.0
10249,b2,2026-07-17,7,1743.0
10250,b3,2026-07-17,4,796.0
10251,b4,2026-07-17,3,1797.0
10252,b5,2026-07-17,4,1196.0
10253,bv1,2026-07-17,11,1639.0
10254,bv2,2026-07-17,11,2739.0
10255,bv3,2026-07-17,9,1791.0
10256,bv4,2026-07-17,10,3490.0
10257,s1,2026-07-17,4,1596.0
10258,s2,2026-07-17,10,2490.0
10259,s3,2026-07-17,10,990.0
10260,s4,2026-07-17,5,1495.0
10261,s5,2026-07-17,9,1791.0
10262,f1,2026-07-18,12,2988.0
10263,f2,2026-07-18,11,539.0
10264,f3,2026-07-18,14,2086.0
10265,f4,2026-07-18,14,2786.0
10266,f5,2026-07-18,14,1386.0
10267,f6,2026-07-18,8,1432.0
10268,v1,2026-07-18,6,534.0
10269,v2,2026-07-18,12,588.0
10270,v3,2026-07-18,7,553.0
10271,v4,2026-07-18,13,507.0
10272,v5,2026-07-18,5,745.0
10273,v6,2026-07-18,12,348.0
10274,d1,2026-07-18,11,759.0
10275,d2,2026-07-18,8,1992.0
10276,d3,2026-07-18,5,895.0
10277,d4,2026-07-18,11,1089.0
10278,d5,2026-07-18,5,1245.0
10279,b1,2026-07-18,11,2189.0
10280,b2,2026-07-18,9,2241.0
10281,b3,2026-07-18,8,1592.0
10282,b4,2026-07-18,4,2396.0
10283,b5,2026-07-18,9,2691.0
10284,bv1,2026-07-18,11,1639.0
10285,bv2,2026-07-18,15,3735.0
10286,bv3,2026-07-18,9,1791.0
10287,bv4,2026-07-18,14,4886.0
10288,s1,2026-07-18,7,2793.0
10289,s2,2026-07-18,9,2241.0
10290,s3,2026-07-18,11,1089.0
10291,s4,2026-07-18,10,2990.0
10292,s5,2026-07-18,9,1791.0
10293,f1,2026-07-19,7,1743.0
10294,f2,2026-07-19,12,588.0
10295,f3,2026-07-19,11,1639.0
10296,f4,2026-07-19,13,2587.0
10297,f5,2026-07-19,15,1485.0
10298,f6,2026-07-19,7,1253.0
10299,v1,2026-07-19,6,534.0
10300,v2,2026-07-19,6,294.0
10301,v3,2026-07-19,6,474.0
10302,v4,2026-07-19,12,468.0
10303,v5,2026-07-19,5,745.0
10304,v6,2026-07-19,9,261.0
10305,d1,2026-07-19,8,552.0
10306,d2,2026-07-19,6,1494.0
10307,d3,2026-07-19,7,1253.0
10308,d4,2026-07-19,9,891.0
10309,d5,2026-07-19,5,1245.0
10310,b1,2026-07-19,8,1592.0
10311,b2,2026-07-19,9,2241.0
10312,b3,2026-07-19,6,1194.0
10313,b4,2026-07-19,4,2396.0
10314,b5,2026-07-19,6,1794.0
10315,bv1,2026-07-19,11,1639.0
10316,bv2,2026-07-19,16,3984.0
10317,bv3,2026-07-19,10,1990.0
10318,bv4,2026-07-19,12,4188.0
10319,s1,2026-07-19,5,1995.0
10320,s2,2026-07-19,6,1494.0
10321,s3,2026-07-19,8,792.0
10322,s4,2026-07-19,6,1794.0
10323,s5,2026-07-19,7,1393.0
10324,f1,2026-07-20,6,1494.0
10325,f2,2026-07-20,4,196.0
10326,f3,2026-07-20,4,596.0
10327,f4,2026-07-20,4,796.0
10328,f5,2026-07-20,6,594.0
10329,f6,2026-07-20,3,537.0
10330,v1,2026-07-20,3,267.0
10331,v2,2026-07-20,6,294.0
10332,v3,2026-07-20,4,316.0
10333,v4,2026-07-20,6,234.0
10334,v5,2026-07-20,4,596.0
10335,v6,2026-07-20,4,116.0
10336,d1,2026-07-20,4,276.0
10337,d2,2026-07-20,4,996.0
10338,d3,2026-07-20,4,716.0
10339,d4,2026-07-20,6,594.0
10340,d5,2026-07-20,3,747.0
10341,b1,2026-07-20,4,796.0
10342,b2,2026-07-20,3,747.0
10343,b3,2026-07-20,4,796.0
10344,b4,2026-07-20,2,1198.0
10345,b5,2026-07-20,3,897.0
10346,bv1,2026-07-20,8,1192.0
10347,bv2,2026-07-20,9,2241.0
10348,bv3,2026-07-20,6,1194.0
10349,bv4,2026-07-20,7,2443.0
10350,s1,2026-07-20,4,1596.0
10351,s2,2026-07-20,3,747.0
10352,s3,2026-07-20,5,495.0
10353,s4,2026-07-20,3,897.0
10354,s5,2026-07-20,4,796.0
10355,f1,2026-07-21,4,996.0
10356,f2,2026-07-21,5,245.0
10357,f3,2026-07-21,6,894.0
10358,f4,2026-07-21,7,1393.0
10359,f5,2026-07-21,7,693.0
10360,f6,2026-07-21,6,1074.0
10361,v1,2026-07-21,5,445.0
10362,v2,2026-07-21,4,196.0
10363,v3,2026-07-21,3,237.0
10364,v4,2026-07-21,7,273.0
10365,v5,2026-07-21,4,596.0
10366,v6,2026-07-21,6,174.0
10367,d1,2026-07-21,6,414.0
10368,d2,2026-07-21,4,996.0
10369,d3,2026-07-21,5,895.0
10370,d4,2026-07-21,7,693.0
10371,d5,2026-07-21,5,1245.0
10372,b1,2026-07-21,5,995.0
10373,b2,2026-07-21,5,1245.0
10374,b3,2026-07-21,4,796.0
10375,b4,2026-07-21,3,1797.0
10376,b5,2026-07-21,3,897.0
10377,bv1,2026-07-21,10,1490.0
10378,bv2,2026-07-21,9,2241.0
10379,bv3,2026-07-21,7,1393.0
10380,bv4,2026-07-21,5,1745.0
10381,s1,2026-07-21,4,1596.0
10382,s2,2026-07-21,4,996.0
10383,s3,2026-07-21,4,396.0
10384,s4,2026-07-21,4,1196.0
10385,s5,2026-07-21,4,796.0
10386,f1,2026-07-22,7,1743.0
10387,f2,2026-07-22,8,392.0
10388,f3,2026-07-22,8,1192.0
10389,f4,2026-07-22,6,1194.0
10390,f5,2026-07-22,9,891.0
10391,f6,2026-07-22,5,895.0
10392,v1,2026-07-22,6,534.0
10393,v2,2026-07-22,7,343.0
10394,v3,2026-07-22,6,474.0
10395,v4,2026-07-22,8,312.0
10396,v5,2026-07-22,3,447.0
10397,v6,2026-07-22,7,203.0
10398,d1,2026-07-22,5,345.0
10399,d2,2026-07-22,4,996.0
10400,d3,2026-07-22,4,716.0
10401,d4,2026-07-22,6,594.0
10402,d5,2026-07-22,4,996.0
10403,b1,2026-07-22,4,796.0
10404,b2,2026-07-22,7,1743.0
10405,b3,2026-07-22,6,1194.0
10406,b4,2026-07-22,3,1797.0
10407,b5,2026-07-22,3,897.0
10408,bv1,2026-07-22,7,1043.0
10409,bv2,2026-07-22,8,1992.0
10410,bv3,2026-07-22,7,1393.0
10411,bv4,2026-07-22,7,2443.0
10412,s1,2026-07-22,3,1197.0
10413,s2,2026-07-22,5,1245.0
10414,s3,2026-07-22,8,792.0
10415,s4,2026-07-22,5,1495.0
10416,s5,2026-07-22,6,1194.0
10417,f1,2026-07-23,7,1743.0
10418,f2,2026-07-23,9,441.0
10419,f3,2026-07-23,5,745.0
10420,f4,2026-07-23,9,1791.0
10421,f5,2026-07-23,10,990.0
10422,f6,2026-07-23,8,1432.0
10423,v1,2026-07-23,7,623.0
10424,v2,2026-07-23,7,343.0
10425,v3,2026-07-23,5,395.0
10426,v4,2026-07-23,7,273.0
10427,v5,2026-07-23,5,745.0
10428,v6,2026-07-23,5,145.0
10429,d1,2026-07-23,5,345.0
10430,d2,2026-07-23,5,1245.0
10431,d3,2026-07-23,4,716.0
10432,d4,2026-07-23,8,792.0
10433,d5,2026-07-23,3,747.0
10434,b1,2026-07-23,5,995.0
10435,b2,2026-07-23,7,1743.0
10436,b3,2026-07-23,6,1194.0
10437,b4,2026-07-23,3,1797.0
10438,b5,2026-07-23,6,1794.0
10439,bv1,2026-07-23,12,1788.0
10440,bv2,2026-07-23,9,2241.0
10441,bv3,2026-07-23,7,1393.0
10442,bv4,2026-07-23,9,3141.0
10443,s1,2026-07-23,4,1596.0
10444,s2,2026-07-23,7,1743.0
10445,s3,2026-07-23,8,792.0
10446,s4,2026-07-23,5,1495.0
10447,s5,2026-07-23,7,1393.0
10448,f1,2026-07-24,6,1494.0
10449,f2,2026-07-24,9,441.0
10450,f3,2026-07-24,8,1192.0
10451,f4,2026-07-24,10,1990.0
10452,f5,2026-07-24,11,1089.0
10453,f6,2026-07-24,6,1074.0
10454,v1,2026-07-24,5,445.0
10455,v2,2026-07-24,8,392.0
10456,v3,2026-07-24,6,474.0
10457,v4,2026-07-24,8,312.0
10458,v5,2026-07-24,4,596.0
10459,v6,2026-07-24,6,174.0
10460,d1,2026-07-24,5,345.0
10461,d2,2026-07-24,5,1245.0
10462,d3,2026-07-24,6,1074.0
10463,d4,2026-07-24,8,792.0
10464,d5,2026-07-24,6,1494.0
10465,b1,2026-07-24,5,995.0
10466,b2,2026-07-24,8,1992.0
10467,b3,2026-07-24,6,1194.0
10468,b4,2026-07-24,3,1797.0
10469,b5,2026-07-24,4,1196.0
10470,bv1,2026-07-24,10,1490.0
10471,bv2,2026-07-24,13,3237.0
10472,bv3,2026-07-24,7,1393.0
10473,bv4,2026-07-24,10,3490.0
10474,s1,2026-07-24,4,1596.0
10475,s2,2026-07-24,8,1992.0
10476,s3,2026-07-24,6,594.0
10477,s4,2026-07-24,5,1495.0
10478,s5,2026-07-24,6,1194.0
10479,f1,2026-07-25,12,2988.0
10480,f2,2026-07-25,12,588.0
10481,f3,2026-07-25,14,2086.0
10482,f4,2026-07-25,14,2786.0
10483,f5,2026-07-25,17,1683.0
10484,f6,2026-07-25,10,1790.0
10485,v1,2026-07-25,7,623.0
10486,v2,2026-07-25,7,343.0
10487,v3,2026-07-25,10,790.0
10488,v4,2026-07-25,8,312.0
10489,v5,2026-07-25,5,745.0
10490,v6,2026-07-25,8,232.0
10491,d1,2026-07-25,8,552.0
10492,d2,2026-07-25,5,1245.0
10493,d3,2026-07-25,6,1074.0
10494,d4,2026-07-25,7,693.0
10495,d5,2026-07-25,6,1494.0
10496,b1,2026-07-25,8,1592.0
10497,b2,2026-07-25,10,2490.0
10498,b3,2026-07-25,7,1393.0
10499,b4,2026-07-25,4,2396.0
10500,b5,2026-07-25,5,1495.0
10501,bv1,2026-07-25,15,2235.0
10502,bv2,2026-07-25,16,3984.0
10503,bv3,2026-07-25,8,1592.0
10504,bv4,2026-07-25,12,4188.0
10505,s1,2026-07-25,7,2793.0
10506,s2,2026-07-25,8,1992.0
10507,s3,2026-07-25,9,891.0
10508,s4,2026-07-25,9,2691.0
10509,s5,2026-07-25,12,2388.0
10510,f1,2026-07-26,10,2490.0
10511,f2,2026-07-26,14,686.0
10512,f3,2026-07-26,12,1788.0
10513,f4,2026-07-26,11,2189.0
10514,f5,2026-07-26,9,891.0
10515,f6,2026-07-26,7,1253.0
10516,v1,2026-07-26,6,534.0
10517,v2,2026-07-26,9,441.0
10518,v3,2026-07-26,5,395.0
10519,v4,2026-07-26,12,468.0
10520,v5,2026-07-26,6,894.0
10521,v6,2026-07-26,8,232.0
10522,d1,2026-07-26,7,483.0
10523,d2,2026-07-26,5,1245.0
10524,d3,2026-07-26,6,1074.0
10525,d4,2026-07-26,9,891.0
10526,d5,2026-07-26,5,1245.0
10527,b1,2026-07-26,8,1592.0
10528,b2,2026-07-26,7,1743.0
10529,b3,2026-07-26,8,1592.0
10530,b4,2026-07-26,4,2396.0
10531,b5,2026-07-26,6,1794.0
10532,bv1,2026-07-26,16,2384.0
10533,bv2,2026-07-26,16,3984.0
10534,bv3,2026-07-26,7,1393.0
10535,bv4,2026-07-26,11,3839.0
10536,s1,2026-07-26,4,1596.0
10537,s2,2026-07-26,12,2988.0
10538,s3,2026-07-26,8,792.0
10539,s4,2026-07-26,9,2691.0
10540,s5,2026-07-26,8,1592.0
10541,f1,2026-07-27,6,1494.0
10542,f2,2026-07-27,4,196.0
10543,f3,2026-07-27,5,745.0
10544,f4,2026-07-27,5,995.0
10545,f5,2026-07-27,7,693.0
10546,f6,2026-07-27,4,716.0
10547,v1,2026-07-27,4,356.0
10548,v2,2026-07-27,4,196.0
10549,v3,2026-07-27,3,237.0
10550,v4,2026-07-27,4,156.0
10551,v5,2026-07-27,4,596.0
10552,v6,2026-07-27,5,145.0
10553,d1,2026-07-27,4,276.0
10554,d2,2026-07-27,2,498.0
10555,d3,2026-07-27,3,537.0
10556,d4,2026-07-27,4,396.0
10557,d5,2026-07-27,3,747.0
10558,b1,2026-07-27,4,796.0
10559,b2,2026-07-27,4,996.0
10560,b3,2026-07-27,3,597.0
10561,b4,2026-07-27,2,1198.0
10562,b5,2026-07-27,3,897.0
10563,bv1,2026-07-27,5,745.0
10564,bv2,2026-07-27,7,1743.0
10565,bv3,2026-07-27,6,1194.0
10566,bv4,2026-07-27,6,2094.0
10567,s1,2026-07-27,3,1197.0
10568,s2,2026-07-27,5,1245.0
10569,s3,2026-07-27,4,396.0
10570,s4,2026-07-27,4,1196.0
10571,s5,2026-07-27,5,995.0
10572,f1,2026-07-28,4,996.0
10573,f2,2026-07-28,5,245.0
10574,f3,2026-07-28,4,596.0
10575,f4,2026-07-28,7,1393.0
10576,f5,2026-07-28,7,693.0
10577,f6,2026-07-28,5,895.0
10578,v1,2026-07-28,4,356.0
10579,v2,2026-07-28,5,245.0
10580,v3,2026-07-28,4,316.0
10581,v4,2026-07-28,6,234.0
10582,v5,2026-07-28,4,596.0
10583,v6,2026-07-28,4,116.0
10584,d1,2026-07-28,6,414.0
10585,d2,2026-07-28,4,996.0
10586,d3,2026-07-28,4,716.0
10587,d4,2026-07-28,6,594.0
10588,d5,2026-07-28,4,996.0
10589,b1,2026-07-28,4,796.0
10590,b2,2026-07-28,6,1494.0
10591,b3,2026-07-28,3,597.0
10592,b4,2026-07-28,2,1198.0
10593,b5,2026-07-28,3,897.0
10594,bv1,2026-07-28,10,1490.0
10595,bv2,2026-07-28,9,2241.0
10596,bv3,2026-07-28,7,1393.0
10597,bv4,2026-07-28,7,2443.0
10598,s1,2026-07-28,4,1596.0
10599,s2,2026-07-28,4,996.0
10600,s3,2026-07-28,6,594.0
10601,s4,2026-07-28,3,897.0
10602,s5,2026-07-28,6,1194.0
10603,f1,2026-07-29,6,1494.0
10604,f2,2026-07-29,7,343.0
10605,f3,2026-07-29,7,1043.0
10606,f4,2026-07-29,7,1393.0
10607,f5,2026-07-29,7,693.0
10608,f6,2026-07-29,5,895.0
10609,v1,2026-07-29,4,356.0
10610,v2,2026-07-29,5,245.0
10611,v3,2026-07-29,6,474.0
10612,v4,2026-07-29,6,234.0
10613,v5,2026-07-29,4,596.0
10614,v6,2026-07-29,7,203.0
10615,d1,2026-07-29,5,345.0
10616,d2,2026-07-29,3,747.0
10617,d3,2026-07-29,5,895.0
10618,d4,2026-07-29,5,495.0
10619,d5,2026-07-29,5,1245.0
10620,b1,2026-07-29,5,995.0
10621,b2,2026-07-29,5,1245.0
10622,b3,2026-07-29,4,796.0
10623,b4,2026-07-29,3,1797.0
10624,b5,2026-07-29,4,1196.0
10625,bv1,2026-07-29,10,1490.0
10626,bv2,2026-07-29,11,2739.0
10627,bv3,2026-07-29,5,995.0
10628,bv4,2026-07-29,9,3141.0
10629,s1,2026-07-29,4,1596.0
10630,s2,2026-07-29,8,1992.0
10631,s3,2026-07-29,7,693.0
10632,s4,2026-07-29,4,1196.0
10633,s5,2026-07-29,8,1592.0
10634,f1,2026-07-30,8,1992.0
10635,f2,2026-07-30,7,343.0
10636,f3,2026-07-30,10,1490.0
10637,f4,2026-07-30,7,1393.0
10638,f5,2026-07-30,10,990.0
10639,f6,2026-07-30,6,1074.0
10640,v1,2026-07-30,7,623.0
10641,v2,2026-07-30,8,392.0
10642,v3,2026-07-30,5,395.0
10643,v4,2026-07-30,7,273.0
10644,v5,2026-07-30,5,745.0
10645,v6,2026-07-30,7,203.0
10646,d1,2026-07-30,6,414.0
10647,d2,2026-07-30,6,1494.0
10648,d3,2026-07-30,5,895.0
10649,d4,2026-07-30,7,693.0
10650,d5,2026-07-30,5,1245.0
10651,b1,2026-07-30,7,1393.0
10652,b2,2026-07-30,6,1494.0
10653,b3,2026-07-30,5,995.0
10654,b4,2026-07-30,3,1797.0
10655,b5,2026-07-30,6,1794.0
10656,bv1,2026-07-30,8,1192.0
10657,bv2,2026-07-30,10,2490.0
10658,bv3,2026-07-30,9,1791.0
10659,bv4,2026-07-30,7,2443.0
10660,s1,2026-07-30,4,1596.0
10661,s2,2026-07-30,8,1992.0
10662,s3,2026-07-30,9,891.0
10663,s4,2026-07-30,7,2093.0
10664,s5,2026-07-30,6,1194.0
10665,f1,2026-07-31,7,1743.0
10666,f2,2026-07-31,7,343.0
10667,f3,2026-07-31,10,1490.0
10668,f4,2026-07-31,8,1592.0
10669,f5,2026-07-31,11,1089.0
10670,f6,2026-07-31,8,1432.0
10671,v1,2026-07-31,5,445.0
10672,v2,2026-07-31,8,392.0
10673,v3,2026-07-31,6,474.0
10674,v4,2026-07-31,11,429.0
10675,v5,2026-07-31,4,596.0
10676,v6,2026-07-31,6,174.0
10677,d1,2026-07-31,8,552.0
10678,d2,2026-07-31,4,996.0
10679,d3,2026-07-31,6,1074.0
10680,d4,2026-07-31,8,792.0
10681,d5,2026-07-31,5,1245.0
10682,b1,2026-07-31,9,1791.0
10683,b2,2026-07-31,8,1992.0
10684,b3,2026-07-31,6,1194.0
10685,b4,2026-07-31,3,1797.0
10686,b5,2026-07-31,4,1196.0
10687,bv1,2026-07-31,14,2086.0
10688,bv2,2026-07-31,12,2988.0
10689,bv3,2026-07-31,10,1990.0
10690,bv4,2026-07-31,11,3839.0
10691,s1,2026-07-31,4,1596.0
10692,s2,2026-07-31,8,1992.0
10693,s3,2026-07-31,6,594.0
10694,s4,2026-07-31,7,2093.0
10695,s5,2026-07-31,7,1393.0
10696,f1,2026-08-01,7,1743.0
10697,f2,2026-08-01,10,490.0
10698,f3,2026-08-01,12,1788.0
10699,f4,2026-08-01,12,2388.0
10700,f5,2026-08-01,12,1188.0
10701,f6,2026-08-01,6,1074.0
10702,v1,2026-08-01,10,890.0
10703,v2,2026-08-01,8,392.0
10704,v3,2026-08-01,11,869.0
10705,v4,2026-08-01,11,429.0
10706,v5,2026-08-01,9,1341.0
10707,v6,2026-08-01,12,348.0
10708,d1,2026-08-01,11,759.0
10709,d2,2026-08-01,8,1992.0
10710,d3,2026-08-01,9,1611.0
10711,d4,2026-08-01,12,1188.0
10712,d5,2026-08-01,9,2241.0
10713,b1,2026-08-01,11,2189.0
10714,b2,2026-08-01,9,2241.0
10715,b3,2026-08-01,8,1592.0
10716,b4,2026-08-01,5,2995.0
10717,b5,2026-08-01,10,2990.0
10718,bv1,2026-08-01,13,1937.0
10719,bv2,2026-08-01,10,2490.0
10720,bv3,2026-08-01,7,1393.0
10721,bv4,2026-08-01,11,3839.0
10722,s1,2026-08-01,7,2793.0
10723,s2,2026-08-01,10,2490.0
10724,s3,2026-08-01,8,792.0
10725,s4,2026-08-01,8,2392.0
10726,s5,2026-08-01,7,1393.0
10727,f1,2026-08-02,8,1992.0
10728,f2,2026-08-02,12,588.0
10729,f3,2026-08-02,7,1043.0
10730,f4,2026-08-02,9,1791.0
10731,f5,2026-08-02,9,891.0
10732,f6,2026-08-02,6,1074.0
10733,v1,2026-08-02,7,623.0
10734,v2,2026-08-02,13,637.0
10735,v3,2026-08-02,7,553.0
10736,v4,2026-08-02,14,546.0
10737,v5,2026-08-02,6,894.0
10738,v6,2026-08-02,7,203.0
10739,d1,2026-08-02,7,483.0
10740,d2,2026-08-02,9,2241.0
10741,d3,2026-08-02,5,895.0
10742,d4,2026-08-02,11,1089.0
10743,d5,2026-08-02,5,1245.0
10744,b1,2026-08-02,11,2189.0
10745,b2,2026-08-02,7,1743.0
10746,b3,2026-08-02,9,1791.0
10747,b4,2026-08-02,4,2396.0
10748,b5,2026-08-02,7,2093.0
10749,bv1,2026-08-02,12,1788.0
10750,bv2,2026-08-02,12,2988.0
10751,bv3,2026-08-02,8,1592.0
10752,bv4,2026-08-02,13,4537.0
10753,s1,2026-08-02,7,2793.0
10754,s2,2026-08-02,10,2490.0
10755,s3,2026-08-02,12,1188.0
10756,s4,2026-08-02,5,1495.0
10757,s5,2026-08-02,8,1592.0
10758,f1,2026-08-03,5,1245.0
10759,f2,2026-08-03,6,294.0
10760,f3,2026-08-03,4,596.0
10761,f4,2026-08-03,5,995.0
10762,f5,2026-08-03,6,594.0
10763,f6,2026-08-03,4,716.0
10764,v1,2026-08-03,5,445.0
10765,v2,2026-08-03,5,245.0
10766,v3,2026-08-03,3,237.0
10767,v4,2026-08-03,6,234.0
10768,v5,2026-08-03,3,447.0
10769,v6,2026-08-03,5,145.0
10770,d1,2026-08-03,6,414.0
10771,d2,2026-08-03,3,747.0
10772,d3,2026-08-03,4,716.0
10773,d4,2026-08-03,5,495.0
10774,d5,2026-08-03,3,747.0
10775,b1,2026-08-03,4,796.0
10776,b2,2026-08-03,4,996.0
10777,b3,2026-08-03,3,597.0
10778,b4,2026-08-03,3,1797.0
10779,b5,2026-08-03,5,1495.0
10780,bv1,2026-08-03,5,745.0
10781,bv2,2026-08-03,6,1494.0
10782,bv3,2026-08-03,6,1194.0
10783,bv4,2026-08-03,7,2443.0
10784,s1,2026-08-03,4,1596.0
10785,s2,2026-08-03,5,1245.0
10786,s3,2026-08-03,6,594.0
10787,s4,2026-08-03,5,1495.0
10788,s5,2026-08-03,4,796.0
10789,f1,2026-08-04,7,1743.0
10790,f2,2026-08-04,5,245.0
10791,f3,2026-08-04,7,1043.0
10792,f4,2026-08-04,5,995.0
10793,f5,2026-08-04,8,792.0
10794,f6,2026-08-04,5,895.0
10795,v1,2026-08-04,5,445.0
10796,v2,2026-08-04,5,245.0
10797,v3,2026-08-04,6,474.0
10798,v4,2026-08-04,5,195.0
10799,v5,2026-08-04,4,596.0
10800,v6,2026-08-04,6,174.0
10801,d1,2026-08-04,7,483.0
10802,d2,2026-08-04,6,1494.0
10803,d3,2026-08-04,4,716.0
10804,d4,2026-08-04,6,594.0
10805,d5,2026-08-04,3,747.0
10806,b1,2026-08-04,6,1194.0
10807,b2,2026-08-04,5,1245.0
10808,b3,2026-08-04,4,796.0
10809,b4,2026-08-04,3,1797.0
10810,b5,2026-08-04,5,1495.0
10811,bv1,2026-08-04,9,1341.0
10812,bv2,2026-08-04,8,1992.0
10813,bv3,2026-08-04,5,995.0
10814,bv4,2026-08-04,6,2094.0
10815,s1,2026-08-04,3,1197.0
10816,s2,2026-08-04,7,1743.0
10817,s3,2026-08-04,5,495.0
10818,s4,2026-08-04,4,1196.0
10819,s5,2026-08-04,5,995.0
10820,f1,2026-08-05,6,1494.0
10821,f2,2026-08-05,5,245.0
10822,f3,2026-08-05,7,1043.0
10823,f4,2026-08-05,6,1194.0
10824,f5,2026-08-05,7,693.0
10825,f6,2026-08-05,6,1074.0
10826,v1,2026-08-05,5,445.0
10827,v2,2026-08-05,7,343.0
10828,v3,2026-08-05,6,474.0
10829,v4,2026-08-05,6,234.0
10830,v5,2026-08-05,5,745.0
10831,v6,2026-08-05,8,232.0
10832,d1,2026-08-05,6,414.0
10833,d2,2026-08-05,4,996.0
10834,d3,2026-08-05,6,1074.0
10835,d4,2026-08-05,8,792.0
10836,d5,2026-08-05,4,996.0
10837,b1,2026-08-05,8,1592.0
10838,b2,2026-08-05,5,1245.0
10839,b3,2026-08-05,5,995.0
10840,b4,2026-08-05,4,2396.0
10841,b5,2026-08-05,6,1794.0
10842,bv1,2026-08-05,8,1192.0
10843,bv2,2026-08-05,7,1743.0
10844,bv3,2026-08-05,8,1592.0
10845,bv4,2026-08-05,7,2443.0
10846,s1,2026-08-05,3,1197.0
10847,s2,2026-08-05,7,1743.0
10848,s3,2026-08-05,6,594.0
10849,s4,2026-08-05,4,1196.0
10850,s5,2026-08-05,6,1194.0
10851,f1,2026-08-06,5,1245.0
10852,f2,2026-08-06,6,294.0
10853,f3,2026-08-06,9,1341.0
10854,f4,2026-08-06,7,1393.0
10855,f5,2026-08-06,8,792.0
10856,f6,2026-08-06,5,895.0
10857,v1,2026-08-06,7,623.0
10858,v2,2026-08-06,7,343.0
10859,v3,2026-08-06,5,395.0
10860,v4,2026-08-06,9,351.0
10861,v5,2026-08-06,6,894.0
10862,v6,2026-08-06,9,261.0
10863,d1,2026-08-06,7,483.0
10864,d2,2026-08-06,4,996.0
10865,d3,2026-08-06,6,1074.0
10866,d4,2026-08-06,6,594.0
10867,d5,2026-08-06,7,1743.0
10868,b1,2026-08-06,5,995.0
10869,b2,2026-08-06,7,1743.0
10870,b3,2026-08-06,7,1393.0
10871,b4,2026-08-06,3,1797.0
10872,b5,2026-08-06,7,2093.0
10873,bv1,2026-08-06,10,1490.0
10874,bv2,2026-08-06,7,1743.0
10875,bv3,2026-08-06,8,1592.0
10876,bv4,2026-08-06,9,3141.0
10877,s1,2026-08-06,3,1197.0
10878,s2,2026-08-06,6,1494.0
10879,s3,2026-08-06,5,495.0
10880,s4,2026-08-06,7,2093.0
10881,s5,2026-08-06,8,1592.0
10882,f1,2026-08-07,8,1992.0
10883,f2,2026-08-07,8,392.0
10884,f3,2026-08-07,6,894.0
10885,f4,2026-08-07,6,1194.0
10886,f5,2026-08-07,10,990.0
10887,f6,2026-08-07,7,1253.0
10888,v1,2026-08-07,5,445.0
10889,v2,2026-08-07,6,294.0
10890,v3,2026-08-07,6,474.0
10891,v4,2026-08-07,9,351.0
10892,v5,2026-08-07,4,596.0
10893,v6,2026-08-07,7,203.0
10894,d1,2026-08-07,8,552.0
10895,d2,2026-08-07,5,1245.0
10896,d3,2026-08-07,5,895.0
10897,d4,2026-08-07,9,891.0
10898,d5,2026-08-07,5,1245.0
10899,b1,2026-08-07,7,1393.0
10900,b2,2026-08-07,6,1494.0
10901,b3,2026-08-07,5,995.0
10902,b4,2026-08-07,4,2396.0
10903,b5,2026-08-07,7,2093.0
10904,bv1,2026-08-07,11,1639.0
10905,bv2,2026-08-07,10,2490.0
10906,bv3,2026-08-07,9,1791.0
10907,bv4,2026-08-07,8,2792.0
10908,s1,2026-08-07,4,1596.0
10909,s2,2026-08-07,8,1992.0
10910,s3,2026-08-07,7,693.0
10911,s4,2026-08-07,6,1794.0
10912,s5,2026-08-07,8,1592.0
10913,f1,2026-08-08,6,1494.0
10914,f2,2026-08-08,8,392.0
10915,f3,2026-08-08,9,1341.0
10916,f4,2026-08-08,7,1393.0
10917,f5,2026-08-08,10,990.0
10918,f6,2026-08-08,9,1611.0
10919,v1,2026-08-08,7,623.0
10920,v2,2026-08-08,9,441.0
10921,v3,2026-08-08,9,711.0
10922,v4,2026-08-08,12,468.0
10923,v5,2026-08-08,8,1192.0
10924,v6,2026-08-08,12,348.0
10925,d1,2026-08-08,9,621.0
10926,d2,2026-08-08,7,1743.0
10927,d3,2026-08-08,7,1253.0
10928,d4,2026-08-08,8,792.0
10929,d5,2026-08-08,9,2241.0
10930,b1,2026-08-08,10,1990.0
10931,b2,2026-08-08,12,2988.0
10932,b3,2026-08-08,10,1990.0
10933,b4,2026-08-08,5,2995.0
10934,b5,2026-08-08,10,2990.0
10935,bv1,2026-08-08,10,1490.0
10936,bv2,2026-08-08,11,2739.0
10937,bv3,2026-08-08,13,2587.0
10938,bv4,2026-08-08,11,3839.0
10939,s1,2026-08-08,5,1995.0
10940,s2,2026-08-08,12,2988.0
10941,s3,2026-08-08,12,1188.0
10942,s4,2026-08-08,9,2691.0
10943,s5,2026-08-08,13,2587.0
10944,f1,2026-08-09,11,2739.0
10945,f2,2026-08-09,9,441.0
10946,f3,2026-08-09,10,1490.0
10947,f4,2026-08-09,11,2189.0
10948,f5,2026-08-09,11,1089.0
10949,f6,2026-08-09,7,1253.0
10950,v1,2026-08-09,10,890.0
10951,v2,2026-08-09,12,588.0
10952,v3,2026-08-09,8,632.0
10953,v4,2026-08-09,13,507.0
10954,v5,2026-08-09,8,1192.0
10955,v6,2026-08-09,13,377.0
10956,d1,2026-08-09,10,690.0
10957,d2,2026-08-09,7,1743.0
10958,d3,2026-08-09,9,1611.0
10959,d4,2026-08-09,11,1089.0
10960,d5,2026-08-09,7,1743.0
10961,b1,2026-08-09,7,1393.0
10962,b2,2026-08-09,8,1992.0
10963,b3,2026-08-09,7,1393.0
10964,b4,2026-08-09,3,1797.0
10965,b5,2026-08-09,6,1794.0
10966,bv1,2026-08-09,15,2235.0
10967,bv2,2026-08-09,9,2241.0
10968,bv3,2026-08-09,8,1592.0
10969,bv4,2026-08-09,9,3141.0
10970,s1,2026-08-09,5,1995.0
10971,s2,2026-08-09,8,1992.0
10972,s3,2026-08-09,9,891.0
10973,s4,2026-08-09,7,2093.0
10974,s5,2026-08-09,7,1393.0
10975,f1,2026-08-10,5,1245.0
10976,f2,2026-08-10,5,245.0
10977,f3,2026-08-10,6,894.0
10978,f4,2026-08-10,4,796.0
10979,f5,2026-08-10,7,693.0
10980,f6,2026-08-10,4,716.0
10981,v1,2026-08-10,4,356.0
10982,v2,2026-08-10,5,245.0
10983,v3,2026-08-10,4,316.0
10984,v4,2026-08-10,5,195.0
10985,v5,2026-08-10,4,596.0
10986,v6,2026-08-10,7,203.0
10987,d1,2026-08-10,4,276.0
10988,d2,2026-08-10,4,996.0
10989,d3,2026-08-10,3,537.0
10990,d4,2026-08-10,6,594.0
10991,d5,2026-08-10,4,996.0
10992,b1,2026-08-10,6,1194.0
10993,b2,2026-08-10,6,1494.0
10994,b3,2026-08-10,3,597.0
10995,b4,2026-08-10,3,1797.0
10996,b5,2026-08-10,4,1196.0
10997,bv1,2026-08-10,7,1043.0
10998,bv2,2026-08-10,6,1494.0
10999,bv3,2026-08-10,6,1194.0
11000,bv4,2026-08-10,5,1745.0
11001,s1,2026-08-10,2,798.0
11002,s2,2026-08-10,6,1494.0
11003,s3,2026-08-10,6,594.0
11004,s4,2026-08-10,3,897.0
11005,s5,2026-08-10,4,796.0
11006,f1,2026-08-11,6,1494.0
11007,f2,2026-08-11,5,245.0
11008,f3,2026-08-11,4,596.0
11009,f4,2026-08-11,7,1393.0
11010,f5,2026-08-11,8,792.0
11011,f6,2026-08-11,5,895.0
11012,v1,2026-08-11,6,534.0
11013,v2,2026-08-11,4,196.0
11014,v3,2026-08-11,5,395.0
11015,v4,2026-08-11,5,195.0
11016,v5,2026-08-11,4,596.0
11017,v6,2026-08-11,5,145.0
11018,d1,2026-08-11,5,345.0
11019,d2,2026-08-11,5,1245.0
11020,d3,2026-08-11,3,537.0
11021,d4,2026-08-11,7,693.0
11022,d5,2026-08-11,4,996.0
11023,b1,2026-08-11,6,1194.0
11024,b2,2026-08-11,6,1494.0
11025,b3,2026-08-11,4,796.0
11026,b4,2026-08-11,3,1797.0
11027,b5,2026-08-11,3,897.0
11028,bv1,2026-08-11,8,1192.0
11029,bv2,2026-08-11,6,1494.0
11030,bv3,2026-08-11,5,995.0
11031,bv4,2026-08-11,8,2792.0
11032,s1,2026-08-11,3,1197.0
11033,s2,2026-08-11,4,996.0
11034,s3,2026-08-11,5,495.0
11035,s4,2026-08-11,4,1196.0
11036,s5,2026-08-11,7,1393.0
11037,f1,2026-08-12,5,1245.0
11038,f2,2026-08-12,7,343.0
11039,f3,2026-08-12,6,894.0
11040,f4,2026-08-12,7,1393.0
11041,f5,2026-08-12,7,693.0
11042,f6,2026-08-12,4,716.0
11043,v1,2026-08-12,7,623.0
11044,v2,2026-08-12,5,245.0
11045,v3,2026-08-12,5,395.0
11046,v4,2026-08-12,9,351.0
11047,v5,2026-08-12,4,596.0
11048,v6,2026-08-12,8,232.0
11049,d1,2026-08-12,5,345.0
11050,d2,2026-08-12,5,1245.0
11051,d3,2026-08-12,6,1074.0
11052,d4,2026-08-12,6,594.0
11053,d5,2026-08-12,4,996.0
11054,b1,2026-08-12,7,1393.0
11055,b2,2026-08-12,6,1494.0
11056,b3,2026-08-12,6,1194.0
11057,b4,2026-08-12,3,1797.0
11058,b5,2026-08-12,6,1794.0
11059,bv1,2026-08-12,7,1043.0
11060,bv2,2026-08-12,6,1494.0
11061,bv3,2026-08-12,8,1592.0
11062,bv4,2026-08-12,8,2792.0
11063,s1,2026-08-12,4,1596.0
11064,s2,2026-08-12,8,1992.0
11065,s3,2026-08-12,7,693.0
11066,s4,2026-08-12,4,1196.0
11067,s5,2026-08-12,7,1393.0
11068,f1,2026-08-13,6,1494.0
11069,f2,2026-08-13,7,343.0
11070,f3,2026-08-13,6,894.0
11071,f4,2026-08-13,9,1791.0
11072,f5,2026-08-13,10,990.0
11073,f6,2026-08-13,5,895.0
11074,v1,2026-08-13,6,534.0
11075,v2,2026-08-13,9,441.0
11076,v3,2026-08-13,6,474.0
11077,v4,2026-08-13,11,429.0
11078,v5,2026-08-13,4,596.0
11079,v6,2026-08-13,10,290.0
11080,d1,2026-08-13,9,621.0
11081,d2,2026-08-13,6,1494.0
11082,d3,2026-08-13,7,1253.0
11083,d4,2026-08-13,8,792.0
11084,d5,2026-08-13,4,996.0
11085,b1,2026-08-13,6,1194.0
11086,b2,2026-08-13,7,1743.0
11087,b3,2026-08-13,5,995.0
11088,b4,2026-08-13,2,1198.0
11089,b5,2026-08-13,4,1196.0
11090,bv1,2026-08-13,9,1341.0
11091,bv2,2026-08-13,9,2241.0
11092,bv3,2026-08-13,7,1393.0
11093,bv4,2026-08-13,10,3490.0
11094,s1,2026-08-13,4,1596.0
11095,s2,2026-08-13,6,1494.0
11096,s3,2026-08-13,9,891.0
11097,s4,2026-08-13,4,1196.0
11098,s5,2026-08-13,6,1194.0
11099,f1,2026-08-14,7,1743.0
11100,f2,2026-08-14,7,343.0
11101,f3,2026-08-14,8,1192.0
11102,f4,2026-08-14,7,1393.0
11103,f5,2026-08-14,10,990.0
11104,f6,2026-08-14,6,1074.0
11105,v1,2026-08-14,7,623.0
11106,v2,2026-08-14,9,441.0
11107,v3,2026-08-14,7,553.0
11108,v4,2026-08-14,9,351.0
11109,v5,2026-08-14,7,1043.0
11110,v6,2026-08-14,8,232.0
11111,d1,2026-08-14,8,552.0
11112,d2,2026-08-14,5,1245.0
11113,d3,2026-08-14,8,1432.0
11114,d4,2026-08-14,9,891.0
11115,d5,2026-08-14,5,1245.0
11116,b1,2026-08-14,10,1990.0
11117,b2,2026-08-14,6,1494.0
11118,b3,2026-08-14,6,1194.0
11119,b4,2026-08-14,4,2396.0
11120,b5,2026-08-14,7,2093.0
11121,bv1,2026-08-14,11,1639.0
11122,bv2,2026-08-14,8,1992.0
11123,bv3,2026-08-14,7,1393.0
11124,bv4,2026-08-14,9,3141.0
11125,s1,2026-08-14,6,2394.0
11126,s2,2026-08-14,7,1743.0
11127,s3,2026-08-14,7,693.0
11128,s4,2026-08-14,7,2093.0
11129,s5,2026-08-14,10,1990.0
11130,f1,2026-08-15,7,1743.0
11131,f2,2026-08-15,14,686.0
11132,f3,2026-08-15,9,1341.0
11133,f4,2026-08-15,12,2388.0
11134,f5,2026-08-15,14,1386.0
11135,f6,2026-08-15,7,1253.0
11136,v1,2026-08-15,9,801.0
11137,v2,2026-08-15,11,539.0
11138,v3,2026-08-15,8,632.0
11139,v4,2026-08-15,14,546.0
11140,v5,2026-08-15,6,894.0
11141,v6,2026-08-15,14,406.0
11142,d1,2026-08-15,9,621.0
11143,d2,2026-08-15,7,1743.0
11144,d3,2026-08-15,9,1611.0
11145,d4,2026-08-15,10,990.0
11146,d5,2026-08-15,7,1743.0
11147,b1,2026-08-15,10,1990.0
11148,b2,2026-08-15,11,2739.0
11149,b3,2026-08-15,7,1393.0
11150,b4,2026-08-15,4,2396.0
11151,b5,2026-08-15,7,2093.0
11152,bv1,2026-08-15,13,1937.0
11153,bv2,2026-08-15,14,3486.0
11154,bv3,2026-08-15,11,2189.0
11155,bv4,2026-08-15,13,4537.0
11156,s1,2026-08-15,5,1995.0
11157,s2,2026-08-15,11,2739.0
11158,s3,2026-08-15,7,693.0
11159,s4,2026-08-15,6,1794.0
11160,s5,2026-08-15,10,1990.0
11161,f1,2026-08-16,10,2490.0
11162,f2,2026-08-16,7,343.0
11163,f3,2026-08-16,11,1639.0
11164,f4,2026-08-16,7,1393.0
11165,f5,2026-08-16,10,990.0
11166,f6,2026-08-16,7,1253.0
11167,v1,2026-08-16,7,623.0
11168,v2,2026-08-16,10,490.0
11169,v3,2026-08-16,8,632.0
11170,v4,2026-08-16,10,390.0
11171,v5,2026-08-16,7,1043.0
11172,v6,2026-08-16,8,232.0
11173,d1,2026-08-16,10,690.0
11174,d2,2026-08-16,9,2241.0
11175,d3,2026-08-16,9,1611.0
11176,d4,2026-08-16,9,891.0
11177,d5,2026-08-16,6,1494.0
11178,b1,2026-08-16,8,1592.0
11179,b2,2026-08-16,8,1992.0
11180,b3,2026-08-16,8,1592.0
11181,b4,2026-08-16,5,2995.0
11182,b5,2026-08-16,5,1495.0
11183,bv1,2026-08-16,13,1937.0
11184,bv2,2026-08-16,15,3735.0
11185,bv3,2026-08-16,9,1791.0
11186,bv4,2026-08-16,11,3839.0
11187,s1,2026-08-16,5,1995.0
11188,s2,2026-08-16,7,1743.0
11189,s3,2026-08-16,10,990.0
11190,s4,2026-08-16,9,2691.0
11191,s5,2026-08-16,10,1990.0
11192,f1,2026-08-17,5,1245.0
11193,f2,2026-08-17,4,196.0
11194,f3,2026-08-17,5,745.0
11195,f4,2026-08-17,5,995.0
11196,f5,2026-08-17,7,693.0
11197,f6,2026-08-17,5,895.0
11198,v1,2026-08-17,4,356.0
11199,v2,2026-08-17,5,245.0
11200,v3,2026-08-17,5,395.0
11201,v4,2026-08-17,4,156.0
11202,v5,2026-08-17,2,298.0
11203,v6,2026-08-17,5,145.0
11204,d1,2026-08-17,4,276.0
11205,d2,2026-08-17,5,1245.0
11206,d3,2026-08-17,4,716.0
11207,d4,2026-08-17,6,594.0
11208,d5,2026-08-17,3,747.0
11209,b1,2026-08-17,4,796.0
11210,b2,2026-08-17,4,996.0
11211,b3,2026-08-17,3,597.0
11212,b4,2026-08-17,2,1198.0
11213,b5,2026-08-17,4,1196.0
11214,bv1,2026-08-17,7,1043.0
11215,bv2,2026-08-17,6,1494.0
11216,bv3,2026-08-17,5,995.0
11217,bv4,2026-08-17,7,2443.0
11218,s1,2026-08-17,3,1197.0
11219,s2,2026-08-17,6,1494.0
11220,s3,2026-08-17,6,594.0
11221,s4,2026-08-17,3,897.0
11222,s5,2026-08-17,5,995.0
11223,f1,2026-08-18,5,1245.0
11224,f2,2026-08-18,7,343.0
11225,f3,2026-08-18,6,894.0
11226,f4,2026-08-18,6,1194.0
11227,f5,2026-08-18,5,495.0
11228,f6,2026-08-18,4,716.0
11229,v1,2026-08-18,6,534.0
11230,v2,2026-08-18,5,245.0
11231,v3,2026-08-18,4,316.0
11232,v4,2026-08-18,7,273.0
11233,v5,2026-08-18,4,596.0
11234,v6,2026-08-18,5,145.0
11235,d1,2026-08-18,7,483.0
11236,d2,2026-08-18,6,1494.0
11237,d3,2026-08-18,5,895.0
11238,d4,2026-08-18,6,594.0
11239,d5,2026-08-18,3,747.0
11240,b1,2026-08-18,4,796.0
11241,b2,2026-08-18,6,1494.0
11242,b3,2026-08-18,5,995.0
11243,b4,2026-08-18,2,1198.0
11244,b5,2026-08-18,5,1495.0
11245,bv1,2026-08-18,8,1192.0
11246,bv2,2026-08-18,8,1992.0
11247,bv3,2026-08-18,6,1194.0
11248,bv4,2026-08-18,7,2443.0
11249,s1,2026-08-18,4,1596.0
11250,s2,2026-08-18,5,1245.0
11251,s3,2026-08-18,4,396.0
11252,s4,2026-08-18,5,1495.0
11253,s5,2026-08-18,4,796.0
11254,f1,2026-08-19,5,1245.0
11255,f2,2026-08-19,8,392.0
11256,f3,2026-08-19,6,894.0
11257,f4,2026-08-19,8,1592.0
11258,f5,2026-08-19,7,693.0
11259,f6,2026-08-19,4,716.0
11260,v1,2026-08-19,6,534.0
11261,v2,2026-08-19,6,294.0
11262,v3,2026-08-19,4,316.0
11263,v4,2026-08-19,6,234.0
11264,v5,2026-08-19,6,894.0
11265,v6,2026-08-19,7,203.0
11266,d1,2026-08-19,5,345.0
11267,d2,2026-08-19,4,996.0
11268,d3,2026-08-19,5,895.0
11269,d4,2026-08-19,5,495.0
11270,d5,2026-08-19,4,996.0
11271,b1,2026-08-19,5,995.0
11272,b2,2026-08-19,4,996.0
11273,b3,2026-08-19,5,995.0
11274,b4,2026-08-19,3,1797.0
11275,b5,2026-08-19,5,1495.0
11276,bv1,2026-08-19,8,1192.0
11277,bv2,2026-08-19,8,1992.0
11278,bv3,2026-08-19,7,1393.0
11279,bv4,2026-08-19,9,3141.0
11280,s1,2026-08-19,4,1596.0
11281,s2,2026-08-19,5,1245.0
11282,s3,2026-08-19,7,693.0
11283,s4,2026-08-19,4,1196.0
11284,s5,2026-08-19,6,1194.0
11285,f1,2026-08-20,7,1743.0
11286,f2,2026-08-20,6,294.0
11287,f3,2026-08-20,7,1043.0
11288,f4,2026-08-20,9,1791.0
11289,f5,2026-08-20,7,693.0
11290,f6,2026-08-20,7,1253.0
11291,v1,2026-08-20,5,445.0
11292,v2,2026-08-20,8,392.0
11293,v3,2026-08-20,7,553.0
11294,v4,2026-08-20,6,234.0
11295,v5,2026-08-20,4,596.0
11296,v6,2026-08-20,9,261.0
11297,d1,2026-08-20,6,414.0
11298,d2,2026-08-20,5,1245.0
11299,d3,2026-08-20,5,895.0
11300,d4,2026-08-20,8,792.0
11301,d5,2026-08-20,6,1494.0
11302,b1,2026-08-20,6,1194.0
11303,b2,2026-08-20,7,1743.0
11304,b3,2026-08-20,5,995.0
11305,b4,2026-08-20,4,2396.0
11306,b5,2026-08-20,6,1794.0
11307,bv1,2026-08-20,10,1490.0
11308,bv2,2026-08-20,11,2739.0
11309,bv3,2026-08-20,9,1791.0
11310,bv4,2026-08-20,9,3141.0
11311,s1,2026-08-20,4,1596.0
11312,s2,2026-08-20,9,2241.0
11313,s3,2026-08-20,7,693.0
11314,s4,2026-08-20,4,1196.0
11315,s5,2026-08-20,6,1194.0
